<?xml version='1.0' encoding='utf-8'?>
<COLLADA xmlns="http://www.collada.org/2005/11/COLLADASchema" version="1.4.1">
  <asset>
    <contributor>
      <author>Blender User</author>
      <authoring_tool>Blender 3.0.1</authoring_tool>
    </contributor>
    <created>2025-06-17T12:08:36</created>
    <modified>2025-06-17T12:08:36</modified>
    <unit name="meter" meter="1" />
    <up_axis>Z_UP</up_axis>
  </asset>
  <library_effects>
    <effect id="_54_254_255_002-effect">
      <profile_COMMON>
        <technique sid="common">
          <lambert>
            <emission>
              <color sid="emission">0 0 0 1</color>
            </emission>
            <diffuse>
              <color sid="diffuse">0.996078 0.996078 1 1</color>
            </diffuse>
            <index_of_refraction>
              <float sid="ior">1.45</float>
            </index_of_refraction>
          </lambert>
        </technique>
      </profile_COMMON>
    </effect>
  </library_effects>
  <library_images />
  <library_materials>
    <material id="_54_254_255_002-material" name="254,254,255.002">
      <instance_effect url="#_54_254_255_002-effect" />
    </material>
  </library_materials>
  <library_geometries>
    <geometry id="LINK_19-mesh" name="LINK_19">
      <mesh>
        <source id="LINK_19-mesh-positions">
          <float_array id="LINK_19-mesh-positions-array" count="3684">-0.03211897 -0.004960954 -0.03770196 -0.02880698 -0.002325952 -0.03770196 -0.03249996 0 -0.03770196 -0.02880698 0.002325952 -0.03770196 -0.03211897 0.004960954 -0.03770196 -0.02806097 0.006915986 -0.03770196 -0.03098499 0.009805977 -0.03770196 -0.02658796 0.01132798 -0.03770196 -0.02912497 0.01442098 -0.03770196 -0.02442598 0.01544594 -0.03770196 -0.02658295 0.01869797 -0.03770196 -0.02163195 0.01916497 -0.03770196 -0.02341699 0.02253699 -0.03770196 -0.018278 0.02238696 -0.03770196 -0.01970195 0.02584695 -0.03770196 -0.01444995 0.025029 -0.03770196 -0.01552599 0.02855199 -0.03770196 -0.01024794 0.027022 -0.03770196 -0.01098597 0.03058695 -0.03770196 -0.005780994 0.02831596 -0.03770196 -0.006187975 0.03190594 -0.03770196 -0.001163959 0.02887696 -0.03770196 -0.001244962 0.03247594 -0.03770196 0.003726959 0.03228598 -0.03770196 0.003483951 0.02868998 -0.03770196 0.008611977 0.03133797 -0.03770196 0.008040964 0.02775996 -0.03770196 0.01329499 0.02965599 -0.03770196 0.012389 0.02610999 -0.03770196 0.01766598 0.02727895 -0.03770196 0.01641696 0.02378499 -0.03770196 0.02162295 0.02426296 -0.03770196 0.02001994 0.02084296 -0.03770196 0.02507299 0.02067798 -0.03770196 0.02310395 0.01736199 -0.03770196 0.02793598 0.01660799 -0.03770196 0.02559 0.01343095 -0.03770196 0.03014397 0.01214897 -0.03770196 0.02741295 0.009151995 -0.03770196 0.03164499 0.007404983 -0.03770196 0.02852594 0.004635989 -0.03770196 0.03240495 0.002487957 -0.03770196 0.02890098 0 -0.03770196 0.03240495 -0.002487957 -0.03770196 0.02852594 -0.004635989 -0.03770196 0.03164499 -0.007404983 -0.03770196 0.02741295 -0.009151995 -0.03770196 0.03014397 -0.01214897 -0.03770196 0.02559 -0.01343095 -0.03770196 0.02793598 -0.01660799 -0.03770196 0.02310395 -0.01736199 -0.03770196 0.02507299 -0.02067798 -0.03770196 0.02001994 -0.02084296 -0.03770196 0.02162295 -0.02426296 -0.03770196 0.01641696 -0.02378499 -0.03770196 0.01766598 -0.02727895 -0.03770196 0.012389 -0.02610999 -0.03770196 0.01329499 -0.02965599 -0.03770196 0.008040964 -0.02775996 -0.03770196 0.008611977 -0.03133797 -0.03770196 0.003483951 -0.02868998 -0.03770196 0.003726959 -0.03228598 -0.03770196 -0.001163959 -0.02887696 -0.03770196 -0.001244962 -0.03247594 -0.03770196 -0.006187975 -0.03190594 -0.03770196 -0.005780994 -0.02831596 -0.03770196 -0.01098597 -0.03058695 -0.03770196 -0.01024794 -0.027022 -0.03770196 -0.01552599 -0.02855199 -0.03770196 -0.01444995 -0.025029 -0.03770196 -0.01970195 -0.02584695 -0.03770196 -0.018278 -0.02238696 -0.03770196 -0.02341699 -0.02253699 -0.03770196 -0.02163195 -0.01916497 -0.03770196 -0.02658295 -0.01869797 -0.03770196 -0.02442598 -0.01544594 -0.03770196 -0.02912497 -0.01442098 -0.03770196 -0.02658796 -0.01132798 -0.03770196 -0.03098499 -0.009805977 -0.03770196 -0.02806097 -0.006915986 -0.03770196 0.027215 0.03399997 -0.029594 0.01895999 0.03399997 -0.01590895 0.03249996 0.03399997 -0.02766597 0.02143394 0.03399997 -0.01237499 0.02325695 0.03399997 -0.008464992 0.01590895 0.03399997 -0.01895999 0.02248895 0.03399997 -0.03113597 0.01818799 0.03399997 -0.03235697 0.01237499 0.03399997 -0.02143394 0.01420694 0.03399997 -0.03330296 0.008464992 0.03399997 -0.02325695 0.01046395 0.03399997 -0.03400897 0.006886959 0.03399997 -0.03449696 0.004297971 0.03399997 -0.02437394 0.003417968 0.03399997 -0.03478497 0 0.03399997 -0.02474999 0 0.03399997 -0.03487998 -0.003417968 0.03399997 -0.03478497 -0.004297971 0.03399997 -0.02437394 -0.006886959 0.03399997 -0.03449696 -0.008464992 0.03399997 -0.02325695 -0.01046395 0.03399997 -0.03400897 -0.01420694 0.03399997 -0.03330296 -0.01237499 0.03399997 -0.02143394 -0.01818799 0.03399997 -0.03235697 -0.01590895 0.03399997 -0.01895999 -0.02248895 0.03399997 -0.03113597 -0.027215 0.03399997 -0.029594 -0.01895999 0.03399997 -0.01590895 -0.03249996 0.03399997 -0.02766597 -0.02143394 0.03399997 -0.01237499 -0.02325695 0.03399997 -0.008464992 -0.03249996 0.03399997 0 -0.02437394 0.03399997 -0.004297971 -0.02474999 0.03399997 0 -0.03213697 0.03399997 0.00484395 -0.02437394 0.03399997 0.004297971 -0.03105598 0.03399997 0.009579956 -0.02325695 0.03399997 0.008464992 -0.02928096 0.03399997 0.01410096 -0.02143394 0.03399997 0.01237499 -0.02685296 0.03399997 0.01830798 -0.01895999 0.03399997 0.01590895 -0.02382397 0.03399997 0.02210599 -0.01590895 0.03399997 0.01895999 -0.02026295 0.03399997 0.02540999 -0.01237499 0.03399997 0.02143394 -0.01624995 0.03399997 0.02814596 -0.01187396 0.03399997 0.03025299 -0.008464992 0.03399997 0.02325695 -0.00723195 0.03399997 0.03168499 -0.004297971 0.03399997 0.02437394 -0.002428948 0.03399997 0.03240895 0 0.03399997 0.02474999 0.002428948 0.03399997 0.03240895 0.004297971 0.03399997 0.02437394 0.00723195 0.03399997 0.03168499 0.008464992 0.03399997 0.02325695 0.01187396 0.03399997 0.03025299 0.01237499 0.03399997 0.02143394 0.01624995 0.03399997 0.02814596 0.02026295 0.03399997 0.02540999 0.01590895 0.03399997 0.01895999 0.02382397 0.03399997 0.02210599 0.01895999 0.03399997 0.01590895 0.02685296 0.03399997 0.01830798 0.02143394 0.03399997 0.01237499 0.02928096 0.03399997 0.01410096 0.02325695 0.03399997 0.008464992 0.03105598 0.03399997 0.009579956 0.02437394 0.03399997 0.004297971 0.03213697 0.03399997 0.00484395 0.02474999 0.03399997 0 0.03249996 0.03399997 0 0.02437394 0.03399997 -0.004297971 0.04859197 -0.01799994 -0.06259995 0.04859197 -0.01799994 -0.04809999 0.04326695 -0.01799994 -0.05609995 0.03829997 -0.01799994 -0.04809999 0.03857499 -0.01799994 -0.05366796 0.03839999 -0.01799994 -0.05350899 0.03829997 -0.01799994 -0.05341899 0.03857499 -0.01799994 -0.05609995 0.04326695 -0.01799994 -0.06259995 0.03689599 -0.017802 -0.05206596 0.03646194 -0.01765698 -0.04809999 0.03567296 -0.01727098 -0.05073398 0.03487098 -0.01667499 -0.04809999 0.03458398 -0.016393 -0.04937195 0.03373998 -0.01518499 -0.04809999 0.03829997 0.01799994 -0.05341899 0.03689599 0.017802 -0.05206596 0.03829997 0.01799994 -0.04809999 0.03646194 0.01765698 -0.04809999 0.03567296 0.01727098 -0.05073398 0.03487098 0.01667499 -0.04809999 0.03458398 0.016393 -0.04937195 0.03373998 0.01518499 -0.04809999 0.04326695 0.01799994 -0.05609995 0.04150199 0.01832199 -0.05609995 0.03857499 0.01799994 -0.05609995 0.03919994 0.01821994 -0.05609995 0.03955096 0.01878297 -0.05609995 0.03996396 0.01924598 -0.05609995 0.03947198 0.01944196 -0.05609995 0.03926897 0.01984798 -0.05609995 0.03906196 0.02025097 -0.05609995 0.03885197 0.02065294 -0.05609995 0.03556597 -0.01479095 -0.04809999 0.03550595 -0.01344799 -0.04809999 0.03098499 -0.009805977 -0.04809999 0.036089 -0.01223695 -0.04809999 0.037781 -0.009192943 -0.04809999 0.03717696 -0.01144695 -0.04809999 0.03850895 -0.01126694 -0.04809999 0.036255 -0.01594495 -0.04809999 0.03740894 -0.01663398 -0.04809999 0.03875195 -0.01669394 -0.04809999 0.03996294 -0.01611095 -0.04809999 0.04578995 -0.01585298 -0.04809999 0.04296499 -0.01439195 -0.04809999 0.04883694 -0.01676595 -0.04809999 0.05199998 -0.01709896 -0.04809999 0.05516898 -0.01683998 -0.04809999 0.04045999 -0.01243299 -0.04809999 0.04093295 -0.01369094 -0.04809999 0.04075294 -0.01502299 -0.04809999 0.03976696 -0.01173996 -0.04809999 0.03630995 -0.006316959 -0.04809999 0.03211897 -0.004960954 -0.04809999 0.03540498 -0.003215968 -0.04809999 0.03249996 0 -0.04809999 0.03509998 0 -0.04809999 0.03540498 0.003215968 -0.04809999 0.03211897 0.004960954 -0.04809999 0.03630995 0.006316959 -0.04809999 0.03098499 0.009805977 -0.04809999 0.037781 0.009192943 -0.04809999 0.03717696 0.01144695 -0.04809999 0.03850895 0.01126694 -0.04809999 0.03976696 0.01173996 -0.04809999 0.036089 0.01223695 -0.04809999 0.03550595 0.01344799 -0.04809999 0.03556597 0.01479095 -0.04809999 0.036255 0.01594495 -0.04809999 0.03740894 0.01663398 -0.04809999 0.03875195 0.01669394 -0.04809999 0.03996294 0.01611095 -0.04809999 0.04075294 0.01502299 -0.04809999 0.04578995 0.01585298 -0.04809999 0.04859197 0.01799994 -0.04809999 0.04296499 0.01439195 -0.04809999 0.04093295 0.01369094 -0.04809999 0.04045999 0.01243299 -0.04809999 0.04883694 0.01676595 -0.04809999 0.05199998 0.01709896 -0.04809999 0.05516898 0.01683998 -0.04809999 0.02912497 0.01442098 -0.04809999 0.03122997 0.01984095 -0.04809999 0.02658295 0.01869797 -0.04809999 0.02808195 0.02409195 -0.04809999 0.02341699 0.02253699 -0.04809999 0.02435898 0.02784997 -0.04809999 0.01970195 0.02584695 -0.04809999 0.02013897 0.03103899 -0.04809999 0.01552599 0.02855199 -0.04809999 0.01550698 0.03359395 -0.04809999 0.01098597 0.03058695 -0.04809999 0.01055794 0.03546196 -0.04809999 0.006187975 0.03190594 -0.04809999 0.005392968 0.036605 -0.04809999 0.001244962 0.03247594 -0.04809999 1.18e-4 0.037 -0.04809999 -0.003726959 0.03228598 -0.04809999 -0.005159974 0.03663796 -0.04809999 -0.008611977 0.03133797 -0.04809999 -0.01033198 0.035528 -0.04809999 -0.01329499 0.02965599 -0.04809999 -0.01529198 0.033692 -0.04809999 -0.01766598 0.02727895 -0.04809999 -0.01994097 0.03116697 -0.04809999 -0.02418094 0.028005 -0.04809999 -0.02162295 0.02426296 -0.04809999 -0.02792799 0.02426999 -0.04809999 -0.02507299 0.02067798 -0.04809999 -0.03110295 0.02003997 -0.04809999 -0.02793598 0.01660799 -0.04809999 -0.03364294 0.01539999 -0.04809999 -0.03014397 0.01214897 -0.04809999 -0.03549498 0.01044499 -0.04809999 -0.03164499 0.007404983 -0.04809999 -0.03662198 0.005275964 -0.04809999 -0.03240495 0.002487957 -0.04809999 -0.037 0 -0.04809999 -0.03240495 -0.002487957 -0.04809999 -0.03662198 -0.005275964 -0.04809999 -0.03164499 -0.007404983 -0.04809999 -0.03549498 -0.01044499 -0.04809999 -0.03014397 -0.01214897 -0.04809999 -0.03364294 -0.01539999 -0.04809999 -0.02793598 -0.01660799 -0.04809999 -0.03110295 -0.02003997 -0.04809999 -0.02507299 -0.02067798 -0.04809999 -0.02792799 -0.02426999 -0.04809999 -0.02162295 -0.02426296 -0.04809999 -0.02418094 -0.028005 -0.04809999 -0.01766598 -0.02727895 -0.04809999 -0.01994097 -0.03116697 -0.04809999 -0.01329499 -0.02965599 -0.04809999 -0.01529198 -0.033692 -0.04809999 -0.008611977 -0.03133797 -0.04809999 -0.01033198 -0.035528 -0.04809999 -0.005159974 -0.03663796 -0.04809999 -0.003726959 -0.03228598 -0.04809999 1.18e-4 -0.037 -0.04809999 0.001244962 -0.03247594 -0.04809999 0.005392968 -0.036605 -0.04809999 0.006187975 -0.03190594 -0.04809999 0.01055794 -0.03546196 -0.04809999 0.01098597 -0.03058695 -0.04809999 0.01550698 -0.03359395 -0.04809999 0.01552599 -0.02855199 -0.04809999 0.02013897 -0.03103899 -0.04809999 0.01970195 -0.02584695 -0.04809999 0.02435898 -0.02784997 -0.04809999 0.02341699 -0.02253699 -0.04809999 0.02808195 -0.02409195 -0.04809999 0.02658295 -0.01869797 -0.04809999 0.03122997 -0.01984095 -0.04809999 0.02912497 -0.01442098 -0.04809999 -0.01683795 0.04065096 -0.06854999 -0.02003395 0.03748196 -0.06854999 -0.02199995 0.03810495 -0.06854999 -0.02361196 0.03533697 -0.06854999 -0.02678596 0.03490799 -0.06854999 -0.02696198 0.03285294 -0.06854999 -0.03111296 0.03111296 -0.06854999 -0.030052 0.030052 -0.06854999 -0.03285294 0.02696198 -0.06854999 -0.011388 0.04250097 -0.06854999 -0.01233696 0.04066997 -0.06854999 -0.01626396 0.03926497 -0.06854999 -0.008290946 0.04168295 -0.06854999 -0.005742967 0.04362398 -0.06854999 -0.004165947 0.04229497 -0.06854999 0 0.04399996 -0.06854999 0 0.04249995 -0.06854999 0.004165947 0.04229497 -0.06854999 0.005742967 0.04362398 -0.06854999 0.008290946 0.04168295 -0.06854999 0.011388 0.04250097 -0.06854999 0.01233696 0.04066997 -0.06854999 0.01683795 0.04065096 -0.06854999 0.01626396 0.03926497 -0.06854999 0.02003395 0.03748196 -0.06854999 0.02199995 0.03810495 -0.06854999 0.02361196 0.03533697 -0.06854999 0.02678596 0.03490799 -0.06854999 0.02696198 0.03285294 -0.06854999 0.03111296 0.03111296 -0.06854999 0.030052 0.030052 -0.06854999 0.03285294 0.02696198 -0.06854999 0.03490799 0.02678596 -0.06854999 0.03533697 0.02361196 -0.06854999 0.03810495 0.02199995 -0.06854999 0.03748196 0.02003395 -0.06854999 0.04065096 0.01683795 -0.06854999 0.03926497 0.01626396 -0.06854999 0.04066997 0.01233696 -0.06854999 0.04250097 0.011388 -0.06854999 0.04168295 0.008290946 -0.06854999 0.04362398 0.005742967 -0.06854999 0.04229497 0.004165947 -0.06854999 0.04399996 0 -0.06854999 0.04249995 0 -0.06854999 0.04229497 -0.004165947 -0.06854999 0.04362398 -0.005742967 -0.06854999 0.04168295 -0.008290946 -0.06854999 0.04250097 -0.011388 -0.06854999 0.04066997 -0.01233696 -0.06854999 0.04065096 -0.01683795 -0.06854999 0.03926497 -0.01626396 -0.06854999 0.03748196 -0.02003395 -0.06854999 0.03810495 -0.02199995 -0.06854999 0.03533697 -0.02361196 -0.06854999 0.03490799 -0.02678596 -0.06854999 0.03285294 -0.02696198 -0.06854999 0.03111296 -0.03111296 -0.06854999 0.030052 -0.030052 -0.06854999 0.02696198 -0.03285294 -0.06854999 0.02678596 -0.03490799 -0.06854999 0.02361196 -0.03533697 -0.06854999 0.02199995 -0.03810495 -0.06854999 0.02003395 -0.03748196 -0.06854999 0.01683795 -0.04065096 -0.06854999 0.01626396 -0.03926497 -0.06854999 0.01233696 -0.04066997 -0.06854999 0.011388 -0.04250097 -0.06854999 0.008290946 -0.04168295 -0.06854999 0.005742967 -0.04362398 -0.06854999 0.004165947 -0.04229497 -0.06854999 0 -0.04399996 -0.06854999 0 -0.04249995 -0.06854999 -0.004165947 -0.04229497 -0.06854999 -0.005742967 -0.04362398 -0.06854999 -0.008290946 -0.04168295 -0.06854999 -0.011388 -0.04250097 -0.06854999 -0.01233696 -0.04066997 -0.06854999 -0.01683795 -0.04065096 -0.06854999 -0.01626396 -0.03926497 -0.06854999 -0.02003395 -0.03748196 -0.06854999 -0.02199995 -0.03810495 -0.06854999 -0.02361196 -0.03533697 -0.06854999 -0.02678596 -0.03490799 -0.06854999 -0.02696198 -0.03285294 -0.06854999 -0.03111296 -0.03111296 -0.06854999 -0.030052 -0.030052 -0.06854999 -0.03285294 -0.02696198 -0.06854999 -0.03490799 -0.02678596 -0.06854999 -0.03533697 -0.02361196 -0.06854999 -0.03810495 -0.02199995 -0.06854999 -0.03748196 -0.02003395 -0.06854999 -0.04065096 -0.01683795 -0.06854999 -0.03926497 -0.01626396 -0.06854999 -0.04066997 -0.01233696 -0.06854999 -0.04250097 -0.011388 -0.06854999 -0.04168295 -0.008290946 -0.06854999 -0.04362398 -0.005742967 -0.06854999 -0.04229497 -0.004165947 -0.06854999 -0.04399996 0 -0.06854999 -0.04249995 0 -0.06854999 -0.04229497 0.004165947 -0.06854999 -0.04362398 0.005742967 -0.06854999 -0.04168295 0.008290946 -0.06854999 -0.04250097 0.011388 -0.06854999 -0.04066997 0.01233696 -0.06854999 -0.04065096 0.01683795 -0.06854999 -0.03926497 0.01626396 -0.06854999 -0.03748196 0.02003395 -0.06854999 -0.03810495 0.02199995 -0.06854999 -0.03533697 0.02361196 -0.06854999 -0.03490799 0.02678596 -0.06854999 0.04269397 -0.01064294 -0.06259995 0.04367196 -0.00536096 -0.06259995 0.05516898 -0.01683998 -0.06259995 0.04399996 0 -0.06259995 0.058447 -0.01591795 -0.06259995 0.06147795 -0.014364 -0.06259995 0.06147795 0.014364 -0.06259995 0.06413996 -0.01224094 -0.06259995 0.06413996 0.01224094 -0.06259995 0.066329 -0.009632945 -0.06259995 0.066329 0.009632945 -0.06259995 0.06795698 -0.006641983 -0.06259995 0.06795698 0.006641983 -0.06259995 0.06896096 -0.003387987 -0.06259995 0.06896096 0.003387987 -0.06259995 0.06929999 0 -0.06259995 0.04107898 -0.01576495 -0.06259995 0.04150199 -0.01832199 -0.06259995 0.03996396 -0.01924598 -0.06259995 0.03885197 -0.02065294 -0.06259995 0.04367196 0.00536096 -0.06259995 0.05516898 0.01683998 -0.06259995 0.058447 0.01591795 -0.06259995 0.04859197 0.01799994 -0.06259995 0.04269397 0.01064294 -0.06259995 0.04326695 0.01799994 -0.06259995 0.04107898 0.01576495 -0.06259995 0.04150199 0.01832199 -0.06259995 0.03996396 0.01924598 -0.06259995 0.03885197 0.02065294 -0.06259995 0.04150199 -0.01832199 -0.05609995 0.03919994 -0.01821994 -0.05609995 0.03955096 -0.01878297 -0.05609995 0.03996396 -0.01924598 -0.05609995 0.03947198 -0.01944196 -0.05609995 0.03926897 -0.01984798 -0.05609995 0.03906196 -0.02025097 -0.05609995 0.03885197 -0.02065294 -0.05609995 0.03947198 -0.01944196 -0.05509996 0.039563 -0.01915299 -0.05505496 0.03956496 -0.01886194 -0.05493098 0.03937298 -0.01839798 -0.05455899 0.03901696 -0.018103 -0.05411297 0.036596 0.02442795 -0.05509996 0.03947198 0.01944196 -0.05509996 0.036596 -0.02442795 -0.05509996 0.03309297 -0.028997 -0.05509996 0.02902495 -0.03306895 -0.05509996 0.024459 -0.03657495 -0.05509996 0.01947498 -0.03945499 -0.05509996 0.01415699 -0.04165995 -0.05509996 0.00859797 -0.04315197 -0.05509996 0.002890944 -0.04390496 -0.05509996 -0.00286597 -0.04390698 -0.05509996 -0.008572995 -0.04315698 -0.05509996 -0.01413398 -0.04166799 -0.05509996 -0.01945298 -0.03946596 -0.05509996 -0.02443897 -0.03658896 -0.05509996 -0.029006 -0.03308498 -0.05509996 -0.033077 -0.029015 -0.05509996 -0.03658199 -0.02444899 -0.05509996 -0.03946095 -0.01946395 -0.05509996 -0.041664 -0.01414597 -0.05509996 -0.043154 -0.008584976 -0.05509996 -0.04390597 -0.00287795 -0.05509996 -0.04390597 0.00287795 -0.05509996 -0.043154 0.008584976 -0.05509996 -0.041664 0.01414597 -0.05509996 -0.03946095 0.01946395 -0.05509996 -0.03658199 0.02444899 -0.05509996 -0.033077 0.029015 -0.05509996 -0.029006 0.03308498 -0.05509996 -0.02443897 0.03658896 -0.05509996 -0.01945298 0.03946596 -0.05509996 -0.01413398 0.04166799 -0.05509996 -0.008572995 0.04315698 -0.05509996 -0.00286597 0.04390698 -0.05509996 0.002890944 0.04390496 -0.05509996 0.00859797 0.04315197 -0.05509996 0.01415699 0.04165995 -0.05509996 0.01947498 0.03945499 -0.05509996 0.024459 0.03657495 -0.05509996 0.02902495 0.03306895 -0.05509996 0.03309297 0.028997 -0.05509996 0.039563 0.01915299 -0.05505496 0.03956496 0.01886194 -0.05493098 0.03937298 0.01839798 -0.05455899 0.03901696 0.018103 -0.05411297 0.03857499 0.01799994 -0.05366796 0.03839999 0.01799994 -0.05350899 0.04045999 -0.01243299 -0.04639995 0.04214894 -0.01383399 0.03139996 0.04524499 -0.01562196 0.03139996 0.04864495 -0.01672595 0.03139996 0.05219995 -0.01709997 0.03139996 0.05575495 -0.01672595 0.03139996 0.05915498 -0.01562196 0.03139996 0.06225097 -0.01383399 0.03139996 0.06490796 -0.01144194 0.03139996 0.06700897 -0.008549988 0.03139996 0.06846296 -0.005283951 0.03139996 0.06920599 -0.001786947 0.03139996 0.06920599 0.001786947 0.03139996 0.06846296 0.005283951 0.03139996 0.06700897 0.008549988 0.03139996 0.06490796 0.01144194 0.03139996 0.06225097 0.01383399 0.03139996 0.05915498 0.01562196 0.03139996 0.05575495 0.01672595 0.03139996 0.05219995 0.01709997 0.03139996 0.04864495 0.01672595 0.03139996 0.04524499 0.01562196 0.03139996 0.04214894 0.01383399 0.03139996 0.04045999 0.01243299 -0.04639995 0.03949195 0.01144194 0.03139996 0.04045397 0.01242798 -0.04636895 0.04043996 0.01241397 -0.04634296 0.04040497 0.01238095 -0.04630798 0.04032397 0.01230299 -0.04626595 0.04010397 0.01208698 -0.04623299 0.03988599 0.01186496 -0.04626995 0.03980696 0.011783 -0.04631799 0.03977996 0.01175397 -0.04635298 0.03976696 0.01173996 -0.04639995 0.03739094 0.008549988 0.03139996 0.03593695 0.005283951 0.03139996 0.03519397 0.001786947 0.03139996 0.03519397 -0.001786947 0.03139996 0.03593695 -0.005283951 0.03139996 0.03739094 -0.008549988 0.03139996 0.03949195 -0.01144194 0.03139996 0.03976696 -0.01173996 -0.04639995 0.03977197 -0.01174598 -0.04636895 0.03978598 -0.01175999 -0.04634296 0.039819 -0.01179498 -0.04630798 0.03989696 -0.01187598 -0.04626595 0.04011297 -0.01209598 -0.04623299 0.04033499 -0.01231396 -0.04626995 0.04041695 -0.01239299 -0.04631799 0.04044598 -0.01241999 -0.04635298 0.04229497 0.004165947 -0.06859999 0.04249995 0 -0.06859999 0.04399698 5e-4 -0.06859999 0.04229497 -0.004165947 -0.06859999 0.04368597 -0.005246996 -0.06859999 0.04168295 -0.008290946 -0.06859999 0.04262697 -0.01090395 -0.06859999 0.04066997 -0.01233696 -0.06859999 0.04083895 -0.016375 -0.06859999 0.03926497 -0.01626396 -0.06859999 0.03748196 -0.02003395 -0.06859999 0.03835296 -0.02156597 -0.06859999 0.03533697 -0.02361196 -0.06859999 0.03520995 -0.02638697 -0.06859999 0.03285294 -0.02696198 -0.06859999 0.03146398 -0.03075695 -0.06859999 0.030052 -0.030052 -0.06859999 0.02696198 -0.03285294 -0.06859999 0.02717995 -0.03460097 -0.06859999 0.02361196 -0.03533697 -0.06859999 0.02243196 -0.037853 -0.06859999 0.02003395 -0.03748196 -0.06859999 0.01729899 -0.04045695 -0.06859999 0.01626396 -0.03926497 -0.06859999 0.01233696 -0.04066997 -0.06859999 0.01186996 -0.04236894 -0.06859999 0.008290946 -0.04168295 -0.06859999 0.006237983 -0.04355496 -0.06859999 0.004165947 -0.04229497 -0.06859999 5e-4 -0.04399698 -0.06859999 0 -0.04249995 -0.06859999 -0.004165947 -0.04229497 -0.06859999 -0.005246996 -0.04368597 -0.06859999 -0.008290946 -0.04168295 -0.06859999 -0.01090395 -0.04262697 -0.06859999 -0.01233696 -0.04066997 -0.06859999 -0.016375 -0.04083895 -0.06859999 -0.01626396 -0.03926497 -0.06859999 -0.02003395 -0.03748196 -0.06859999 -0.02156597 -0.03835296 -0.06859999 -0.02361196 -0.03533697 -0.06859999 -0.02638697 -0.03520995 -0.06859999 -0.02696198 -0.03285294 -0.06859999 -0.03075695 -0.03146398 -0.06859999 -0.030052 -0.030052 -0.06859999 -0.03285294 -0.02696198 -0.06859999 -0.03460097 -0.02717995 -0.06859999 -0.03533697 -0.02361196 -0.06859999 -0.037853 -0.02243196 -0.06859999 -0.03748196 -0.02003395 -0.06859999 -0.04045695 -0.01729899 -0.06859999 -0.03926497 -0.01626396 -0.06859999 -0.04066997 -0.01233696 -0.06859999 -0.04236894 -0.01186996 -0.06859999 -0.04168295 -0.008290946 -0.06859999 -0.04355496 -0.006237983 -0.06859999 -0.04229497 -0.004165947 -0.06859999 -0.04399698 -5e-4 -0.06859999 -0.04249995 0 -0.06859999 -0.04229497 0.004165947 -0.06859999 -0.04368597 0.005246996 -0.06859999 -0.04168295 0.008290946 -0.06859999 -0.04262697 0.01090395 -0.06859999 -0.04066997 0.01233696 -0.06859999 -0.04083895 0.016375 -0.06859999 -0.03926497 0.01626396 -0.06859999 -0.03748196 0.02003395 -0.06859999 -0.03835296 0.02156597 -0.06859999 -0.03533697 0.02361196 -0.06859999 -0.03520995 0.02638697 -0.06859999 -0.03285294 0.02696198 -0.06859999 -0.03146398 0.03075695 -0.06859999 -0.030052 0.030052 -0.06859999 -0.02696198 0.03285294 -0.06859999 -0.02717995 0.03460097 -0.06859999 -0.02361196 0.03533697 -0.06859999 -0.02243196 0.037853 -0.06859999 -0.02003395 0.03748196 -0.06859999 -0.01729899 0.04045695 -0.06859999 -0.01626396 0.03926497 -0.06859999 -0.01233696 0.04066997 -0.06859999 -0.01186996 0.04236894 -0.06859999 -0.008290946 0.04168295 -0.06859999 -0.006237983 0.04355496 -0.06859999 -0.004165947 0.04229497 -0.06859999 -5e-4 0.04399698 -0.06859999 0 0.04249995 -0.06859999 0.004165947 0.04229497 -0.06859999 0.005246996 0.04368597 -0.06859999 0.008290946 0.04168295 -0.06859999 0.01090395 0.04262697 -0.06859999 0.01233696 0.04066997 -0.06859999 0.016375 0.04083895 -0.06859999 0.01626396 0.03926497 -0.06859999 0.02003395 0.03748196 -0.06859999 0.02156597 0.03835296 -0.06859999 0.02361196 0.03533697 -0.06859999 0.02638697 0.03520995 -0.06859999 0.02696198 0.03285294 -0.06859999 0.03075695 0.03146398 -0.06859999 0.030052 0.030052 -0.06859999 0.03285294 0.02696198 -0.06859999 0.03460097 0.02717995 -0.06859999 0.03533697 0.02361196 -0.06859999 0.037853 0.02243196 -0.06859999 0.03748196 0.02003395 -0.06859999 0.04045695 0.01729899 -0.06859999 0.03926497 0.01626396 -0.06859999 0.04066997 0.01233696 -0.06859999 0.04236894 0.01186996 -0.06859999 0.04168295 0.008290946 -0.06859999 0.04355496 0.006237983 -0.06859999 -0.035851 -0.02374196 -0.08109998 -0.03869599 -0.01875197 -0.08109998 0.03986197 0.01612496 -0.08109998 -0.04084998 -0.01342695 -0.08109998 -0.04227495 -0.007861971 -0.08109998 -0.04294598 -0.002156972 -0.08109998 -0.04284995 0.003585994 -0.08109998 -0.04198998 0.009264945 -0.08109998 -0.04038 0.01477897 -0.08109998 -0.03804999 0.02002996 -0.08109998 0.03735697 0.02129399 -0.08109998 -0.03504097 0.02492296 -0.08109998 0.03418499 0.026084 -0.08109998 -0.03140598 0.02937096 -0.08109998 0.03040397 0.03040695 -0.08109998 -0.02721095 0.03329497 -0.08109998 0.02607995 0.03418898 -0.08109998 -0.02253097 0.03662496 -0.08109998 0.02129 0.03735995 -0.08109998 -0.01744794 0.03930097 -0.08109998 0.01611995 0.039864 -0.08109998 -0.01205396 0.04127597 -0.08109998 0.01066297 0.04165697 -0.08109998 -0.00644499 0.04251396 -0.08109998 0.005015969 0.04270595 -0.08109998 -7.21e-4 0.04299396 -0.08109998 0.04165595 0.01066797 -0.08109998 -0.01874697 -0.03869795 -0.08109998 -0.02373796 -0.03585398 -0.08109998 -0.02830499 -0.03236997 -0.08109998 0.04270595 0.005020976 -0.08109998 0.04251497 -0.006439983 -0.08109998 0.04127699 -0.01204895 -0.08109998 0.039303 -0.01744395 -0.08109998 0.04299396 -7.16e-4 -0.08109998 0.03662699 -0.02252596 -0.08109998 0.03329795 -0.02720695 -0.08109998 0.02937495 -0.031403 -0.08109998 0.02492696 -0.03503799 -0.08109998 0.02003395 -0.03804796 -0.08109998 0.01478397 -0.04037898 -0.08109998 0.009269952 -0.04198896 -0.08109998 0.003590941 -0.04284995 -0.08109998 -0.002151966 -0.04294598 -0.08109998 -0.007856965 -0.04227596 -0.08109998 -0.01342195 -0.04085195 -0.08109998 -0.03236699 -0.02830898 -0.08109998 -0.04362398 -0.005742967 -0.0787 -0.04399996 0 -0.0787 -0.04362398 0.005742967 -0.0787 -0.04250097 0.011388 -0.0787 -0.04065096 0.01683795 -0.0787 -0.03810495 0.02199995 -0.0787 -0.03490799 0.02678596 -0.0787 -0.03111296 0.03111296 -0.0787 -0.02678596 0.03490799 -0.0787 -0.02199995 0.03810495 -0.0787 -0.01683795 0.04065096 -0.0787 -0.011388 0.04250097 -0.0787 -0.005742967 0.04362398 -0.0787 0 0.04399996 -0.0787 0.005742967 0.04362398 -0.0787 0.011388 0.04250097 -0.0787 0.01683795 0.04065096 -0.0787 0.02199995 0.03810495 -0.0787 0.02678596 0.03490799 -0.0787 0.03111296 0.03111296 -0.0787 0.03490799 0.02678596 -0.0787 0.03810495 0.02199995 -0.0787 0.04065096 0.01683795 -0.0787 0.04250097 0.011388 -0.0787 0.04362398 0.005742967 -0.0787 0.04399996 0 -0.0787 0.04362398 -0.005742967 -0.0787 0.04250097 -0.011388 -0.0787 0.04065096 -0.01683795 -0.0787 0.03810495 -0.02199995 -0.0787 0.03490799 -0.02678596 -0.0787 0.03111296 -0.03111296 -0.0787 0.02678596 -0.03490799 -0.0787 0.02199995 -0.03810495 -0.0787 0.01683795 -0.04065096 -0.0787 0.011388 -0.04250097 -0.0787 0.005742967 -0.04362398 -0.0787 0 -0.04399996 -0.0787 -0.005742967 -0.04362398 -0.0787 -0.011388 -0.04250097 -0.0787 -0.01683795 -0.04065096 -0.0787 -0.02199995 -0.03810495 -0.0787 -0.02678596 -0.03490799 -0.0787 -0.03111296 -0.03111296 -0.0787 -0.03490799 -0.02678596 -0.0787 -0.03810495 -0.02199995 -0.0787 -0.04065096 -0.01683795 -0.0787 -0.04250097 -0.011388 -0.0787 -0.04299998 0 -0.0787 -0.04261595 0.005730986 -0.0787 -0.04147195 0.01135998 -0.0787 -0.03958797 0.01678699 -0.0787 -0.03699696 0.021914 -0.0787 -0.033746 0.02664899 -0.0787 -0.02989298 0.030909 -0.0787 -0.02550697 0.03461796 -0.0787 -0.02066498 0.03770899 -0.0787 -0.01545494 0.04012697 -0.0787 -0.009967982 0.04182898 -0.0787 -0.004303991 0.04278397 -0.0787 0.001436948 0.04297596 -0.0787 0.007151961 0.04240095 -0.0787 0.01273995 0.04106897 -0.0787 0.01809996 0.03900498 -0.0787 0.02313798 0.03624397 -0.0787 0.02776199 0.03283697 -0.0787 0.03189098 0.02884399 -0.0787 0.03545099 0.02433598 -0.0787 0.038378 0.01939296 -0.0787 0.04062098 0.01410496 -0.0787 0.04213798 0.008564949 -0.0787 0.04290395 0.00287199 -0.0787 0.04290395 -0.00287199 -0.0787 0.04213798 -0.008564949 -0.0787 0.04062098 -0.01410496 -0.0787 0.038378 -0.01939296 -0.0787 0.03545099 -0.02433598 -0.0787 0.03189098 -0.02884399 -0.0787 0.02776199 -0.03283697 -0.0787 0.02313798 -0.03624397 -0.0787 0.01809996 -0.03900498 -0.0787 0.01273995 -0.04106897 -0.0787 0.007151961 -0.04240095 -0.0787 0.001436948 -0.04297596 -0.0787 -0.004303991 -0.04278397 -0.0787 -0.009967982 -0.04182898 -0.0787 -0.01545494 -0.04012697 -0.0787 -0.02066498 -0.03770899 -0.0787 -0.02550697 -0.03461796 -0.0787 -0.02989298 -0.030909 -0.0787 -0.033746 -0.02664899 -0.0787 -0.03699696 -0.021914 -0.0787 -0.03958797 -0.01678699 -0.0787 -0.04147195 -0.01135998 -0.0787 -0.04261595 -0.005730986 -0.0787 -0.03012394 -0.06221497 -0.004770994 0.03012394 -0.06221497 -0.004770994 -0.03049999 -0.06221497 0 0.03049999 -0.06221497 0 -0.03012394 -0.06221497 0.004770994 0.03012394 -0.06221497 0.004770994 -0.02900695 -0.06221497 0.009424984 0.02900695 -0.06221497 0.009424984 -0.02717596 -0.06221497 0.01384699 0.02717596 -0.06221497 0.01384699 -0.02467495 -0.06221497 0.01792699 0.02467495 -0.06221497 0.01792699 -0.02156698 -0.06221497 0.02156698 0.02156698 -0.06221497 0.02156698 -0.01792699 -0.06221497 0.02467495 0.01792699 -0.06221497 0.02467495 -0.01384699 -0.06221497 0.02717596 0.01384699 -0.06221497 0.02717596 -0.009424984 -0.06221497 0.02900695 0.009424984 -0.06221497 0.02900695 -0.004770994 -0.06221497 0.03012394 0.004770994 -0.06221497 0.03012394 0 -0.06221497 0.03049999 0.02900695 -0.06221497 -0.009424984 -0.02900695 -0.06221497 -0.009424984 0.02717596 -0.06221497 -0.01384699 -0.02717596 -0.06221497 -0.01384699 0.02467495 -0.06221497 -0.01792699 -0.02467495 -0.06221497 -0.01792699 0.02156698 -0.06221497 -0.02156698 -0.02156698 -0.06221497 -0.02156698 0.01792699 -0.06221497 -0.02467495 -0.01792699 -0.06221497 -0.02467495 0.01384699 -0.06221497 -0.02717596 -0.01384699 -0.06221497 -0.02717596 0.009424984 -0.06221497 -0.02900695 -0.009424984 -0.06221497 -0.02900695 0.004770994 -0.06221497 -0.03012394 -0.004770994 -0.06221497 -0.03012394 0 -0.06221497 -0.03049999 -0.03211897 -0.06021499 0.004960954 -0.03249996 -0.06021499 0 -0.03211897 -0.06021499 -0.004960954 -0.03098499 -0.06021499 -0.009805977 -0.02912497 -0.06021499 -0.01442098 -0.02658295 -0.06021499 -0.01869797 -0.02341699 -0.06021499 -0.02253699 -0.01970195 -0.06021499 -0.02584695 -0.01552599 -0.06021499 -0.02855199 -0.01098597 -0.06021499 -0.03058695 -0.006187975 -0.06021499 -0.03190594 -0.001244962 -0.06021499 -0.03247594 0.003726959 -0.06021499 -0.03228598 0.008611977 -0.06021499 -0.03133797 0.01329499 -0.06021499 -0.02965599 0.01766598 -0.06021499 -0.02727895 0.02162295 -0.06021499 -0.02426296 0.02507299 -0.06021499 -0.02067798 0.02793598 -0.06021499 -0.01660799 0.03014397 -0.06021499 -0.01214897 0.03164499 -0.06021499 -0.007404983 0.03240495 -0.06021499 -0.002487957 0.03240495 -0.06021499 0.002487957 0.03164499 -0.06021499 0.007404983 0.03014397 -0.06021499 0.01214897 0.02793598 -0.06021499 0.01660799 0.02507299 -0.06021499 0.02067798 0.02162295 -0.06021499 0.02426296 0.01766598 -0.06021499 0.02727895 0.01329499 -0.06021499 0.02965599 0.008611977 -0.06021499 0.03133797 0.003726959 -0.06021499 0.03228598 -0.001244962 -0.06021499 0.03247594 -0.006187975 -0.06021499 0.03190594 -0.01098597 -0.06021499 0.03058695 -0.01552599 -0.06021499 0.02855199 -0.01970195 -0.06021499 0.02584695 -0.02341699 -0.06021499 0.02253699 -0.02658295 -0.06021499 0.01869797 -0.02912497 -0.06021499 0.01442098 -0.03098499 -0.06021499 0.009805977 0.004297971 0.04359996 0.02437394 0 0.04359996 0.02474999 -0.004297971 0.04359996 0.02437394 -0.008464992 0.04359996 0.02325695 -0.01237499 0.04359996 0.02143394 -0.01590895 0.04359996 0.01895999 -0.01895999 0.04359996 0.01590895 -0.02143394 0.04359996 0.01237499 -0.02325695 0.04359996 0.008464992 -0.02437394 0.04359996 0.004297971 -0.02474999 0.04359996 0 -0.02437394 0.04359996 -0.004297971 -0.02325695 0.04359996 -0.008464992 -0.02143394 0.04359996 -0.01237499 -0.01895999 0.04359996 -0.01590895 -0.01590895 0.04359996 -0.01895999 -0.01237499 0.04359996 -0.02143394 -0.008464992 0.04359996 -0.02325695 -0.004297971 0.04359996 -0.02437394 0 0.04359996 -0.02474999 0.004297971 0.04359996 -0.02437394 0.008464992 0.04359996 -0.02325695 0.01237499 0.04359996 -0.02143394 0.01590895 0.04359996 -0.01895999 0.01895999 0.04359996 -0.01590895 0.02143394 0.04359996 -0.01237499 0.02325695 0.04359996 -0.008464992 0.02437394 0.04359996 -0.004297971 0.02474999 0.04359996 0 0.02437394 0.04359996 0.004297971 0.02325695 0.04359996 0.008464992 0.02143394 0.04359996 0.01237499 0.01895999 0.04359996 0.01590895 0.01590895 0.04359996 0.01895999 0.01237499 0.04359996 0.02143394 0.008464992 0.04359996 0.02325695 0.023368 0.04459995 0.004240989 0.02374994 0.04459995 0 0.02223598 0.04459995 0.008344948 0.02038794 0.04459995 0.01218098 0.01788496 0.04459995 0.01562595 0.01480799 0.04459995 0.01856797 0.01125395 0.04459995 0.02091395 0.007338941 0.04459995 0.02258795 0.003187954 0.04459995 0.02353495 -0.001065969 0.04459995 0.02372598 -0.005284965 0.04459995 0.02315497 -0.009333968 0.04459995 0.02183896 -0.01308399 0.04459995 0.01982098 -0.01641297 0.04459995 0.01716595 -0.01921397 0.04459995 0.01396 -0.02139794 0.04459995 0.01030498 -0.02289396 0.04459995 0.006317973 -0.02365398 0.04459995 0.002128958 -0.02365398 0.04459995 -0.002128958 -0.02289396 0.04459995 -0.006317973 -0.02139794 0.04459995 -0.01030498 -0.01921397 0.04459995 -0.01396 -0.01641297 0.04459995 -0.01716595 -0.01308399 0.04459995 -0.01982098 -0.009333968 0.04459995 -0.02183896 -0.005284965 0.04459995 -0.02315497 -0.001065969 0.04459995 -0.02372598 0.003187954 0.04459995 -0.02353495 0.007338941 0.04459995 -0.02258795 0.01125395 0.04459995 -0.02091395 0.01480799 0.04459995 -0.01856797 0.01788496 0.04459995 -0.01562595 0.02038794 0.04459995 -0.01218098 0.02223598 0.04459995 -0.008344948 0.023368 0.04459995 -0.004240989 0.001835942 0.04459995 0.01780599 0.005382955 0.04459995 0.01707196 -0.001785993 0.04459995 0.017811 -0.005334973 0.04459995 0.01708698 -0.008664965 0.04459995 0.01566296 -0.01163995 0.04459995 0.01359796 -0.01413899 0.04459995 0.01097697 -0.01605999 0.04459995 0.00790596 -0.017322 0.04459995 0.004510998 -0.01787596 0.04459995 9.32e-4 -0.01769697 0.04459995 -0.002685964 -0.01679396 0.04459995 -0.006192982 -0.01520395 0.04459995 -0.009446978 -0.01299095 0.04459995 -0.01231396 -0.01024597 0.04459995 -0.01467698 -0.007081985 0.04459995 -0.01643896 -0.003627955 0.04459995 -0.01752799 -2.5e-5 0.04459995 -0.01789999 0.00357896 0.04459995 -0.01753896 0.00703597 0.04459995 -0.01645898 0.01020497 0.04459995 -0.01470595 0.01295596 0.04459995 -0.01235097 0.01517695 0.04459995 -0.009489953 0.01677697 0.04459995 -0.00623995 0.01769 0.04459995 -0.002734959 0.01787799 0.04459995 8.81e-4 0.01733499 0.04459995 0.004461944 0.01608198 0.04459995 0.007859945 0.01416999 0.04459995 0.01093697 0.01167899 0.04459995 0.013565 0.008708953 0.04459995 0.01563894 0.001823961 0.04509997 0.01769095 0.005382955 0.0449 0.01707196 0.005347967 0.04509997 0.01696097 0.008708953 0.0449 0.01563894 0.008652985 0.04509997 0.01553797 0.01167899 0.0449 0.013565 0.01160299 0.04509997 0.01347798 0.01416999 0.0449 0.01093697 0.01407897 0.04509997 0.01086598 0.01608198 0.0449 0.007859945 0.01597797 0.04509997 0.007809996 0.01733499 0.0449 0.004461944 0.017223 0.04509997 0.004432976 0.01787799 0.0449 8.81e-4 0.01776295 0.04509997 8.76e-4 0.01769 0.0449 -0.002734959 0.01757597 0.04509997 -0.002717971 0.01677697 0.0449 -0.00623995 0.01666897 0.04509997 -0.006199955 0.01517695 0.0449 -0.009489953 0.01507896 0.04509997 -0.009428977 0.01295596 0.0449 -0.01235097 0.01287299 0.04509997 -0.01227098 0.01020497 0.0449 -0.01470595 0.01013898 0.04509997 -0.01461094 0.00703597 0.0449 -0.01645898 0.006989955 0.04509997 -0.01635295 0.00357896 0.0449 -0.01753896 0.003554999 0.04509997 -0.01742595 -2.5e-5 0.0449 -0.01789999 -2.5e-5 0.04509997 -0.01778495 -0.003627955 0.0449 -0.01752799 -0.003604948 0.04509997 -0.01741498 -0.007081985 0.0449 -0.01643896 -0.00703597 0.04509997 -0.01633298 -0.01024597 0.0449 -0.01467698 -0.01017999 0.04509997 -0.01458299 -0.01299095 0.0449 -0.01231396 -0.01290696 0.04509997 -0.01223498 -0.01520395 0.0449 -0.009446978 -0.01510596 0.04509997 -0.009385943 -0.01679396 0.0449 -0.006192982 -0.01668596 0.04509997 -0.006152987 -0.01769697 0.0449 -0.002685964 -0.01758295 0.04509997 -0.002667963 -0.01787596 0.0449 9.32e-4 -0.01775997 0.04509997 9.26e-4 -0.017322 0.0449 0.004510998 -0.01721096 0.04509997 0.004481971 -0.01605999 0.0449 0.00790596 -0.01595598 0.04509997 0.007854998 -0.01413899 0.0449 0.01097697 -0.01404798 0.04509997 0.01090598 -0.01163995 0.0449 0.01359796 -0.01156497 0.04509997 0.01350998 -0.008664965 0.0449 0.01566296 -0.008608996 0.04509997 0.01556199 -0.005334973 0.0449 0.01708698 -0.005299985 0.04509997 0.01697599 -0.001785993 0.0449 0.017811 -0.001773953 0.04509997 0.01769596 0.001835942 0.0449 0.01780599 0.03249996 -0.03429996 0 0.03213697 -0.03429996 -0.00484395 0.03249996 -0.03429996 -0.02754598 0.03105598 -0.03429996 -0.009579956 0.02928096 -0.03429996 -0.01410096 0.02685296 -0.03429996 -0.01830798 0.02382397 -0.03429996 -0.02210599 0.02026295 -0.03429996 -0.02540999 0.01624995 -0.03429996 -0.02814596 0.02251499 -0.03429996 -0.03098899 0.02723199 -0.03429996 -0.02945798 0.01821696 -0.03429996 -0.03220295 0.01187396 -0.03429996 -0.03025299 0.01423394 -0.03429996 -0.03314399 0.01048594 -0.03429996 -0.03384596 0.00723195 -0.03429996 -0.03168499 0.006902992 -0.03429996 -0.03433299 0.002428948 -0.03429996 -0.03240895 0.003425955 -0.03429996 -0.03461897 0 -0.03429996 -0.03471398 -0.002428948 -0.03429996 -0.03240895 -0.003425955 -0.03429996 -0.03461897 -0.006902992 -0.03429996 -0.03433299 -0.00723195 -0.03429996 -0.03168499 -0.01048594 -0.03429996 -0.03384596 -0.01187396 -0.03429996 -0.03025299 -0.01423394 -0.03429996 -0.03314399 -0.01821696 -0.03429996 -0.03220295 -0.01624995 -0.03429996 -0.02814596 -0.02251499 -0.03429996 -0.03098899 -0.02026295 -0.03429996 -0.02540999 -0.02723199 -0.03429996 -0.02945798 -0.03249996 -0.03429996 -0.02754598 -0.02382397 -0.03429996 -0.02210599 -0.02685296 -0.03429996 -0.01830798 -0.02928096 -0.03429996 -0.01410096 -0.03105598 -0.03429996 -0.009579956 -0.03213697 -0.03429996 -0.00484395 -0.03249996 -0.03429996 0 -0.03249996 -0.03130495 -0.028723 -0.03249996 -0.02851295 -0.029769 -0.03249996 -0.02342998 -0.03152298 -0.03249996 -0.01887196 -0.03289699 -0.03249996 -0.01470398 -0.03395497 -0.03249996 -0.01081997 -0.03473895 -0.03249996 -0.007135987 -0.035281 -0.03249996 -0.00357896 -0.03560096 -0.03249996 -8.4e-5 -0.03570997 -0.03249996 0.003408968 -0.03561097 -0.03249996 0.006960988 -0.03530198 -0.03249996 0.01063799 -0.03477096 -0.03249996 0.01450997 -0.03399896 -0.03249996 0.01866197 -0.03295499 -0.03249996 0.02319896 -0.03159797 -0.03249996 0.028252 -0.02986395 -0.03249996 0.031026 -0.02882999 0.03249996 0.003408968 -0.03561097 0.03249996 -8.4e-5 -0.03570997 0.03249996 -0.00357896 -0.03560096 0.03249996 0.006960988 -0.03530198 0.03249996 0.01063799 -0.03477096 0.03249996 0.01450997 -0.03399896 0.03249996 0.01866197 -0.03295499 0.03249996 0.02319896 -0.03159797 0.03249996 0.028252 -0.02986395 0.03249996 0.031026 -0.02882999 0.03249996 -0.03130495 -0.028723 0.03249996 -0.02851295 -0.029769 0.03249996 -0.02342998 -0.03152298 0.03249996 -0.01887196 -0.03289699 0.03249996 -0.01470398 -0.03395497 0.03249996 -0.01081997 -0.03473895 0.03249996 -0.007135987 -0.035281 0.03711599 0.01180297 -0.04609996 0.03835898 0.01155495 -0.04609996 0.03616195 0.01263999 -0.04609996 0.03575497 0.01384097 -0.04609996 0.03955996 0.01196199 -0.04609996 0.03600299 0.01508396 -0.04609996 0.04039698 0.01291596 -0.04609996 0.03683996 0.016038 -0.04609996 0.040645 0.01415896 -0.04609996 0.03804099 0.01644498 -0.04609996 0.04023796 0.01535999 -0.04609996 0.03928399 0.01619696 -0.04609996 0.03850895 0.01126694 -0.04639995 0.03970497 0.01174598 -0.04624998 0.039644 0.01183795 -0.04613995 0.04053097 0.01284897 -0.04613995 0.04079496 0.01416897 -0.04613995 0.040362 0.01544398 -0.04613995 0.03935098 0.01633095 -0.04613995 0.03803098 0.01659399 -0.04613995 0.03675597 0.01616197 -0.04613995 0.035869 0.01515096 -0.04613995 0.03560495 0.01383095 -0.04613995 0.03603798 0.01255595 -0.04613995 0.03704899 0.01166898 -0.04613995 0.03836899 0.01140499 -0.04613995 0.04062998 0.01280099 -0.04624998 0.04090398 0.01417595 -0.04624998 0.04045397 0.01550495 -0.04624998 0.03939896 0.01642996 -0.04624998 0.03802394 0.01670396 -0.04624998 0.036695 0.01625394 -0.04624998 0.03576999 0.01519894 -0.04624998 0.03549599 0.01382398 -0.04624998 0.03594595 0.01249498 -0.04624998 0.03700095 0.01156997 -0.04624998 0.03837597 0.01129597 -0.04624998 0.04093295 0.01369094 -0.04639995 0.04075294 0.01502299 -0.04639995 0.03996294 0.01611095 -0.04639995 0.03875195 0.01669394 -0.04639995 0.03740894 0.01663398 -0.04639995 0.036255 0.01594495 -0.04639995 0.03556597 0.01479095 -0.04639995 0.03550595 0.01344799 -0.04639995 0.036089 0.01223695 -0.04639995 0.03717696 0.01144695 -0.04639995 0.04038697 -0.01289498 -0.04609996 0.03954094 -0.01194995 -0.04609996 0.04064595 -0.01413697 -0.04609996 0.04025 -0.01534098 -0.04609996 0.03833699 -0.011554 -0.04609996 0.03930497 -0.01618695 -0.04609996 0.03709495 -0.01181298 -0.04609996 0.03806298 -0.01644599 -0.04609996 0.03614997 -0.01265895 -0.04609996 0.03685897 -0.01604998 -0.04609996 0.03575396 -0.01386296 -0.04609996 0.03601294 -0.01510494 -0.04609996 0.04093295 -0.01369094 -0.04639995 0.04061895 -0.01277798 -0.04624998 0.04052096 -0.01282799 -0.04613995 0.03962296 -0.01182395 -0.04613995 0.03834497 -0.01140397 -0.04613995 0.03702795 -0.01167899 -0.04613995 0.03602397 -0.01257699 -0.04613995 0.035604 -0.01385498 -0.04613995 0.03587895 -0.015172 -0.04613995 0.03677695 -0.01617598 -0.04613995 0.038055 -0.01659595 -0.04613995 0.03937196 -0.016321 -0.04613995 0.04037594 -0.01542299 -0.04613995 0.04079598 -0.01414495 -0.04613995 0.03968399 -0.01173198 -0.04624998 0.03850895 -0.01126694 -0.04639995 0.03835099 -0.01129394 -0.04624998 0.03717696 -0.01144695 -0.04639995 0.03697794 -0.011581 -0.04624998 0.036089 -0.01223695 -0.04639995 0.035932 -0.01251596 -0.04624998 0.03550595 -0.01344799 -0.04639995 0.03549396 -0.01384896 -0.04624998 0.03556597 -0.01479095 -0.04639995 0.03578096 -0.01522195 -0.04624998 0.036255 -0.01594495 -0.04639995 0.03671598 -0.01626795 -0.04624998 0.03740894 -0.01663398 -0.04639995 0.03804898 -0.01670598 -0.04624998 0.03875195 -0.01669394 -0.04639995 0.03942197 -0.01641899 -0.04624998 0.03996294 -0.01611095 -0.04639995 0.04046797 -0.01548397 -0.04624998 0.04075294 -0.01502299 -0.04639995 0.04090595 -0.01415097 -0.04624998</float_array>
          <technique_common>
            <accessor source="#LINK_19-mesh-positions-array" count="1228" stride="3">
              <param name="X" type="float" />
              <param name="Y" type="float" />
              <param name="Z" type="float" />
            </accessor>
          </technique_common>
        </source>
        <source id="LINK_19-mesh-normals">
          <float_array id="LINK_19-mesh-normals-array" count="6360">2.48986e-7 0 1 0 0 1 -2.61578e-7 0 1 0 0 1 -7.64914e-7 0 1 -3.26005e-7 0 1 -4.48792e-7 0 1 3.33745e-7 0 1 3.01063e-7 0 1 2.05178e-7 0 1 3.89724e-7 0 1 2.75562e-7 0 1 2.83438e-7 0 1 0 0 1 -3.8848e-7 0 1 -8.22527e-7 0 1 1.24669e-7 0 1 2.08034e-7 0 1 2.92648e-7 0 1 -1.34633e-7 0 1 1.89972e-7 0 1 -1.92452e-7 0 1 0 0 1 1.24343e-7 0 1 6.28484e-7 0 1 4.52203e-7 0 1 -1.59316e-7 0 1 -2.24567e-7 0 1 -3.20181e-7 0 1 -1.52427e-7 0 1 0 0 1 -2.78669e-7 0 1 -3.11196e-7 0 1 -2.54571e-7 0 1 -3.11196e-7 0 1 -2.78669e-7 0 1 -2.33126e-7 0 1 -3.04853e-7 0 1 -3.05354e-7 0 1 3.42482e-7 0 1 7.08733e-7 0 1 4.0882e-7 0 1 4.09552e-7 0 1 -3.99783e-7 0 1 -2.7068e-7 0 1 0 0 1 -2.71178e-7 0 1 -1.40032e-7 0 1 -4.18905e-7 0 1 2.45806e-7 0 1 0 0 1 2.54632e-7 0 1 0 0 1 0 0 1 1.87133e-7 0 1 2.06235e-7 0 1 2.59719e-7 0 1 2.57666e-7 0 1 -1.46526e-7 0 1 0 0 1 -7.64914e-7 0 1 0 0 1 0 1 -1.48085e-7 0 1 0 0 1 0 0 1 0 0 1 0 0 1 0 0 1 -4.52557e-7 0 1 -2.27468e-7 0 1 0 0 1 -2.79487e-7 0 1 0 0 1 -3.54492e-7 0 1 0 0 1 1.54041e-7 0 1 0 0 1 0 0 1 2.23159e-7 0 1 -1.48085e-7 0 1 -4.49081e-7 0 1 -1.61131e-7 0 1 1.33345e-7 0 1 1.75817e-7 0 1 2.7919e-7 0 1 0 0 1 0 0 1 1.55753e-7 0 1 8.26516e-7 0 1 3.31975e-7 0 1 5.3494e-7 0 1 0 0 1 1.40889e-7 0 1 0 0 1 -2.02147e-7 0 1 0 0 1 -4.25653e-7 0 1 -4.95286e-7 0 1 -3.88538e-7 0 1 -3.50458e-7 0 1 -4.00933e-7 0 1 -3.87678e-7 0 1 1.78215e-7 0 1 -1.83669e-7 0 1 0 0 1 0 0 1 -1.73954e-7 0 1 1.80071e-7 0 1 4.49209e-7 0 1 -3.50518e-7 0 1 -2.31889e-7 0 1 -3.6155e-7 0 1 -4.49081e-7 0 -1 0 -4.57466e-6 -1 0 1.81053e-5 -1 2.41399e-6 0 -1 1.63408e-7 0 -1 5.42024e-7 -2.48644e-5 -1 -5.92321e-7 3.241e-6 -1 0 -0.2753912 -0.9613323 2.10106e-6 -0.3604467 -0.9327798 1.39289e-5 -0.5151445 -0.8571034 -3.30806e-6 -0.6724402 -0.7401515 -5.12972e-6 -0.7286782 -0.6848563 -1.11014e-6 -0.8940225 -0.4480223 -1.35154e-5 -2.48626e-5 1 -5.19678e-7 -0.2753911 0.9613323 2.27615e-6 1.78739e-5 1 -1.49105e-6 -0.3604468 0.9327798 1.37985e-5 -0.5151447 0.8571032 -2.75299e-6 -0.6724409 0.7401509 -5.67548e-6 -0.7286446 0.684892 6.83591e-7 -0.8940234 0.4480205 -1.44504e-5 0 0 1 -1.38937e-6 0 1 -1.53282e-6 0 1 -2.61588e-6 0 1 -8.45595e-6 0 1 -3.51169e-5 0 1 -5.67518e-6 0 1 1.08091e-6 0 1 5.02274e-7 0 1 8.15683e-7 0 1 2.59298e-7 0 1 -4.41191e-7 0 1 0 0 1 -1.88401e-6 0 1 7.09384e-7 0 1 0 0 1 -3.07009e-7 0 1 -1.48744e-6 0 1 1.4511e-6 0 1 7.14585e-6 0 1 7.72135e-7 0 1 -2.77457e-7 0 1 6.8702e-7 0 1 9.11874e-7 0 1 1.9936e-7 0 1 -2.59782e-6 0 1 2.15462e-7 0 1 5.31818e-7 0 1 1.24028e-6 0 1 3.8595e-7 0 1 2.16181e-6 0 1 9.18714e-7 0 1 6.27235e-7 0 1 -2.21999e-6 0 1 -1.39833e-7 0 1 2.58219e-6 0 1 4.61214e-7 0 1 -2.43927e-7 0 1 0 0 1 3.4351e-7 0 1 5.20253e-7 0 1 4.55937e-7 0 1 0 0 1 0 0 1 -1.81677e-7 0 1 0 0 1 0 0 1 0 0 1 -4.60762e-7 0 1 -4.30664e-7 0 1 0 0 1 4.13071e-7 0 1 1.972e-7 0 1 2.02868e-7 0 1 0 0 1 2.00433e-7 0 1 0 0 1 2.02334e-7 0 1 -4.48139e-7 0 1 -2.82676e-7 0 1 -7.31349e-7 0 1 -3.62192e-7 0 1 -5.7327e-7 0 1 -1.46426e-7 0 1 1.83182e-7 0 1 2.84706e-7 0 1 3.08145e-7 0 1 -3.9164e-7 0 1 -4.19775e-7 0 1 -4.40598e-7 0 1 -4.19775e-7 0 1 1.32046e-7 0 1 0 0 1 2.25376e-7 0 1 0 0 1 3.77758e-7 0 1 4.93494e-7 0 1 4.96565e-7 0 1 4.51253e-7 0 1 -1.64702e-7 0 1 -1.7191e-7 0 1 0 0 1 -2.47748e-7 0 1 -3.47127e-7 0 1 2.81367e-7 0 1 2.02334e-7 0 1 0 0 1 2.00432e-7 0 1 0 0 1 1.972e-7 0 1 8.26142e-7 0 1 4.22869e-7 0 1 4.24889e-7 0 1 0 0 1 4.06626e-7 0 1 -4.00387e-7 0 1 -4.8817e-7 0 1 -0.9882805 0.1526494 6.95977e-6 -0.9970658 0.07654953 4.97326e-7 -1 -2.46669e-7 2.20747e-5 -0.9970659 -0.07654893 4.93601e-7 -0.9882804 -0.1526495 6.95931e-6 -0.9736955 -0.2278532 -5.70994e-6 -0.9533964 -0.3017207 8.75024e-6 -0.9275025 -0.373817 2.90386e-6 -0.8961656 -0.44372 1.46916e-6 -0.8595698 -0.5110184 1.05379e-5 -0.8179295 -0.5753186 -2.76743e-6 -0.7714891 -0.6362426 -2.84733e-5 -0.7205215 -0.6934326 -2.81865e-6 -0.6653259 -0.7465531 2.31434e-7 -0.6062256 -0.7952927 1.27065e-5 -0.5435676 -0.8393654 -9.43057e-6 -0.4777197 -0.8785123 -1.24145e-5 -0.4090689 -0.9125036 2.20998e-5 -0.3380166 -0.9411402 -1.43652e-5 -0.2649812 -0.9642536 2.80053e-5 -0.1903913 -0.9817083 1.12867e-5 -0.1146833 -0.9934021 1.47433e-5 -0.03830301 -0.9992662 -1.71941e-5 0.03830307 -0.9992662 1.74753e-5 0.1146833 -0.9934021 -1.45817e-5 0.1903908 -0.9817085 3.81731e-5 0.2649814 -0.9642536 -2.80077e-5 0.3380171 -0.9411401 1.4246e-5 0.4090689 -0.9125036 -2.22614e-5 0.4777199 -0.8785122 1.22529e-5 0.5435677 -0.8393654 9.25083e-6 0.6062254 -0.7952929 -1.26697e-5 0.6653259 -0.7465531 -2.69618e-7 0.7205216 -0.6934326 2.81306e-6 0.7714891 -0.6362427 -2.08612e-5 0.8179298 -0.5753182 -4.66257e-5 0.8595696 -0.5110188 -1.05486e-5 0.8961656 -0.4437199 -1.48499e-6 0.9275023 -0.3738173 -2.93413e-6 0.9533964 -0.3017208 -8.75862e-6 0.9736954 -0.2278535 5.70668e-6 0.9882805 -0.152649 -6.97188e-6 0.9970658 -0.07654947 -5.06639e-7 1 -2.46667e-7 -2.20789e-5 0.9970659 0.07654941 -5.06174e-7 0.9882804 0.1526495 -6.96676e-6 0.9736955 0.2278532 5.71506e-6 0.9533966 0.3017203 -8.75629e-6 0.9275024 0.3738173 -2.92668e-6 0.8961657 0.4437196 -1.48453e-6 0.8595697 0.5110186 3.87896e-5 0.8179298 0.5753182 -4.66267e-5 0.7714892 0.6362426 -2.08607e-5 0.7205215 0.6934326 2.81399e-6 0.6653258 0.7465532 -2.69152e-7 0.6062254 0.7952929 -1.26688e-5 0.5435677 0.8393653 9.24896e-6 0.4777197 0.8785124 1.22525e-5 0.4090689 0.9125036 -2.22628e-5 0.3380169 0.9411401 1.42446e-5 0.2649809 0.9642537 -2.80021e-5 0.1903914 0.9817084 3.8174e-5 0.1146834 0.9934022 -1.45817e-5 0.03830295 0.9992662 1.74753e-5 -0.03830295 0.9992662 -1.71941e-5 -0.1146833 0.9934022 1.47424e-5 -0.1903908 0.9817085 1.12872e-5 -0.2649813 0.9642536 2.80067e-5 -0.3380169 0.9411401 -1.43643e-5 -0.4090684 0.9125038 2.20994e-5 -0.4777197 0.8785123 -1.24136e-5 -0.5435678 0.8393653 -9.43197e-6 -0.6062254 0.7952929 1.27051e-5 -0.6653259 0.7465531 2.31434e-7 -0.7205215 0.6934326 -2.81865e-6 -0.7714891 0.6362426 -2.84738e-5 -0.8179295 0.5753185 -2.76836e-6 -0.8595697 0.5110187 1.05388e-5 -0.8961656 0.4437201 1.46823e-6 -0.9275025 0.3738169 2.90386e-6 -0.9533965 0.3017204 8.75117e-6 -0.9736955 0.2278532 -5.7104e-6 2.37335e-7 0 -1 2.30213e-6 0 -1 3.00014e-6 0 -1 0 0 -1 3.14111e-7 0 -1 1.12129e-6 0 -1 -5.69593e-7 0 -1 0 0 -1 -4.4114e-6 0 -1 0 0 -1 2.80362e-7 0 -1 3.50932e-7 0 -1 1.22974e-6 0 -1 0 0 -1 0 0 -1 5.24143e-7 0 -1 0 0 -1 -3.79735e-7 0 -1 -3.42404e-6 0 -1 -3.58561e-6 0 -1 -7.01561e-7 0 -1 7.59456e-7 0 -1 4.48518e-6 0 -1 1.79938e-6 0 -1 3.65924e-7 0 -1 5.02983e-6 0 -1 6.40366e-6 0 -1 9.7565e-7 0 -1 3.50851e-7 0 -1 1.34256e-6 0 -1 1.20009e-6 0 -1 4.11532e-6 0 -1 5.2395e-6 0 -1 1.07801e-6 0 -1 1.34304e-6 0 -1 3.06914e-7 0 -1 1.63157e-6 0 -1 4.16747e-6 0 -1 -1.54814e-7 0 -1 -1.16409e-6 0 -1 -2.9515e-7 0 -1 -6.71245e-7 0 -1 -5.26251e-7 0 -1 -2.24258e-6 0 -1 -2.83392e-6 0 -1 -1.51107e-7 0 -1 2.91064e-7 0 -1 0 0 -1 -3.50932e-7 0 -1 -1.22974e-6 0 -1 0 0 -1 0 0 -1 -5.24143e-7 0 -1 0 0 -1 3.79735e-7 0 -1 3.42404e-6 0 -1 3.58561e-6 0 -1 7.01561e-7 0 -1 -7.59456e-7 0 -1 -4.48518e-6 0 -1 -1.79938e-6 0 -1 -3.65924e-7 0 -1 -5.02983e-6 0 -1 -6.40366e-6 0 -1 -9.7565e-7 0 -1 -3.50851e-7 0 -1 -1.34256e-6 0 -1 -1.20009e-6 0 -1 -4.11532e-6 0 -1 -5.2395e-6 0 -1 -1.07801e-6 0 -1 -1.34304e-6 0 -1 -3.06914e-7 0 -1 -1.63157e-6 0 -1 0 0 -1 -2.30596e-7 0 -1 -6.25687e-7 0 -1 0 0 -1 -1.57959e-7 0 -1 5.25849e-7 0 -1 0 0 -1 1.79484e-7 0 -1 1.11741e-6 0 -1 -3.55227e-6 0 -1 6.32551e-6 0 -1 -2.70783e-6 0 -1 -1.45071e-7 0 -1 -4.133e-6 0 -1 -1.61389e-6 0 -1 1.63054e-6 0 -1 -1.97426e-5 0 -1 -2.52848e-5 0 -1 2.56628e-7 0 -1 -4.61192e-7 0 -1 -8.2431e-7 0 -1 -3.39184e-6 0 -1 -2.00885e-5 0 -1 -5.23175e-6 0 1 -1.08211e-5 0 1 -2.29957e-5 0 1 -2.83759e-6 0 1 -2.20468e-5 0 1 -2.40059e-5 0 1 0.8830007 -0.4693719 -4.16115e-6 0.882994 -0.4693841 -3.09151e-4 0.6605006 -0.7508256 0 0.6604994 -0.7508267 0 0.3529509 -0.9356418 0 0.3529508 -0.935642 0 2.08244e-6 1 0 1.96993e-5 1 0 0.3529509 0.9356419 0 0.3529508 0.9356419 0 0.6604994 0.7508267 0 0.6605006 0.7508256 0 0.8829894 0.4693931 -1.50129e-6 0.8830022 0.4693689 -3.12143e-4 0.8970922 -0.4418434 7.08736e-6 0.8970808 -0.4418665 -4.57838e-6 0.9882976 -0.1525385 1.1446e-5 0.9762275 0.216749 1.59778e-5 0.9904434 0.1379207 4.10527e-6 0.798373 0.6021634 2.71574e-6 0.6258003 0.7799835 1.78497e-5 0.4428006 0.8966202 -2.64496e-6 -2.68221e-6 1 -1.12634e-5 -5.45383e-6 1 8.50111e-6 0.9336051 0.3583038 -5.26663e-6 0.9238796 0.3826833 5.12786e-6 0.8660258 0.4999995 3.15905e-6 0.83173 0.5551805 -2.22586e-5 0.8970921 0.4418439 7.00355e-6 0.9659261 0.2588182 -3.51798e-5 0.9703111 0.2418603 2.24628e-5 0.9914448 0.1305277 7.50297e-6 0.992551 0.1218306 8.50292e-6 1 0 -3.74389e-5 1 0 0 0.9925562 -0.121788 3.24401e-5 0.9914447 -0.1305277 7.49808e-6 0.9703111 -0.2418602 2.24332e-5 0.9659259 -0.2588192 1.40718e-5 0.9336051 -0.3583037 -5.31902e-6 0.9238796 -0.3826835 5.13764e-6 0.8660256 -0.4999997 3.2261e-6 0.8317301 -0.5551804 -2.23452e-5 0.8877838 -0.4602608 3.90504e-6 0.8924759 -0.4510951 1.47715e-5 0.7933533 -0.6087616 2.26754e-5 0.7521239 -0.6590217 -1.71745e-5 0.7071069 -0.7071067 2.18279e-5 0.6596521 -0.7515711 2.40654e-5 0.6087614 -0.7933534 1.59172e-5 0.5558896 -0.8312563 1.5642e-5 0.4999998 -0.8660255 -4.13912e-5 0.4426127 -0.896713 6.61332e-6 0.3826835 -0.9238795 9.66759e-6 0.321759 -0.9468216 9.54978e-6 0.2588192 -0.9659258 -3.51621e-6 0.1953986 -0.9807239 -5.13485e-6 0.1305263 -0.9914449 -1.59256e-5 0.06569343 -0.9978399 -1.98404e-5 0 -1 1.77701e-5 -0.06513601 -0.9978764 -3.01781e-5 -0.1305262 -0.9914449 1.86488e-5 -0.1948504 -0.9808331 -1.38641e-5 -0.2588189 -0.9659259 -1.04695e-5 -0.3212298 -0.9470013 2.64496e-7 -0.3826834 -0.9238796 -2.43541e-6 -0.4421111 -0.8969603 3.87905e-5 -0.5000001 -0.8660254 -1.69664e-5 -0.5554249 -0.8315667 -9.24803e-7 -0.6087616 -0.7933532 1.46967e-5 -0.6592318 -0.7519398 -8.58214e-6 -0.7071068 -0.7071068 -2.21981e-6 -0.7517554 -0.6594422 4.62271e-5 -0.7933536 -0.6087612 -2.19662e-5 -0.8314113 -0.5556576 5.48363e-6 -0.8660255 -0.5 -2.11531e-5 -0.8968368 -0.4423618 2.54312e-5 -0.9238795 -0.3826835 -1.93664e-5 -0.9469114 -0.3214948 8.31205e-7 -0.9659259 -0.2588193 9.50834e-6 -0.9807785 -0.1951245 1.4469e-5 -0.9914448 -0.1305264 1.89058e-7 -0.9978582 -0.06541448 -1.44476e-5 -1 -2.00369e-7 2.02926e-5 -0.9978582 0.06541484 -1.44504e-5 -0.9914449 0.1305261 1.89058e-7 -0.9807785 0.1951245 1.4469e-5 -0.9659259 0.2588189 9.49809e-6 -0.9469115 0.3214946 8.27946e-7 -0.9238795 0.3826835 -1.93766e-5 -0.8968367 0.4423618 -2.36877e-5 -0.8660255 0.5000001 -2.11527e-5 -0.8314113 0.5556575 5.48456e-6 -0.7933534 0.6087613 -2.19662e-5 -0.7517555 0.659442 -2.88803e-6 -0.7071067 0.7071069 -2.2212e-6 -0.659232 0.7519397 -8.58493e-6 -0.6087614 0.7933533 1.46972e-5 -0.5554251 0.8315667 -9.24338e-7 -0.5000001 0.8660255 -1.69664e-5 -0.4421111 0.8969604 3.87905e-5 -0.3826833 0.9238796 -2.43634e-6 -0.3212299 0.9470013 2.64961e-7 -0.2588191 0.9659259 -1.0469e-5 -0.1948505 0.980833 -1.38646e-5 -0.1305262 0.9914449 1.86488e-5 -0.06513607 0.9978764 -3.01776e-5 0 1 1.77706e-5 0.06569349 0.9978399 -1.984e-5 0.1305259 0.991445 -1.60048e-5 0.1953988 0.9807239 -5.16186e-6 0.258819 0.9659259 -3.59816e-6 0.321759 0.9468216 9.54885e-6 0.3826835 0.9238795 9.66806e-6 0.4426127 0.896713 6.61286e-6 0.5 0.8660254 -4.13912e-5 0.5558896 0.8312563 1.5642e-5 0.6087614 0.7933534 1.59186e-5 0.6596521 0.7515711 -2.50535e-5 0.7071067 0.7071069 2.18279e-5 0.752124 0.6590217 -1.7175e-5 0.7933534 0.6087615 2.26758e-5 0.897081 0.4418662 -2.35997e-6 0.8924759 0.4510952 1.46842e-5 0.8877835 0.4602613 3.82215e-6 0.9882983 0.1525335 1.14981e-5 0.9762281 -0.2167463 1.52662e-5 0.9904423 -0.1379279 4.04939e-6 0.7983718 -0.6021649 2.68221e-6 0.6258007 -0.7799832 1.76691e-5 0.4428007 -0.89662 -2.32831e-6 -3.15822e-6 -1 -1.12522e-5 -4.67896e-6 -1 8.47831e-6 0.5881623 -0.392536 0.7070932 0.634341 -0.312431 0.7071056 0.6364405 -0.3081282 0.7071071 0.6364111 -0.3081846 0.707109 0.6368424 -0.3072954 0.7071077 0.6382358 -0.3043914 0.7071076 0.6399583 -0.3007547 0.7071067 0.6406331 -0.2993159 0.7071063 0.6402427 -0.3001512 0.7071058 0.6407704 -0.2990221 0.7071061 0.6414276 -0.2976085 0.7071067 0.5968412 -0.3791839 0.7071069 0.6389544 -0.3028785 0.7071083 0.6448201 -0.2901914 0.707104 0.5366738 -0.4604209 0.7071025 0.5318335 -0.4659931 0.7071093 0.4655279 -0.5322431 0.7071076 0.4663401 -0.5315551 0.7070899 0.393119 -0.5877932 0.7070761 0.3848676 -0.5931758 0.7071205 0.3129989 -0.634093 0.707077 0.2963464 -0.6420024 0.7071151 0.2275102 -0.6694917 0.707121 0.2017719 -0.6777228 0.7070927 0.1381641 -0.6934662 0.7071177 0.1030652 -0.6995643 0.7070979 0.04645419 -0.7055941 0.7070919 0.002253174 -0.7070816 0.7071285 -0.04606068 -0.7056356 0.7070764 -0.09860593 -0.7002136 0.7070911 -0.1377717 -0.6935266 0.707135 -0.1974429 -0.6789703 0.7071179 -0.2271345 -0.6696143 0.7071257 -0.2922542 -0.6438928 0.7070995 -0.3126031 -0.6342289 0.7071301 -0.3810768 -0.5956136 0.7071245 -0.3928064 -0.5880328 0.7070506 -0.4621329 -0.5352219 0.707086 -0.4661553 -0.5316964 0.7071055 -0.5337583 -0.4638415 0.7070736 -0.5316221 -0.4662378 0.707107 -0.5878893 -0.3928827 0.7071276 -0.5944146 -0.3829805 0.7071049 -0.6341405 -0.3127772 0.7071325 -0.6429591 -0.2943044 0.7070987 -0.6695864 -0.2273418 0.7070854 -0.67835 -0.1996083 0.7071052 -0.6935358 -0.1379806 0.7070853 -0.6998714 -0.1008336 0.7071158 -0.7055936 -0.0462554 0.7071055 -0.7071164 -2.6467e-7 0.7070972 -0.7055936 0.0462554 0.7071055 -0.6998714 0.1008336 0.7071157 -0.6935358 0.1379806 0.7070853 -0.67835 0.1996083 0.7071052 -0.6695864 0.2273418 0.7070854 -0.6429591 0.2943044 0.7070987 -0.6341404 0.3127771 0.7071326 -0.5944145 0.3829805 0.7071049 -0.5878893 0.3928826 0.7071276 -0.5336904 0.4638185 0.70714 -0.5316222 0.4662377 0.707107 -0.4660343 0.5317766 0.707125 -0.4621329 0.5352219 0.7070861 -0.3927377 0.5880033 0.7071134 -0.3810904 0.5956456 0.7070901 -0.3126031 0.634229 0.7071301 -0.2922542 0.6438928 0.7070995 -0.2271516 0.6696445 0.7070915 -0.1974429 0.6789703 0.7071179 -0.1377817 0.6935597 0.7071006 -0.09860593 0.7002136 0.7070911 -0.04606068 0.7056356 0.7070764 0.002253174 0.7070816 0.7071285 0.04645419 0.7055942 0.7070918 0.1030652 0.6995643 0.7070978 0.1381641 0.6934664 0.7071175 0.2017718 0.6777227 0.7070927 0.2275103 0.6694918 0.7071209 0.2963462 0.6420024 0.7071152 0.3129991 0.6340932 0.7070767 0.3848677 0.5931758 0.7071205 0.3930792 0.5877876 0.7071028 0.465528 0.5322431 0.7071076 0.4662419 0.5316627 0.7070738 0.5318456 0.46595 0.7071287 0.5366737 0.4604209 0.7071025 0.5881622 0.392536 0.7070932 0.5968412 0.379184 0.707107 0.6364405 0.3081285 0.7071071 0.6389541 0.3028786 0.7071084 0.6448197 0.2901916 0.7071043 0.6368703 0.3072423 0.7071056 0.6364985 0.3080152 0.7071042 0.6343396 0.3124302 0.7071073 0.6383144 0.3042257 0.7071079 0.6399288 0.3008116 0.7071093 0.6402536 0.3001248 0.7071072 0.6406025 0.2993829 0.7071056 0.6407763 0.2990078 0.7071068 0.6414263 0.2976111 0.7071068 0 1 1.92731e-7 0 1 7.22707e-7 -0.6865445 -0.7270879 -7.60854e-7 -0.6865532 -0.7270795 -1.51363e-6 -0.5877869 -0.8090158 -5.8098e-5 -0.540046 -0.8416355 2.60571e-5 -0.4067221 -0.9135519 9.65667e-5 -0.3748301 -0.9270935 -5.39082e-5 -0.2079186 -0.9781461 -1.80263e-5 -0.1965752 -0.9804887 1.85651e-5 -0.01182025 -0.9999302 1.5503e-5 -3.20769e-5 -1 1.11097e-4 0.1736707 -0.9848039 0 0.2079144 -0.978147 -3.57417e-5 0.1736332 -0.9848105 -1.36299e-6 0.365354 -0.9308687 1.23058e-4 0.4067269 -0.9135499 1.15075e-4 0.5425465 -0.8400259 -6.88802e-5 0.5877851 -0.8090171 1.02905e-4 0.6982441 -0.7158598 9.58289e-5 0.7431423 -0.6691336 7.80476e-5 0.8262385 -0.5633207 3.85639e-5 0.8660247 -0.5000015 -6.81307e-5 0.9214802 -0.3884257 -1.55842e-4 0.9510561 -0.3090186 -3.21746e-5 0.9801722 -0.1981475 -3.20619e-5 0.9945216 -0.1045309 -6.1364e-5 1 0 1.17795e-5 0.9945216 0.1045309 -6.13643e-5 0.9801722 0.1981475 -3.20611e-5 0.9510561 0.3090186 -3.21749e-5 0.9214801 0.3884256 -1.55843e-4 0.8660246 0.5000014 -6.81307e-5 0.8262383 0.5633207 3.85628e-5 0.7431422 0.6691336 7.80443e-5 0.6982442 0.7158597 9.5825e-5 0.587785 0.8090172 1.02902e-4 0.5425465 0.8400259 -6.88802e-5 0.4067269 0.9135499 1.15078e-4 0.3653058 0.9308876 -5.80661e-5 0.2079071 0.9781486 5.74946e-5 0.1736671 0.9848044 -3.25877e-4 -3.20825e-5 1 1.11086e-4 -0.01182025 0.9999302 1.55029e-5 -0.2079186 0.9781461 -1.80233e-5 -0.1965752 0.9804887 1.85651e-5 -0.3748301 0.9270935 -5.39235e-5 0.1736629 0.9848052 0 -0.4067221 0.9135519 9.65795e-5 -0.5400265 0.8416482 1.49356e-4 -0.5877856 0.8090168 -1.55735e-5 -0.686563 0.7270704 3.48128e-6 -0.7431644 0.6691088 2.74826e-4 -0.6868945 0.7267573 -3.50177e-7 -0.6877193 0.7259767 1.01421e-6 -0.6865547 0.7270783 4.45966e-6 -0.6897579 0.7240402 -8.18714e-6 -0.6945413 0.7194528 3.37149e-6 -0.7074366 0.7067769 -9.71779e-5 -0.7201368 0.6938322 -5.11529e-7 -0.7247285 0.6890347 0 -0.7263264 0.6873501 2.72645e-7 -0.7270725 0.6865608 0 -0.7270732 0.68656 4.20446e-6 -0.8431887 0.5376176 -5.3805e-4 -0.8660276 0.4999961 -1.15324e-4 -0.9292655 0.3694126 -6.26314e-5 -0.9510566 0.309017 8.52277e-6 -0.9821578 0.188059 5.16424e-6 -0.9945219 0.1045296 -4.94133e-5 -1 0 6.94942e-5 -0.9945218 -0.1045296 -4.94134e-5 -0.9821578 -0.188059 5.16092e-6 -0.9510566 -0.309017 8.52044e-6 -0.9292655 -0.3694126 -6.26292e-5 -0.8660277 -0.4999961 -1.15324e-4 -0.8431961 -0.5376062 -1.39556e-4 -0.7431623 -0.6691112 2.73574e-4 -0.7270737 -0.6865594 -2.45869e-7 -0.7267503 -0.6869018 -1.72295e-6 -0.7270702 -0.6865632 4.52838e-6 -0.7260007 -0.687694 -1.09058e-6 -0.7240152 -0.6897841 -3.27802e-6 -0.7194606 -0.6945333 2.91562e-7 -0.7070631 -0.7071504 3.01399e-4 -0.6938313 -0.7201377 -1.96829e-6 -0.6890395 -0.7247238 -3.15718e-7 -0.6873627 -0.7263144 -2.3297e-6 0.1736913 0.9848002 0 0.1736913 0.9848002 0 0.1736913 -0.9848002 0 0.1736913 -0.9848002 0 1.36575e-7 0 1 4.59705e-7 0 1 8.99205e-7 0 1 2.02922e-6 0 1 1.11895e-6 0 1 -3.432e-7 0 1 -4.99587e-6 0 1 -5.62757e-6 0 1 1.23129e-6 0 1 -8.44093e-7 0 1 -4.21938e-6 0 1 1.20392e-6 0 1 1.83918e-6 0 1 -1.01543e-6 0 1 -5.59312e-7 0 1 1.71565e-7 0 1 1.01462e-6 0 1 5.59281e-7 0 1 -2.0565e-7 0 1 -6.93654e-7 0 1 0 0 1 2.01981e-7 0 1 -2.51393e-7 0 1 -4.81164e-7 0 1 -3.86274e-7 0 1 1.0735e-6 0 1 0 0 1 -1.34071e-6 0 1 -2.38802e-7 0 1 0 0 1 1.53197e-7 0 1 4.09201e-7 0 1 6.45042e-7 0 1 -2.91418e-6 0 1 -4.68383e-6 0 1 1.12199e-6 0 1 -3.42074e-7 0 1 3.48559e-6 0 1 5.43981e-6 0 1 6.36526e-7 0 1 3.76589e-6 0 1 3.6775e-6 0 1 -1.52193e-6 0 1 -8.38922e-7 0 1 -3.43156e-7 0 1 -2.02922e-6 0 1 -1.11895e-6 0 1 3.432e-7 0 1 4.99587e-6 0 1 5.62757e-6 0 1 -1.23129e-6 0 1 8.44093e-7 0 1 4.21938e-6 0 1 -1.20392e-6 0 1 -1.83918e-6 0 1 1.01543e-6 0 1 5.59312e-7 0 1 -1.71565e-7 0 1 -1.01462e-6 0 1 -5.59281e-7 0 1 2.0565e-7 0 1 6.93654e-7 0 1 0 0 1 -2.01981e-7 0 1 2.51393e-7 0 1 4.81164e-7 0 1 3.86274e-7 0 1 -1.0735e-6 0 1 0 0 1 1.34071e-6 0 1 2.38802e-7 0 1 0 0 1 -1.53197e-7 0 1 -4.09201e-7 0 1 -6.45042e-7 0 1 2.91418e-6 0 1 4.68383e-6 0 1 -1.12199e-6 0 1 3.42074e-7 0 1 -3.48559e-6 0 1 -5.43981e-6 0 1 -6.36526e-7 0 1 -3.76589e-6 0 1 -3.6775e-6 0 1 1.52193e-6 0 1 8.38922e-7 0 1 0 0 -1 0 0 -1 0 0 -1 0 0 -1 0 0 -1 0 0 -1 0 0 -1 0 0 -1 0 0 -1 0 0 -1 0 0 -1 0 0 -1 0 0 -1 0 0 -1 0 0 -1 0 0 -1 2.70538e-7 0 -1 -2.15626e-7 0 -1 0 0 -1 0 0 -1 -2.71392e-7 0 -1 0 0 -1 2.4499e-7 0 -1 1.02856e-6 0 -1 -6.53767e-7 0 -1 -2.13945e-6 0 -1 1.12009e-6 0 -1 -6.58508e-6 0 -1 3.71942e-7 0 -1 6.22883e-7 0 -1 2.83952e-6 0 -1 8.572e-7 0 -1 -3.90105e-6 0 -1 1.93864e-6 0 -1 -6.25622e-7 0 -1 3.94988e-7 0 -1 3.75484e-7 0 -1 1.92184e-7 0 -1 -4.50119e-7 0 -1 -7.40159e-7 0 -1 -0.9914447 -0.1305274 1.53783e-5 -0.9999354 -0.01136732 4.61365e-5 -1 -1.66354e-6 2.1952e-5 -0.9928644 0.1192492 3.55747e-5 -0.9914449 0.1305261 6.20494e-7 -0.9688041 0.2478281 -3.44568e-5 -0.9659252 0.2588215 -3.2377e-5 -0.9281695 0.3721578 2.35192e-5 -0.9238774 0.3826887 -7.90162e-5 -0.8716547 0.4901206 8.32007e-5 -0.8660244 0.5000017 -2.72188e-5 -0.8002201 0.5997064 1.16404e-5 -0.7933552 0.6087591 5.05053e-5 -0.715097 0.6990253 1.48648e-5 -0.7071053 0.7071083 -2.55058e-5 -0.6177362 0.7863854 -1.39798e-5 -0.6087635 0.7933518 3.3187e-5 -0.5098115 0.8602862 4.20241e-5 -0.5000045 0.866023 5.32432e-5 -0.3931593 0.9194704 3.00738e-5 -0.3826832 0.9238798 -6.8869e-6 -0.2697815 0.9629216 9.36992e-5 -0.258817 0.9659265 -2.46832e-5 -0.1417876 0.9898972 6.07949e-5 -0.1305311 0.9914443 6.45232e-5 -0.0113632 0.9999355 -2.44542e-6 2.14112e-6 1 -2.75412e-5 0.1192492 0.9928644 3.56503e-5 0.1305262 0.991445 3.96394e-7 0.247828 0.9688041 -3.43528e-5 0.2588216 0.9659252 -3.23809e-5 0.3721579 0.9281695 2.38186e-5 0.3826855 0.9238787 -3.01104e-5 0.4901278 0.8716508 -1.44445e-5 0.5000017 0.8660244 -2.70954e-5 0.5997062 0.8002203 1.18758e-5 0.6087591 0.7933551 5.08679e-5 0.6990235 0.7150987 6.40689e-5 0.7071082 0.7071053 -2.55072e-5 0.7863854 0.6177363 -1.39873e-5 0.7933564 0.6087576 -6.51053e-5 0.8602881 0.5098084 -6.76047e-6 0.8660229 0.5000045 5.31427e-5 0.9194704 0.3931593 3.03728e-5 0.9238798 0.3826832 -6.89179e-6 0.962922 0.26978 4.4941e-5 0.9659264 0.258817 -2.46137e-5 0.9898971 0.1417877 6.04151e-5 0.9914447 0.1305274 1.53783e-5 0.9999354 0.01136732 4.61365e-5 1 1.66354e-6 2.1952e-5 0.9928644 -0.1192492 3.55747e-5 0.9914449 -0.1305261 6.20494e-7 0.9688041 -0.2478281 -3.44568e-5 0.9659252 -0.2588215 -3.2377e-5 0.9281695 -0.3721578 2.35192e-5 0.9238774 -0.3826887 -7.90162e-5 0.8716547 -0.4901206 8.32007e-5 0.8660244 -0.5000017 -2.72188e-5 0.8002201 -0.5997064 1.16404e-5 0.7933552 -0.6087591 5.05053e-5 0.715097 -0.6990253 1.48648e-5 0.7071053 -0.7071083 -2.55058e-5 0.6177362 -0.7863854 -1.39798e-5 0.6087635 -0.7933518 3.3187e-5 0.5098115 -0.8602862 4.20241e-5 0.5000045 -0.866023 5.32432e-5 0.3931593 -0.9194704 3.00738e-5 0.3826832 -0.9238798 -6.8869e-6 0.2697815 -0.9629216 9.36992e-5 0.258817 -0.9659265 -2.46832e-5 0.1417876 -0.9898972 6.07949e-5 0.1305311 -0.9914443 6.45232e-5 0.0113632 -0.9999355 -2.44542e-6 -2.14112e-6 -1 -2.75412e-5 -0.1192492 -0.9928644 3.56503e-5 -0.1305262 -0.991445 3.96394e-7 -0.247828 -0.9688041 -3.43528e-5 -0.2588216 -0.9659252 -3.23809e-5 -0.3721579 -0.9281695 2.38186e-5 -0.3826855 -0.9238787 -3.01104e-5 -0.4901278 -0.8716508 -1.44445e-5 -0.5000017 -0.8660244 -2.70954e-5 -0.5997062 -0.8002203 1.18758e-5 -0.6087591 -0.7933551 5.08679e-5 -0.6990235 -0.7150987 6.40689e-5 -0.7071082 -0.7071053 -2.55072e-5 -0.7863854 -0.6177363 -1.39873e-5 -0.7933564 -0.6087576 -6.51053e-5 -0.8602881 -0.5098084 -6.76047e-6 -0.8660229 -0.5000045 5.31427e-5 -0.9194704 -0.3931593 3.03728e-5 -0.9238798 -0.3826832 -6.89179e-6 -0.962922 -0.26978 4.4941e-5 -0.9659264 -0.258817 -2.46137e-5 -0.9898971 -0.1417877 6.04151e-5 2.23953e-7 0 -1 2.01821e-6 0 -1 2.10597e-6 0 -1 5.92252e-6 0 -1 6.2886e-6 0 -1 1.41848e-6 0 -1 3.39075e-6 0 -1 0 0 -1 -1.31167e-7 0 -1 5.45101e-6 0 -1 7.25374e-6 0 -1 -1.69638e-6 0 -1 -1.38448e-6 0 -1 -5.69014e-6 0 -1 -8.20522e-6 0 -1 -1.51137e-6 0 -1 -3.14824e-7 0 -1 1.33732e-7 0 -1 4.8402e-7 0 -1 1.72576e-7 0 -1 4.93564e-7 0 -1 0 0 -1 -1.84563e-7 0 -1 -1.7957e-6 0 -1 -4.15656e-7 0 -1 -3.9133e-7 0 -1 -3.63846e-6 0 -1 -1.14578e-6 0 -1 -3.65327e-6 0 -1 -2.87736e-7 0 -1 2.23166e-6 0 -1 -7.37116e-6 0 -1 2.7491e-6 0 -1 6.37763e-7 0 -1 -1.30852e-6 0 -1 -8.56282e-6 0 -1 -2.24703e-6 0 -1 -8.59783e-6 0 -1 -1.02991e-6 0 -1 -8.59783e-6 0 -1 -2.24703e-6 0 -1 2.23166e-6 0 -1 -2.87735e-7 0 -1 -3.65327e-6 0 -1 -7.74705e-7 0 -1 -1.81923e-6 0 -1 0 0 -1 9.04289e-7 0 -1 0 0 -1 -8.97847e-7 0 -1 0 0 -1 1.33732e-7 0 -1 -6.83439e-7 0 -1 -6.93103e-6 0 -1 -2.86614e-6 0 -1 6.51937e-7 0 -1 6.36311e-6 0 -1 3.37411e-6 0 -1 6.23124e-7 0 -1 1.80248e-6 0 -1 -9.0628e-7 0 -1 4.75234e-6 0 -1 4.34077e-6 0 -1 -0.8337372 -0.5521615 2.06688e-5 -0.8604036 -0.5096134 -3.69828e-6 -0.8998944 -0.4361081 2.06402e-5 -0.920646 -0.3903985 9.00193e-6 -0.949997 -0.3122591 7.92416e-6 -0.964464 -0.2642143 1.66488e-5 -0.9831414 -0.1828472 4.10667e-6 -0.9910823 -0.1332511 -3.1316e-5 -0.99874 -0.05018633 1.3869e-5 -1 -4.96874e-6 4.41656e-6 -0.996516 0.08340239 -6.45011e-6 -0.9910747 0.1333076 -1.82909e-5 -0.9765051 0.2154946 -1.93338e-5 -0.9644716 0.2641867 7.92555e-6 -0.9390779 0.3437046 2.61818e-6 -0.9206486 0.3903926 -3.1183e-6 -0.8848996 0.465782 2.59844e-5 -0.8604011 0.5096176 -8.03499e-7 -0.8149021 0.5795987 -4.11132e-6 -0.7848026 0.6197459 4.09293e-6 -0.7303813 0.6830397 1.60886e-7 -0.6952003 0.7188161 9.63011e-6 -0.6328118 0.7743057 -1.36897e-5 -0.5931686 0.8050783 -1.23938e-5 -0.5239725 0.8517353 -1.68569e-6 -0.480586 0.8769476 4.53647e-6 -0.4057661 0.913977 -7.34907e-6 -0.3594283 0.9331728 2.04158e-5 -0.280332 0.9599032 -3.98373e-7 -0.2318383 0.9727544 1.73959e-5 -0.1498837 0.9887037 -4.66942e-6 -0.1000791 0.9949795 -1.50865e-5 -0.01675742 0.9998597 -1.11738e-5 0.03343182 0.999441 -1.54704e-5 0.116641 0.9931741 5.61425e-6 0.1663374 0.9860689 -7.49133e-6 0.247981 0.968765 2.51899e-6 0.2962988 0.9550953 -2.06942e-5 0.3748812 0.9270729 1.3629e-5 0.4209418 0.9070878 -6.66687e-6 0.4951255 0.8688215 -1.04341e-5 0.538078 0.8428952 4.11156e-6 0.6065119 0.7950744 -1.25128e-5 0.6456326 0.7636483 -4.93042e-6 0.7070629 0.7071508 1.49175e-6 0.7416524 0.6707844 0 0.7950009 0.6066082 1.15642e-5 0.8244403 0.565949 2.08872e-6 0.8687648 0.4952248 4.51435e-6 0.8925175 0.4510129 2.61143e-6 0.9270046 0.3750501 4.13817e-5 0.9446703 0.3280214 -3.3325e-6 0.9687398 0.2480794 -2.08777e-5 0.9799656 0.199167 -1.58579e-5 0.99316 0.1167618 -5.65057e-6 0.997768 0.06677615 -1.43186e-5 0.9998618 -0.01662653 2.05839e-5 0.9977668 -0.06679481 -1.8829e-6 0.988727 -0.1497298 3.71146e-5 0.9799627 -0.199181 4.6459e-6 0.9599429 -0.2801957 1.84511e-5 0.9446661 -0.3280335 -8.74186e-6 0.9140129 -0.4056855 -2.264e-5 0.8925117 -0.4510241 -1.32252e-5 0.851801 -0.5238655 5.80633e-6 0.8244407 -0.5659484 -1.33202e-6 0.7743858 -0.6327138 1.83049e-5 0.7416595 -0.6707766 1.01286e-5 0.6831442 -0.7302836 2.0582e-5 0.6456161 -0.7636621 -1.33421e-5 0.5796984 -0.8148312 5.42169e-6 0.538061 -0.8429059 -2.2332e-5 0.4659217 -0.884826 7.36956e-6 0.4209256 -0.9070952 -8.76188e-6 0.3438235 -0.9390343 2.66079e-6 0.2962599 -0.9551074 -1.39903e-5 0.2155919 -0.9764836 0 0.1663177 -0.9860722 -1.01936e-5 0.08350551 -0.9965074 -9.52534e-6 0.03341996 -0.9994415 4.50131e-6 -0.05003249 -0.9987477 1.64539e-5 -0.1001061 -0.9949768 -9.39146e-6 -0.1826995 -0.9831689 2.15343e-5 -0.2318136 -0.9727602 6.30412e-6 -0.3121117 -0.9500455 2.3586e-5 -0.3594014 -0.9331831 5.81984e-6 -0.4359608 -0.8999657 1.74858e-5 -0.4805918 -0.8769444 -1.08129e-5 -0.5520392 -0.8338182 2.68151e-6 -0.5931815 -0.8050689 -2.06241e-6 -0.6582485 -0.7528007 5.3125e-6 -0.6952004 -0.718816 -9.54559e-6 -0.7527084 -0.6583542 1.3758e-5 -0.7847985 -0.6197512 1.53692e-6 -0.9951783 0.09808272 0 -0.9951784 0.09808248 0 -1 -6.84796e-6 0 -1 -6.7601e-6 0 -0.9951809 -0.09805566 0 -0.995181 -0.09805554 0 -0.9807947 -0.1950433 0 -0.9807921 0.1950568 0 -0.9807921 0.1950563 0 -0.9569731 0.2901767 0 -0.9569734 0.2901757 0 -0.9238535 0.3827465 0 -0.923853 0.3827477 0 -0.8819015 0.4714339 0 -0.881902 0.4714329 0 -0.8314605 0.5555838 0 -0.8314614 0.5555825 0 -0.7730733 0.6343168 0 -0.7730742 0.6343158 0 -0.707043 0.7071706 0 -0.7070422 0.7071714 0 -0.6343894 0.7730138 0 -0.6343904 0.773013 0 -0.5555777 0.8314647 0 -0.5555785 0.8314642 0 -0.4715158 0.8818576 0 -0.4712147 0.8820187 0 -0.3826338 0.9239001 0 -0.3826332 0.9239004 0 -0.2902101 0.956963 0 -0.2902104 0.9569628 0 -0.1950477 0.9807938 0 -0.1950482 0.9807937 0 -0.09807962 0.9951786 0 -0.09807986 0.9951786 0 0 1 0 0.09806263 0.9951803 0 0.09806275 0.9951803 0 0.1950646 0.9807904 0 0.1950649 0.9807903 0 0.2905085 0.9568725 2.96755e-7 0.2905066 0.9568731 0 0.3826632 0.9238879 0 0.382664 0.9238876 0 0.4714635 0.8818856 0 0.4714643 0.8818852 0 0.5556272 0.8314316 0 0.5556278 0.8314313 0 0.634311 0.7730782 0 0.6343101 0.7730789 0 0.7071148 0.7070989 0 0.7071156 0.707098 0 0.7729948 0.6344124 0 0.7729957 0.6344114 0 0.8315293 0.555481 0 0.8315302 0.5554797 0 0.8818741 0.4714851 0 0.8818736 0.4714861 0 0.9238756 0.382693 0 0.9238761 0.3826918 0 0.9569633 0.2902089 0 0.9569637 0.2902079 0 0.9807986 0.1950238 0 0.9807987 0.1950233 0 0.9951784 0.09808248 0 0.9951783 0.09808272 0 1 -6.84909e-6 0 1 -6.76127e-6 0 0.9951809 -0.09805566 0 0.995181 -0.09805554 0 0.9807881 -0.1950764 0 0.9807881 -0.1950767 0 0.9569461 -0.2902659 0 0.9569463 -0.2902651 0 0.9238887 -0.3826613 0 0.9238891 -0.3826604 0 0.8819351 -0.471371 0 0.8819354 -0.4713702 0 0.8314218 -0.5556418 0 0.831421 -0.5556429 0 0.7730438 -0.6343528 0 0.7730447 -0.6343517 0 0.7070751 -0.7071385 0 0.707076 -0.7071377 0 0.6344324 -0.7729785 0 0.6344333 -0.7729776 0 0.5555323 -0.831495 0 0.5555315 -0.8314957 0 0.4714607 -0.8818871 0 0.4714616 -0.8818867 0 0.382691 -0.9238765 0 0.3826916 -0.9238762 0 0.2902422 -0.9569532 0 0.2902426 -0.9569531 0 0.1950153 -0.9808003 0 0.1950148 -0.9808003 0 0.09807097 -0.9951795 0 0.09807127 -0.9951794 0 0 -1 0 -0.09805411 -0.9951812 0 -0.09805399 -0.9951811 0 -0.1950317 -0.980797 0 -0.195032 -0.9807969 0 -0.2902109 -0.9569627 0 -0.2902116 -0.9569626 0 -0.3827211 -0.923864 0 -0.3827219 -0.9238637 0 -0.4714092 -0.8819147 0 -0.4714083 -0.8819151 0 -0.5555809 -0.8314625 0 -0.5555815 -0.8314621 0 -0.6343531 -0.7730435 0 -0.634354 -0.7730428 0 -0.7071477 -0.7070659 0 -0.7071485 -0.7070651 0 -0.7729661 -0.6344473 0 -0.7729653 -0.6344484 0 -0.8314897 -0.5555401 0 -0.8314906 -0.5555389 0 -0.8819072 -0.4714233 0 -0.8819077 -0.4714224 0 -0.9239115 -0.3826067 0 -0.9239118 -0.3826056 0 -0.9569365 -0.2902973 0 -0.9569364 -0.2902982 0 -0.9807946 -0.1950437 0 0 -1 6.91038e-7 0 -1 -1.67907e-7 0 -1 7.56846e-7 0 -1 -7.75535e-7 0 -1 0 0 -1 -4.67219e-7 0 -1 0 0 -1 0 0 -1 0 0 -1 0 0 -1 0 0 -1 5.18634e-7 0 -1 0 0 -1 2.11866e-7 0 -1 -8.94912e-7 0 -1 1.64813e-6 0 -1 -3.79129e-6 0 -1 -9.63991e-7 0 -1 4.0197e-6 0 -1 -3.10675e-6 0 -1 0 0 -1 0 0 -1 0 0 -1 0 0 -1 0 0 -1 -5.18634e-7 0 -1 0 0 -1 -2.11866e-7 0 -1 8.94912e-7 0 -1 -1.64813e-6 0 -1 3.79129e-6 0 -1 9.63991e-7 0 -1 -4.0197e-6 0 -1 3.10675e-6 -0.6988422 -0.7070945 0.1078752 -0.7071083 -0.7071053 -2.55832e-7 -0.7071249 -0.7070887 0 -0.6988581 -0.7070857 -0.1078296 -0.6984447 -0.7070643 -0.1106128 -0.6741636 -0.7071003 -0.2133371 -0.672469 -0.7071331 -0.2185141 -0.6336858 -0.7071062 -0.3137566 -0.6300442 -0.7071008 -0.3210183 -0.5783534 -0.7071123 -0.4068164 -0.5720443 -0.7071198 -0.4156284 -0.5094765 -0.7071119 -0.4903332 -0.500006 -0.7071025 -0.5000001 -0.4286605 -0.7071098 -0.5623576 -0.4156204 -0.7071113 -0.5720607 -0.3377962 -0.7071083 -0.6212018 -0.3210044 -0.7071176 -0.6300325 -0.2390139 -0.707107 -0.6654864 -0.2184814 -0.7071261 -0.672487 -0.1346448 -0.7070969 -0.6941792 -0.1106168 -0.7071059 -0.6984019 -0.02710127 -0.7070963 -0.7065978 -9.10999e-6 -0.7070991 -0.7071145 0.08109599 -0.7071084 -0.7024394 0.1106376 -0.7071292 -0.6983751 0.1873651 -0.7071025 -0.681836 0.2185057 -0.707104 -0.6725022 0.28925 -0.7071003 -0.645247 0.3210155 -0.7070991 -0.6300476 0.3843534 -0.7070925 -0.5935426 0.415625 -0.7070989 -0.5720727 0.4704577 -0.7071135 -0.5278828 0.4999998 -0.7071123 -0.4999924 0.5455252 -0.7071076 -0.4498902 0.5720595 -0.7071124 -0.41562 0.6078016 -0.7071208 -0.3613274 0.6300169 -0.7071394 -0.3209871 0.6558355 -0.7071179 -0.2643184 0.6725039 -0.7071003 -0.2185128 0.6884847 -0.7071316 -0.1611018 0.6983782 -0.7071308 -0.1106076 0.7050216 -0.7071174 -0.05412578 0.7071096 -0.707104 0 0.7050216 -0.7071174 0.05412572 0.6983783 -0.7071307 0.1106077 0.6884849 -0.7071315 0.1611018 0.672504 -0.7071002 0.2185128 0.6558356 -0.7071177 0.2643187 0.6300171 -0.7071393 0.3209868 0.6078016 -0.7071209 0.3613271 0.5720594 -0.7071125 0.41562 0.5455253 -0.7071075 0.4498904 0.4999998 -0.7071123 0.4999925 0.4704579 -0.7071133 0.5278828 0.4156249 -0.7070987 0.5720729 0.384353 -0.7070924 0.5935429 0.3210155 -0.707099 0.6300477 0.28925 -0.7071003 0.6452469 0.2185057 -0.7071039 0.6725023 0.1873651 -0.7071025 0.6818361 0.1106376 -0.7071292 0.6983751 0.08109599 -0.7071084 0.7024394 -9.11075e-6 -0.7070991 0.7071145 -0.02710127 -0.7070963 0.7065977 -0.1106171 -0.7071058 0.6984019 -0.134604 -0.7071194 0.6941642 -0.2185189 -0.7070988 0.6725034 -0.2390137 -0.707107 0.6654865 -0.3210438 -0.7070902 0.6300432 -0.3377962 -0.7071082 0.6212019 -0.4156204 -0.7071115 0.5720604 -0.4286605 -0.7071098 0.5623576 -0.500006 -0.7071025 0.5000001 -0.5094766 -0.7071118 0.4903331 -0.5720832 -0.7070904 0.4156249 -0.5783534 -0.7071124 0.4068163 -0.6300061 -0.7071315 0.3210257 -0.633649 -0.7071285 0.3137806 -0.6725418 -0.7070685 0.2184988 -0.6741942 -0.7070811 0.2133039 -0.6984447 -0.7070643 0.1106129 0.1736955 0 0.9847995 0.1736952 0 0.9847996 2.61872e-7 0 1 -2.42826e-7 0 1 -0.173695 0 0.9847995 -0.1736956 0 0.9847994 -0.3420423 0 0.9396846 -0.3420425 0 0.9396846 -0.4999324 0 0.8660645 -0.4999324 0 0.8660645 -0.6427488 0 0.7660771 -0.6427492 0 0.7660768 -0.7660771 0 0.6427489 -0.7660773 0 0.6427487 -0.8660645 0 0.4999324 -0.8660645 0 0.4999324 -0.9396846 0 0.3420423 -0.9396847 0 0.3420422 -0.9847995 0 0.1736954 -0.9847996 0 0.1736953 -1 0 0 -1 0 0 -0.9847995 0 -0.1736953 -0.9847995 0 -0.1736953 -0.9396847 0 -0.3420422 -0.9396846 0 -0.3420423 -0.8660645 0 -0.4999324 -0.8660645 0 -0.4999324 -0.7660773 0 -0.6427487 -0.7660771 0 -0.6427489 -0.6427492 0 -0.7660767 -0.6427487 0 -0.7660771 -0.4999325 0 -0.8660643 -0.4999322 0 -0.8660646 -0.3420425 0 -0.9396846 -0.3420422 0 -0.9396847 -0.1736955 0 -0.9847995 -0.1736952 0 -0.9847996 -2.61872e-7 0 -1 2.42826e-7 0 -1 0.173695 0 -0.9847995 0.1736956 0 -0.9847994 0.3420423 0 -0.9396846 0.3420425 0 -0.9396846 0.4999324 0 -0.8660645 0.4999324 0 -0.8660645 0.6427488 0 -0.7660771 0.6427492 0 -0.7660768 0.7660771 0 -0.6427489 0.7660773 0 -0.6427487 0.8660645 0 -0.4999324 0.8660645 0 -0.4999324 0.9396846 0 -0.3420423 0.9396847 0 -0.3420422 0.9847995 0 -0.1736954 0.9847996 0 -0.1736953 1 0 0 0.9847995 0 0.1736953 0.9847995 0 0.1736953 0.9396847 0 0.3420422 0.9396846 0 0.3420423 0.8660645 0 0.4999324 0.8660645 0 0.4999324 0.7660773 0 0.6427487 0.7660771 0 0.6427489 0.6427492 0 0.7660767 0.6427487 0 0.7660771 0.4999325 0 0.8660643 0.4999322 0 0.8660646 0.3420425 0 0.9396846 0.3420422 0 0.9396847 0.6957668 0.7070876 0.1262367 0.6963701 0.7071061 0.122759 0.7070986 0.707115 0 0.7071053 0.7071082 0 0.69637 0.7071061 -0.1227591 0.66447 0.7071046 0.241832 0.6620089 0.7071112 0.2484715 0.6123763 0.7071065 0.3535472 0.6070153 0.7071066 0.3626744 0.5416564 0.7071051 0.4545447 0.5324954 0.707108 0.4652386 0.4545285 0.7071083 0.5416657 0.4408807 0.7071067 0.5528333 0.3535457 0.7071051 0.6123789 0.3351035 0.707111 0.6226554 0.2418304 0.7071028 0.6644726 0.2185235 0.7071114 0.6724887 0.1227864 0.7071062 0.6963651 0.09489929 0.7071001 0.7007165 1.84559e-6 0.7071075 0.7071061 -0.03170984 0.7071133 0.706389 -0.1227896 0.7071059 0.6963648 -0.1573349 0.7071132 0.6893741 -0.2418481 0.7071045 0.6644643 -0.2779068 0.7071093 0.6502034 -0.3535354 0.7071201 0.6123676 -0.3895385 0.7071104 0.5901311 -0.4545184 0.7071077 0.541675 -0.4886499 0.7071108 0.5110926 -0.5416774 0.707105 0.4545198 -0.5720481 0.7071186 0.4156252 -0.6123735 0.7071059 0.3535534 -0.6370811 0.707107 0.3068022 -0.6644731 0.7070971 0.2418457 -0.6816086 0.7071225 0.188116 -0.6963744 0.7070968 0.1227877 -0.7042533 0.7071138 0.06338393 -0.7071217 0.7070919 5.94999e-7 -0.7042533 0.7071138 -0.06338393 -0.6963743 0.7070968 -0.1227887 -0.6816086 0.7071227 -0.1881152 -0.6644731 0.7070971 -0.2418454 -0.6370812 0.707107 -0.306802 -0.6123736 0.7071059 -0.3535532 -0.5720482 0.7071188 -0.4156249 -0.5416773 0.7071052 -0.4545196 -0.4886497 0.7071111 -0.5110924 -0.4545184 0.7071077 -0.541675 -0.3895383 0.7071101 -0.5901317 -0.3535353 0.7071199 -0.6123678 -0.2779068 0.7071093 -0.6502033 -0.2418482 0.7071046 -0.6644642 -0.1573752 0.7070897 -0.689389 -0.1227892 0.7071056 -0.6963652 -0.03170984 0.7071136 -0.7063887 1.84911e-6 0.7071079 -0.7071058 0.09489977 0.7071003 -0.7007163 0.1227865 0.7071066 -0.6963647 0.2185236 0.7071117 -0.6724884 0.2418304 0.7071028 -0.6644724 0.3351033 0.7071108 -0.6226558 0.3535456 0.7071049 -0.6123793 0.4408801 0.7071069 -0.5528332 0.4545285 0.7071082 -0.541666 0.5324954 0.707108 -0.4652386 0.5416563 0.7071051 -0.4545446 0.6070153 0.7071066 -0.3626745 0.6123671 0.7071178 -0.3535408 0.6620089 0.7071112 -0.2484714 0.6644698 0.7071049 -0.2418318 0.6957361 0.7071127 -0.1262656 0 1 -2.42934e-7 0 1 -5.52073e-7 0 1 -4.05017e-7 0 1 -5.36768e-7 0 1 -9.53352e-7 0 1 -2.48498e-7 0 1 -4.50632e-7 0 1 5.1574e-7 0 1 -2.04884e-7 0 1 2.6412e-7 0 1 -9.51045e-7 0 1 -2.48461e-7 0 1 -5.26348e-7 0 1 4.04487e-7 0 1 -2.7134e-7 0 1 5.77474e-7 0 1 -3.13985e-7 0 1 -1.81087e-7 0 1 3.89525e-7 0 1 9.58376e-7 0 1 -5.03316e-7 0 1 -4.58674e-7 0 1 0 0 1 -2.81516e-7 0 1 3.46408e-7 0 1 0 0 1 -3.1061e-7 0 1 5.89482e-7 0 1 -2.69989e-7 0 1 4.44939e-7 0 1 0 0 1 -2.94805e-7 0 1 3.6788e-7 0 1 6.77153e-7 0 1 1.21618e-6 0 1 8.55352e-7 0 1 9.52059e-7 0 1 2.50283e-7 0 1 0 0 1 2.81499e-7 0 1 2.44492e-7 0 1 7.49048e-7 0 1 0 0 1 0 0 1 -8.24224e-7 0 1 6.3124e-7 0 1 -7.05069e-7 0 1 0 0 1 -5.89603e-7 0 1 9.88978e-7 0 1 0 0 1 6.9453e-7 0 1 -8.11983e-7 0 1 -2.67901e-7 0 1 0 0 1 -2.11393e-7 0 1 -2.69407e-7 0 1 -3.07082e-7 0 1 3.38854e-7 0 1 7.85771e-7 0 1 4.59751e-7 0 1 -2.04946e-7 0 1 -7.81152e-7 0.08883655 0.4999427 0.8614903 0.2604147 0.5000282 0.8259274 0.2604218 0.4999802 0.8259543 0.4212541 0.5001091 0.756595 0.4213566 0.5000478 0.7565784 0.5649072 0.499848 0.6565303 0.5648567 0.5001468 0.6563461 0.6855551 0.4998435 0.5293115 0.6855018 0.5000787 0.5291584 0.7778877 0.5002086 0.3803715 0.778088 0.4997723 0.3805348 0.8386978 0.4999748 0.2158964 0.8386397 0.5000867 0.2158628 0.8649294 0.5000783 0.04264926 0.8649367 0.5000673 0.04262948 0.8558918 0.4999362 -0.1323367 0.8558135 0.5000739 -0.1323233 0.8117099 0.4999688 -0.3019244 0.8117003 0.4999859 -0.301922 0.734158 0.5002959 -0.459038 0.7343003 0.5002117 -0.4589024 0.6268422 0.500022 -0.5975341 0.6268664 0.4999724 -0.5975502 0.4937174 0.5000393 -0.7114801 0.4937071 0.5000605 -0.7114723 0.3403484 0.4999028 -0.7964045 0.3402616 0.500256 -0.7962199 0.1730926 0.4999715 -0.8485679 0.1733462 0.4998764 -0.8485722 -0.001218795 0.5000132 -0.8660171 -0.001221239 0.4999651 -0.8660447 -0.1755127 0.5000836 -0.8480045 -0.1754767 0.5000895 -0.8480086 -0.3426675 0.5002396 -0.7951978 -0.3425378 0.5002079 -0.7952736 -0.4957186 0.5000449 -0.7100833 -0.4957298 0.5000116 -0.710099 -0.6285408 0.4999777 -0.5957842 -0.6285492 0.499924 -0.5958204 -0.7354892 0.5001804 -0.4570288 -0.7354796 0.5001489 -0.4570786 -0.8125407 0.4999983 -0.2996323 -0.8125138 0.5000466 -0.2996242 -0.8563073 0.4997942 -0.1301679 -0.8561475 0.5001063 -0.1300205 -0.8648734 0.4999619 0.04508066 -0.8648443 0.500012 0.04508101 -0.8380698 0.5000059 0.2182507 -0.8380868 0.4999766 0.2182525 -0.7769486 0.5000647 0.3824739 -0.7769639 0.5000344 0.3824824 -0.6840546 0.4998704 0.5312239 -0.6841445 0.4998515 0.5311259 -0.5631499 0.5000634 0.6578745 -0.5632108 0.4998911 0.6579533 -0.4193345 0.5000647 0.7576898 -0.4192778 0.5001145 0.7576884 -0.2580918 0.5000065 0.8266693 -0.2580958 0.4999867 0.8266801 -0.08639526 0.4999769 0.8617187 -0.08639115 0.5000835 0.8616572 0.08882808 0.4999759 0.8614719 0.1025357 0 0.9947294 0.1025359 0 0.9947294 0.3007048 0 0.9537174 0.3007053 0 0.9537172 0.4866081 0 0.8736205 0.4866083 0 0.8736203 0.6524927 0 0.7577951 0.6524931 0 0.7577948 0.7916361 0 0.610993 0.7916365 0 0.6109924 0.8984218 0 0.4391335 0.8984221 0 0.4391332 0.9684455 0 0.2492258 0.9684454 0 0.2492257 0.9987865 0 0.04925119 0.9987865 0 0.04925137 0.9882598 0 -0.1527833 0.9882599 0 -0.1527831 0.9372464 0 -0.348668 0.9372466 0 -0.3486676 0.847894 0 -0.5301659 0.8478941 0 -0.5301657 0.723824 0 -0.6899848 0.7238242 0 -0.6899845 0.5701026 0 -0.8215736 0.5701034 0 -0.821573 0.3931387 0 -0.9194792 0.3931395 0 -0.9194788 0.199963 0 -0.9798035 0.1999633 0 -0.9798035 -0.001172244 0 -0.9999994 -0.001524031 0 -0.9999989 -0.2027313 0 -0.9792344 -0.2027317 0 -0.9792343 -0.3956492 0 -0.9184018 -0.3956496 0 -0.9184016 -0.5724022 0 -0.8199731 -0.5724025 0 -0.8199729 -0.7257274 0 -0.6879823 -0.7257283 0 -0.6879816 -0.8494106 0 -0.5277327 -0.8494108 0 -0.5277321 -0.9382498 0 -0.3459586 -0.9382498 0 -0.3459584 -0.9887384 -2.21734e-7 -0.1496548 -0.9887384 0 -0.1496545 -0.9986446 0 0.05204749 -0.9986447 0 0.05204737 -0.9677298 0 0.2519907 -0.9677298 0 0.2519902 -0.8971861 0 0.4416528 -0.8971865 0 0.4416519 -0.7898237 0 0.613334 -0.7898243 0 0.6133332 -0.6503136 0 0.759666 -0.6503138 0 0.7596659 -0.4841833 0 0.8749668 -0.4841834 0 0.8749665 -0.2980666 0 0.9545451 -0.2980673 0 0.954545 -0.09976619 0 0.9950109 -0.09976655 0 0.9950109 0 1 -2.60244e-7 0 1 -7.28757e-6 0 1 3.73875e-6 0 1 -2.31033e-6 0 1 5.56451e-7 0 1 0 0 1 0 0 1 1.99599e-7 0 1 1.96328e-6 0 1 8.41312e-7 0 1 -1.41552e-6 0 1 -8.19497e-7 0 1 1.01664e-6 0 1 0 0 1 -9.4332e-7 0 1 8.29209e-7 0 1 8.34061e-7 0 1 -7.07896e-7 0 1 -4.40789e-7 0 1 -1.60794e-7 0 1 -1.43662e-6 0 1 -5.11252e-7 0 1 1.15278e-6 0 1 6.86475e-7 0 1 -5.97691e-7 0 1 0 0 1 -8.13793e-7 0 1 2.79022e-6 0 -1 0 0 -1 0 0 -1 -1.30385e-7 0 -1 1.96361e-7 0 -1 5.16985e-7 0 -1 2.6436e-7 0 -1 1.86401e-7 0 -1 2.01628e-7 0 -1 5.10104e-7 0 -1 4.59637e-7 0 -1 5.79918e-7 0 -1 7.12504e-7 0 -1 7.22281e-7 0 -1 8.99834e-7 0 -1 6.62764e-7 0 -1 5.25299e-7 0 -1 3.64004e-7 0 -1 1.96361e-7 -1 -4.41992e-5 1.66949e-5 -1 -2.67993e-7 0 -1 0 -1.81459e-5 -1 -7.74094e-7 0 -1 3.98756e-7 0 -1 1.13324e-6 0 -1 -4.63943e-7 0 -1 -1.35292e-6 0 -1 -4.93287e-7 0 -1 -1.03522e-6 0 -1 5.54549e-7 0 0.4779049 0.07766973 -0.8749712 0.4815036 0.05051547 -0.8749871 0.4842216 6.71484e-7 -0.8749455 0.4842311 -0.001597762 -0.8749387 0.481278 -0.05300122 -0.8749642 0.4734535 0.1014415 -0.874958 0.4592986 0.1533351 -0.8749476 0.4601793 0.1506252 -0.8749554 0.4421357 0.197406 -0.8749555 0.4287256 0.2250165 -0.8749639 0.4199166 0.2410923 -0.874954 0.3870611 0.2908581 -0.8749774 0.3940901 0.2813292 -0.8749555 0.365428 0.3176706 -0.874956 0.3353857 0.349174 -0.8749823 0.3502308 0.3343515 -0.8749557 0.3345547 0.3500371 -0.8749555 0.3025819 0.3780172 -0.8749556 0.2750505 0.3984779 -0.8749644 0.2671213 0.403855 -0.8749557 0.2284192 0.4269373 -0.8749567 0.2075865 0.4374837 -0.8749377 0.1867243 0.4467508 -0.8749559 0.1347122 0.465068 -0.8749653 0.1424495 0.4627729 -0.8749569 0.09617239 0.4745547 -0.8749564 0.058362 0.4806627 -0.8749613 0.04840195 0.4818135 -0.8749361 1.70329e-5 0.4841954 -0.87496 -0.01949661 0.4838099 -0.874956 -0.04844838 0.4817696 -0.8749577 -0.09685409 0.4744235 -0.8749525 -0.09615236 0.4745611 -0.8749552 -0.1424283 0.462782 -0.8749554 -0.1717019 0.4527443 -0.8749521 -0.1866933 0.4467639 -0.8749558 -0.2420772 0.4192936 -0.8749808 -0.2283823 0.42696 -0.8749552 -0.267146 0.403838 -0.874956 -0.3062104 0.3750336 -0.8749771 -0.3025681 0.3780279 -0.8749558 -0.334555 0.3500329 -0.8749572 -0.3624722 0.3211168 -0.8749274 -0.350218 0.3343618 -0.8749569 -0.3654328 0.3176659 -0.8749555 -0.3940953 0.2813212 -0.8749555 -0.4092593 0.2587997 -0.8749455 -0.4198911 0.2411321 -0.8749554 -0.4454223 0.1897876 -0.874974 -0.4421388 0.1973977 -0.8749557 -0.460181 0.1506203 -0.8749555 -0.4700958 0.1158626 -0.8749777 -0.4734072 0.1014692 -0.8749798 -0.4826264 0.03896385 -0.8749593 -0.4815481 0.05054211 -0.8749611 -0.4841317 -0.001245081 -0.8749943 -0.4826297 -0.03896278 -0.8749574 -0.4813034 -0.05297893 -0.8749516 -0.4701357 -0.1158784 -0.8749542 -0.4729038 -0.1039025 -0.8749664 -0.4594005 -0.1529837 -0.8749555 -0.4454255 -0.1897912 -0.8749718 -0.4411471 -0.1996009 -0.8749564 -0.4092471 -0.2587927 -0.8749533 -0.4187283 -0.2431453 -0.8749554 -0.3927745 -0.2831622 -0.8749558 -0.3624433 -0.3210937 -0.8749479 -0.3639537 -0.3193604 -0.8749552 -0.3487426 -0.3359069 -0.8749544 -0.3062053 -0.3750211 -0.8749843 -0.3330382 -0.3514807 -0.8749554 -0.3010834 -0.3792119 -0.8749555 -0.2657024 -0.4047907 -0.8749553 -0.2420821 -0.4193034 -0.8749748 -0.2271456 -0.4276177 -0.874956 -0.1717005 -0.4527358 -0.8749568 -0.1855973 -0.4472204 -0.8749557 -0.1415576 -0.463049 -0.8749555 -0.09685289 -0.4744173 -0.8749559 -0.09557473 -0.4746775 -0.8749552 -0.04815143 -0.4817982 -0.8749583 -0.01949739 -0.4838134 -0.8749541 3.23526e-5 -0.4841887 -0.8749636 0.0583657 -0.4806793 -0.8749519 0.04811728 -0.481813 -0.874952 0.09557187 -0.4746766 -0.8749562 0.1347104 -0.4650499 -0.8749752 0.1415818 -0.46304 -0.8749563 0.1855968 -0.4472211 -0.8749556 0.2075803 -0.43747 -0.8749461 0.2271174 -0.4276334 -0.8749557 0.2750411 -0.3984637 -0.8749738 0.2657296 -0.404773 -0.8749552 0.3010851 -0.379211 -0.8749554 0.3353784 -0.349168 -0.8749875 0.3330354 -0.3514832 -0.8749555 0.3487275 -0.3359192 -0.8749557 0.3639884 -0.3193233 -0.8749544 0.3870654 -0.2908625 -0.8749739 0.3927878 -0.2831439 -0.8749557 0.4187333 -0.2431381 -0.874955 0.4287472 -0.2250228 -0.8749518 0.4411534 -0.1995906 -0.8749556 0.4593139 -0.1533372 -0.8749391 0.4594036 -0.1529758 -0.8749554 0.4729262 -0.1038741 -0.8749577 0.477909 -0.07766908 -0.874969 1 -3.07083e-7 0 1 2.05799e-6 9.87202e-6 1 3.30645e-7 0 1 0 0 1 0 -1.81533e-5 1 -5.70168e-7 0 1 1.67043e-7 0 1 2.67914e-7 0 1 7.61397e-7 0 1 -4.63943e-7 0 1 -1.35197e-6 0 1 0 0 1 1.863e-7 0 1 -1.3438e-7 0 1 -3.29876e-7 0 1 -3.1808e-7 0 1 -1.12618e-6 0 1 3.46593e-7 0 -0.9882843 -9.5154e-5 0.1526246 -1 1.27295e-4 -9.05049e-5 -0.9888462 1.4275e-4 -0.1489409 -0.9882797 3.07106e-5 -0.1526538 -0.9555686 -1.66507e-4 -0.2947691 -0.953395 5.22425e-5 -0.301725 -0.9009785 1.20495e-4 -0.4338639 -0.8961603 8.05339e-5 -0.4437308 -0.8262383 -5.79795e-6 -0.5633209 -0.8179337 -6.82652e-5 -0.5753126 -0.7330569 1.26734e-4 -0.6801674 -0.7205216 -6.08736e-6 -0.6934325 -0.6234899 0 -0.7818316 -0.6062265 -3.58754e-5 -0.795292 -0.4999991 -3.17724e-5 -0.866026 -0.4777171 6.34526e-5 -0.8785138 -0.3653405 -1.84763e-5 -0.930874 -0.3380175 -2.10628e-5 -0.9411398 -0.2225245 7.51605e-5 -0.9749271 -0.1903912 -4.03356e-6 -0.9817084 -0.07473111 3.75942e-5 -0.9972037 -0.03830307 -2.45646e-5 -0.9992663 0.07473033 -7.10343e-6 -0.9972038 0.1146831 -2.35098e-5 -0.9934023 0.2225206 3.16261e-5 -0.974928 0.2649818 -1.71671e-5 -0.9642534 0.3653412 -2.24635e-6 -0.9308737 0.4090683 -4.6523e-5 -0.9125037 0.5000001 1.01631e-6 -0.8660255 0.5435674 -7.84546e-6 -0.8393656 0.6234898 -2.09454e-6 -0.7818315 0.6653258 5.45639e-6 -0.7465532 0.7330515 2.9661e-5 -0.6801732 0.7714892 -2.26058e-5 -0.6362426 0.8262389 -8.33767e-7 -0.5633199 0.8595695 -1.62921e-5 -0.511019 0.9009689 1.81219e-5 -0.4338838 0.9275026 4.54914e-5 -0.373817 0.9555729 1.59792e-6 -0.2947553 0.9736955 5.84917e-6 -0.2278535 0.9888308 2.25238e-5 -0.1490422 0.9970659 -3.59956e-7 -0.07654917 0.997065 -2.92023e-5 0.07656115 0.9888485 1.87215e-4 0.1489253 0.9736955 5.79027e-6 0.2278534 0.955576 -1.51907e-4 0.2947448 0.9275023 6.66496e-5 0.3738176 0.9009689 -1.73044e-5 0.433884 0.8595691 -2.08891e-5 0.5110195 0.8262375 -3.5467e-5 0.563322 0.7714892 -6.9036e-6 0.6362426 0.7330471 1.87878e-4 0.6801778 0.6653265 6.53058e-5 0.7465526 0.6234896 1.56997e-5 0.7818318 0.5435695 9.10645e-5 0.8393643 0.5000076 -1.59402e-4 0.866021 0.4090688 -2.3535e-5 0.9125036 0.3653371 1.03197e-4 0.9308754 0.2649745 1.11145e-4 0.9642554 0.2225227 1.66411e-4 0.9749275 0.1146835 7.88691e-6 0.9934022 0.07472836 1.24309e-4 0.997204 -0.03830426 -1.44099e-4 0.9992662 -0.07473254 7.85828e-5 0.9972037 -0.1903913 -9.38587e-5 0.9817084 -0.2225374 2.75301e-4 0.9749241 -0.3380194 -4.04853e-5 0.9411392 -0.3653407 6.96973e-5 0.9308739 -0.4777187 1.40437e-5 0.8785129 -0.5000022 -9.18471e-5 0.8660242 -0.6062214 1.7352e-4 0.7952959 -0.6234888 -5.85791e-5 0.7818324 -0.720524 4.32644e-5 0.6934301 -0.7330511 3.65922e-4 0.6801736 -0.8179159 1.0545e-4 0.575338 -0.8262326 -3.60162e-5 0.5633292 -0.8961615 3.17427e-5 0.4437282 -0.9009898 2.12484e-4 0.43384 -0.9533977 -2.20102e-4 0.3017166 -0.9555616 1.28265e-4 0.2947915 -0.9888347 4.29285e-5 0.1490168 9.31509e-6 2.20388e-5 1 1.20327e-6 -1.94609e-5 1 -1.18613e-5 -2.44975e-5 1 -1.77026e-5 -1.98931e-6 1 3.05474e-6 -4.23938e-6 1 5.58794e-6 5.12227e-7 1 4.40925e-5 1.19619e-4 1 1.41561e-6 -2.23815e-5 1 1.95019e-5 1.22115e-5 1 -3.24845e-6 5.97537e-6 1 -1.97589e-5 -1.1526e-5 1 1.3195e-5 2.09063e-5 1 0.1123116 -0.9936731 3.14415e-6 0.5698357 -0.8217588 2.00421e-6 0.4808366 -0.7202724 0.5000039 0.5680555 -0.807748 0.1576589 0.5646425 -0.7790307 0.272562 0.5588895 -0.7078707 0.4319279 0.5856565 -0.5881122 0.5577906 0.2776212 -0.4158489 0.8660233 0.4483581 -0.2213169 0.8660218 0.4989436 0.03261792 0.8660205 0.4157995 0.2776602 0.8660345 0.2214731 0.4482741 0.8660255 -0.03252756 0.4989512 0.8660196 -0.2776346 0.415838 0.8660242 -0.44817 0.2216311 0.8660389 -0.4989509 -0.03261947 0.8660162 -0.4157939 -0.2776547 0.8660389 -0.2216273 -0.4481801 0.8660347 0.03262072 -0.4989443 0.8660199 0.6989659 -0.5585854 0.4465751 0.7765736 -0.3833478 0.499978 0.8641861 0.05629211 0.5000138 0.7202603 0.4808408 0.5000172 0.3833287 0.7765682 0.5000009 -0.05630302 0.8641865 0.5000117 -0.4808559 0.7202618 0.5000008 -0.7765744 0.3833362 0.4999858 -0.8641892 -0.05628758 0.5000087 -0.720268 -0.4808501 0.4999971 -0.3833415 -0.776564 0.4999977 0.05628412 -0.8642039 0.4999838 0.7676725 -0.5634331 0.3053229 0.8015336 -0.567264 0.1890909 0.8158445 -0.5690646 0.1027773 0.8217651 -0.5698265 7.56048e-6 0.9936764 -0.1122829 -1.14739e-5 0.9282079 0.3720619 -1.0103e-5 0.6410235 0.7675213 -1.74642e-5 0.2007139 0.9796499 2.98023e-6 -0.2875499 0.9577657 -8.9407e-7 -0.7071067 0.7071069 -1.62423e-6 -0.9577723 0.2875279 2.84612e-6 -0.9796473 -0.2007268 -3.8892e-6 -0.7675223 -0.6410224 -9.32813e-6 -0.3720421 -0.9282159 -6.4373e-6 0.8217719 -0.5698167 1.16633e-5 0.993714 -0.1119486 0 0.9282278 0.3720126 0 0.6409389 0.767592 0 0.2006441 0.9796642 0 -0.2873391 0.9578289 0 -0.7071068 0.7071068 0 -0.9578289 0.287339 0 -0.9796647 -0.2006418 0 -0.7675933 -0.6409373 0 -0.3720142 -0.9282271 0 0.1124213 -0.9936607 0 0.5698167 -0.821772 1.17186e-5 1.06692e-5 1.30758e-5 1 -3.44962e-6 -1.055e-5 1 1.02222e-5 -8.49739e-6 1 -5.70714e-6 1.9867e-5 1 1.72853e-6 -5.20796e-6 1 3.41982e-6 1.61827e-5 1 -1.40756e-4 -8.58307e-5 1 -1.47335e-6 6.07967e-6 1 1.07586e-5 -8.57189e-6 1 1.50017e-5 2.05636e-6 1 -9.79751e-6 -8.67993e-7 1 -9.80496e-6 -1.27554e-5 1 0.9936758 0.1122871 1.48416e-5 0.8217797 0.5698053 2.5779e-6 0.7729649 0.3905324 0.5000097 0.8077524 0.5680467 0.1576676 0.7790327 0.5646405 0.2725602 0.7078673 0.5588663 0.4319633 0.5881429 0.5856297 0.5577866 0.4462607 0.2254846 0.8660301 0.2737413 0.418407 0.8660262 0.02802753 0.4991887 0.8660399 -0.2253932 0.4463275 0.8660194 -0.4185662 0.2735345 0.8660146 -0.4991931 0.02803564 0.8660372 -0.4463127 -0.2253922 0.8660274 -0.2735144 -0.4185416 0.8660329 -0.02803051 -0.4991919 0.866038 0.2253993 -0.4463306 0.8660163 0.4185662 -0.2735362 0.866014 0.4992264 -0.02803468 0.8660179 0.4741285 0.7247051 0.5000049 0.5586084 0.6989576 0.4465593 0.563433 0.767673 0.3053222 0.5672695 0.8015327 0.1890789 0.5690703 0.8158408 0.1027759 0.5698375 0.8217576 -2.27941e-6 0.1122919 0.9936753 -3.06964e-6 0.04826378 0.8646795 0.5000002 -0.3720266 0.9282221 7.15256e-7 -0.3905548 0.7729746 0.4999775 -0.7675189 0.6410264 -1.3873e-5 -0.7246899 0.4741345 0.5000211 -0.9796519 0.2007044 -1.64509e-5 -0.8646832 0.04826712 0.4999933 -0.95777 -0.2875356 -8.86619e-6 -0.7729579 -0.3905309 0.5000218 -0.7071153 -0.7070983 -1.92076e-5 -0.4741218 -0.7247175 0.4999932 -0.287545 -0.9577672 -3.48687e-6 -0.04826003 -0.8646772 0.5000043 0.2007083 -0.9796511 6.82473e-6 0.3905317 -0.7729771 0.4999913 0.6410275 -0.7675179 -2.48551e-5 0.7247058 -0.4741141 0.5000174 0.9282175 -0.3720381 -1.63019e-5 0.864683 -0.04824542 0.4999958 0.5698183 0.8217708 1.16633e-5 0.1120542 0.9937021 0 -0.3720124 0.9282278 0 -0.7675926 0.6409381 0 -0.9796643 0.2006437 0 -0.9578293 -0.287338 0 -0.7071068 -0.7071068 0 -0.287339 -0.9578289 0 0.200643 -0.9796645 0 0.6409373 -0.7675932 0 0.9282272 -0.3720138 0 0.993714 0.1119486 5.01718e-7 0.8217722 0.5698162 1.17186e-5 -1.88368e-7 0 1 0 0 1 0 0 1 0 0 1 0 0 1 0 0 1 0 0 1 0 0 1 0 0 1 -7.89557e-7 0 1 5.27393e-7 0 1 -2.31782e-7 0 1 1.88773e-6 0 1 -2.1259e-6 0 1 0 0 1 2.63823e-6 0 1 0 0 1 0 0 1 0 0 1 7.89556e-7 0 1 -5.27393e-7 0 1 2.31781e-7 0 1 -1.88773e-6 0 1 2.12589e-6 0 1 0 0 1 -2.63824e-6 0 1</float_array>
          <technique_common>
            <accessor source="#LINK_19-mesh-normals-array" count="2120" stride="3">
              <param name="X" type="float" />
              <param name="Y" type="float" />
              <param name="Z" type="float" />
            </accessor>
          </technique_common>
        </source>
        <source id="LINK_19-mesh-map-0">
          <float_array id="LINK_19-mesh-map-0-array" count="14712">3.211911 0.49611 2.880684 0.232553 3.25 0 3.25 0 2.880684 0.232553 2.880684 -0.232553 3.25 0 2.880684 -0.232553 3.211911 -0.49611 3.211911 -0.49611 2.880684 -0.232553 2.806076 -0.691636 3.211911 -0.49611 2.806076 -0.691636 3.098538 -0.980592 3.098538 -0.980592 2.806076 -0.691636 2.658792 -1.132806 3.098538 -0.980592 2.658792 -1.132806 2.912538 -1.442089 2.912538 -1.442089 2.658792 -1.132806 2.442647 -1.544636 2.912538 -1.442089 2.442647 -1.544636 2.658271 -1.869786 2.658271 -1.869786 2.442647 -1.544636 2.163238 -1.916462 2.658271 -1.869786 2.163238 -1.916462 2.341695 -2.253656 2.341695 -2.253656 2.163238 -1.916462 1.827802 -2.238652 2.341695 -2.253656 1.827802 -2.238652 1.970233 -2.584702 1.970233 -2.584702 1.827802 -2.238652 1.445028 -2.502862 1.970233 -2.584702 1.445028 -2.502862 1.552589 -2.855165 1.552589 -2.855165 1.445028 -2.502862 1.024828 -2.702249 1.552589 -2.855165 1.024828 -2.702249 1.098555 -3.058705 1.098555 -3.058705 1.024828 -2.702249 0.578085 -2.83165 1.098555 -3.058705 0.578085 -2.83165 0.618771 -3.190552 0.618771 -3.190552 0.578085 -2.83165 0.116371 -2.887712 0.618771 -3.190552 0.116371 -2.887712 0.124484 -3.247615 0.124484 -3.247615 0.116371 -2.887712 -0.372721 -3.228557 -0.372721 -3.228557 0.116371 -2.887712 -0.348358 -2.868984 -0.372721 -3.228557 -0.348358 -2.868984 -0.86119 -3.133824 -0.86119 -3.133824 -0.348358 -2.868984 -0.804064 -2.775951 -0.86119 -3.133824 -0.804064 -2.775951 -1.329473 -2.965637 -1.329473 -2.965637 -0.804064 -2.775951 -1.238945 -2.611022 -1.329473 -2.965637 -1.238945 -2.611022 -1.766595 -2.727938 -1.766595 -2.727938 -1.238945 -2.611022 -1.641739 -2.378469 -1.766595 -2.727938 -1.641739 -2.378469 -2.162308 -2.426298 -2.162308 -2.426298 -1.641739 -2.378469 -2.002012 -2.084316 -2.162308 -2.426298 -2.002012 -2.084316 -2.50734 -2.067788 -2.50734 -2.067788 -2.002012 -2.084316 -2.310434 -1.736179 -2.50734 -2.067788 -2.310434 -1.736179 -2.793601 -1.660811 -2.793601 -1.660811 -2.310434 -1.736179 -2.559017 -1.343076 -2.793601 -1.660811 -2.559017 -1.343076 -3.014383 -1.214906 -3.014383 -1.214906 -2.559017 -1.343076 -2.741323 -0.915188 -3.014383 -1.214906 -2.741323 -0.915188 -3.16451 -0.740524 -3.16451 -0.740524 -2.741323 -0.915188 -2.85263 -0.463598 -3.16451 -0.740524 -2.85263 -0.463598 -3.240464 -0.248785 -3.240464 -0.248785 -2.85263 -0.463598 -2.890056 0 -3.240464 -0.248785 -2.890056 0 -3.240464 0.248785 -3.240464 0.248785 -2.890056 0 -2.85263 0.463597 -3.240464 0.248785 -2.85263 0.463597 -3.16451 0.740524 -3.16451 0.740524 -2.85263 0.463597 -2.741323 0.915188 -3.16451 0.740524 -2.741323 0.915188 -3.014383 1.214906 -3.014383 1.214906 -2.741323 0.915188 -2.559017 1.343076 -3.014383 1.214906 -2.559017 1.343076 -2.793601 1.660811 -2.793601 1.660811 -2.559017 1.343076 -2.310434 1.736178 -2.793601 1.660811 -2.310434 1.736178 -2.50734 2.067788 -2.50734 2.067788 -2.310434 1.736178 -2.002012 2.084315 -2.50734 2.067788 -2.002012 2.084315 -2.162308 2.426298 -2.162308 2.426298 -2.002012 2.084315 -1.641739 2.378469 -2.162308 2.426298 -1.641739 2.378469 -1.766595 2.727938 -1.766595 2.727938 -1.641739 2.378469 -1.238945 2.611022 -1.766595 2.727938 -1.238945 2.611022 -1.329473 2.965637 -1.329473 2.965637 -1.238945 2.611022 -0.804064 2.775951 -1.329473 2.965637 -0.804064 2.775951 -0.86119 3.133824 -0.86119 3.133824 -0.804064 2.775951 -0.348358 2.868984 -0.86119 3.133824 -0.348358 2.868984 -0.372721 3.228557 -0.372721 3.228557 -0.348358 2.868984 0.116371 2.887712 -0.372721 3.228557 0.116371 2.887712 0.124484 3.247615 0.124484 3.247615 0.116371 2.887712 0.618771 3.190552 0.618771 3.190552 0.116371 2.887712 0.578085 2.83165 0.618771 3.190552 0.578085 2.83165 1.098555 3.058705 1.098555 3.058705 0.578085 2.83165 1.024828 2.702249 1.098555 3.058705 1.024828 2.702249 1.552589 2.855165 1.552589 2.855165 1.024828 2.702249 1.445028 2.502862 1.552589 2.855165 1.445028 2.502862 1.970233 2.584702 1.970233 2.584702 1.445028 2.502862 1.827802 2.238651 1.970233 2.584702 1.827802 2.238651 2.341695 2.253656 2.341695 2.253656 1.827802 2.238651 2.163238 1.916461 2.341695 2.253656 2.163238 1.916461 2.658271 1.869786 2.658271 1.869786 2.163238 1.916461 2.442647 1.544636 2.658271 1.869786 2.442647 1.544636 2.912538 1.442089 2.912538 1.442089 2.442647 1.544636 2.658792 1.132805 2.912538 1.442089 2.658792 1.132805 3.098538 0.980592 3.098538 0.980592 2.658792 1.132805 2.806076 0.691635 3.098538 0.980592 2.806076 0.691635 3.211911 0.49611 3.211911 0.49611 2.806076 0.691635 2.880684 0.232553 -2.959435 2.721484 -1.590899 1.89596 -2.766626 3.25 -2.766626 3.25 -1.590899 1.89596 -1.2375 2.143413 -2.766626 3.25 -1.2375 2.143413 -0.8465 2.325739 -1.590899 1.89596 -2.959435 2.721484 -1.89596 1.590899 -1.89596 1.590899 -2.959435 2.721484 -3.113606 2.248902 -1.89596 1.590899 -3.113606 2.248902 -3.235662 1.8188 -1.89596 1.590899 -3.235662 1.8188 -2.143413 1.2375 -2.143413 1.2375 -3.235662 1.8188 -3.330296 1.420748 -2.143413 1.2375 -3.330296 1.420748 -2.325739 0.8465 -2.325739 0.8465 -3.330296 1.420748 -3.400872 1.046381 -2.325739 0.8465 -3.400872 1.046381 -3.449748 0.688732 -2.325739 0.8465 -3.449748 0.688732 -2.437399 0.429779 -2.437399 0.429779 -3.449748 0.688732 -3.478482 0.341763 -2.437399 0.429779 -3.478482 0.341763 -2.475 0 -2.475 0 -3.478482 0.341763 -3.487963 0 -2.475 0 -3.487963 0 -3.478482 -0.341763 -2.475 0 -3.478482 -0.341763 -2.437399 -0.429779 -2.437399 -0.429779 -3.478482 -0.341763 -3.449748 -0.688732 -2.437399 -0.429779 -3.449748 -0.688732 -2.325739 -0.8465 -2.325739 -0.8465 -3.449748 -0.688732 -3.400872 -1.046381 -2.325739 -0.8465 -3.400872 -1.046381 -3.330296 -1.420748 -2.325739 -0.8465 -3.330296 -1.420748 -2.143413 -1.2375 -2.143413 -1.2375 -3.330296 -1.420748 -3.235662 -1.8188 -2.143413 -1.2375 -3.235662 -1.8188 -1.89596 -1.590899 -1.89596 -1.590899 -3.235662 -1.8188 -3.113606 -2.248902 -1.89596 -1.590899 -3.113606 -2.248902 -2.959435 -2.721484 -1.89596 -1.590899 -2.959435 -2.721484 -1.590899 -1.89596 -1.590899 -1.89596 -2.959435 -2.721484 -2.766626 -3.25 -1.590899 -1.89596 -2.766626 -3.25 -1.2375 -2.143413 -1.2375 -2.143413 -2.766626 -3.25 -0.8465 -2.325739 -0.8465 -2.325739 -2.766626 -3.25 0 -3.25 -0.8465 -2.325739 0 -3.25 -0.429779 -2.437399 -0.429779 -2.437399 0 -3.25 0 -2.475 0 -2.475 0 -3.25 0.484387 -3.2137 0 -2.475 0.484387 -3.2137 0.429779 -2.437399 0.429779 -2.437399 0.484387 -3.2137 0.957954 -3.105612 0.429779 -2.437399 0.957954 -3.105612 0.8465 -2.325739 0.8465 -2.325739 0.957954 -3.105612 1.410122 -2.928149 0.8465 -2.325739 1.410122 -2.928149 1.2375 -2.143413 1.2375 -2.143413 1.410122 -2.928149 1.83079 -2.685276 1.2375 -2.143413 1.83079 -2.685276 1.590899 -1.89596 1.590899 -1.89596 1.83079 -2.685276 2.210562 -2.382419 1.590899 -1.89596 2.210562 -2.382419 1.89596 -1.590899 1.89596 -1.590899 2.210562 -2.382419 2.540952 -2.026342 1.89596 -1.590899 2.540952 -2.026342 2.143413 -1.2375 2.143413 -1.2375 2.540952 -2.026342 2.814583 -1.625 2.143413 -1.2375 2.814583 -1.625 3.02534 -1.187358 2.143413 -1.2375 3.02534 -1.187358 2.325739 -0.8465 2.325739 -0.8465 3.02534 -1.187358 3.168516 -0.723193 2.325739 -0.8465 3.168516 -0.723193 2.437399 -0.429779 2.437399 -0.429779 3.168516 -0.723193 3.240912 -0.242873 2.437399 -0.429779 3.240912 -0.242873 2.475 0 2.475 0 3.240912 -0.242873 3.240912 0.242873 2.475 0 3.240912 0.242873 2.437399 0.429779 2.437399 0.429779 3.240912 0.242873 3.168516 0.723193 2.437399 0.429779 3.168516 0.723193 2.325739 0.8465 2.325739 0.8465 3.168516 0.723193 3.02534 1.187358 2.325739 0.8465 3.02534 1.187358 2.143413 1.2375 2.143413 1.2375 3.02534 1.187358 2.814583 1.625 2.143413 1.2375 2.814583 1.625 2.540952 2.026342 2.143413 1.2375 2.540952 2.026342 1.89596 1.590899 1.89596 1.590899 2.540952 2.026342 2.210562 2.382419 1.89596 1.590899 2.210562 2.382419 1.590899 1.89596 1.590899 1.89596 2.210562 2.382419 1.83079 2.685276 1.590899 1.89596 1.83079 2.685276 1.2375 2.143413 1.2375 2.143413 1.83079 2.685276 1.410122 2.928149 1.2375 2.143413 1.410122 2.928149 0.8465 2.325739 0.8465 2.325739 1.410122 2.928149 0.957954 3.105612 0.8465 2.325739 0.957954 3.105612 0.429779 2.437399 0.429779 2.437399 0.957954 3.105612 0.484387 3.2137 0.429779 2.437399 0.484387 3.2137 0 2.475 0 2.475 0.484387 3.2137 0 3.25 0 2.475 0 3.25 -0.429779 2.437399 -0.429779 2.437399 0 3.25 -0.8465 2.325739 -0.8465 2.325739 0 3.25 -2.766626 3.25 0 1.45 0 0 0.532529 0.8 0.532529 0.8 0 0 1.02919 0 0.532529 0.8 1.02919 0 1.00173 0.556759 1.00173 0.556759 1.02919 0 1.01919 0.540943 1.01919 0.540943 1.02919 0 1.02919 0.531891 1.00173 0.556759 1.00173 0.8 0.532529 0.8 0.532529 0.8 0.532529 1.45 0 1.45 0.531891 -0.801106 0 -0.801106 0.396566 -0.943402 0.396566 -0.943402 0 -0.801106 0 -0.989169 0.396566 -0.943402 0 -0.989169 0.263374 -1.077113 0.263374 -1.077113 0 -0.989169 0 -1.177232 0.263374 -1.077113 0 -1.177232 0.127228 -1.217452 0.127228 -1.217452 0 -1.177232 0 -1.365294 0.531891 0.801106 0.396566 0.943402 0 0.801106 0 0.801106 0.396566 0.943402 0 0.989169 0 0.989169 0.396566 0.943402 0.263374 1.077113 0 0.989169 0.263374 1.077113 0 1.177232 0 1.177232 0.263374 1.077113 0.127228 1.217452 0 1.177232 0.127228 1.217452 0 1.365294 -1.8 3.066662 -1.832181 2.890182 -1.8 2.59746 -1.8 2.59746 -1.832181 2.890182 -1.822002 2.66004 -1.822002 2.66004 -1.832181 2.890182 -1.878325 2.695083 -1.878325 2.695083 -1.832181 2.890182 -1.924581 2.736418 -1.878325 2.695083 -1.924581 2.736418 -1.944186 2.687169 -1.944186 2.687169 -1.924581 2.736418 -1.984772 2.666918 -1.984772 2.666918 -1.924581 2.736418 -2.025146 2.646249 -2.025146 2.646249 -1.924581 2.736418 -2.065306 2.625165 -0.224677 5.814504 -0.386055 5.694954 -0.211713 5.627955 -0.211713 5.627955 -0.386055 5.694954 -0.454553 5.579313 -0.211713 5.627955 -0.454553 5.579313 -0.275763 5.02701 -0.275763 5.02701 -0.454553 5.579313 -0.569676 5.509947 -0.275763 5.02701 -0.569676 5.509947 -0.877955 5.34784 -0.877955 5.34784 -0.569676 5.509947 -0.703923 5.503426 -0.877955 5.34784 -0.703923 5.503426 -0.825227 5.561307 -0.386055 5.694954 -0.224677 5.814504 -0.380544 5.829247 -0.380544 5.829247 -0.224677 5.814504 -0.304012 5.98384 -0.380544 5.829247 -0.304012 5.98384 -0.439337 5.950112 -0.439337 5.950112 -0.304012 5.98384 -0.43905 6.113197 -0.439337 5.950112 -0.43905 6.113197 -0.548389 6.028677 -0.548389 6.028677 -0.43905 6.113197 -0.68165 6.046177 -0.68165 6.046177 -0.43905 6.113197 -1.183326 6.343754 -0.68165 6.046177 -1.183326 6.343754 -1.026987 6.066797 -0.43905 6.113197 -1.300189 6.676821 -1.183326 6.343754 -1.183326 6.343754 -1.300189 6.676821 -1.388248 6.586971 -1.388248 6.586971 -1.300189 6.676821 -1.634664 6.788033 -1.634664 6.788033 -1.300189 6.676821 -1.914052 6.939987 -0.924639 5.765678 -0.895292 5.896841 -1.026987 6.066797 -1.026987 6.066797 -0.895292 5.896841 -0.807289 5.998429 -1.026987 6.066797 -0.807289 5.998429 -0.68165 6.046177 -0.825227 5.561307 -0.904611 5.669765 -0.877955 5.34784 -0.877955 5.34784 -0.912316 5.026647 -0.275763 5.02701 -0.275763 5.02701 -0.912316 5.026647 -0.635945 4.683724 -0.635945 4.683724 -0.912316 5.026647 -1.006467 4.717647 -0.635945 4.683724 -1.006467 4.717647 -0.939503 4.289479 -0.939503 4.289479 -1.006467 4.717647 -1.157049 4.431865 -0.939503 4.289479 -1.157049 4.431865 -1.358688 4.179502 -0.939503 4.289479 -1.358688 4.179502 -1.179322 3.853518 -1.179322 3.853518 -1.358688 4.179502 -1.604189 3.96956 -1.179322 3.853518 -1.604189 3.96956 -1.349782 3.386057 -1.349782 3.386057 -1.604189 3.96956 -1.88479 3.809534 -1.349782 3.386057 -1.88479 3.809534 -1.957729 3.587782 -1.957729 3.587782 -1.88479 3.809534 -2.059317 3.675786 -2.059317 3.675786 -1.88479 3.809534 -2.19048 3.705133 -1.957729 3.587782 -1.909981 3.462143 -1.349782 3.386057 -1.349782 3.386057 -1.909981 3.462143 -1.927481 3.328882 -1.349782 3.386057 -1.927481 3.328882 -1.874876 3.086869 -1.874876 3.086869 -1.927481 3.328882 -2.006046 3.21983 -1.874876 3.086869 -2.006046 3.21983 -2.051024 3.024096 -2.051024 3.024096 -2.006046 3.21983 -2.126911 3.161038 -2.051024 3.024096 -2.126911 3.161038 -2.237958 3.029034 -2.237958 3.029034 -2.126911 3.161038 -2.261204 3.166548 -2.237958 3.029034 -2.261204 3.166548 -2.410546 3.101021 -2.410546 3.101021 -2.261204 3.166548 -2.376845 3.235047 -2.410546 3.101021 -2.376845 3.235047 -2.446211 3.350169 -2.452732 3.484416 -2.919685 3.690835 -2.446211 3.350169 -2.446211 3.350169 -2.919685 3.690835 -3.271685 3.664645 -2.446211 3.350169 -3.271685 3.664645 -2.410546 3.101021 -2.919685 3.690835 -2.452732 3.484416 -2.603307 3.658396 -2.603307 3.658396 -2.452732 3.484416 -2.394851 3.60572 -2.603307 3.658396 -2.394851 3.60572 -2.286394 3.685104 -2.919685 3.690835 -3.224584 3.781301 -3.271685 3.664645 -3.271685 3.664645 -3.224584 3.781301 -3.507457 3.926663 -3.271685 3.664645 -3.507457 3.926663 -3.758519 4.121894 -1.349782 3.386057 -1.874876 3.086869 -1.446886 2.898054 -1.446886 2.898054 -1.874876 3.086869 -1.919837 2.559805 -1.446886 2.898054 -1.919837 2.559805 -1.468359 2.400947 -1.468359 2.400947 -1.919837 2.559805 -1.889179 2.031715 -1.468359 2.400947 -1.889179 2.031715 -1.413697 1.906389 -1.413697 1.906389 -1.889179 2.031715 -1.783527 1.513394 -1.413697 1.906389 -1.783527 1.513394 -1.284182 1.42597 -1.284182 1.42597 -1.783527 1.513394 -1.605042 1.015436 -1.284182 1.42597 -1.605042 1.015436 -1.082849 0.970953 -1.082849 0.970953 -1.605042 1.015436 -1.357371 0.54802 -1.082849 0.970953 -1.357371 0.54802 -0.814418 0.552001 -0.814418 0.552001 -1.357371 0.54802 -1.045577 0.120699 -0.814418 0.552001 -1.045577 0.120699 -0.485179 0.178935 -0.485179 0.178935 -1.045577 0.120699 -0.676032 -0.257793 -0.485179 0.178935 -0.676032 -0.257793 -0.102852 -0.139501 -0.102852 -0.139501 -0.676032 -0.257793 -0.256291 -0.579718 -0.102852 -0.139501 -0.256291 -0.579718 0.323605 -0.395843 0.323605 -0.395843 -0.256291 -0.579718 0.205067 -0.838499 0.323605 -0.395843 0.205067 -0.838499 0.784193 -0.584082 0.784193 -0.584082 0.205067 -0.838499 0.698613 -1.028844 0.784193 -0.584082 0.698613 -1.028844 1.268119 -0.699807 1.268119 -0.699807 0.698613 -1.028844 1.214258 -1.146863 1.268119 -0.699807 1.214258 -1.146863 1.764038 -0.740305 1.764038 -0.740305 1.214258 -1.146863 1.741464 -1.190144 1.764038 -0.740305 1.741464 -1.190144 2.269453 -1.157803 1.764038 -0.740305 2.269453 -1.157803 2.260328 -0.704626 2.260328 -0.704626 2.269453 -1.157803 2.787435 -1.0505 2.260328 -0.704626 2.787435 -1.0505 2.745354 -0.593607 2.745354 -0.593607 2.787435 -1.0505 3.284821 -0.870429 2.745354 -0.593607 3.284821 -0.870429 3.20775 -0.409851 3.20775 -0.409851 3.284821 -0.870429 3.751446 -0.62127 3.20775 -0.409851 3.751446 -0.62127 3.636676 -0.157663 3.636676 -0.157663 3.751446 -0.62127 4.177771 -0.308116 3.636676 -0.157663 4.177771 -0.308116 4.022079 0.1570439 4.022079 0.1570439 4.177771 -0.308116 4.555083 0.06263196 4.022079 0.1570439 4.555083 0.06263196 4.354925 0.526894 4.354925 0.526894 4.555083 0.06263196 4.87567 0.483397 4.354925 0.526894 4.87567 0.483397 4.627413 0.943219 4.627413 0.943219 4.87567 0.483397 5.132979 0.945578 4.627413 0.943219 5.132979 0.945578 4.833156 1.396259 4.833156 1.396259 5.132979 0.945578 5.32175 1.439728 4.833156 1.396259 5.32175 1.439728 4.967332 1.875397 4.967332 1.875397 5.32175 1.439728 5.438126 1.955747 4.967332 1.875397 5.438126 1.955747 5.026795 2.369401 5.026795 2.369401 5.438126 1.955747 5.479727 2.483087 5.026795 2.369401 5.479727 2.483087 5.010151 2.866693 5.010151 2.866693 5.479727 2.483087 5.445704 3.010971 5.010151 2.866693 5.445704 3.010971 4.917792 3.355616 4.917792 3.355616 5.445704 3.010971 5.336751 3.528608 4.917792 3.355616 5.336751 3.528608 4.751882 3.824711 4.751882 3.824711 5.336751 3.528608 5.155096 4.025418 4.751882 3.824711 5.155096 4.025418 4.516308 4.262981 4.516308 4.262981 5.155096 4.025418 4.904451 4.491246 4.516308 4.262981 4.904451 4.491246 4.216594 4.660156 4.216594 4.660156 4.904451 4.491246 4.58994 4.916572 4.216594 4.660156 4.58994 4.916572 4.217991 5.292701 4.216594 4.660156 4.217991 5.292701 3.859764 5.006924 3.859764 5.006924 4.217991 5.292701 3.796207 5.611945 3.859764 5.006924 3.796207 5.611945 3.454182 5.295159 3.454182 5.295159 3.796207 5.611945 3.333209 5.86778 3.454182 5.295159 3.333209 5.86778 3.009354 5.518104 3.009354 5.518104 3.333209 5.86778 2.83846 6.054976 3.009354 5.518104 2.83846 6.054976 2.535707 5.670533 2.535707 5.670533 2.83846 6.054976 2.322073 6.169706 2.535707 5.670533 2.322073 6.169706 2.044343 5.748874 2.044343 5.748874 2.322073 6.169706 1.794602 6.209627 2.044343 5.748874 1.794602 6.209627 1.546779 5.751291 1.546779 5.751291 1.794602 6.209627 1.26683 6.173922 1.546779 5.751291 1.26683 6.173922 1.054677 5.677726 1.054677 5.677726 1.26683 6.173922 0.749543 6.06332 1.054677 5.677726 0.749543 6.06332 0.579572 5.529905 0.579572 5.529905 0.749543 6.06332 0.253314 5.880083 0.579572 5.529905 0.253314 5.880083 0.1325989 5.311291 0.1325989 5.311291 0.253314 5.880083 -0.211713 5.627955 0.1325989 5.311291 -0.211713 5.627955 -0.275763 5.02701 0 -0.498057 1.039832 -0.249029 0 0 0 0 1.039832 -0.249029 1.039832 0.249029 0 0 1.039832 0.249029 0 0.498057 0 0.498057 1.039832 0.249029 1.039832 0.747086 0 0.498057 1.039832 0.747086 0 0.996115 0 0.996115 1.039832 0.747086 1.039832 1.245143 0 0.996115 1.039832 1.245143 0 1.494172 0 1.494172 1.039832 1.245143 1.039832 1.743201 0 1.494172 1.039832 1.743201 0 1.99223 0 1.99223 1.039832 1.743201 1.039832 2.241258 0 1.99223 1.039832 2.241258 0 2.490287 0 2.490287 1.039832 2.241258 1.039832 2.739316 0 2.490287 1.039832 2.739316 0 2.988344 0 2.988344 1.039832 2.739316 1.039832 3.237373 0 2.988344 1.039832 3.237373 0 3.486402 0 3.486402 1.039832 3.237373 1.039832 3.73543 0 3.486402 1.039832 3.73543 0 3.984459 0 3.984459 1.039832 3.73543 1.039832 4.233488 0 3.984459 1.039832 4.233488 0 4.482516 0 4.482516 1.039832 4.233488 1.039832 4.731545 0 4.482516 1.039832 4.731545 0 4.980574 0 4.980574 1.039832 4.731545 1.039832 5.229602 0 4.980574 1.039832 5.229602 0 5.478631 0 5.478631 1.039832 5.229602 1.039832 5.72766 0 5.478631 1.039832 5.72766 0 5.976688 0 5.976688 1.039832 5.72766 1.039832 6.225717 0 5.976688 1.039832 6.225717 0 6.474746 0 6.474746 1.039832 6.225717 1.039832 6.723774 0 6.474746 1.039832 6.723774 0 6.972804 0 6.972804 1.039832 6.723774 1.039832 7.221832 0 6.972804 1.039832 7.221832 0 7.47086 0 7.47086 1.039832 7.221832 1.039832 7.719889 0 7.47086 1.039832 7.719889 0 7.968918 0 7.968918 1.039832 7.719889 1.039832 8.217947 0 7.968918 1.039832 8.217947 0 8.466976 0 8.466976 1.039832 8.217947 1.039832 8.716004 0 8.466976 1.039832 8.716004 0 8.965033 0 8.965033 1.039832 8.716004 1.039832 9.214062 0 8.965033 1.039832 9.214062 0 9.46309 0 9.46309 1.039832 9.214062 1.039832 9.712119 0 9.46309 1.039832 9.712119 0 9.961148 0 9.961148 1.039832 9.712119 1.039832 10.21018 0 9.961148 1.039832 10.21018 0 10.4592 0 -9.961149 1.039832 -10.21018 1.039832 -9.712119 0 -9.961149 1.039832 -9.712119 0 -9.46309 0 -9.46309 1.039832 -9.712119 1.039832 -9.214062 0 -9.46309 1.039832 -9.214062 0 -8.965033 0 -8.965033 1.039832 -9.214062 1.039832 -8.716004 0 -8.965033 1.039832 -8.716004 0 -8.466976 0 -8.466976 1.039832 -8.716004 1.039832 -8.217947 0 -8.466976 1.039832 -8.217947 0 -7.968918 0 -7.968918 1.039832 -8.217947 1.039832 -7.719889 0 -7.968918 1.039832 -7.719889 0 -7.47086 0 -7.47086 1.039832 -7.719889 1.039832 -7.221832 0 -7.47086 1.039832 -7.221832 0 -6.972804 0 -6.972804 1.039832 -7.221832 1.039832 -6.723774 0 -6.972804 1.039832 -6.723774 0 -6.474746 0 -6.474746 1.039832 -6.723774 1.039832 -6.225717 0 -6.474746 1.039832 -6.225717 0 -5.976688 0 -5.976688 1.039832 -6.225717 1.039832 -5.72766 0 -5.976688 1.039832 -5.72766 0 -5.478631 0 -5.478631 1.039832 -5.72766 1.039832 -5.229602 0 -5.478631 1.039832 -5.229602 0 -4.980574 0 -4.980574 1.039832 -5.229602 1.039832 -4.731545 0 -4.980574 1.039832 -4.731545 0 -4.482516 0 -4.482516 1.039832 -4.731545 1.039832 -4.233488 0 -4.482516 1.039832 -4.233488 0 -3.984459 0 -3.984459 1.039832 -4.233488 1.039832 -3.73543 0 -3.984459 1.039832 -3.73543 0 -3.486402 0 -3.486402 1.039832 -3.73543 1.039832 -3.237373 0 -3.486402 1.039832 -3.237373 0 -2.988344 0 -2.988344 1.039832 -3.237373 1.039832 -2.739316 0 -2.988344 1.039832 -2.739316 0 -2.490287 0 -2.490287 1.039832 -2.739316 1.039832 -2.241258 0 -2.490287 1.039832 -2.241258 0 -1.99223 0 -1.99223 1.039832 -2.241258 1.039832 -1.743201 0 -1.99223 1.039832 -1.743201 0 -1.494172 0 -1.494172 1.039832 -1.743201 1.039832 -1.245143 0 -1.494172 1.039832 -1.245143 0 -0.996115 0 -0.996115 1.039832 -1.245143 1.039832 -0.747086 0 -0.996115 1.039832 -0.747086 0 -0.498057 0 -0.498057 1.039832 -0.747086 1.039832 -0.249029 -4.362358 -0.574315 -4.247725 -0.139056 -4.4 0 -4.4 0 -4.247725 -0.139056 -4.240901 0.277963 -4.4 0 -4.240901 0.277963 -4.362358 0.574315 -4.362358 0.574315 -4.240901 0.277963 -4.193234 0.692306 -4.362358 0.574315 -4.193234 0.692306 -4.250073 1.138804 -4.250073 1.138804 -4.193234 0.692306 -4.105185 1.099981 -4.250073 1.138804 -4.105185 1.099981 -3.9776 1.497063 -4.250073 -1.138804 -4.138977 -0.965074 -4.362358 -0.574315 -4.362358 -0.574315 -4.138977 -0.965074 -4.213641 -0.554736 -4.362358 -0.574315 -4.213641 -0.554736 -4.247725 -0.139056 -4.138977 -0.965074 -4.250073 -1.138804 -4.024453 -1.366118 -4.024453 -1.366118 -4.250073 -1.138804 -4.06507 -1.683807 -4.024453 -1.366118 -4.06507 -1.683807 -3.871171 -1.754005 -3.871171 -1.754005 -4.06507 -1.683807 -3.810512 -2.2 -3.871171 -1.754005 -3.810512 -2.2 -3.680608 -2.125 -3.680608 -2.125 -3.810512 -2.2 -3.454598 -2.47553 -3.454598 -2.47553 -3.810512 -2.2 -3.490755 -2.67855 -3.454598 -2.47553 -3.490755 -2.67855 -3.195319 -2.80222 -3.195319 -2.80222 -3.490755 -2.67855 -3.11127 -3.11127 -3.195319 -2.80222 -3.11127 -3.11127 -2.905267 -3.101922 -2.905267 -3.101922 -3.11127 -3.11127 -2.67855 -3.490755 -2.905267 -3.101922 -2.67855 -3.490755 -2.587236 -3.371752 -2.587236 -3.371752 -2.67855 -3.490755 -2.244288 -3.609109 -2.244288 -3.609109 -2.67855 -3.490755 -2.2 -3.810512 -2.244288 -3.609109 -2.2 -3.810512 -1.879727 -3.811709 -1.879727 -3.811709 -2.2 -3.810512 -1.683807 -4.06507 -1.879727 -3.811709 -1.683807 -4.06507 -1.497063 -3.9776 -1.497063 -3.9776 -1.683807 -4.06507 -1.138804 -4.250073 -1.497063 -3.9776 -1.138804 -4.250073 -1.099981 -4.105185 -1.099981 -4.105185 -1.138804 -4.250073 -0.692306 -4.193234 -0.692306 -4.193234 -1.138804 -4.250073 -0.574315 -4.362358 -0.692306 -4.193234 -0.574315 -4.362358 -0.277963 -4.240901 -0.277963 -4.240901 -0.574315 -4.362358 0 -4.4 -0.277963 -4.240901 0 -4.4 0.139056 -4.247725 0.139056 -4.247725 0 -4.4 0.574315 -4.362358 0.139056 -4.247725 0.574315 -4.362358 0.554736 -4.213641 0.554736 -4.213641 0.574315 -4.362358 0.965074 -4.138977 0.965074 -4.138977 0.574315 -4.362358 1.138804 -4.250073 0.965074 -4.138977 1.138804 -4.250073 1.366118 -4.024453 1.366118 -4.024453 1.138804 -4.250073 1.683807 -4.06507 1.366118 -4.024453 1.683807 -4.06507 1.754005 -3.871171 1.754005 -3.871171 1.683807 -4.06507 2.2 -3.810512 1.754005 -3.871171 2.2 -3.810512 2.125 -3.680608 2.125 -3.680608 2.2 -3.810512 2.47553 -3.454598 2.47553 -3.454598 2.2 -3.810512 2.67855 -3.490755 2.47553 -3.454598 2.67855 -3.490755 2.80222 -3.195319 2.80222 -3.195319 2.67855 -3.490755 3.11127 -3.11127 2.80222 -3.195319 3.11127 -3.11127 3.101922 -2.905267 3.101922 -2.905267 3.11127 -3.11127 3.490755 -2.67855 3.101922 -2.905267 3.490755 -2.67855 3.371752 -2.587236 3.371752 -2.587236 3.490755 -2.67855 3.609109 -2.244288 3.609109 -2.244288 3.490755 -2.67855 3.810512 -2.2 3.609109 -2.244288 3.810512 -2.2 3.811709 -1.879727 3.811709 -1.879727 3.810512 -2.2 4.06507 -1.683807 3.811709 -1.879727 4.06507 -1.683807 3.9776 -1.497063 3.9776 -1.497063 4.06507 -1.683807 4.250073 -1.138804 3.9776 -1.497063 4.250073 -1.138804 4.105185 -1.099981 4.105185 -1.099981 4.250073 -1.138804 4.193234 -0.692306 4.193234 -0.692306 4.250073 -1.138804 4.362358 -0.574315 4.193234 -0.692306 4.362358 -0.574315 4.240901 -0.277963 4.240901 -0.277963 4.362358 -0.574315 4.4 0 4.240901 -0.277963 4.4 0 4.247725 0.139056 4.247725 0.139056 4.4 0 4.362358 0.574315 4.247725 0.139056 4.362358 0.574315 4.213641 0.554736 4.213641 0.554736 4.362358 0.574315 4.138977 0.965074 4.138977 0.965074 4.362358 0.574315 4.250073 1.138804 4.138977 0.965074 4.250073 1.138804 4.024453 1.366118 4.024453 1.366118 4.250073 1.138804 4.06507 1.683807 4.024453 1.366118 4.06507 1.683807 3.871171 1.754005 3.871171 1.754005 4.06507 1.683807 3.810512 2.2 3.871171 1.754005 3.810512 2.2 3.680608 2.125 3.680608 2.125 3.810512 2.2 3.454598 2.47553 3.454598 2.47553 3.810512 2.2 3.490755 2.67855 3.454598 2.47553 3.490755 2.67855 3.195319 2.80222 3.195319 2.80222 3.490755 2.67855 3.11127 3.11127 3.195319 2.80222 3.11127 3.11127 2.905267 3.101922 2.905267 3.101922 3.11127 3.11127 2.67855 3.490755 2.905267 3.101922 2.67855 3.490755 2.587236 3.371752 2.587236 3.371752 2.67855 3.490755 2.244288 3.609109 2.244288 3.609109 2.67855 3.490755 2.2 3.810512 2.244288 3.609109 2.2 3.810512 1.879727 3.811709 1.879727 3.811709 2.2 3.810512 1.683807 4.06507 1.879727 3.811709 1.683807 4.06507 1.497063 3.9776 1.497063 3.9776 1.683807 4.06507 1.138804 4.250073 1.497063 3.9776 1.138804 4.250073 1.099981 4.105185 1.099981 4.105185 1.138804 4.250073 0.692306 4.193234 0.692306 4.193234 1.138804 4.250073 0.574315 4.362358 0.692306 4.193234 0.574315 4.362358 0.277963 4.240901 0.277963 4.240901 0.574315 4.362358 0 4.4 0.277963 4.240901 0 4.4 -0.139056 4.247725 -0.139056 4.247725 0 4.4 -0.574315 4.362358 -0.139056 4.247725 -0.574315 4.362358 -0.554736 4.213641 -0.554736 4.213641 -0.574315 4.362358 -0.965074 4.138977 -0.965074 4.138977 -0.574315 4.362358 -1.138804 4.250073 -0.965074 4.138977 -1.138804 4.250073 -1.366118 4.024453 -1.366118 4.024453 -1.138804 4.250073 -1.683807 4.06507 -1.366118 4.024453 -1.683807 4.06507 -1.754005 3.871171 -1.754005 3.871171 -1.683807 4.06507 -2.2 3.810512 -1.754005 3.871171 -2.2 3.810512 -2.125 3.680608 -2.125 3.680608 -2.2 3.810512 -2.47553 3.454598 -2.47553 3.454598 -2.2 3.810512 -2.67855 3.490755 -2.47553 3.454598 -2.67855 3.490755 -2.80222 3.195319 -2.80222 3.195319 -2.67855 3.490755 -3.11127 3.11127 -2.80222 3.195319 -3.11127 3.11127 -3.101922 2.905267 -3.101922 2.905267 -3.11127 3.11127 -3.490755 2.67855 -3.101922 2.905267 -3.490755 2.67855 -3.371752 2.587236 -3.371752 2.587236 -3.490755 2.67855 -3.609109 2.244288 -3.609109 2.244288 -3.490755 2.67855 -3.810512 2.2 -3.609109 2.244288 -3.810512 2.2 -3.811709 1.879727 -3.811709 1.879727 -3.810512 2.2 -4.06507 1.683807 -3.811709 1.879727 -4.06507 1.683807 -3.9776 1.497063 -3.9776 1.497063 -4.06507 1.683807 -4.250073 1.138804 -1.8 3.066662 -1.064254 3.009352 -1.8 3.59919 -1.8 3.59919 -1.064254 3.009352 -0.536121 3.107216 -1.8 3.59919 -0.536121 3.107216 -1.684021 4.256938 -1.684021 4.256938 -0.536121 3.107216 0 3.14 -1.684021 4.256938 0 3.14 -1.591794 4.584733 -1.591794 4.584733 0 3.14 -1.436444 4.887754 -1.436444 4.887754 0 3.14 1.436444 4.887754 -1.436444 4.887754 1.436444 4.887754 -1.224132 5.153985 -1.224132 5.153985 1.436444 4.887754 1.224132 5.153985 -1.224132 5.153985 1.224132 5.153985 -0.963277 5.372869 -0.963277 5.372869 1.224132 5.153985 0.963277 5.372869 -0.963277 5.372869 0.963277 5.372869 -0.664223 5.535724 -0.664223 5.535724 0.963277 5.372869 0.664223 5.535724 -0.664223 5.535724 0.664223 5.535724 -0.33883 5.636095 -0.33883 5.636095 0.664223 5.535724 0.33883 5.636095 -0.33883 5.636095 0.33883 5.636095 0 5.67 -1.064254 3.009352 -1.8 3.066662 -1.576527 2.847866 -1.576527 2.847866 -1.8 3.066662 -1.832181 2.890182 -1.576527 2.847866 -1.832181 2.890182 -1.924581 2.736418 -1.924581 2.736418 -2.065306 2.625165 -1.576527 2.847866 0.536121 3.107216 1.684021 4.256938 0 3.14 0 3.14 1.684021 4.256938 1.591794 4.584733 0 3.14 1.591794 4.584733 1.436444 4.887754 1.684021 4.256938 0.536121 3.107216 1.8 3.59919 1.8 3.59919 0.536121 3.107216 1.064254 3.009352 1.8 3.59919 1.064254 3.009352 1.8 3.066662 1.8 3.066662 1.064254 3.009352 1.576527 2.847866 1.8 3.066662 1.576527 2.847866 1.832181 2.890182 1.832181 2.890182 1.576527 2.847866 1.924581 2.736418 1.924581 2.736418 1.576527 2.847866 2.065306 2.625165 1.8 3.066662 1.8 2.59746 1.832181 2.890182 1.832181 2.890182 1.8 2.59746 1.822002 2.66004 1.832181 2.890182 1.822002 2.66004 1.878325 2.695083 1.832181 2.890182 1.878325 2.695083 1.924581 2.736418 1.924581 2.736418 1.878325 2.695083 1.944186 2.687169 1.924581 2.736418 1.944186 2.687169 1.984772 2.666918 1.984772 2.666918 2.025146 2.646249 1.924581 2.736418 1.924581 2.736418 2.025146 2.646249 2.065306 2.625165 -0.65 -0.27055 0 -0.27055 -0.65 -0.09018296 -0.65 -0.09018296 0 -0.27055 0 -0.09018296 -0.65 -0.09018296 0 -0.09018296 -0.65 0.09018296 -0.65 0.09018296 0 -0.09018296 0 0.09018296 -0.65 0.09018296 0 0.09018296 -0.65 0.27055 -0.65 0.27055 0 0.09018296 0 0.27055 -0.65 -0.27055 0 -0.27055 -0.65 -0.09018296 -0.65 -0.09018296 0 -0.27055 0 -0.09018296 -0.65 -0.09018296 0 -0.09018296 -0.65 0.09018296 -0.65 0.09018296 0 -0.09018296 0 0.09018296 -0.65 0.09018296 0 0.09018296 -0.65 0.27055 -0.65 0.27055 0 0.09018296 0 0.27055 -0.1 -0.101423 0 -0.101423 -0.104501 -0.07096797 -0.104501 -0.07096797 0 -0.101423 0 -0.03380799 -0.104501 -0.07096797 0 -0.03380799 -0.116904 -0.04181998 -0.116904 -0.04181998 0 -0.03380799 -0.154074 0.008964955 -0.154074 0.008964955 0 -0.03380799 0 0.03380799 -0.154074 0.008964955 0 0.03380799 -0.198731 0.05554997 -0.198731 0.05554997 0 0.03380799 0 0.101423 -0.198731 0.05554997 0 0.101423 -0.243241 0.101423 -0.65 5.299133 -1.245 5.183628 -0.65 4.761676 -0.65 4.761676 -1.245 5.183628 -1.245 4.607669 -0.65 4.761676 -1.245 4.607669 0 4.761676 0 4.761676 -1.245 4.607669 0.1 4.321688 0 4.761676 0.1 4.321688 0.1 4.897749 -1.245 5.183628 -0.65 5.299133 -1.245 5.759586 -1.245 5.759586 -0.65 5.299133 -0.65 5.83659 -1.245 5.759586 -0.65 5.83659 -1.245 6.335545 -1.245 6.335545 -0.65 5.83659 -0.65 6.374047 -1.245 6.335545 -0.65 6.374047 -1.245 6.911504 -1.245 6.911504 -0.65 6.374047 -0.65 6.911504 -1.245 6.911504 -0.65 6.911504 -0.65 7.448961 -1.245 6.911504 -0.65 7.448961 -1.245 7.487463 -1.245 7.487463 -0.65 7.448961 -0.65 7.986418 -1.245 7.487463 -0.65 7.986418 -1.245 8.063422 -1.245 8.063422 -0.65 7.986418 -0.65 8.523876 -1.245 8.063422 -0.65 8.523876 -1.245 8.639381 -1.245 8.639381 -0.65 8.523876 -0.65 9.061333 -1.245 8.639381 -0.65 9.061333 -1.245 9.215339 -1.245 9.215339 -0.65 9.061333 0 9.061333 -1.245 9.215339 0 9.061333 0.1 9.50132 0.1 9.50132 0 9.061333 0.1 8.925259 0.1 8.925259 0 9.061333 0 9.015974 0.1 8.925259 0 9.015974 0 8.970617 0 8.970617 0 8.925259 0.1 8.925259 -1.245 9.215339 0.1 9.50132 -1.245 9.791298 -1.245 9.791298 0.1 9.50132 0.1 10.07738 -1.245 9.791298 0.1 10.07738 -1.245 10.36726 -1.245 10.36726 0.1 10.07738 0.1 10.65344 -1.245 10.36726 0.1 10.65344 -1.245 10.94321 -1.245 10.94321 0.1 10.65344 0.1 11.2295 -1.245 10.94321 0.1 11.2295 -1.245 11.51917 -1.245 11.51917 0.1 11.2295 0.1 11.80556 -1.245 11.51917 0.1 11.80556 -1.245 12.09513 -1.245 12.09513 0.1 11.80556 0.1 12.38163 -1.245 12.09513 0.1 12.38163 -1.245 12.67109 -1.245 12.67109 0.1 12.38163 0.1 12.95769 -1.245 12.67109 0.1 12.95769 -1.245 13.24705 -1.245 13.24705 0.1 12.95769 0.1 13.53375 -1.245 13.24705 0.1 13.53375 -1.245 13.82301 -1.245 -13.82301 0.1 -14.11227 0.1 -13.53621 -1.245 -13.82301 0.1 -13.53621 -1.245 -13.24705 -1.245 -13.24705 0.1 -13.53621 0.1 -12.96015 -1.245 -13.24705 0.1 -12.96015 -1.245 -12.67109 -1.245 -12.67109 0.1 -12.96015 0.1 -12.38408 -1.245 -12.67109 0.1 -12.38408 -1.245 -12.09513 -1.245 -12.09513 0.1 -12.38408 0.1 -11.80802 -1.245 -12.09513 0.1 -11.80802 -1.245 -11.51917 -1.245 -11.51917 0.1 -11.80802 0.1 -11.23196 -1.245 -11.51917 0.1 -11.23196 -1.245 -10.94321 -1.245 -10.94321 0.1 -11.23196 0.1 -10.6559 -1.245 -10.94321 0.1 -10.6559 -1.245 -10.36726 -1.245 -10.36726 0.1 -10.6559 0.1 -10.07984 -1.245 -10.36726 0.1 -10.07984 -1.245 -9.791298 -1.245 -9.791298 0.1 -10.07984 0.1 -9.50378 -1.245 -9.791298 0.1 -9.50378 -1.245 -9.215339 -1.245 -9.215339 0.1 -9.50378 0.1 -8.927719 -1.245 -9.215339 0.1 -8.927719 -1.245 -8.639381 -1.245 -8.639381 0.1 -8.927719 0.1 -8.351657 -1.245 -8.639381 0.1 -8.351657 -1.245 -8.063422 -1.245 -8.063422 0.1 -8.351657 0.1 -7.775596 -1.245 -8.063422 0.1 -7.775596 -1.245 -7.487463 -1.245 -7.487463 0.1 -7.775596 0.1 -7.199534 -1.245 -7.487463 0.1 -7.199534 -1.245 -6.911504 -1.245 -6.911504 0.1 -7.199534 0.1 -6.623474 -1.245 -6.911504 0.1 -6.623474 -1.245 -6.335545 -1.245 -6.335545 0.1 -6.623474 0.1 -6.047412 -1.245 -6.335545 0.1 -6.047412 -1.245 -5.759586 -1.245 -5.759586 0.1 -6.047412 0.1 -5.471351 -1.245 -5.759586 0.1 -5.471351 -1.245 -5.183628 -1.245 -5.183628 0.1 -5.471351 0.1 -4.89529 -1.245 -5.183628 0.1 -4.89529 -1.245 -4.607669 -1.245 -4.607669 0.1 -4.89529 0.1 -4.319229 -1.245 -4.607669 0.1 -4.319229 -1.245 -4.031711 -1.245 -4.031711 0.1 -4.319229 0.1 -3.743168 -1.245 -4.031711 0.1 -3.743168 -1.245 -3.455752 -1.245 -3.455752 0.1 -3.743168 0.1 -3.167107 -1.245 -3.455752 0.1 -3.167107 -1.245 -2.879793 -1.245 -2.879793 0.1 -3.167107 0.1 -2.591046 -1.245 -2.879793 0.1 -2.591046 -1.245 -2.303835 -1.245 -2.303835 0.1 -2.591046 0.1 -2.014984 -1.245 -2.303835 0.1 -2.014984 -1.245 -1.727876 -1.245 -1.727876 0.1 -2.014984 0.1 -1.438923 -1.245 -1.727876 0.1 -1.438923 -1.245 -1.151917 -1.245 -1.151917 0.1 -1.438923 0.1 -0.862862 -1.245 -1.151917 0.1 -0.862862 -1.245 -0.575959 -1.245 -0.575959 0.1 -0.862862 0.1 -0.286801 -1.245 -0.575959 0.1 -0.286801 -1.245 0 -1.245 0 0.1 -0.286801 0.1 0.28926 -1.245 0 0.1 0.28926 -1.245 0.575959 -1.245 0.575959 0.1 0.28926 0.1 0.865321 -1.245 0.575959 0.1 0.865321 -1.245 1.151917 -1.245 1.151917 0.1 0.865321 0.1 1.441383 -1.245 1.151917 0.1 1.441383 -1.245 1.727876 -1.245 1.727876 0.1 1.441383 0.1 2.017444 -1.245 1.727876 0.1 2.017444 -1.245 2.303835 -1.245 2.303835 0.1 2.017444 0.1 2.593505 -1.245 2.303835 0.1 2.593505 -1.245 2.879793 -1.245 2.879793 0.1 2.593505 0.1 3.169566 -1.245 2.879793 0.1 3.169566 -1.245 3.455752 -1.245 3.455752 0.1 3.169566 0.1 3.745627 -1.245 3.455752 0.1 3.745627 -1.245 4.031711 -1.245 4.031711 0.1 3.745627 0.1 4.321688 -1.245 4.031711 0.1 4.321688 -1.245 4.607669 0 4.897749 0 4.852392 0.1 4.897749 0.1 4.897749 0 4.852392 0 4.807034 0.1 4.897749 0 4.807034 0 4.761676 0.1 -0.101423 0.104501 -0.07096797 0 -0.101423 0 -0.101423 0.104501 -0.07096797 0 -0.03380799 0 -0.03380799 0.104501 -0.07096797 0.116904 -0.04181998 0 -0.03380799 0.116904 -0.04181998 0.154074 0.008964955 0 -0.03380799 0.154074 0.008964955 0 0.03380799 0 0.03380799 0.154074 0.008964955 0.198731 0.05554997 0 0.03380799 0.198731 0.05554997 0 0.101423 0 0.101423 0.198731 0.05554997 0.243241 0.101423 -0.494975 -3.977917 -0.494975 -4.508156 0.122502 -4.53566 0.122502 -4.53566 -0.494975 -4.508156 -0.488609 -4.535785 0.122502 -4.53566 -0.488609 -4.535785 -0.06586396 -4.541085 -0.06586396 -4.541085 -0.488609 -4.535785 -0.471069 -4.560015 -0.06586396 -4.541085 -0.471069 -4.560015 -0.257233 -4.5824 -0.257233 -4.5824 -0.471069 -4.560015 -0.418502 -4.591369 -0.257233 -4.5824 -0.418502 -4.591369 -0.270035 -4.586462 -0.270035 -4.586462 -0.418502 -4.591369 -0.292402 -4.593513 -0.292402 -4.593513 -0.418502 -4.591369 -0.355348 -4.602321 -0.494975 -3.977917 0.122502 -4.53566 0.494975 -4.069489 0.494975 -4.069489 0.122502 -4.53566 0.315047 -4.569055 0.494975 -4.069489 0.315047 -4.569055 0.494975 -4.649 0.494975 -4.069489 0.494975 -3.489976 -0.494975 -3.977917 -0.494975 -3.977917 0.494975 -3.489976 -0.494975 -3.44768 -0.494975 -3.44768 0.494975 -3.489976 0.494975 -2.910465 -0.494975 -3.44768 0.494975 -2.910465 -0.494975 -2.917441 -0.494975 -2.917441 0.494975 -2.910465 -0.494975 -2.387203 -0.494975 -2.387203 0.494975 -2.910465 0.494975 -2.330953 -0.494975 -2.387203 0.494975 -2.330953 -0.494975 -1.856965 -0.494975 -1.856965 0.494975 -2.330953 0.494975 -1.751441 -0.494975 -1.856965 0.494975 -1.751441 -0.494975 -1.326727 -0.494975 -1.326727 0.494975 -1.751441 0.494975 -1.171929 -0.494975 -1.326727 0.494975 -1.171929 -0.494975 -0.796489 -0.494975 -0.796489 0.494975 -1.171929 0.494975 -0.592417 -0.494975 -0.796489 0.494975 -0.592417 -0.494975 -0.266251 -0.494975 -0.266251 0.494975 -0.592417 0.494975 -0.012905 -0.494975 -0.266251 0.494975 -0.012905 -0.494975 0.263987 -0.494975 0.263987 0.494975 -0.012905 0.494975 0.566607 -0.494975 0.263987 0.494975 0.566607 -0.494975 0.794225 -0.494975 0.794225 0.494975 0.566607 0.494975 1.146119 -0.494975 0.794225 0.494975 1.146119 -0.494975 1.324463 -0.494975 1.324463 0.494975 1.146119 0.494975 1.72563 -0.494975 1.324463 0.494975 1.72563 -0.494975 1.854702 -0.494975 1.854702 0.494975 1.72563 0.494975 2.305142 -0.494975 1.854702 0.494975 2.305142 -0.494975 2.38494 -0.494975 2.38494 0.494975 2.305142 0.494975 2.884654 -0.494975 2.38494 0.494975 2.884654 -0.494975 2.915178 -0.494975 2.915178 0.494975 2.884654 0.494975 3.464166 -0.494975 2.915178 0.494975 3.464166 -0.494975 3.445416 -0.494975 3.445416 0.494975 3.464166 -0.494975 3.975654 -0.494975 3.975654 0.494975 3.464166 0.494975 4.043678 -0.494975 3.975654 0.494975 4.043678 -0.494975 4.505892 -0.494975 4.505892 0.494975 4.043678 0.494975 4.623189 -0.494975 4.505892 0.494975 4.623189 -0.494975 5.03613 -0.494975 5.03613 0.494975 4.623189 0.494975 5.202702 -0.494975 5.03613 0.494975 5.202702 -0.494975 5.566368 -0.494975 5.566368 0.494975 5.202702 0.494975 5.782213 -0.494975 5.566368 0.494975 5.782213 -0.494975 6.096606 -0.494975 6.096606 0.494975 5.782213 0.494975 6.361726 -0.494975 6.096606 0.494975 6.361726 -0.494975 6.626844 -0.494975 6.626844 0.494975 6.361726 0.494975 6.941237 -0.494975 6.626844 0.494975 6.941237 -0.494975 7.157083 -0.494975 7.157083 0.494975 6.941237 0.494975 7.520749 -0.494975 7.157083 0.494975 7.520749 -0.494975 7.687321 -0.494975 7.687321 0.494975 7.520749 0.494975 8.100261 -0.494975 7.687321 0.494975 8.100261 -0.494975 8.217559 -0.494975 8.217559 0.494975 8.100261 0.494975 8.679773 -0.494975 8.217559 0.494975 8.679773 -0.494975 8.747797 -0.494975 8.747797 0.494975 8.679773 0.494975 9.259284 -0.494975 8.747797 0.494975 9.259284 -0.494975 9.278036 -0.494975 9.278036 0.494975 9.259284 -0.494975 9.808273 -0.494975 9.808273 0.494975 9.259284 0.494975 9.838797 -0.494975 9.808273 0.494975 9.838797 -0.494975 10.33851 -0.494975 10.33851 0.494975 9.838797 0.494975 10.41831 -0.494975 10.33851 0.494975 10.41831 -0.494975 10.86875 -0.494975 10.86875 0.494975 10.41831 0.494975 10.99782 -0.494975 10.86875 0.494975 10.99782 -0.494975 11.39899 -0.494975 11.39899 0.494975 10.99782 0.494975 11.57733 -0.494975 11.39899 0.494975 11.57733 -0.494975 11.92923 -0.494975 11.92923 0.494975 11.57733 0.494975 12.15684 -0.494975 11.92923 0.494975 12.15684 -0.494975 12.45946 -0.494975 12.45946 0.494975 12.15684 0.494975 12.73636 -0.494975 12.45946 0.494975 12.73636 -0.494975 12.9897 -0.494975 12.9897 0.494975 12.73636 0.494975 13.31587 -0.494975 12.9897 0.494975 13.31587 -0.494975 13.51994 -0.494975 13.51994 0.494975 13.31587 0.494975 13.89538 -0.494975 13.51994 0.494975 13.89538 -0.494975 14.05018 -0.494975 14.05018 0.494975 13.89538 0.494975 14.47489 -0.494975 14.05018 0.494975 14.47489 -0.494975 14.58042 -0.494975 14.58042 0.494975 14.47489 0.494975 15.0544 -0.494975 14.58042 0.494975 15.0544 -0.494975 15.11065 -0.494975 15.11065 0.494975 15.0544 0.494975 15.63392 -0.494975 15.11065 0.494975 15.63392 -0.494975 15.64089 -0.494975 15.64089 0.494975 15.63392 -0.494975 16.17113 -0.494975 16.17113 0.494975 15.63392 0.494975 16.21343 -0.494975 16.17113 0.494975 16.21343 -0.494975 16.70137 -0.494975 16.70137 0.494975 16.21343 0.494975 16.79294 -0.494975 16.70137 0.494975 16.79294 0.122502 17.25911 0.122502 17.25911 0.494975 16.79294 0.315047 17.29251 0.315047 17.29251 0.494975 16.79294 0.494975 17.37245 -0.06586396 17.26453 -0.488609 17.25924 0.122502 17.25911 0.122502 17.25911 -0.488609 17.25924 -0.494975 17.23161 0.122502 17.25911 -0.494975 17.23161 -0.494975 16.70137 -0.488609 17.25924 -0.06586396 17.26453 -0.471069 17.28347 -0.471069 17.28347 -0.06586396 17.26453 -0.257233 17.30585 -0.471069 17.28347 -0.257233 17.30585 -0.270035 17.30991 -0.471069 17.28347 -0.270035 17.30991 -0.418502 17.31482 -0.418502 17.31482 -0.270035 17.30991 -0.292402 17.31697 -0.418502 17.31482 -0.292402 17.31697 -0.355348 17.32577 1.53919 0 1.006662 0.8 0.51 0 0.51 0 1.006662 0.8 0.53746 0.556759 0.51 0 0.53746 0.556759 0.52 0.540943 1.53919 0 1.53919 1.45 1.006662 0.8 1.006662 0.8 1.53919 1.45 1.006662 1.45 1.006662 0.8 0.53746 0.8 0.53746 0.556759 0.52 0.540943 0.51 0.531891 0.51 0 0.97 -4.078091 0.8 -4.078091 8.75 -4.297699 8.75 -4.297699 0.8 -4.078091 0.8 -4.396588 8.75 -4.297699 0.8 -4.396588 8.75 -4.65584 8.75 -4.65584 0.8 -4.396588 0.8 -4.715085 8.75 -4.65584 0.8 -4.715085 8.75 -5.013982 8.75 -5.013982 0.8 -4.715085 0.8 -5.033581 8.75 -5.013982 0.8 -5.033581 0.8 -5.352078 8.75 -5.013982 0.8 -5.352078 8.75 -5.372124 8.75 5.372124 0.8 5.392169 0.8 5.073672 8.75 5.372124 0.8 5.073672 8.75 5.013982 8.75 5.013982 0.8 5.073672 -0.65 5.073672 8.75 5.013982 -0.65 5.073672 -0.65 4.732585 8.75 5.013982 -0.65 4.732585 8.75 4.65584 8.75 4.65584 -0.65 4.732585 -0.65 4.391498 8.75 4.65584 -0.65 4.391498 8.75 4.297699 8.75 4.297699 -0.65 4.391498 -0.65 4.050411 8.75 4.297699 -0.65 4.050411 8.75 3.939557 8.75 3.939557 -0.65 4.050411 -0.65 3.709323 8.75 3.939557 -0.65 3.709323 8.75 3.581416 8.75 3.581416 -0.65 3.709323 -0.65 3.368236 8.75 3.581416 -0.65 3.368236 8.75 3.223274 8.75 3.223274 -0.65 3.368236 -0.65 3.027149 8.75 3.223274 -0.65 3.027149 8.75 2.865133 8.75 2.865133 -0.65 3.027149 -0.65 2.686062 8.75 2.865133 -0.65 2.686062 8.75 2.506991 8.75 2.506991 -0.65 2.686062 -0.65 2.344975 8.75 2.506991 -0.65 2.344975 8.75 2.148849 8.75 2.148849 -0.65 2.344975 -0.65 2.003887 8.75 2.148849 -0.65 2.003887 8.75 1.790708 8.75 1.790708 -0.65 2.003887 -0.65 1.6628 8.75 1.790708 -0.65 1.6628 8.75 1.432566 8.75 1.432566 -0.65 1.6628 -0.65 1.321713 8.75 1.432566 -0.65 1.321713 8.75 1.074425 8.75 1.074425 -0.65 1.321713 -0.65 0.980626 8.75 1.074425 -0.65 0.980626 8.75 0.716283 8.75 0.716283 -0.65 0.980626 -0.65 0.639539 8.75 0.716283 -0.65 0.639539 8.75 0.358142 8.75 0.358142 -0.65 0.639539 0.8 0.298451 8.75 0.358142 0.8 0.298451 8.75 0 8.75 0 0.8 0.298451 0.8 -0.02004599 8.75 0 0.8 -0.02004599 8.75 -0.358142 8.75 -0.358142 0.8 -0.02004599 0.8 -0.338542 8.75 -0.358142 0.8 -0.338542 0.8 -0.657039 -0.65 0.639539 -0.65 0.298451 0.8 0.298451 8.75 -0.358142 0.8 -0.657039 8.75 -0.716283 8.75 -0.716283 0.8 -0.657039 0.8 -0.975536 8.75 -0.716283 0.8 -0.975536 8.75 -1.074425 8.75 -1.074425 0.8 -0.975536 0.97 -1.294033 8.75 -1.074425 0.97 -1.294033 8.75 -1.432566 8.75 -1.432566 0.97 -1.294033 0.973083 -1.294809 8.75 -1.432566 0.973083 -1.294809 0.975672 -1.296728 0.8 -0.975536 0.8 -1.294033 0.97 -1.294033 0.975672 -1.296728 0.97916 -1.301535 8.75 -1.432566 8.75 -1.432566 0.97916 -1.301535 0.983397 -1.312876 8.75 -1.432566 0.983397 -1.312876 0.986733 -1.343602 0.986733 -1.343602 0.982958 -1.374813 8.75 -1.432566 8.75 -1.432566 0.982958 -1.374813 0.978177 -1.386186 8.75 -1.432566 0.978177 -1.386186 0.97473 -1.390176 0.97473 -1.390176 0.97 -1.392029 8.75 -1.432566 8.75 -1.432566 0.97 -1.392029 0.8 -1.392029 8.75 -1.432566 0.8 -1.392029 0.8 -1.715537 8.75 -1.432566 0.8 -1.715537 8.75 -1.790708 8.75 -1.790708 0.8 -1.715537 0.8 -2.039045 8.75 -1.790708 0.8 -2.039045 8.75 -2.148849 8.75 -2.148849 0.8 -2.039045 0.8 -2.362554 8.75 -2.148849 0.8 -2.362554 8.75 -2.506991 8.75 -2.506991 0.8 -2.362554 0.8 -2.686062 8.75 -2.506991 0.8 -2.686062 8.75 -2.865133 8.75 -2.865133 0.8 -2.686062 0.8 -3.00957 8.75 -2.865133 0.8 -3.00957 8.75 -3.223274 8.75 -3.223274 0.8 -3.00957 0.8 -3.333078 8.75 -3.223274 0.8 -3.333078 8.75 -3.581416 8.75 -3.581416 0.8 -3.333078 0.8 -3.656586 8.75 -3.581416 0.8 -3.656586 8.75 -3.939557 8.75 -3.939557 0.8 -3.656586 0.97 -3.980095 8.75 -3.939557 0.97 -3.980095 0.973083 -3.980871 0.8 -3.656586 0.8 -3.980095 0.97 -3.980095 0.973083 -3.980871 0.975672 -3.98279 8.75 -3.939557 8.75 -3.939557 0.975672 -3.98279 0.97916 -3.987597 8.75 -3.939557 0.97916 -3.987597 0.983397 -3.998938 0.983397 -3.998938 0.986733 -4.029664 8.75 -3.939557 8.75 -3.939557 0.986733 -4.029664 0.982958 -4.060875 8.75 -3.939557 0.982958 -4.060875 0.978177 -4.072248 0.978177 -4.072248 0.97473 -4.076238 8.75 -3.939557 8.75 -3.939557 0.97473 -4.076238 0.97 -4.078091 8.75 -3.939557 0.97 -4.078091 8.75 -4.297699 -2.23083 -0.65 -1.562935 -0.65 -2.23083 0.8 -2.23083 0.8 -1.562935 -0.65 -1.562935 0.8 -0.667895 -0.65 0 -0.65 -0.667895 0.8 -0.667895 0.8 0 -0.65 0 0.8 -4.229535 -0.416573 -4.25 0 -4.399716 -0.04999899 -4.399716 -0.04999899 -4.25 0 -4.229535 0.416573 -4.399716 -0.04999899 -4.229535 0.416573 -4.368602 0.524707 -4.368602 0.524707 -4.229535 0.416573 -4.168338 0.829134 -4.368602 0.524707 -4.168338 0.829134 -4.26274 1.090435 -4.26274 1.090435 -4.168338 0.829134 -4.066997 1.23371 -4.26274 1.090435 -4.066997 1.23371 -4.083941 1.637505 -4.083941 1.637505 -4.066997 1.23371 -3.926488 1.626405 -4.083941 1.637505 -3.926488 1.626405 -3.748166 2.003436 -4.083941 1.637505 -3.748166 2.003436 -3.835265 2.156558 -3.835265 2.156558 -3.748166 2.003436 -3.533746 2.361173 -3.835265 2.156558 -3.533746 2.361173 -3.520967 2.63871 -3.520967 2.63871 -3.533746 2.361173 -3.285294 2.696172 -3.520967 2.63871 -3.285294 2.696172 -3.146424 3.075714 -3.146424 3.075714 -3.285294 2.696172 -3.005204 3.005204 -3.146424 3.075714 -3.005204 3.005204 -2.696172 3.285294 -3.146424 3.075714 -2.696172 3.285294 -2.718044 3.460092 -2.718044 3.460092 -2.696172 3.285294 -2.361173 3.533746 -2.718044 3.460092 -2.361173 3.533746 -2.243159 3.785266 -2.243159 3.785266 -2.361173 3.533746 -2.003436 3.748166 -2.243159 3.785266 -2.003436 3.748166 -1.729892 4.045674 -1.729892 4.045674 -2.003436 3.748166 -1.626405 3.926488 -1.729892 4.045674 -1.626405 3.926488 -1.23371 4.066997 -1.729892 4.045674 -1.23371 4.066997 -1.187026 4.236858 -1.187026 4.236858 -1.23371 4.066997 -0.829134 4.168338 -1.187026 4.236858 -0.829134 4.168338 -0.62385 4.35555 -0.62385 4.35555 -0.829134 4.168338 -0.416573 4.229535 -0.62385 4.35555 -0.416573 4.229535 -0.04999899 4.399716 -0.04999899 4.399716 -0.416573 4.229535 0 4.25 -0.04999899 4.399716 0 4.25 0.416573 4.229535 -0.04999899 4.399716 0.416573 4.229535 0.524707 4.368602 0.524707 4.368602 0.416573 4.229535 0.829134 4.168338 0.524707 4.368602 0.829134 4.168338 1.090435 4.26274 1.090435 4.26274 0.829134 4.168338 1.23371 4.066997 1.090435 4.26274 1.23371 4.066997 1.637505 4.083941 1.637505 4.083941 1.23371 4.066997 1.626405 3.926488 1.637505 4.083941 1.626405 3.926488 2.003436 3.748166 1.637505 4.083941 2.003436 3.748166 2.156558 3.835265 2.156558 3.835265 2.003436 3.748166 2.361173 3.533746 2.156558 3.835265 2.361173 3.533746 2.63871 3.520967 2.63871 3.520967 2.361173 3.533746 2.696172 3.285294 2.63871 3.520967 2.696172 3.285294 3.075714 3.146424 3.075714 3.146424 2.696172 3.285294 3.005204 3.005204 3.075714 3.146424 3.005204 3.005204 3.285294 2.696172 3.075714 3.146424 3.285294 2.696172 3.460092 2.718044 3.460092 2.718044 3.285294 2.696172 3.533746 2.361173 3.460092 2.718044 3.533746 2.361173 3.785266 2.243159 3.785266 2.243159 3.533746 2.361173 3.748166 2.003436 3.785266 2.243159 3.748166 2.003436 4.045674 1.729892 4.045674 1.729892 3.748166 2.003436 3.926488 1.626405 4.045674 1.729892 3.926488 1.626405 4.066997 1.23371 4.045674 1.729892 4.066997 1.23371 4.236858 1.187026 4.236858 1.187026 4.066997 1.23371 4.168338 0.829134 4.236858 1.187026 4.168338 0.829134 4.35555 0.62385 4.35555 0.62385 4.168338 0.829134 4.229535 0.416573 4.35555 0.62385 4.229535 0.416573 4.399716 0.04999899 4.399716 0.04999899 4.229535 0.416573 4.25 0 4.399716 0.04999899 4.25 0 4.229535 -0.416573 4.399716 0.04999899 4.229535 -0.416573 4.368602 -0.524707 4.368602 -0.524707 4.229535 -0.416573 4.168338 -0.829134 4.368602 -0.524707 4.168338 -0.829134 4.26274 -1.090435 4.26274 -1.090435 4.168338 -0.829134 4.066997 -1.23371 4.26274 -1.090435 4.066997 -1.23371 4.083941 -1.637505 4.083941 -1.637505 4.066997 -1.23371 3.926488 -1.626405 4.083941 -1.637505 3.926488 -1.626405 3.748166 -2.003436 4.083941 -1.637505 3.748166 -2.003436 3.835265 -2.156558 3.835265 -2.156558 3.748166 -2.003436 3.533746 -2.361173 3.835265 -2.156558 3.533746 -2.361173 3.520967 -2.63871 3.520967 -2.63871 3.533746 -2.361173 3.285294 -2.696172 3.520967 -2.63871 3.285294 -2.696172 3.146424 -3.075714 3.146424 -3.075714 3.285294 -2.696172 3.005204 -3.005204 3.146424 -3.075714 3.005204 -3.005204 2.696172 -3.285294 3.146424 -3.075714 2.696172 -3.285294 2.718044 -3.460092 2.718044 -3.460092 2.696172 -3.285294 2.361173 -3.533746 2.718044 -3.460092 2.361173 -3.533746 2.243159 -3.785266 2.243159 -3.785266 2.361173 -3.533746 2.003436 -3.748166 2.243159 -3.785266 2.003436 -3.748166 1.729892 -4.045674 1.729892 -4.045674 2.003436 -3.748166 1.626405 -3.926488 1.729892 -4.045674 1.626405 -3.926488 1.23371 -4.066997 1.729892 -4.045674 1.23371 -4.066997 1.187026 -4.236858 1.187026 -4.236858 1.23371 -4.066997 0.829134 -4.168338 1.187026 -4.236858 0.829134 -4.168338 0.62385 -4.35555 0.62385 -4.35555 0.829134 -4.168338 0.416573 -4.229535 0.62385 -4.35555 0.416573 -4.229535 0.04999899 -4.399716 0.04999899 -4.399716 0.416573 -4.229535 0 -4.25 0.04999899 -4.399716 0 -4.25 -0.416573 -4.229535 0.04999899 -4.399716 -0.416573 -4.229535 -0.524707 -4.368602 -0.524707 -4.368602 -0.416573 -4.229535 -0.829134 -4.168338 -0.524707 -4.368602 -0.829134 -4.168338 -1.090435 -4.26274 -1.090435 -4.26274 -0.829134 -4.168338 -1.23371 -4.066997 -1.090435 -4.26274 -1.23371 -4.066997 -1.637505 -4.083941 -1.637505 -4.083941 -1.23371 -4.066997 -1.626405 -3.926488 -1.637505 -4.083941 -1.626405 -3.926488 -2.003436 -3.748166 -1.637505 -4.083941 -2.003436 -3.748166 -2.156558 -3.835265 -2.156558 -3.835265 -2.003436 -3.748166 -2.361173 -3.533746 -2.156558 -3.835265 -2.361173 -3.533746 -2.63871 -3.520967 -2.63871 -3.520967 -2.361173 -3.533746 -2.696172 -3.285294 -2.63871 -3.520967 -2.696172 -3.285294 -3.075714 -3.146424 -3.075714 -3.146424 -2.696172 -3.285294 -3.005204 -3.005204 -3.075714 -3.146424 -3.005204 -3.005204 -3.285294 -2.696172 -3.075714 -3.146424 -3.285294 -2.696172 -3.460092 -2.718044 -3.460092 -2.718044 -3.285294 -2.696172 -3.533746 -2.361173 -3.460092 -2.718044 -3.533746 -2.361173 -3.785266 -2.243159 -3.785266 -2.243159 -3.533746 -2.361173 -3.748166 -2.003436 -3.785266 -2.243159 -3.748166 -2.003436 -4.045674 -1.729892 -4.045674 -1.729892 -3.748166 -2.003436 -3.926488 -1.626405 -4.045674 -1.729892 -3.926488 -1.626405 -4.066997 -1.23371 -4.045674 -1.729892 -4.066997 -1.23371 -4.236858 -1.187026 -4.236858 -1.187026 -4.066997 -1.23371 -4.168338 -0.829134 -4.236858 -1.187026 -4.168338 -0.829134 -4.35555 -0.62385 -4.35555 -0.62385 -4.168338 -0.829134 -4.229535 -0.416573 -4.35555 -0.62385 -4.229535 -0.416573 -4.399716 -0.04999899 -5.335125 2.374211 -5.619588 1.875177 2.236195 -1.612529 2.236195 -1.612529 -5.619588 1.875177 -5.834999 1.34268 2.236195 -1.612529 -5.834999 1.34268 -5.977512 0.786223 -5.977512 0.786223 -6.044585 0.215736 2.236195 -1.612529 2.236195 -1.612529 -6.044585 0.215736 -6.035021 -0.358601 2.236195 -1.612529 -6.035021 -0.358601 -5.948991 -0.926539 -5.948991 -0.926539 -5.78803 -1.477943 2.236195 -1.612529 2.236195 -1.612529 -5.78803 -1.477943 -5.55501 -2.002973 2.236195 -1.612529 -5.55501 -2.002973 1.985699 -2.129449 1.985699 -2.129449 -5.55501 -2.002973 -5.25409 -2.492259 1.985699 -2.129449 -5.25409 -2.492259 1.668539 -2.608369 1.668539 -2.608369 -5.25409 -2.492259 -4.890639 -2.937072 1.668539 -2.608369 -4.890639 -2.937072 1.290376 -3.040743 1.290376 -3.040743 -4.890639 -2.937072 -4.471143 -3.329472 1.290376 -3.040743 -4.471143 -3.329472 0.857957 -3.418854 0.857957 -3.418854 -4.471143 -3.329472 -4.003088 -3.662457 0.857957 -3.418854 -4.003088 -3.662457 0.378998 -3.735956 0.378998 -3.735956 -4.003088 -3.662457 -3.494827 -3.930086 0.378998 -3.735956 -3.494827 -3.930086 -0.137952 -3.98639 -0.137952 -3.98639 -3.494827 -3.930086 -2.95543 -4.127583 -0.137952 -3.98639 -2.95543 -4.127583 -0.683669 -4.165686 -0.683669 -4.165686 -2.95543 -4.127583 -2.394521 -4.251422 -0.683669 -4.165686 -2.394521 -4.251422 -1.248415 -4.270646 -1.248415 -4.270646 -2.394521 -4.251422 -1.822112 -4.299396 2.415557 -1.066834 -3.62471 3.869814 2.236195 -1.612529 2.236195 -1.612529 -3.62471 3.869814 -4.123779 3.585412 2.236195 -1.612529 -4.123779 3.585412 -4.580487 3.237027 2.520585 -0.5021 2.5015 0.644009 2.415557 -1.066834 2.415557 -1.066834 2.5015 0.644009 2.377728 1.204932 2.415557 -1.066834 2.377728 1.204932 2.180297 1.744353 2.520585 -0.5021 2.549404 0.07159298 2.5015 0.644009 2.180297 1.744353 1.912729 2.252646 2.415557 -1.066834 2.415557 -1.066834 1.912729 2.252646 1.5798 2.720741 2.415557 -1.066834 1.5798 2.720741 1.18745 3.140284 1.18745 3.140284 0.742682 3.503789 2.415557 -1.066834 2.415557 -1.066834 0.742682 3.503789 0.253432 3.804768 2.415557 -1.066834 0.253432 3.804768 -0.27157 4.037851 -0.27157 4.037851 -0.822954 4.198879 2.415557 -1.066834 2.415557 -1.066834 -0.822954 4.198879 -1.390881 4.284978 2.415557 -1.066834 -1.390881 4.284978 -1.965217 4.294611 -1.965217 4.294611 -2.535713 4.227606 2.415557 -1.066834 2.415557 -1.066834 -2.535713 4.227606 -3.092187 4.08516 2.415557 -1.066834 -3.092187 4.08516 -3.62471 3.869814 -4.580487 3.237027 -4.986686 2.830878 2.236195 -1.612529 2.236195 -1.612529 -4.986686 2.830878 -5.335125 2.374211 -0.08999997 0.575959 -1.1 0.04999995 -0.08999997 0 -0.08999997 0 -1.1 0.04999995 -1.1 -0.525958 -0.08999997 0 -1.1 -0.525958 -0.08999997 -0.575959 -0.08999997 -0.575959 -1.1 -0.525958 -1.1 -1.101917 -0.08999997 -0.575959 -1.1 -1.101917 -0.08999997 -1.151917 -0.08999997 -1.151917 -1.1 -1.101917 -1.1 -1.677876 -0.08999997 -1.151917 -1.1 -1.677876 -0.08999997 -1.727876 -0.08999997 -1.727876 -1.1 -1.677876 -1.1 -2.253834 -0.08999997 -1.727876 -1.1 -2.253834 -0.08999997 -2.303835 -0.08999997 -2.303835 -1.1 -2.253834 -1.1 -2.829793 -0.08999997 -2.303835 -1.1 -2.829793 -0.08999997 -2.879793 -0.08999997 -2.879793 -1.1 -2.829793 -1.1 -3.405752 -0.08999997 -2.879793 -1.1 -3.405752 -0.08999997 -3.455752 -0.08999997 -3.455752 -1.1 -3.405752 -1.1 -3.98171 -0.08999997 -3.455752 -1.1 -3.98171 -0.08999997 -4.031711 -0.08999997 -4.031711 -1.1 -3.98171 -1.1 -4.557669 -0.08999997 -4.031711 -1.1 -4.557669 -0.08999997 -4.607669 -0.08999997 -4.607669 -1.1 -4.557669 -1.1 -5.133627 -0.08999997 -4.607669 -1.1 -5.133627 -0.08999997 -5.183628 -0.08999997 -5.183628 -1.1 -5.133627 -1.1 -5.709587 -0.08999997 -5.183628 -1.1 -5.709587 -0.08999997 -5.759586 -0.08999997 -5.759586 -1.1 -5.709587 -1.1 -6.285545 -0.08999997 -5.759586 -1.1 -6.285545 -0.08999997 -6.335545 -0.08999997 -6.335545 -1.1 -6.285545 -1.1 -6.861504 -0.08999997 -6.335545 -1.1 -6.861504 -0.08999997 -6.911504 -0.08999997 -6.911504 -1.1 -6.861504 -1.1 -7.437462 -0.08999997 -6.911504 -1.1 -7.437462 -0.08999997 -7.487463 -0.08999997 -7.487463 -1.1 -7.437462 -1.1 -8.013422 -0.08999997 -7.487463 -1.1 -8.013422 -0.08999997 -8.063422 -0.08999997 -8.063422 -1.1 -8.013422 -1.1 -8.589381 -0.08999997 -8.063422 -1.1 -8.589381 -0.08999997 -8.639381 -0.08999997 -8.639381 -1.1 -8.589381 -1.1 -9.16534 -0.08999997 -8.639381 -1.1 -9.16534 -0.08999997 -9.215339 -0.08999997 -9.215339 -1.1 -9.16534 -1.1 -9.741297 -0.08999997 -9.215339 -1.1 -9.741297 -0.08999997 -9.791298 -0.08999997 -9.791298 -1.1 -9.741297 -1.1 -10.31726 -0.08999997 -9.791298 -1.1 -10.31726 -0.08999997 -10.36726 -0.08999997 -10.36726 -1.1 -10.31726 -1.1 -10.89321 -0.08999997 -10.36726 -1.1 -10.89321 -0.08999997 -10.94321 -0.08999997 -10.94321 -1.1 -10.89321 -1.1 -11.46917 -0.08999997 -10.94321 -1.1 -11.46917 -0.08999997 -11.51917 -0.08999997 -11.51917 -1.1 -11.46917 -1.1 -12.04513 -0.08999997 -11.51917 -1.1 -12.04513 -0.08999997 -12.09513 -0.08999997 -12.09513 -1.1 -12.04513 -1.1 -12.62109 -0.08999997 -12.09513 -1.1 -12.62109 -0.08999997 -12.67109 -0.08999997 -12.67109 -1.1 -12.62109 -1.1 -13.19705 -0.08999997 -12.67109 -1.1 -13.19705 -0.08999997 -13.24705 -0.08999997 -13.24705 -1.1 -13.19705 -1.1 -13.77301 -0.08999997 -13.24705 -1.1 -13.77301 -0.08999997 -13.82301 -0.08999997 13.82301 -1.1 13.87301 -1.1 13.29705 -0.08999997 13.82301 -1.1 13.29705 -0.08999997 13.24705 -0.08999997 13.24705 -1.1 13.29705 -1.1 12.72109 -0.08999997 13.24705 -1.1 12.72109 -0.08999997 12.67109 -0.08999997 12.67109 -1.1 12.72109 -1.1 12.14513 -0.08999997 12.67109 -1.1 12.14513 -0.08999997 12.09513 -0.08999997 12.09513 -1.1 12.14513 -1.1 11.56917 -0.08999997 12.09513 -1.1 11.56917 -0.08999997 11.51917 -0.08999997 11.51917 -1.1 11.56917 -1.1 10.99321 -0.08999997 11.51917 -1.1 10.99321 -0.08999997 10.94321 -0.08999997 10.94321 -1.1 10.99321 -1.1 10.41726 -0.08999997 10.94321 -1.1 10.41726 -0.08999997 10.36726 -0.08999997 10.36726 -1.1 10.41726 -1.1 9.841299 -0.08999997 10.36726 -1.1 9.841299 -0.08999997 9.791298 -0.08999997 9.791298 -1.1 9.841299 -1.1 9.26534 -0.08999997 9.791298 -1.1 9.26534 -0.08999997 9.215339 -0.08999997 9.215339 -1.1 9.26534 -1.1 8.689381 -0.08999997 9.215339 -1.1 8.689381 -0.08999997 8.639381 -0.08999997 8.639381 -1.1 8.689381 -1.1 8.113422 -0.08999997 8.639381 -1.1 8.113422 -0.08999997 8.063422 -0.08999997 8.063422 -1.1 8.113422 -1.1 7.537463 -0.08999997 8.063422 -1.1 7.537463 -0.08999997 7.487463 -0.08999997 7.487463 -1.1 7.537463 -1.1 6.961504 -0.08999997 7.487463 -1.1 6.961504 -0.08999997 6.911504 -0.08999997 6.911504 -1.1 6.961504 -1.1 6.385546 -0.08999997 6.911504 -1.1 6.385546 -0.08999997 6.335545 -0.08999997 6.335545 -1.1 6.385546 -1.1 5.809587 -0.08999997 6.335545 -1.1 5.809587 -0.08999997 5.759586 -0.08999997 5.759586 -1.1 5.809587 -1.1 5.233628 -0.08999997 5.759586 -1.1 5.233628 -0.08999997 5.183628 -0.08999997 5.183628 -1.1 5.233628 -1.1 4.65767 -0.08999997 5.183628 -1.1 4.65767 -0.08999997 4.607669 -0.08999997 4.607669 -1.1 4.65767 -1.1 4.081711 -0.08999997 4.607669 -1.1 4.081711 -0.08999997 4.031711 -0.08999997 4.031711 -1.1 4.081711 -1.1 3.505752 -0.08999997 4.031711 -1.1 3.505752 -0.08999997 3.455752 -0.08999997 3.455752 -1.1 3.505752 -1.1 2.929794 -0.08999997 3.455752 -1.1 2.929794 -0.08999997 2.879793 -0.08999997 2.879793 -1.1 2.929794 -1.1 2.353835 -0.08999997 2.879793 -1.1 2.353835 -0.08999997 2.303835 -0.08999997 2.303835 -1.1 2.353835 -1.1 1.777876 -0.08999997 2.303835 -1.1 1.777876 -0.08999997 1.727876 -0.08999997 1.727876 -1.1 1.777876 -1.1 1.201918 -0.08999997 1.727876 -1.1 1.201918 -0.08999997 1.151917 -0.08999997 1.151917 -1.1 1.201918 -1.1 0.625959 -0.08999997 1.151917 -1.1 0.625959 -0.08999997 0.575959 -0.08999997 0.575959 -1.1 0.625959 -1.1 0.04999995 -4.362358 0.574315 -4.4 0 -4.3 0 -4.3 0 -4.4 0 -4.362358 -0.574315 -4.3 0 -4.362358 -0.574315 -4.261633 -0.573134 -4.261633 -0.573134 -4.362358 -0.574315 -4.250073 -1.138804 -4.261633 -0.573134 -4.250073 -1.138804 -4.147217 -1.13604 -4.147217 -1.13604 -4.250073 -1.138804 -4.06507 -1.683807 -4.147217 -1.13604 -4.06507 -1.683807 -3.958795 -1.678674 -3.958795 -1.678674 -4.06507 -1.683807 -3.810512 -2.2 -3.958795 -1.678674 -3.810512 -2.2 -3.699727 -2.191352 -3.699727 -2.191352 -3.810512 -2.2 -3.490755 -2.67855 -3.699727 -2.191352 -3.490755 -2.67855 -3.374637 -2.664925 -3.374637 -2.664925 -3.490755 -2.67855 -3.11127 -3.11127 -3.374637 -2.664925 -3.11127 -3.11127 -2.989327 -3.090942 -2.989327 -3.090942 -3.11127 -3.11127 -2.67855 -3.490755 -2.989327 -3.090942 -2.67855 -3.490755 -2.550673 -3.461801 -2.550673 -3.461801 -2.67855 -3.490755 -2.2 -3.810512 -2.550673 -3.461801 -2.2 -3.810512 -2.066502 -3.770885 -2.066502 -3.770885 -2.2 -3.810512 -1.683807 -4.06507 -2.066502 -3.770885 -1.683807 -4.06507 -1.545453 -4.012677 -1.545453 -4.012677 -1.683807 -4.06507 -1.138804 -4.250073 -1.545453 -4.012677 -1.138804 -4.250073 -0.996827 -4.182862 -0.996827 -4.182862 -1.138804 -4.250073 -0.574315 -4.362358 -0.996827 -4.182862 -0.574315 -4.362358 -0.430411 -4.278405 -0.430411 -4.278405 -0.574315 -4.362358 0 -4.4 -0.430411 -4.278405 0 -4.4 0.143684 -4.297599 0.143684 -4.297599 0 -4.4 0.574315 -4.362358 0.143684 -4.297599 0.574315 -4.362358 0.715216 -4.240102 0.715216 -4.240102 0.574315 -4.362358 1.138804 -4.250073 0.715216 -4.240102 1.138804 -4.250073 1.273985 -4.106941 1.273985 -4.106941 1.138804 -4.250073 1.683807 -4.06507 1.273985 -4.106941 1.683807 -4.06507 1.810019 -3.900491 1.810019 -3.900491 1.683807 -4.06507 2.2 -3.810512 1.810019 -3.900491 2.2 -3.810512 2.313754 -3.624437 2.313754 -3.624437 2.2 -3.810512 2.67855 -3.490755 2.313754 -3.624437 2.67855 -3.490755 2.7762 -3.283705 2.7762 -3.283705 2.67855 -3.490755 3.11127 -3.11127 2.7762 -3.283705 3.11127 -3.11127 3.189104 -2.884374 3.189104 -2.884374 3.11127 -3.11127 3.490755 -2.67855 3.189104 -2.884374 3.490755 -2.67855 3.545099 -2.433573 3.545099 -2.433573 3.490755 -2.67855 3.810512 -2.2 3.545099 -2.433573 3.810512 -2.2 3.837831 -1.939344 3.837831 -1.939344 3.810512 -2.2 4.06507 -1.683807 3.837831 -1.939344 4.06507 -1.683807 4.062077 -1.410507 4.062077 -1.410507 4.06507 -1.683807 4.250073 -1.138804 4.062077 -1.410507 4.250073 -1.138804 4.213835 -0.8565 4.213835 -0.8565 4.250073 -1.138804 4.362358 -0.574315 4.213835 -0.8565 4.362358 -0.574315 4.290398 -0.287208 4.290398 -0.287208 4.362358 -0.574315 4.4 0 4.290398 -0.287208 4.4 0 4.290398 0.287208 4.290398 0.287208 4.4 0 4.362358 0.574315 4.290398 0.287208 4.362358 0.574315 4.213835 0.8565 4.213835 0.8565 4.362358 0.574315 4.250073 1.138804 4.213835 0.8565 4.250073 1.138804 4.062077 1.410507 4.062077 1.410507 4.250073 1.138804 4.06507 1.683807 4.062077 1.410507 4.06507 1.683807 3.837831 1.939344 3.837831 1.939344 4.06507 1.683807 3.810512 2.2 3.837831 1.939344 3.810512 2.2 3.545099 2.433573 3.545099 2.433573 3.810512 2.2 3.490755 2.67855 3.545099 2.433573 3.490755 2.67855 3.189104 2.884374 3.189104 2.884374 3.490755 2.67855 3.11127 3.11127 3.189104 2.884374 3.11127 3.11127 2.7762 3.283705 2.7762 3.283705 3.11127 3.11127 2.67855 3.490755 2.7762 3.283705 2.67855 3.490755 2.313754 3.624437 2.313754 3.624437 2.67855 3.490755 2.2 3.810512 2.313754 3.624437 2.2 3.810512 1.810019 3.900491 1.810019 3.900491 2.2 3.810512 1.683807 4.06507 1.810019 3.900491 1.683807 4.06507 1.273985 4.106941 1.273985 4.106941 1.683807 4.06507 1.138804 4.250073 1.273985 4.106941 1.138804 4.250073 0.715216 4.240102 0.715216 4.240102 1.138804 4.250073 0.574315 4.362358 0.715216 4.240102 0.574315 4.362358 0.143684 4.297599 0.143684 4.297599 0.574315 4.362358 0 4.4 0.143684 4.297599 0 4.4 -0.430411 4.278405 -0.430411 4.278405 0 4.4 -0.574315 4.362358 -0.430411 4.278405 -0.574315 4.362358 -0.996827 4.182862 -0.996827 4.182862 -0.574315 4.362358 -1.138804 4.250073 -0.996827 4.182862 -1.138804 4.250073 -1.545453 4.012677 -1.545453 4.012677 -1.138804 4.250073 -1.683807 4.06507 -1.545453 4.012677 -1.683807 4.06507 -2.066502 3.770885 -2.066502 3.770885 -1.683807 4.06507 -2.2 3.810512 -2.066502 3.770885 -2.2 3.810512 -2.550673 3.461801 -2.550673 3.461801 -2.2 3.810512 -2.67855 3.490755 -2.550673 3.461801 -2.67855 3.490755 -2.989327 3.090942 -2.989327 3.090942 -2.67855 3.490755 -3.11127 3.11127 -2.989327 3.090942 -3.11127 3.11127 -3.374637 2.664925 -3.374637 2.664925 -3.11127 3.11127 -3.490755 2.67855 -3.374637 2.664925 -3.490755 2.67855 -3.699727 2.191352 -3.699727 2.191352 -3.490755 2.67855 -3.810512 2.2 -3.699727 2.191352 -3.810512 2.2 -3.958795 1.678674 -3.958795 1.678674 -3.810512 2.2 -4.06507 1.683807 -3.958795 1.678674 -4.06507 1.683807 -4.147217 1.13604 -4.147217 1.13604 -4.06507 1.683807 -4.250073 1.138804 -4.147217 1.13604 -4.250073 1.138804 -4.261633 0.573134 -4.261633 0.573134 -4.250073 1.138804 -4.362358 0.574315 -4.261633 0.573134 -4.362358 0.574315 -4.3 0 0 10.99364 0.24 11.20947 0 11.56849 0 11.56849 0.24 11.20947 0.24 11.78431 0 11.56849 0.24 11.78431 0 12.14333 0 12.14333 0.24 11.78431 0.24 12.35916 0 12.14333 0.24 12.35916 0 12.71818 0 12.71818 0.24 12.35916 0.24 12.934 0 12.71818 0.24 12.934 0 13.29302 0 13.29302 0.24 12.934 0.24 13.50885 0 13.29302 0.24 13.50885 0 13.86787 0 -13.14983 0.24 -13.50885 0.24 -12.934 0 -13.14983 0.24 -12.934 0 -12.57499 0 -12.57499 0.24 -12.934 0.24 -12.35916 0 -12.57499 0.24 -12.35916 0 -12.00014 0 -12.00014 0.24 -12.35916 0.24 -11.78431 0 -12.00014 0.24 -11.78431 0 -11.4253 0 -11.4253 0.24 -11.78431 0.24 -11.20947 0 -11.4253 0.24 -11.20947 0 -10.85045 0 -10.85045 0.24 -11.20947 0.24 -10.63463 0 -10.85045 0.24 -10.63463 0 -10.27561 0 -10.27561 0.24 -10.63463 0.24 -10.05978 0 -10.27561 0.24 -10.05978 0 -9.700763 0 -9.700763 0.24 -10.05978 0.24 -9.484937 0 -9.700763 0.24 -9.484937 0 -9.125918 0 -9.125918 0.24 -9.484937 0.24 -8.910092 0 -9.125918 0.24 -8.910092 0 -8.551074 0 -8.551074 0.24 -8.910092 0.24 -8.335247 0 -8.551074 0.24 -8.335247 0 -7.976229 0 -7.976229 0.24 -8.335247 0.24 -7.760403 0 -7.976229 0.24 -7.760403 0 -7.401384 0 -7.401384 0.24 -7.760403 0.24 -7.185558 0 -7.401384 0.24 -7.185558 0 -6.82654 0 -6.82654 0.24 -7.185558 0.24 -6.610713 0 -6.82654 0.24 -6.610713 0 -6.251695 0 -6.251695 0.24 -6.610713 0.24 -6.035869 0 -6.251695 0.24 -6.035869 0 -5.67685 0 -5.67685 0.24 -6.035869 0.24 -5.461024 0 -5.67685 0.24 -5.461024 0 -5.102005 0 -5.102005 0.24 -5.461024 0.24 -4.886179 0 -5.102005 0.24 -4.886179 0 -4.527161 0 -4.527161 0.24 -4.886179 0.24 -4.311335 0 -4.527161 0.24 -4.311335 0 -3.952316 0 -3.952316 0.24 -4.311335 0.24 -3.73649 0 -3.952316 0.24 -3.73649 0 -3.377472 0 -3.377472 0.24 -3.73649 0.24 -3.161646 0 -3.377472 0.24 -3.161646 0 -2.802627 0 -2.802627 0.24 -3.161646 0.24 -2.586801 0 -2.802627 0.24 -2.586801 0 -2.227782 0 -2.227782 0.24 -2.586801 0.24 -2.011956 0 -2.227782 0.24 -2.011956 0 -1.652938 0 -1.652938 0.24 -2.011956 0.24 -1.437112 0 -1.652938 0.24 -1.437112 0 -1.078093 0 -1.078093 0.24 -1.437112 0.24 -0.862267 0 -1.078093 0.24 -0.862267 0 -0.503248 0 -0.503248 0.24 -0.862267 0.24 -0.287422 0 -0.503248 0.24 -0.287422 0 0.07159596 0 0.07159596 0.24 -0.287422 0.24 0.287422 0 0.07159596 0.24 0.287422 0 0.646441 0 0.646441 0.24 0.287422 0.24 0.862267 0 0.646441 0.24 0.862267 0 1.221285 0 1.221285 0.24 0.862267 0.24 1.437112 0 1.221285 0.24 1.437112 0 1.79613 0 1.79613 0.24 1.437112 0.24 2.011956 0 1.79613 0.24 2.011956 0 2.370975 0 2.370975 0.24 2.011956 0.24 2.586801 0 2.370975 0.24 2.586801 0 2.945819 0 2.945819 0.24 2.586801 0.24 3.161646 0 2.945819 0.24 3.161646 0 3.520664 0 3.520664 0.24 3.161646 0.24 3.73649 0 3.520664 0.24 3.73649 0 4.095509 0 4.095509 0.24 3.73649 0.24 4.311335 0 4.095509 0.24 4.311335 0 4.670353 0 4.670353 0.24 4.311335 0.24 4.886179 0 4.670353 0.24 4.886179 0 5.245198 0 5.245198 0.24 4.886179 0.24 5.461024 0 5.245198 0.24 5.461024 0 5.820043 0 5.820043 0.24 5.461024 0.24 6.035869 0 5.820043 0.24 6.035869 0 6.394887 0 6.394887 0.24 6.035869 0.24 6.610713 0 6.394887 0.24 6.610713 0 6.969732 0 6.969732 0.24 6.610713 0.24 7.185558 0 6.969732 0.24 7.185558 0 7.544577 0 7.544577 0.24 7.185558 0.24 7.760403 0 7.544577 0.24 7.760403 0 8.119421 0 8.119421 0.24 7.760403 0.24 8.335247 0 8.119421 0.24 8.335247 0 8.694266 0 8.694266 0.24 8.335247 0.24 8.910092 0 8.694266 0.24 8.910092 0 9.269111 0 9.269111 0.24 8.910092 0.24 9.484937 0 9.269111 0.24 9.484937 0 9.843955 0 9.843955 0.24 9.484937 0.24 10.05978 0 9.843955 0.24 10.05978 0 10.4188 0 10.4188 0.24 10.05978 0.24 10.63463 0 10.4188 0.24 10.63463 0 10.99364 0 10.99364 0.24 10.63463 0.24 11.20947 0.004999995 -12.93453 0 -12.93453 0.004999995 -13.35177 0.004999995 -13.35177 0 -12.93453 0 -13.35177 0.004999995 13.35177 0 13.35177 0.004999995 12.93453 0.004999995 12.93453 0 13.35177 0 12.93453 0.004999995 12.93453 0 12.93453 0 12.51728 0.004999995 -12.93453 0.004999995 -12.51728 0 -12.93453 0 -12.93453 0.004999995 -12.51728 0 -12.51728 0 -12.51728 0.004999995 -12.51728 0.004999995 -12.10004 0 -12.51728 0.004999995 -12.10004 0 -12.10004 0 -12.10004 0.004999995 -12.10004 0 -11.6828 0 -11.6828 0.004999995 -12.10004 0.004999995 -11.6828 0 -11.6828 0.004999995 -11.6828 0.004999995 -11.26555 0 -11.6828 0.004999995 -11.26555 0 -11.26555 0 -11.26555 0.004999995 -11.26555 0.004999995 -10.84831 0 -11.26555 0.004999995 -10.84831 0 -10.84831 0 -10.84831 0.004999995 -10.84831 0.004999995 -10.43107 0 -10.84831 0.004999995 -10.43107 0 -10.43107 0 -10.43107 0.004999995 -10.43107 0 -10.01383 0 -10.01383 0.004999995 -10.43107 0.004999995 -10.01383 0 -10.01383 0.004999995 -10.01383 0.004999995 -9.596584 0 -10.01383 0.004999995 -9.596584 0 -9.596584 0 -9.596584 0.004999995 -9.596584 0.004999995 -9.179341 0 -9.596584 0.004999995 -9.179341 0 -9.179341 0 -9.179341 0.004999995 -9.179341 0.004999995 -8.762098 0 -9.179341 0.004999995 -8.762098 0 -8.762098 0 -8.762098 0.004999995 -8.762098 0 -8.344856 0 -8.344856 0.004999995 -8.762098 0.004999995 -8.344856 0 -8.344856 0.004999995 -8.344856 0.004999995 -7.927613 0 -8.344856 0.004999995 -7.927613 0 -7.927613 0 -7.927613 0.004999995 -7.927613 0.004999995 -7.51037 0 -7.927613 0.004999995 -7.51037 0 -7.51037 0 -7.51037 0.004999995 -7.51037 0.004999995 -7.093127 0 -7.51037 0.004999995 -7.093127 0 -7.093127 0 -7.093127 0.004999995 -7.093127 0 -6.675885 0 -6.675885 0.004999995 -7.093127 0.004999995 -6.675885 0 -6.675885 0.004999995 -6.675885 0.004999995 -6.258642 0 -6.675885 0.004999995 -6.258642 0 -6.258642 0 -6.258642 0.004999995 -6.258642 0.004999995 -5.841399 0 -6.258642 0.004999995 -5.841399 0 -5.841399 0 -5.841399 0.004999995 -5.841399 0 -5.424156 0 -5.424156 0.004999995 -5.841399 0.004999995 -5.424156 0 -5.424156 0.004999995 -5.424156 0.004999995 -5.006913 0 -5.424156 0.004999995 -5.006913 0 -5.006913 0 -5.006913 0.004999995 -5.006913 0.004999995 -4.58967 0 -5.006913 0.004999995 -4.58967 0 -4.58967 0 -4.58967 0.004999995 -4.58967 0.004999995 -4.172428 0 -4.58967 0.004999995 -4.172428 0 -4.172428 0 -4.172428 0.004999995 -4.172428 0 -3.755185 0 -3.755185 0.004999995 -4.172428 0.004999995 -3.755185 0 -3.755185 0.004999995 -3.755185 0.004999995 -3.337942 0 -3.755185 0.004999995 -3.337942 0 -3.337942 0 -3.337942 0.004999995 -3.337942 0.004999995 -2.920699 0 -3.337942 0.004999995 -2.920699 0 -2.920699 0 -2.920699 0.004999995 -2.920699 0.004999995 -2.503457 0 -2.920699 0.004999995 -2.503457 0 -2.503457 0 -2.503457 0.004999995 -2.503457 0 -2.086214 0 -2.086214 0.004999995 -2.503457 0.004999995 -2.086214 0 -2.086214 0.004999995 -2.086214 0.004999995 -1.668971 0 -2.086214 0.004999995 -1.668971 0 -1.668971 0 -1.668971 0.004999995 -1.668971 0.004999995 -1.251728 0 -1.668971 0.004999995 -1.251728 0 -1.251728 0 -1.251728 0.004999995 -1.251728 0.004999995 -0.834486 0 -1.251728 0.004999995 -0.834486 0 -0.834486 0 -0.834486 0.004999995 -0.834486 0 -0.417243 0 -0.417243 0.004999995 -0.834486 0.004999995 -0.417243 0 -0.417243 0.004999995 -0.417243 0.004999995 0 0 -0.417243 0.004999995 0 0 0 0 0 0.004999995 0 0.004999995 0.417243 0 0 0.004999995 0.417243 0 0.417243 0 0.417243 0.004999995 0.417243 0 0.834486 0 0.834486 0.004999995 0.417243 0.004999995 0.834486 0 0.834486 0.004999995 0.834486 0.004999995 1.251728 0 0.834486 0.004999995 1.251728 0 1.251728 0 1.251728 0.004999995 1.251728 0.004999995 1.668971 0 1.251728 0.004999995 1.668971 0 1.668971 0 1.668971 0.004999995 1.668971 0.004999995 2.086214 0 1.668971 0.004999995 2.086214 0 2.086214 0 2.086214 0.004999995 2.086214 0 2.503457 0 2.503457 0.004999995 2.086214 0.004999995 2.503457 0 2.503457 0.004999995 2.503457 0.004999995 2.920699 0 2.503457 0.004999995 2.920699 0 2.920699 0 2.920699 0.004999995 2.920699 0.004999995 3.337942 0 2.920699 0.004999995 3.337942 0 3.337942 0 3.337942 0.004999995 3.337942 0.004999995 3.755185 0 3.337942 0.004999995 3.755185 0 3.755185 0 3.755185 0.004999995 3.755185 0 4.172428 0 4.172428 0.004999995 3.755185 0.004999995 4.172428 0 4.172428 0.004999995 4.172428 0.004999995 4.58967 0 4.172428 0.004999995 4.58967 0 4.58967 0 4.58967 0.004999995 4.58967 0.004999995 5.006913 0 4.58967 0.004999995 5.006913 0 5.006913 0 5.006913 0.004999995 5.006913 0.004999995 5.424156 0 5.006913 0.004999995 5.424156 0 5.424156 0 5.424156 0.004999995 5.424156 0 5.841399 0 5.841399 0.004999995 5.424156 0.004999995 5.841399 0 5.841399 0.004999995 5.841399 0.004999995 6.258642 0 5.841399 0.004999995 6.258642 0 6.258642 0 6.258642 0.004999995 6.258642 0.004999995 6.675885 0 6.258642 0.004999995 6.675885 0 6.675885 0 6.675885 0.004999995 6.675885 0 7.093127 0 7.093127 0.004999995 6.675885 0.004999995 7.093127 0 7.093127 0.004999995 7.093127 0.004999995 7.51037 0 7.093127 0.004999995 7.51037 0 7.51037 0 7.51037 0.004999995 7.51037 0.004999995 7.927613 0 7.51037 0.004999995 7.927613 0 7.927613 0 7.927613 0.004999995 7.927613 0.004999995 8.344856 0 7.927613 0.004999995 8.344856 0 8.344856 0 8.344856 0.004999995 8.344856 0 8.762098 0 8.762098 0.004999995 8.344856 0.004999995 8.762098 0 8.762098 0.004999995 8.762098 0.004999995 9.179341 0 8.762098 0.004999995 9.179341 0 9.179341 0 9.179341 0.004999995 9.179341 0.004999995 9.596584 0 9.179341 0.004999995 9.596584 0 9.596584 0 9.596584 0.004999995 9.596584 0.004999995 10.01383 0 9.596584 0.004999995 10.01383 0 10.01383 0 10.01383 0.004999995 10.01383 0 10.43107 0 10.43107 0.004999995 10.01383 0.004999995 10.43107 0 10.43107 0.004999995 10.43107 0.004999995 10.84831 0 10.43107 0.004999995 10.84831 0 10.84831 0 10.84831 0.004999995 10.84831 0.004999995 11.26555 0 10.84831 0.004999995 11.26555 0 11.26555 0 11.26555 0.004999995 11.26555 0.004999995 11.6828 0 11.26555 0.004999995 11.6828 0 11.6828 0 11.6828 0.004999995 11.6828 0 12.10004 0 12.10004 0.004999995 11.6828 0.004999995 12.10004 0 12.10004 0.004999995 12.10004 0.004999995 12.51728 0 12.10004 0.004999995 12.51728 0 12.51728 0 12.51728 0.004999995 12.51728 0.004999995 12.93453 -3.01245 -0.477125 3.01245 -0.477125 -3.05 0 -3.05 0 3.01245 -0.477125 3.05 0 -3.05 0 3.05 0 -3.01245 0.477125 -3.01245 0.477125 3.05 0 3.01245 0.477125 -3.01245 0.477125 3.01245 0.477125 -2.900722 0.942502 -2.900722 0.942502 3.01245 0.477125 2.900722 0.942502 -2.900722 0.942502 2.900722 0.942502 -2.71757 1.384671 -2.71757 1.384671 2.900722 0.942502 2.71757 1.384671 -2.71757 1.384671 2.71757 1.384671 -2.467502 1.792745 -2.467502 1.792745 2.71757 1.384671 2.467502 1.792745 -2.467502 1.792745 2.467502 1.792745 -2.156676 2.156676 -2.156676 2.156676 2.467502 1.792745 2.156676 2.156676 -2.156676 2.156676 2.156676 2.156676 -1.792745 2.467502 -1.792745 2.467502 2.156676 2.156676 1.792745 2.467502 -1.792745 2.467502 1.792745 2.467502 -1.384671 2.71757 -1.384671 2.71757 1.792745 2.467502 1.384671 2.71757 -1.384671 2.71757 1.384671 2.71757 -0.942502 2.900722 -0.942502 2.900722 1.384671 2.71757 0.942502 2.900722 -0.942502 2.900722 0.942502 2.900722 -0.477125 3.01245 -0.477125 3.01245 0.942502 2.900722 0.477125 3.01245 -0.477125 3.01245 0.477125 3.01245 0 3.05 3.01245 -0.477125 -3.01245 -0.477125 2.900722 -0.942502 2.900722 -0.942502 -3.01245 -0.477125 -2.900722 -0.942502 2.900722 -0.942502 -2.900722 -0.942502 2.71757 -1.384671 2.71757 -1.384671 -2.900722 -0.942502 -2.71757 -1.384671 2.71757 -1.384671 -2.71757 -1.384671 2.467502 -1.792745 2.467502 -1.792745 -2.71757 -1.384671 -2.467502 -1.792745 2.467502 -1.792745 -2.467502 -1.792745 2.156676 -2.156676 2.156676 -2.156676 -2.467502 -1.792745 -2.156676 -2.156676 2.156676 -2.156676 -2.156676 -2.156676 1.792745 -2.467502 1.792745 -2.467502 -2.156676 -2.156676 -1.792745 -2.467502 1.792745 -2.467502 -1.792745 -2.467502 1.384671 -2.71757 1.384671 -2.71757 -1.792745 -2.467502 -1.384671 -2.71757 1.384671 -2.71757 -1.384671 -2.71757 0.942502 -2.900722 0.942502 -2.900722 -1.384671 -2.71757 -0.942502 -2.900722 0.942502 -2.900722 -0.942502 -2.900722 0.477125 -3.01245 0.477125 -3.01245 -0.942502 -2.900722 -0.477125 -3.01245 0.477125 -3.01245 -0.477125 -3.01245 0 -3.05 -0.141421 -9.413285 -0.141421 -9.896018 0.141421 -9.896018 0.141421 9.896018 -0.141421 9.896018 -0.141421 9.413285 0.141421 9.896018 -0.141421 9.413285 0.141421 9.401218 0.141421 9.401218 -0.141421 9.413285 -0.141421 8.930552 0.141421 9.401218 -0.141421 8.930552 0.141421 8.906415 0.141421 8.906415 -0.141421 8.930552 -0.141421 8.44782 0.141421 8.906415 -0.141421 8.44782 0.141421 8.411615 0.141421 8.411615 -0.141421 8.44782 -0.141421 7.965087 0.141421 8.411615 -0.141421 7.965087 0.141421 7.916814 0.141421 7.916814 -0.141421 7.965087 -0.141421 7.482354 0.141421 7.916814 -0.141421 7.482354 0.141421 7.422013 0.141421 7.422013 -0.141421 7.482354 -0.141421 6.999622 0.141421 7.422013 -0.141421 6.999622 0.141421 6.927212 0.141421 6.927212 -0.141421 6.999622 -0.141421 6.516889 0.141421 6.927212 -0.141421 6.516889 0.141421 6.432412 0.141421 6.432412 -0.141421 6.516889 -0.141421 6.034157 0.141421 6.432412 -0.141421 6.034157 0.141421 5.937611 0.141421 5.937611 -0.141421 6.034157 -0.141421 5.551425 0.141421 5.937611 -0.141421 5.551425 0.141421 5.44281 0.141421 5.44281 -0.141421 5.551425 -0.141421 5.068692 0.141421 5.44281 -0.141421 5.068692 0.141421 4.948009 0.141421 4.948009 -0.141421 5.068692 -0.141421 4.585959 0.141421 4.948009 -0.141421 4.585959 0.141421 4.453207 0.141421 4.453207 -0.141421 4.585959 -0.141421 4.103227 0.141421 4.453207 -0.141421 4.103227 0.141421 3.958407 0.141421 3.958407 -0.141421 4.103227 -0.141421 3.620494 0.141421 3.958407 -0.141421 3.620494 0.141421 3.463606 0.141421 3.463606 -0.141421 3.620494 -0.141421 3.137762 0.141421 3.463606 -0.141421 3.137762 0.141421 2.968805 0.141421 2.968805 -0.141421 3.137762 -0.141421 2.655029 0.141421 2.968805 -0.141421 2.655029 0.141421 2.474004 0.141421 2.474004 -0.141421 2.655029 -0.141421 2.172296 0.141421 2.474004 -0.141421 2.172296 0.141421 1.979203 0.141421 1.979203 -0.141421 2.172296 -0.141421 1.689564 0.141421 1.979203 -0.141421 1.689564 0.141421 1.484403 0.141421 1.484403 -0.141421 1.689564 -0.141421 1.206831 0.141421 1.484403 -0.141421 1.206831 0.141421 0.989602 0.141421 0.989602 -0.141421 1.206831 -0.141421 0.724099 0.141421 0.989602 -0.141421 0.724099 0.141421 0.494801 0.141421 0.494801 -0.141421 0.724099 -0.141421 0.241366 0.141421 0.494801 -0.141421 0.241366 0.141421 0 0.141421 0 -0.141421 0.241366 -0.141421 -0.241366 0.141421 0 -0.141421 -0.241366 0.141421 -0.494801 0.141421 -0.494801 -0.141421 -0.241366 -0.141421 -0.724099 0.141421 -0.494801 -0.141421 -0.724099 0.141421 -0.989602 0.141421 -0.989602 -0.141421 -0.724099 -0.141421 -1.206831 0.141421 -0.989602 -0.141421 -1.206831 0.141421 -1.484403 0.141421 -1.484403 -0.141421 -1.206831 -0.141421 -1.689564 0.141421 -1.484403 -0.141421 -1.689564 0.141421 -1.979203 0.141421 -1.979203 -0.141421 -1.689564 -0.141421 -2.172296 0.141421 -1.979203 -0.141421 -2.172296 0.141421 -2.474004 0.141421 -2.474004 -0.141421 -2.172296 -0.141421 -2.655029 0.141421 -2.474004 -0.141421 -2.655029 0.141421 -2.968805 0.141421 -2.968805 -0.141421 -2.655029 -0.141421 -3.137762 0.141421 -2.968805 -0.141421 -3.137762 0.141421 -3.463606 0.141421 -3.463606 -0.141421 -3.137762 -0.141421 -3.620494 0.141421 -3.463606 -0.141421 -3.620494 0.141421 -3.958407 0.141421 -3.958407 -0.141421 -3.620494 -0.141421 -4.103227 0.141421 -3.958407 -0.141421 -4.103227 0.141421 -4.453207 0.141421 -4.453207 -0.141421 -4.103227 -0.141421 -4.585959 0.141421 -4.453207 -0.141421 -4.585959 0.141421 -4.948009 0.141421 -4.948009 -0.141421 -4.585959 -0.141421 -5.068692 0.141421 -4.948009 -0.141421 -5.068692 0.141421 -5.44281 0.141421 -5.44281 -0.141421 -5.068692 -0.141421 -5.551425 0.141421 -5.44281 -0.141421 -5.551425 0.141421 -5.937611 0.141421 -5.937611 -0.141421 -5.551425 -0.141421 -6.034157 0.141421 -5.937611 -0.141421 -6.034157 0.141421 -6.432412 0.141421 -6.432412 -0.141421 -6.034157 -0.141421 -6.516889 0.141421 -6.432412 -0.141421 -6.516889 0.141421 -6.927212 0.141421 -6.927212 -0.141421 -6.516889 -0.141421 -6.999622 0.141421 -6.927212 -0.141421 -6.999622 0.141421 -7.422013 0.141421 -7.422013 -0.141421 -6.999622 -0.141421 -7.482354 0.141421 -7.422013 -0.141421 -7.482354 0.141421 -7.916814 0.141421 -7.916814 -0.141421 -7.482354 -0.141421 -7.965087 0.141421 -7.916814 -0.141421 -7.965087 0.141421 -8.411615 0.141421 -8.411615 -0.141421 -7.965087 -0.141421 -8.44782 0.141421 -8.411615 -0.141421 -8.44782 0.141421 -8.906415 0.141421 -8.906415 -0.141421 -8.44782 -0.141421 -8.930552 0.141421 -8.906415 -0.141421 -8.930552 0.141421 -9.401218 0.141421 -9.401218 -0.141421 -8.930552 -0.141421 -9.413285 0.141421 -9.401218 -0.141421 -9.413285 0.141421 -9.896018 0.01999998 -7.343472 -0.94 -7.343472 0.01999998 -7.775442 0.01999998 -7.775442 -0.94 -7.343472 -0.94 -7.775442 0.01999998 7.775442 -0.94 7.775442 0.01999998 7.343472 0.01999998 7.343472 -0.94 7.775442 -0.94 7.343472 0.01999998 7.343472 -0.94 7.343472 0.01999998 6.911503 0.01999998 6.911503 -0.94 7.343472 -0.94 6.911503 0.01999998 6.911503 -0.94 6.911503 0.01999998 6.479535 0.01999998 6.479535 -0.94 6.911503 -0.94 6.479535 0.01999998 6.479535 -0.94 6.479535 0.01999998 6.047565 0.01999998 6.047565 -0.94 6.479535 -0.94 6.047565 0.01999998 6.047565 -0.94 6.047565 0.01999998 5.615597 0.01999998 5.615597 -0.94 6.047565 -0.94 5.615597 0.01999998 5.615597 -0.94 5.615597 0.01999998 5.183628 0.01999998 5.183628 -0.94 5.615597 -0.94 5.183628 0.01999998 5.183628 -0.94 5.183628 0.01999998 4.751658 0.01999998 4.751658 -0.94 5.183628 -0.94 4.751658 0.01999998 4.751658 -0.94 4.751658 0.01999998 4.31969 0.01999998 4.31969 -0.94 4.751658 -0.94 4.31969 0.01999998 4.31969 -0.94 4.31969 0.01999998 3.887721 0.01999998 3.887721 -0.94 4.31969 -0.94 3.887721 0.01999998 3.887721 -0.94 3.887721 0.01999998 3.455752 0.01999998 3.455752 -0.94 3.887721 -0.94 3.455752 0.01999998 3.455752 -0.94 3.455752 0.01999998 3.023783 0.01999998 3.023783 -0.94 3.455752 -0.94 3.023783 0.01999998 3.023783 -0.94 3.023783 0.01999998 2.591814 0.01999998 2.591814 -0.94 3.023783 -0.94 2.591814 0.01999998 2.591814 -0.94 2.591814 0.01999998 2.159845 0.01999998 2.159845 -0.94 2.591814 -0.94 2.159845 0.01999998 2.159845 -0.94 2.159845 0.01999998 1.727876 0.01999998 1.727876 -0.94 2.159845 -0.94 1.727876 0.01999998 1.727876 -0.94 1.727876 0.01999998 1.295907 0.01999998 1.295907 -0.94 1.727876 -0.94 1.295907 0.01999998 1.295907 -0.94 1.295907 0.01999998 0.863938 0.01999998 0.863938 -0.94 1.295907 -0.94 0.863938 0.01999998 0.863938 -0.94 0.863938 0.01999998 0.431969 0.01999998 0.431969 -0.94 0.863938 -0.94 0.431969 0.01999998 0.431969 -0.94 0.431969 0.01999998 0 0.01999998 0 -0.94 0.431969 -0.94 0 0.01999998 0 -0.94 0 0.01999998 -0.431969 0.01999998 -0.431969 -0.94 0 -0.94 -0.431969 0.01999998 -0.431969 -0.94 -0.431969 0.01999998 -0.863938 0.01999998 -0.863938 -0.94 -0.431969 -0.94 -0.863938 0.01999998 -0.863938 -0.94 -0.863938 0.01999998 -1.295907 0.01999998 -1.295907 -0.94 -0.863938 -0.94 -1.295907 0.01999998 -1.295907 -0.94 -1.295907 0.01999998 -1.727876 0.01999998 -1.727876 -0.94 -1.295907 -0.94 -1.727876 0.01999998 -1.727876 -0.94 -1.727876 0.01999998 -2.159845 0.01999998 -2.159845 -0.94 -1.727876 -0.94 -2.159845 0.01999998 -2.159845 -0.94 -2.159845 0.01999998 -2.591814 0.01999998 -2.591814 -0.94 -2.159845 -0.94 -2.591814 0.01999998 -2.591814 -0.94 -2.591814 0.01999998 -3.023783 0.01999998 -3.023783 -0.94 -2.591814 -0.94 -3.023783 0.01999998 -3.023783 -0.94 -3.023783 0.01999998 -3.455752 0.01999998 -3.455752 -0.94 -3.023783 -0.94 -3.455752 0.01999998 -3.455752 -0.94 -3.455752 0.01999998 -3.887721 0.01999998 -3.887721 -0.94 -3.455752 -0.94 -3.887721 0.01999998 -3.887721 -0.94 -3.887721 0.01999998 -4.31969 0.01999998 -4.31969 -0.94 -3.887721 -0.94 -4.31969 0.01999998 -4.31969 -0.94 -4.31969 0.01999998 -4.751658 0.01999998 -4.751658 -0.94 -4.31969 -0.94 -4.751658 0.01999998 -4.751658 -0.94 -4.751658 0.01999998 -5.183628 0.01999998 -5.183628 -0.94 -4.751658 -0.94 -5.183628 0.01999998 -5.183628 -0.94 -5.183628 0.01999998 -5.615597 0.01999998 -5.615597 -0.94 -5.183628 -0.94 -5.615597 0.01999998 -5.615597 -0.94 -5.615597 0.01999998 -6.047565 0.01999998 -6.047565 -0.94 -5.615597 -0.94 -6.047565 0.01999998 -6.047565 -0.94 -6.047565 0.01999998 -6.479535 0.01999998 -6.479535 -0.94 -6.047565 -0.94 -6.479535 0.01999998 -6.479535 -0.94 -6.479535 0.01999998 -6.911503 0.01999998 -6.911503 -0.94 -6.479535 -0.94 -6.911503 0.01999998 -6.911503 -0.94 -6.911503 0.01999998 -7.343472 0.01999998 -7.343472 -0.94 -6.911503 -0.94 -7.343472 -0.141421 -4.244516 0 -4.232423 -0.141421 -3.809181 -0.141421 -3.809181 0 -4.232423 0 -3.809181 -0.141421 -3.809181 0 -3.809181 0 -3.385939 0 -4.232423 -0.141421 -4.244516 0 -4.655665 0 -4.655665 -0.141421 -4.244516 -0.141421 -4.679851 0 -4.655665 -0.141421 -4.679851 0 -5.078908 0 -5.078908 -0.141421 -4.679851 -0.141421 -5.115186 0 -5.078908 -0.141421 -5.115186 0 -5.502151 0 -5.502151 -0.141421 -5.115186 -0.141421 -5.550521 0 -5.502151 -0.141421 -5.550521 0 -5.925393 0 -5.925393 -0.141421 -5.550521 -0.141421 -5.985856 0 -5.925393 -0.141421 -5.985856 0 -6.348635 0 -6.348635 -0.141421 -5.985856 -0.141421 -6.421191 0 -6.348635 -0.141421 -6.421191 0 -6.771877 0 -6.771877 -0.141421 -6.421191 -0.141421 -6.856526 0 -6.771877 -0.141421 -6.856526 0 -7.195119 0 -7.195119 -0.141421 -6.856526 -0.141421 -7.291862 0 -7.195119 -0.141421 -7.291862 0 -7.618362 0 7.618362 -0.141421 7.944863 -0.141421 7.509529 0 7.618362 -0.141421 7.509529 0 7.195119 0 7.195119 -0.141421 7.509529 -0.141421 7.074193 0 7.195119 -0.141421 7.074193 0 6.771877 0 6.771877 -0.141421 7.074193 -0.141421 6.638858 0 6.771877 -0.141421 6.638858 0 6.348635 0 6.348635 -0.141421 6.638858 -0.141421 6.203524 0 6.348635 -0.141421 6.203524 0 5.925393 0 5.925393 -0.141421 6.203524 -0.141421 5.768188 0 5.925393 -0.141421 5.768188 0 5.502151 0 5.502151 -0.141421 5.768188 -0.141421 5.332853 0 5.502151 -0.141421 5.332853 0 5.078908 0 5.078908 -0.141421 5.332853 -0.141421 4.897519 0 5.078908 -0.141421 4.897519 0 4.655665 0 4.655665 -0.141421 4.897519 -0.141421 4.462183 0 4.655665 -0.141421 4.462183 0 4.232423 0 4.232423 -0.141421 4.462183 -0.141421 4.026848 0 4.232423 -0.141421 4.026848 0 3.809181 0 3.809181 -0.141421 4.026848 -0.141421 3.591514 0 3.809181 -0.141421 3.591514 0 3.385939 0 3.385939 -0.141421 3.591514 -0.141421 3.156179 0 3.385939 -0.141421 3.156179 0 2.962696 0 2.962696 -0.141421 3.156179 -0.141421 2.720844 0 2.962696 -0.141421 2.720844 0 2.539454 0 2.539454 -0.141421 2.720844 -0.141421 2.285509 0 2.539454 -0.141421 2.285509 0 2.116212 0 2.116212 -0.141421 2.285509 -0.141421 1.850174 0 2.116212 -0.141421 1.850174 0 1.692969 0 1.692969 -0.141421 1.850174 -0.141421 1.414839 0 1.692969 -0.141421 1.414839 0 1.269727 0 1.269727 -0.141421 1.414839 -0.141421 0.979504 0 1.269727 -0.141421 0.979504 0 0.846485 0 0.846485 -0.141421 0.979504 -0.141421 0.544169 0 0.846485 -0.141421 0.544169 0 0.423242 0 0.423242 -0.141421 0.544169 -0.141421 0.108834 0 0.423242 -0.141421 0.108834 0 0 0 0 -0.141421 0.108834 -0.141421 -0.326501 0 0 -0.141421 -0.326501 0 -0.423242 0 -0.423242 -0.141421 -0.326501 -0.141421 -0.761836 0 -0.423242 -0.141421 -0.761836 0 -0.846485 0 -0.846485 -0.141421 -0.761836 -0.141421 -1.197171 0 -0.846485 -0.141421 -1.197171 0 -1.269727 0 -1.269727 -0.141421 -1.197171 -0.141421 -1.632506 0 -1.269727 -0.141421 -1.632506 0 -1.692969 0 -1.692969 -0.141421 -1.632506 -0.141421 -2.067841 0 -1.692969 -0.141421 -2.067841 0 -2.116212 0 -2.116212 -0.141421 -2.067841 -0.141421 -2.503176 0 -2.116212 -0.141421 -2.503176 0 -2.539454 0 -2.539454 -0.141421 -2.503176 -0.141421 -2.938511 0 -2.539454 -0.141421 -2.938511 0 -2.962696 0 -2.962696 -0.141421 -2.938511 -0.141421 -3.373846 0 -2.962696 -0.141421 -3.373846 0 -3.385939 0 -3.385939 -0.141421 -3.373846 -0.141421 -3.809181 -1.780559 -0.183598 -2.353506 -0.318804 -1.707153 -0.538263 -1.707153 -0.538263 -2.353506 -0.318804 -2.258759 -0.733915 -1.707153 -0.538263 -2.258759 -0.733915 -2.091414 -1.125438 -2.353506 -0.318804 -1.780559 -0.183598 -2.372609 0.106554 -2.372609 0.106554 -1.780559 -0.183598 -1.781069 0.1785849 -2.372609 0.106554 -1.781069 0.1785849 -2.315454 0.528487 -2.315454 0.528487 -1.781069 0.1785849 -1.708662 0.533456 -2.315454 0.528487 -1.708662 0.533456 -2.183879 0.933434 -2.183879 0.933434 -1.708662 0.533456 -1.566302 0.866487 -2.183879 0.933434 -1.566302 0.866487 -1.982112 1.30838 -1.982112 1.30838 -1.566302 0.866487 -1.359817 1.164044 -1.982112 1.30838 -1.359817 1.164044 -1.716638 1.641274 -1.716638 1.641274 -1.359817 1.164044 -1.097661 1.413945 -1.716638 1.641274 -1.097661 1.413945 -1.39599 1.921415 -1.39599 1.921415 -1.097661 1.413945 -0.790567 1.605959 -1.39599 1.921415 -0.790567 1.605959 -1.030474 2.139801 -1.030474 2.139801 -0.790567 1.605959 -0.631838 2.289412 -0.631838 2.289412 -0.790567 1.605959 -0.451107 1.732225 -0.631838 2.289412 -0.451107 1.732225 -0.212893 2.365439 -0.212893 2.365439 -0.451107 1.732225 -0.09317797 1.787573 -0.212893 2.365439 -0.09317797 1.787573 0.212893 2.365439 0.212893 2.365439 -0.09317797 1.787573 0.268565 1.769738 0.212893 2.365439 0.268565 1.769738 0.631838 2.289412 0.631838 2.289412 0.268565 1.769738 0.619313 1.67945 0.631838 2.289412 0.619313 1.67945 1.030474 2.139801 1.030474 2.139801 0.619313 1.67945 0.944707 1.520404 1.030474 2.139801 0.944707 1.520404 1.39599 1.921415 1.39599 1.921415 0.944707 1.520404 1.231423 1.299114 1.39599 1.921415 1.231423 1.299114 1.716638 1.641274 1.716638 1.641274 1.231423 1.299114 1.467726 1.024637 1.716638 1.641274 1.467726 1.024637 1.982112 1.30838 1.982112 1.30838 1.467726 1.024637 1.643939 0.708212 1.982112 1.30838 1.643939 0.708212 2.183879 0.933434 2.183879 0.933434 1.643939 0.708212 2.315454 0.528487 2.315454 0.528487 1.643939 0.708212 1.75285 0.362792 2.315454 0.528487 1.75285 0.362792 2.372609 0.106554 2.372609 0.106554 1.75285 0.362792 1.789998 0.002518951 2.372609 0.106554 1.789998 0.002518951 2.353506 -0.318804 2.353506 -0.318804 1.789998 0.002518951 1.753864 -0.357856 2.353506 -0.318804 1.753864 -0.357856 2.258759 -0.733915 2.258759 -0.733915 1.753864 -0.357856 1.645926 -0.703581 2.258759 -0.733915 1.645926 -0.703581 2.091414 -1.125438 2.091414 -1.125438 1.645926 -0.703581 1.470604 -1.020501 2.091414 -1.125438 1.470604 -1.020501 1.85685 -1.480788 1.85685 -1.480788 1.470604 -1.020501 1.235076 -1.295642 1.85685 -1.480788 1.235076 -1.295642 1.562604 -1.788545 1.562604 -1.788545 1.235076 -1.295642 0.948983 -1.517739 1.562604 -1.788545 0.948983 -1.517739 1.218136 -2.038816 1.218136 -2.038816 0.948983 -1.517739 0.624038 -1.6777 1.218136 -2.038816 0.624038 -1.6777 0.834515 -2.223558 0.834515 -2.223558 0.624038 -1.6777 0.424073 -2.336833 0.424073 -2.336833 0.624038 -1.6777 0.273546 -1.768975 0.424073 -2.336833 0.273546 -1.768975 0 -2.375 0 -2.375 0.273546 -1.768975 -0.08814597 -1.787828 0 -2.375 -0.08814597 -1.787828 -0.424073 -2.336833 -0.424073 -2.336833 -0.08814597 -1.787828 -0.446229 -1.733488 -0.424073 -2.336833 -0.446229 -1.733488 -0.834515 -2.223558 -0.834515 -2.223558 -0.446229 -1.733488 -0.786043 -1.608178 -0.834515 -2.223558 -0.786043 -1.608178 -1.218136 -2.038816 -1.218136 -2.038816 -0.786043 -1.608178 -1.093676 -1.417029 -1.218136 -2.038816 -1.093676 -1.417029 -1.562604 -1.788545 -1.562604 -1.788545 -1.093676 -1.417029 -1.356535 -1.167867 -1.562604 -1.788545 -1.356535 -1.167867 -1.85685 -1.480788 -1.85685 -1.480788 -1.356535 -1.167867 -1.563856 -0.870893 -1.85685 -1.480788 -1.563856 -0.870893 -2.091414 -1.125438 -2.091414 -1.125438 -1.563856 -0.870893 -1.707153 -0.538263 0 5.24368 0.02309399 5.605313 0 5.605313 0 -5.605313 0.02309399 -5.605313 0.02309399 -5.24368 0 -5.605313 0.02309399 -5.24368 0 -5.24368 0 -5.24368 0.02309399 -5.24368 0.02309399 -4.882047 0 -5.24368 0.02309399 -4.882047 0 -4.882047 0 -4.882047 0.02309399 -4.882047 0.02309399 -4.520413 0 -4.882047 0.02309399 -4.520413 0 -4.520413 0 -4.520413 0.02309399 -4.520413 0.02309399 -4.158781 0 -4.520413 0.02309399 -4.158781 0 -4.158781 0 -4.158781 0.02309399 -4.158781 0.02309399 -3.797148 0 -4.158781 0.02309399 -3.797148 0 -3.797148 0 -3.797148 0.02309399 -3.797148 0.02309399 -3.435514 0 -3.797148 0.02309399 -3.435514 0 -3.435514 0 -3.435514 0.02309399 -3.435514 0.02309399 -3.073881 0 -3.435514 0.02309399 -3.073881 0 -3.073881 0 -3.073881 0.02309399 -3.073881 0.02309399 -2.712248 0 -3.073881 0.02309399 -2.712248 0 -2.712248 0 -2.712248 0.02309399 -2.712248 0.02309399 -2.350615 0 -2.712248 0.02309399 -2.350615 0 -2.350615 0 -2.350615 0.02309399 -2.350615 0.02309399 -1.988982 0 -2.350615 0.02309399 -1.988982 0 -1.988982 0 -1.988982 0.02309399 -1.988982 0.02309399 -1.627349 0 -1.988982 0.02309399 -1.627349 0 -1.627349 0 -1.627349 0.02309399 -1.627349 0.02309399 -1.265716 0 -1.627349 0.02309399 -1.265716 0 -1.265716 0 -1.265716 0.02309399 -1.265716 0.02309399 -0.904083 0 -1.265716 0.02309399 -0.904083 0 -0.904083 0 -0.904083 0.02309399 -0.904083 0.02309399 -0.54245 0 -0.904083 0.02309399 -0.54245 0 -0.54245 0 -0.54245 0.02309399 -0.54245 0.02309399 -0.180817 0 -0.54245 0.02309399 -0.180817 0 -0.180817 0 -0.180817 0.02309399 -0.180817 0.02309399 0.180817 0 -0.180817 0.02309399 0.180817 0 0.180817 0 0.180817 0.02309399 0.180817 0.02309399 0.54245 0 0.180817 0.02309399 0.54245 0 0.54245 0 0.54245 0.02309399 0.54245 0.02309399 0.904083 0 0.54245 0.02309399 0.904083 0 0.904083 0 0.904083 0.02309399 0.904083 0.02309399 1.265716 0 0.904083 0.02309399 1.265716 0 1.265716 0 1.265716 0.02309399 1.265716 0.02309399 1.627349 0 1.265716 0.02309399 1.627349 0 1.627349 0 1.627349 0.02309399 1.627349 0.02309399 1.988982 0 1.627349 0.02309399 1.988982 0 1.988982 0 1.988982 0.02309399 1.988982 0.02309399 2.350615 0 1.988982 0.02309399 2.350615 0 2.350615 0 2.350615 0.02309399 2.350615 0.02309399 2.712248 0 2.350615 0.02309399 2.712248 0 2.712248 0 2.712248 0.02309399 2.712248 0.02309399 3.073881 0 2.712248 0.02309399 3.073881 0 3.073881 0 3.073881 0.02309399 3.073881 0.02309399 3.435514 0 3.073881 0.02309399 3.435514 0 3.435514 0 3.435514 0.02309399 3.435514 0.02309399 3.797148 0 3.435514 0.02309399 3.797148 0 3.797148 0 3.797148 0.02309399 3.797148 0.02309399 4.158781 0 3.797148 0.02309399 4.158781 0 4.158781 0 4.158781 0.02309399 4.158781 0.02309399 4.520413 0 4.158781 0.02309399 4.520413 0 4.520413 0 4.520413 0.02309399 4.520413 0.02309399 4.882047 0 4.520413 0.02309399 4.882047 0 4.882047 0 4.882047 0.02309399 4.882047 0.02309399 5.24368 0 4.882047 0.02309399 5.24368 0 5.24368 0 5.24368 0.02309399 5.24368 0.02309399 5.605313 -0.87 5.260647 -0.84 5.260647 -0.87 5.623451 -0.87 5.623451 -0.84 5.260647 -0.84 5.623451 -0.87 -5.623451 -0.84 -5.623451 -0.87 -5.260647 -0.87 -5.260647 -0.84 -5.623451 -0.84 -5.260647 -0.87 -5.260647 -0.84 -5.260647 -0.87 -4.897844 -0.87 -4.897844 -0.84 -5.260647 -0.84 -4.897844 -0.87 -4.897844 -0.84 -4.897844 -0.87 -4.535041 -0.87 -4.535041 -0.84 -4.897844 -0.84 -4.535041 -0.87 -4.535041 -0.84 -4.535041 -0.87 -4.172238 -0.87 -4.172238 -0.84 -4.535041 -0.84 -4.172238 -0.87 -4.172238 -0.84 -4.172238 -0.87 -3.809434 -0.87 -3.809434 -0.84 -4.172238 -0.84 -3.809434 -0.87 -3.809434 -0.84 -3.809434 -0.87 -3.446631 -0.87 -3.446631 -0.84 -3.809434 -0.84 -3.446631 -0.87 -3.446631 -0.84 -3.446631 -0.87 -3.083828 -0.87 -3.083828 -0.84 -3.446631 -0.84 -3.083828 -0.87 -3.083828 -0.84 -3.083828 -0.87 -2.721025 -0.87 -2.721025 -0.84 -3.083828 -0.84 -2.721025 -0.87 -2.721025 -0.84 -2.721025 -0.87 -2.358221 -0.87 -2.358221 -0.84 -2.721025 -0.84 -2.358221 -0.87 -2.358221 -0.84 -2.358221 -0.87 -1.995418 -0.87 -1.995418 -0.84 -2.358221 -0.84 -1.995418 -0.87 -1.995418 -0.84 -1.995418 -0.87 -1.632615 -0.87 -1.632615 -0.84 -1.995418 -0.84 -1.632615 -0.87 -1.632615 -0.84 -1.632615 -0.87 -1.269812 -0.87 -1.269812 -0.84 -1.632615 -0.84 -1.269812 -0.87 -1.269812 -0.84 -1.269812 -0.87 -0.907008 -0.87 -0.907008 -0.84 -1.269812 -0.84 -0.907008 -0.87 -0.907008 -0.84 -0.907008 -0.87 -0.544205 -0.87 -0.544205 -0.84 -0.907008 -0.84 -0.544205 -0.87 -0.544205 -0.84 -0.544205 -0.87 -0.181402 -0.87 -0.181402 -0.84 -0.544205 -0.84 -0.181402 -0.87 -0.181402 -0.84 -0.181402 -0.87 0.181402 -0.87 0.181402 -0.84 -0.181402 -0.84 0.181402 -0.87 0.181402 -0.84 0.181402 -0.87 0.544205 -0.87 0.544205 -0.84 0.181402 -0.84 0.544205 -0.87 0.544205 -0.84 0.544205 -0.87 0.907008 -0.87 0.907008 -0.84 0.544205 -0.84 0.907008 -0.87 0.907008 -0.84 0.907008 -0.87 1.269812 -0.87 1.269812 -0.84 0.907008 -0.84 1.269812 -0.87 1.269812 -0.84 1.269812 -0.87 1.632615 -0.87 1.632615 -0.84 1.269812 -0.84 1.632615 -0.87 1.632615 -0.84 1.632615 -0.87 1.995418 -0.87 1.995418 -0.84 1.632615 -0.84 1.995418 -0.87 1.995418 -0.84 1.995418 -0.87 2.358221 -0.87 2.358221 -0.84 1.995418 -0.84 2.358221 -0.87 2.358221 -0.84 2.358221 -0.87 2.721025 -0.87 2.721025 -0.84 2.358221 -0.84 2.721025 -0.87 2.721025 -0.84 2.721025 -0.87 3.083828 -0.87 3.083828 -0.84 2.721025 -0.84 3.083828 -0.87 3.083828 -0.84 3.083828 -0.87 3.446631 -0.87 3.446631 -0.84 3.083828 -0.84 3.446631 -0.87 3.446631 -0.84 3.446631 -0.87 3.809434 -0.87 3.809434 -0.84 3.446631 -0.84 3.809434 -0.87 3.809434 -0.84 3.809434 -0.87 4.172238 -0.87 4.172238 -0.84 3.809434 -0.84 4.172238 -0.87 4.172238 -0.84 4.172238 -0.87 4.535041 -0.87 4.535041 -0.84 4.172238 -0.84 4.535041 -0.87 4.535041 -0.84 4.535041 -0.87 4.897844 -0.87 4.897844 -0.84 4.535041 -0.84 4.897844 -0.87 4.897844 -0.84 4.897844 -0.87 5.260647 -0.87 5.260647 -0.84 4.897844 -0.84 5.260647 -1.778453 -1.05 -1.742048 -1.408 -1.742048 -0.692 -1.742048 -0.692 -1.742048 -1.408 -1.634323 -0.348657 -1.634323 -0.348657 -1.742048 -1.408 -1.634323 -1.751343 -1.634323 -0.348657 -1.634323 -1.751343 -1.459689 -0.03402596 -1.459689 -0.03402596 -1.634323 -1.751343 -1.459689 -2.065974 -1.459689 -0.03402596 -1.459689 -2.065974 -1.225295 0.23901 -1.225295 0.23901 -1.459689 -2.065974 -1.225295 -2.33901 -1.225295 0.23901 -1.225295 -2.33901 -0.940738 0.459274 -0.940738 0.459274 -1.225295 -2.33901 -0.617666 0.617748 -0.617666 0.617748 -1.225295 -2.33901 -0.269307 0.707944 -0.269307 0.707944 -1.225295 -2.33901 0.09007698 0.72617 0.09007698 0.72617 -1.225295 -2.33901 0.445774 0.67168 0.445774 0.67168 -1.225295 -2.33901 0.78322 0.546703 0.78322 0.546703 -1.225295 -2.33901 1.088602 0.356357 1.088602 0.356357 -1.225295 -2.33901 1.349416 0.108435 1.349416 0.108435 -1.225295 -2.33901 1.554984 -0.186913 1.554984 -0.186913 -1.225295 -2.33901 1.696892 -0.517597 1.696892 -0.517597 -1.225295 -2.33901 1.769328 -0.870077 1.769328 -0.870077 -1.225295 -2.33901 1.769328 -1.229923 1.769328 -1.229923 -1.225295 -2.33901 1.696892 -1.582403 1.696892 -1.582403 -1.225295 -2.33901 -0.940738 -2.559274 1.696892 -1.582403 -0.940738 -2.559274 1.554984 -1.913087 1.554984 -1.913087 -0.940738 -2.559274 1.349416 -2.208435 1.349416 -2.208435 -0.940738 -2.559274 1.088602 -2.456357 1.088602 -2.456357 -0.940738 -2.559274 0.78322 -2.646703 0.78322 -2.646703 -0.940738 -2.559274 -0.617666 -2.717748 0.78322 -2.646703 -0.617666 -2.717748 0.445774 -2.77168 0.445774 -2.77168 -0.617666 -2.717748 -0.269307 -2.807945 0.445774 -2.77168 -0.269307 -2.807945 0.09007698 -2.82617 0 3.25 0.484387 3.2137 2.7546 3.25 2.7546 3.25 0.484387 3.2137 0.957954 3.105612 2.7546 3.25 0.957954 3.105612 1.410122 2.928149 1.410122 2.928149 1.83079 2.685276 2.7546 3.25 2.7546 3.25 1.83079 2.685276 2.210562 2.382419 2.7546 3.25 2.210562 2.382419 2.540952 2.026342 2.814583 1.625 3.098945 2.251522 2.540952 2.026342 2.540952 2.026342 3.098945 2.251522 2.945845 2.723245 2.540952 2.026342 2.945845 2.723245 2.7546 3.25 3.098945 2.251522 2.814583 1.625 3.220265 1.821664 3.220265 1.821664 2.814583 1.625 3.02534 1.187358 3.220265 1.821664 3.02534 1.187358 3.314398 1.423438 3.314398 1.423438 3.02534 1.187358 3.384638 1.04861 3.384638 1.04861 3.02534 1.187358 3.168516 0.723193 3.384638 1.04861 3.168516 0.723193 3.433301 0.690313 3.433301 0.690313 3.168516 0.723193 3.240912 0.242873 3.433301 0.690313 3.240912 0.242873 3.461917 0.34258 3.461917 0.34258 3.240912 0.242873 3.471361 0 3.471361 0 3.240912 0.242873 3.240912 -0.242873 3.471361 0 3.240912 -0.242873 3.461917 -0.34258 3.461917 -0.34258 3.240912 -0.242873 3.433301 -0.690313 3.433301 -0.690313 3.240912 -0.242873 3.168516 -0.723193 3.433301 -0.690313 3.168516 -0.723193 3.384638 -1.04861 3.384638 -1.04861 3.168516 -0.723193 3.02534 -1.187358 3.384638 -1.04861 3.02534 -1.187358 3.314398 -1.423438 3.314398 -1.423438 3.02534 -1.187358 3.220265 -1.821664 3.220265 -1.821664 3.02534 -1.187358 2.814583 -1.625 3.220265 -1.821664 2.814583 -1.625 3.098945 -2.251522 3.098945 -2.251522 2.814583 -1.625 2.540952 -2.026342 3.098945 -2.251522 2.540952 -2.026342 2.945845 -2.723245 2.945845 -2.723245 2.540952 -2.026342 2.7546 -3.25 2.7546 -3.25 2.540952 -2.026342 2.210562 -2.382419 2.7546 -3.25 2.210562 -2.382419 1.83079 -2.685276 1.83079 -2.685276 1.410122 -2.928149 2.7546 -3.25 2.7546 -3.25 1.410122 -2.928149 0.957954 -3.105612 2.7546 -3.25 0.957954 -3.105612 0.484387 -3.2137 0.484387 -3.2137 0 -3.25 2.7546 -3.25 -0.9954 6.83 -3.75 6.83 -0.877686 6.53049 -0.877686 6.53049 -3.75 6.83 -0.773091 6.251306 -0.773091 6.251306 -3.75 6.83 -0.597698 5.743046 -0.597698 5.743046 -3.75 6.83 -3.75 0 -0.597698 5.743046 -3.75 0 -0.460273 5.287237 -0.460273 5.287237 -3.75 0 -0.354539 4.870399 -0.354539 4.870399 -3.75 0 -0.276087 4.482034 -0.276087 4.482034 -3.75 0 -0.221873 4.113616 -0.221873 4.113616 -3.75 0 -0.189899 3.757906 -0.189899 3.757906 -3.75 0 -0.179032 3.40844 -0.179032 3.40844 -3.75 0 -0.188892 3.059119 -0.188892 3.059119 -3.75 0 -0.219823 2.703856 -0.219823 2.703856 -3.75 0 -0.272922 2.336213 -0.272922 2.336213 -3.75 0 -0.350139 1.948998 -0.350139 1.948998 -3.75 0 -0.454461 1.533762 -0.454461 1.533762 -3.75 0 -0.590224 1.080123 -0.590224 1.080123 -3.75 0 -0.763597 0.574776 -0.763597 0.574776 -3.75 0 -0.867002 0.297403 -0.867002 0.297403 -3.75 0 -0.983374 0 -1.995461 -6.594434 -1.563699 -6.378911 -1.995461 -5.980999 -1.995461 -5.980999 -1.563699 -6.378911 -1.584063 -5.97111 -1.995461 -5.980999 -1.584063 -5.97111 -1.56162 -5.563366 -1.563699 -6.378911 -1.995461 -6.594434 -1.499819 -6.784443 -1.499819 -6.784443 -1.995461 -6.594434 -1.995461 -7.20787 -1.499819 -6.784443 -1.995461 -7.20787 -1.390157 -7.185455 -1.390157 -7.185455 -1.995461 -7.20787 -1.230685 -7.579849 -1.230685 -7.579849 -1.995461 -7.20787 -1.995461 -7.821305 -1.230685 -7.579849 -1.995461 -7.821305 -1.015233 -7.965733 -1.015233 -7.965733 -1.995461 -7.821305 -1.995461 -8.434741 -1.015233 -7.965733 -1.995461 -8.434741 -0.734849 -8.34147 -0.734849 -8.34147 -1.995461 -8.434741 -0.376791 -8.705704 -0.376791 -8.705704 -1.995461 -8.434741 -1.995461 -9.048177 -0.376791 -8.705704 -1.995461 -9.048177 -0.163233 -8.883162 -0.163233 -8.883162 -1.995461 -9.048177 0.077102 -9.057369 0.077102 -9.057369 -1.995461 -9.048177 -0.321095 -9.391825 -0.321095 -9.391825 -1.995461 -9.048177 -1.995461 -9.661614 -0.321095 -9.391825 -1.995461 -9.661614 -0.639497 -9.736911 -0.639497 -9.736911 -1.995461 -9.661614 -0.891573 -10.09166 -0.891573 -10.09166 -1.995461 -9.661614 -1.995461 -10.27505 -0.891573 -10.09166 -1.995461 -10.27505 -1.087016 -10.45489 -1.087016 -10.45489 -1.995461 -10.27505 -1.995461 -10.88848 -1.087016 -10.45489 -1.995461 -10.88848 -1.232772 -10.82519 -1.232772 -10.82519 -1.995461 -10.88848 -1.333712 -11.20099 -1.333712 -11.20099 -1.995461 -10.88848 -1.995461 -11.50192 -1.333712 -11.20099 -1.995461 -11.50192 -1.393056 -11.58054 -1.393056 12.34345 -1.995461 12.42207 -1.412638 11.962 -1.412638 11.962 -1.995461 12.42207 -1.995461 11.80864 -1.412638 11.962 -1.995461 11.80864 -1.393056 11.58054 -1.393056 11.58054 -1.995461 11.80864 -1.995461 11.1952 -1.393056 11.58054 -1.995461 11.1952 -1.333712 11.20099 -1.333712 11.20099 -1.995461 11.1952 -1.232772 10.82519 -1.232772 10.82519 -1.995461 11.1952 -1.995461 10.58177 -1.232772 10.82519 -1.995461 10.58177 -1.087016 10.45489 -1.087016 10.45489 -1.995461 10.58177 -1.995461 9.968331 -1.087016 10.45489 -1.995461 9.968331 -0.891573 10.09166 -0.891573 10.09166 -1.995461 9.968331 -0.639497 9.736911 -0.639497 9.736911 -1.995461 9.968331 -1.995461 9.354895 -0.639497 9.736911 -1.995461 9.354895 -0.321095 9.391825 -0.321095 9.391825 -1.995461 9.354895 0.077102 9.057369 0.077102 9.057369 -1.995461 9.354895 -1.995461 8.741459 0.077102 9.057369 -1.995461 8.741459 -0.163233 8.883162 -0.163233 8.883162 -1.995461 8.741459 -0.376791 8.705704 -0.376791 8.705704 -1.995461 8.741459 -0.734849 8.34147 -0.734849 8.34147 -1.995461 8.741459 -1.995461 8.128024 -0.734849 8.34147 -1.995461 8.128024 -1.015233 7.965733 -1.015233 7.965733 -1.995461 8.128024 -1.995461 7.514587 -1.015233 7.965733 -1.995461 7.514587 -1.230685 7.579849 -1.230685 7.579849 -1.995461 7.514587 -1.390157 7.185455 -1.390157 7.185455 -1.995461 7.514587 -1.995461 6.901152 -1.390157 7.185455 -1.995461 6.901152 -1.499819 6.784443 -1.499819 6.784443 -1.995461 6.901152 -1.995461 6.287716 -1.499819 6.784443 -1.995461 6.287716 -1.563699 6.378911 -1.563699 6.378911 -1.995461 6.287716 -1.584063 5.97111 -1.584063 5.97111 -1.995461 6.287716 -1.995461 5.674281 -1.584063 5.97111 -1.995461 5.674281 -1.56162 5.563366 -1.56162 5.563366 -1.995461 5.674281 -1.995461 5.060844 -1.56162 5.563366 -1.995461 5.060844 -1.495587 5.158003 -1.495587 5.158003 -1.995461 5.060844 -1.383619 4.757265 -1.383619 4.757265 -1.995461 5.060844 -1.995461 4.447409 -1.383619 4.757265 -1.995461 4.447409 -1.221597 4.363241 -1.221597 4.363241 -1.995461 4.447409 -1.995461 3.833973 -1.221597 4.363241 -1.995461 3.833973 -1.003231 3.977813 -1.003231 3.977813 -1.995461 3.833973 -0.719414 3.602605 -0.719414 3.602605 -1.995461 3.833973 -1.995461 3.220537 -0.719414 3.602605 -1.995461 3.220537 -0.357183 3.238958 -0.357183 3.238958 -1.995461 3.220537 -0.141169 3.06181 -0.141169 3.06181 -1.995461 3.220537 -1.995461 2.607102 -0.141169 3.06181 -1.995461 2.607102 0.101939 2.887923 0.101939 2.887923 -1.995461 2.607102 -0.29303 2.555068 -0.29303 2.555068 -1.995461 2.607102 -0.609219 2.211754 -0.609219 2.211754 -1.995461 2.607102 -1.995461 1.993666 -0.609219 2.211754 -1.995461 1.993666 -0.859775 1.858938 -0.859775 1.858938 -1.995461 1.993666 -1.995461 1.38023 -0.859775 1.858938 -1.995461 1.38023 -1.054181 1.497794 -1.054181 1.497794 -1.995461 1.38023 -1.199245 1.129698 -1.199245 1.129698 -1.995461 1.38023 -1.995461 0.766795 -1.199245 1.129698 -1.995461 0.766795 -1.299746 0.75621 -1.299746 0.75621 -1.995461 0.766795 -1.358846 0.379039 -1.358846 0.379039 -1.995461 0.766795 -1.995461 0.1533589 -1.358846 0.379039 -1.995461 0.1533589 -1.378351 0 -1.378351 0 -1.995461 0.1533589 -1.995461 -0.460077 -1.378351 0 -1.995461 -0.460077 -1.358846 -0.379039 -1.358846 -0.379039 -1.995461 -0.460077 -1.299746 -0.75621 -1.299746 -0.75621 -1.995461 -0.460077 -1.995461 -1.073513 -1.299746 -0.75621 -1.995461 -1.073513 -1.199245 -1.129698 -1.199245 -1.129698 -1.995461 -1.073513 -1.054181 -1.497794 -1.054181 -1.497794 -1.995461 -1.073513 -1.995461 -1.686948 -1.054181 -1.497794 -1.995461 -1.686948 -0.859775 -1.858938 -0.859775 -1.858938 -1.995461 -1.686948 -1.995461 -2.300384 -0.859775 -1.858938 -1.995461 -2.300384 -0.609219 -2.211754 -0.609219 -2.211754 -1.995461 -2.300384 -0.29303 -2.555068 -0.29303 -2.555068 -1.995461 -2.300384 -1.995461 -2.91382 -0.29303 -2.555068 -1.995461 -2.91382 0.101939 -2.887923 0.101939 -2.887923 -1.995461 -2.91382 -0.141169 -3.06181 -0.141169 -3.06181 -1.995461 -2.91382 -0.357183 -3.238958 -0.357183 -3.238958 -1.995461 -2.91382 -1.995461 -3.527255 -0.357183 -3.238958 -1.995461 -3.527255 -0.719414 -3.602605 -0.719414 -3.602605 -1.995461 -3.527255 -1.003231 -3.977813 -1.003231 -3.977813 -1.995461 -3.527255 -1.995461 -4.140691 -1.003231 -3.977813 -1.995461 -4.140691 -1.221597 -4.363241 -1.221597 -4.363241 -1.995461 -4.140691 -1.995461 -4.754127 -1.221597 -4.363241 -1.995461 -4.754127 -1.383619 -4.757265 -1.383619 -4.757265 -1.995461 -4.754127 -1.495587 -5.158003 -1.495587 -5.158003 -1.995461 -4.754127 -1.995461 -5.367563 -1.495587 -5.158003 -1.995461 -5.367563 -1.56162 -5.563366 -1.56162 -5.563366 -1.995461 -5.367563 -1.995461 -5.980999 -2.7546 6.83 -2.872314 6.53049 0 6.83 0 6.83 -2.872314 6.53049 -2.976909 6.251306 0 6.83 -2.976909 6.251306 -3.152302 5.743046 0 6.83 -3.152302 5.743046 0 0 0 0 -3.152302 5.743046 -3.289727 5.287237 0 0 -3.289727 5.287237 -3.395461 4.870399 -3.395461 4.870399 -3.473912 4.482034 0 0 0 0 -3.473912 4.482034 -3.528127 4.113616 0 0 -3.528127 4.113616 -3.560101 3.757906 -3.560101 3.757906 -3.570968 3.40844 0 0 0 0 -3.570968 3.40844 -3.561108 3.059119 0 0 -3.561108 3.059119 -3.530177 2.703856 -3.530177 2.703856 -3.477078 2.336213 0 0 0 0 -3.477078 2.336213 -3.399861 1.948998 0 0 -3.399861 1.948998 -3.295539 1.533762 -3.295539 1.533762 -3.159776 1.080123 0 0 0 0 -3.159776 1.080123 -2.986403 0.574776 0 0 -2.986403 0.574776 -2.882998 0.297403 -2.882998 0.297403 -2.766626 0 0 0 -5.391544 -5.603146 -2.8 -5.105088 -5.391544 -5.105088 -5.391544 -5.105088 -2.8 -5.105088 -2.8 -4.618889 -5.391544 -5.105088 -2.8 -4.618889 -5.391544 -4.607031 -5.391544 -4.607031 -2.8 -4.618889 -2.8 -4.13269 -5.391544 -4.607031 -2.8 -4.13269 -5.391544 -4.108974 -5.391544 -4.108974 -2.8 -4.13269 -2.8 -3.646492 -5.391544 -4.108974 -2.8 -3.646492 -5.391544 -3.610916 -5.391544 -3.610916 -2.8 -3.646492 -2.8 -3.160293 -5.391544 -3.610916 -2.8 -3.160293 -5.391544 -3.112859 -5.391544 -3.112859 -2.8 -3.160293 -2.8 -2.674094 -5.391544 -3.112859 -2.8 -2.674094 -5.391544 -2.614801 -5.391544 -2.614801 -2.8 -2.674094 -2.8 -2.187895 -5.391544 -2.614801 -2.8 -2.187895 -5.391544 -2.116744 -5.391544 -2.116744 -2.8 -2.187895 -2.8 -1.701696 -5.391544 -2.116744 -2.8 -1.701696 -5.391544 -1.618686 -5.391544 -1.618686 -2.8 -1.701696 -2.8 -1.215497 -5.391544 -1.618686 -2.8 -1.215497 -5.391544 -1.120629 -5.391544 -1.120629 -2.8 -1.215497 -2.8 -0.729298 -5.391544 -1.120629 -2.8 -0.729298 -5.391544 -0.622572 -5.391544 -0.622572 -2.8 -0.729298 -2.8 -0.243099 -5.391544 -0.622572 -2.8 -0.243099 -5.391544 -0.124514 -5.391544 -0.124514 -2.8 -0.243099 -2.8 0.243099 -5.391544 -0.124514 -2.8 0.243099 -5.391544 0.373543 -5.391544 0.373543 -2.8 0.243099 -2.8 0.729298 -5.391544 0.373543 -2.8 0.729298 -5.391544 0.8716 -5.391544 0.8716 -2.8 0.729298 -2.8 1.215497 -5.391544 0.8716 -2.8 1.215497 -5.391544 1.369658 -5.391544 1.369658 -2.8 1.215497 -2.8 1.701696 -5.391544 1.369658 -2.8 1.701696 -5.391544 1.867715 -5.391544 1.867715 -2.8 1.701696 -2.8 2.187895 -5.391544 1.867715 -2.8 2.187895 -5.391544 2.365772 -5.391544 2.365772 -2.8 2.187895 -2.8 2.674094 -5.391544 2.365772 -2.8 2.674094 -5.391544 2.86383 -5.391544 2.86383 -2.8 2.674094 -2.8 3.160293 -5.391544 2.86383 -2.8 3.160293 -5.391544 3.361887 -5.391544 3.361887 -2.8 3.160293 -2.8 3.646492 -5.391544 3.361887 -2.8 3.646492 -5.391544 3.859945 -5.391544 3.859945 -2.8 3.646492 -2.8 4.13269 -5.391544 3.859945 -2.8 4.13269 -5.391544 4.358002 -5.391544 4.358002 -2.8 4.13269 -2.8 4.618889 -5.391544 4.358002 -2.8 4.618889 -5.391544 4.856059 -5.391544 4.856059 -2.8 4.618889 -2.8 5.105088 -5.391544 4.856059 -2.8 5.105088 -5.391544 5.354117 -5.391544 5.354117 -2.8 5.105088 4.03 5.591287 -5.391544 5.354117 4.03 5.591287 -5.391544 5.852174 -5.391544 5.852174 4.03 5.591287 4.03 6.077486 -5.391544 5.852174 4.03 6.077486 -5.391544 6.350232 -5.391544 6.350232 4.03 6.077486 4.03 6.563685 -5.391544 6.350232 4.03 6.563685 -5.391544 6.848289 -5.391544 6.848289 4.03 6.563685 4.03 7.049883 -5.391544 6.848289 4.03 7.049883 -5.391544 7.346346 -5.391544 7.346346 4.03 7.049883 4.03 7.536082 -5.391544 7.346346 4.03 7.536082 -5.391544 7.844404 -5.391544 7.844404 4.03 7.536082 4.03 8.022282 -5.391544 7.844404 4.03 8.022282 -5.391544 8.342461 -5.391544 8.342461 4.03 8.022282 4.03 8.508481 -5.391544 8.342461 4.03 8.508481 -5.391544 8.840519 -5.391544 8.840519 4.03 8.508481 4.03 8.99468 -5.391544 8.840519 4.03 8.99468 -5.391544 9.338576 -5.391544 9.338576 4.03 8.99468 4.03 9.480878 -5.391544 9.338576 4.03 9.480878 -5.391544 9.836634 -5.391544 9.836634 4.03 9.480878 4.03 9.967078 -5.391544 -10.58372 4.03 -10.45328 -5.391544 -10.08566 -5.391544 -10.08566 4.03 -10.45328 4.03 -9.967077 -5.391544 -10.08566 4.03 -9.967077 -5.391544 -9.587606 -5.391544 -9.587606 4.03 -9.967077 4.03 -9.480878 -5.391544 -9.587606 4.03 -9.480878 -5.391544 -9.089548 -5.391544 -9.089548 4.03 -9.480878 4.03 -8.99468 -5.391544 -9.089548 4.03 -8.99468 -5.391544 -8.59149 -5.391544 -8.59149 4.03 -8.99468 4.03 -8.508481 -5.391544 -8.59149 4.03 -8.508481 -5.391544 -8.093433 -5.391544 -8.093433 4.03 -8.508481 4.03 -8.022282 -5.391544 -8.093433 4.03 -8.022282 -5.391544 -7.595375 -5.391544 -7.595375 4.03 -8.022282 4.03 -7.536082 -5.391544 -7.595375 4.03 -7.536082 -5.391544 -7.097317 -5.391544 -7.097317 4.03 -7.536082 4.03 -7.049883 -5.391544 -7.097317 4.03 -7.049883 -5.391544 -6.59926 -5.391544 -6.59926 4.03 -7.049883 4.03 -6.563685 -5.391544 -6.59926 4.03 -6.563685 -5.391544 -6.101203 -5.391544 -6.101203 4.03 -6.563685 4.03 -6.077486 -5.391544 -6.101203 4.03 -6.077486 -5.391544 -5.603146 -5.391544 -5.603146 4.03 -6.077486 4.03 -5.591287 -5.391544 -5.603146 4.03 -5.591287 -2.8 -5.105088 -2.8 -5.105088 4.03 -5.591287 4.03 -5.105088 -2.8 5.105088 4.03 5.105088 4.03 5.591287 0 0.04976499 -0.1225 0.01694095 0.1225 0.01694095 0.1225 0.01694095 -0.1225 0.01694095 0.212176 -0.07273495 0.212176 -0.07273495 -0.1225 0.01694095 -0.212176 -0.07273495 0.212176 -0.07273495 -0.212176 -0.07273495 0.245 -0.195235 0.245 -0.195235 -0.212176 -0.07273495 -0.245 -0.195235 0.245 -0.195235 -0.245 -0.195235 0.212176 -0.317735 0.212176 -0.317735 -0.245 -0.195235 -0.212176 -0.317735 0.212176 -0.317735 -0.212176 -0.317735 0.1225 -0.407411 0.1225 -0.407411 -0.212176 -0.317735 -0.1225 -0.407411 0.1225 -0.407411 -0.1225 -0.407411 0 -0.440235 0 0.570198 0 0.70164 -0.01570796 0.696945 -0.01570796 0.696945 0 0.70164 -0.004749953 0.703398 -0.01570796 0.696945 -0.004749953 0.703398 -0.008280992 0.707201 -0.008280992 0.707201 -0.01339995 0.718152 -0.01570796 0.696945 -0.01570796 0.696945 -0.01339995 0.718152 -0.01775097 0.748757 -0.01570796 0.696945 -0.01775097 0.748757 -0.03141599 0.696945 -0.03141599 0.696945 -0.01775097 0.748757 -0.03141599 0.836333 -0.03141599 0.696945 -0.03141599 0.836333 -0.04712396 0.836333 -0.04712396 0.836333 -0.03141599 0.836333 -0.04712396 0.975722 -0.04712396 -0.696945 -0.03141599 -0.836333 -0.03141599 -0.696945 -0.04712396 -0.696945 -0.03141599 -0.696945 -0.04712396 -0.557556 -0.04712396 -0.557556 -0.03141599 -0.696945 -0.03141599 -0.557556 -0.04712396 -0.557556 -0.03141599 -0.557556 -0.04712396 -0.418167 -0.04712396 -0.418167 -0.03141599 -0.557556 -0.03141599 -0.418167 -0.04712396 -0.418167 -0.03141599 -0.418167 -0.04712396 -0.278778 -0.04712396 -0.278778 -0.03141599 -0.418167 -0.03141599 -0.278778 -0.04712396 -0.278778 -0.03141599 -0.278778 -0.04712396 -0.139389 -0.04712396 -0.139389 -0.03141599 -0.278778 -0.03141599 -0.139389 -0.04712396 -0.139389 -0.03141599 -0.139389 -0.04712396 0 -0.04712396 0 -0.03141599 -0.139389 -0.03141599 0 -0.04712396 0 -0.03141599 0 -0.04712396 0.139389 -0.04712396 0.139389 -0.03141599 0 -0.03141599 0.139389 -0.04712396 0.139389 -0.03141599 0.139389 -0.04712396 0.278778 -0.04712396 0.278778 -0.03141599 0.139389 -0.03141599 0.278778 -0.04712396 0.278778 -0.03141599 0.278778 -0.04712396 0.418167 -0.04712396 0.418167 -0.03141599 0.278778 -0.03141599 0.418167 -0.04712396 0.418167 -0.03141599 0.418167 -0.04712396 0.557556 -0.04712396 0.557556 -0.03141599 0.418167 -0.03141599 0.557556 -0.04712396 0.557556 -0.03141599 0.557556 -0.04712396 0.696945 -0.04712396 0.696945 -0.03141599 0.557556 -0.03141599 0.696945 -0.04712396 0.696945 -0.03141599 0.696945 -0.04712396 0.836333 -0.01775097 0.748757 -0.013888 0.778911 -0.03141599 0.836333 -0.03141599 0.836333 -0.013888 0.778911 -0.01570796 0.836333 -0.03141599 0.836333 -0.01570796 0.836333 -0.03141599 0.975722 -0.03141599 -0.696945 -0.01570796 -0.836333 -0.01570796 -0.696945 -0.03141599 -0.696945 -0.01570796 -0.696945 -0.03141599 -0.557556 -0.03141599 -0.557556 -0.01570796 -0.696945 -0.01570796 -0.557556 -0.03141599 -0.557556 -0.01570796 -0.557556 -0.03141599 -0.418167 -0.03141599 -0.418167 -0.01570796 -0.557556 -0.01570796 -0.418167 -0.03141599 -0.418167 -0.01570796 -0.418167 -0.03141599 -0.278778 -0.03141599 -0.278778 -0.01570796 -0.418167 -0.01570796 -0.278778 -0.03141599 -0.278778 -0.01570796 -0.278778 -0.03141599 -0.139389 -0.03141599 -0.139389 -0.01570796 -0.278778 -0.01570796 -0.139389 -0.03141599 -0.139389 -0.01570796 -0.139389 -0.03141599 0 -0.03141599 0 -0.01570796 -0.139389 -0.01570796 0 -0.03141599 0 -0.01570796 0 -0.03141599 0.139389 -0.03141599 0.139389 -0.01570796 0 -0.01570796 0.139389 -0.03141599 0.139389 -0.01570796 0.139389 -0.03141599 0.278778 -0.03141599 0.278778 -0.01570796 0.139389 -0.01570796 0.278778 -0.03141599 0.278778 -0.01570796 0.278778 -0.03141599 0.418167 -0.03141599 0.418167 -0.01570796 0.278778 -0.01570796 0.418167 -0.03141599 0.418167 -0.01570796 0.418167 -0.03141599 0.557556 -0.03141599 0.557556 -0.01570796 0.418167 -0.01570796 0.557556 -0.03141599 0.557556 -0.01570796 0.557556 -0.03141599 0.696945 -0.03141599 0.696945 -0.01570796 0.557556 -0.01570796 0.696945 -0.013888 0.778911 -0.009308993 0.789854 -0.01570796 0.836333 -0.01570796 0.836333 -0.009308993 0.789854 -0.005705952 0.794443 -0.01570796 0.836333 -0.005705952 0.794443 -0.003088951 0.796265 -0.003088951 0.796265 0 0.797001 -0.01570796 0.836333 -0.01570796 -0.836333 0 -0.875666 0 -0.744224 -0.01570796 -0.836333 0 -0.744224 -0.01570796 -0.696945 -0.01570796 -0.696945 0 -0.744224 0 -0.612781 -0.01570796 -0.696945 0 -0.612781 -0.01570796 -0.557556 -0.01570796 -0.557556 0 -0.612781 0 -0.481339 -0.01570796 -0.557556 0 -0.481339 -0.01570796 -0.418167 -0.01570796 -0.418167 0 -0.481339 0 -0.349897 -0.01570796 -0.418167 0 -0.349897 -0.01570796 -0.278778 -0.01570796 -0.278778 0 -0.349897 0 -0.218455 -0.01570796 -0.278778 0 -0.218455 -0.01570796 -0.139389 -0.01570796 -0.139389 0 -0.218455 0 -0.087013 -0.01570796 -0.139389 0 -0.087013 -0.01570796 0 -0.01570796 0 0 -0.087013 0 0.044429 -0.01570796 0 0 0.044429 -0.01570796 0.139389 -0.01570796 0.139389 0 0.044429 0 0.175872 -0.01570796 0.139389 0 0.175872 -0.01570796 0.278778 -0.01570796 0.278778 0 0.175872 0 0.307314 -0.01570796 0.278778 0 0.307314 -0.01570796 0.418167 -0.01570796 0.418167 0 0.307314 0 0.438756 -0.01570796 0.418167 0 0.438756 -0.01570796 0.557556 -0.01570796 0.557556 0 0.438756 0 0.570198 -0.01570796 0.557556 0 0.570198 -0.01570796 0.696945 -0.06999999 0.391338 0.1 0.391338 -0.06999999 0.527119 -0.06999999 0.527119 0.1 0.391338 0.1 0.527119 -0.06999999 0.527119 0.1 0.527119 -0.06999999 0.6629 -0.06999999 0.6629 0.1 0.527119 0.1 0.6629 -0.06999999 0.6629 0.1 0.6629 -0.06999999 0.79868 -0.06999999 0.79868 0.1 0.6629 0.1 0.79868 -0.06999999 0.79868 0.1 0.79868 -0.06999999 0.934461 -0.06999999 0.934461 0.1 0.79868 0.1 0.934461 -0.06999999 0.934461 0.1 0.934461 -0.06999999 1.070242 -0.06999999 1.070242 0.1 0.934461 0.1 1.070242 -0.06999999 1.070242 0.1 1.070242 -0.06999999 1.206022 -0.06999999 1.206022 0.1 1.070242 0.1 1.206022 -0.06999999 1.206022 0.1 1.206022 -0.06999999 1.341803 -0.06999999 1.341803 0.1 1.206022 0.1 1.341803 -0.06999999 1.341803 0.1 1.341803 -0.06999999 1.477584 -0.06999999 1.477584 0.1 1.341803 0.1 1.477584 -0.06999999 1.477584 0.1 1.477584 -0.06999999 1.613364 -0.06999999 1.613364 0.1 1.477584 0.1 1.613364 -0.06999999 1.613364 0.1 1.613364 -0.06999999 1.749145 -0.06999999 1.749145 0.1 1.613364 0.1 1.749145 -0.06999999 1.749145 0.1 1.749145 -0.06999999 1.884926 -0.06999999 1.884926 0.1 1.749145 0.1 1.884926 -0.06999999 1.884926 0.1 1.884926 -0.06999999 2.020706 -0.06999999 2.020706 0.1 1.884926 0.1 2.020706 0 0.04976499 -0.1225 0.01694095 0.1225 0.01694095 0.1225 0.01694095 -0.1225 0.01694095 0.212176 -0.07273495 0.212176 -0.07273495 -0.1225 0.01694095 -0.212176 -0.07273495 0.212176 -0.07273495 -0.212176 -0.07273495 0.245 -0.195235 0.245 -0.195235 -0.212176 -0.07273495 -0.245 -0.195235 0.245 -0.195235 -0.245 -0.195235 0.212176 -0.317735 0.212176 -0.317735 -0.245 -0.195235 -0.212176 -0.317735 0.212176 -0.317735 -0.212176 -0.317735 0.1225 -0.407411 0.1225 -0.407411 -0.212176 -0.317735 -0.1225 -0.407411 0.1225 -0.407411 -0.1225 -0.407411 0 -0.440235 0 0.323582 0 0.455024 -0.01570796 0.418167 -0.01570796 0.418167 0 0.455024 -0.004749953 0.456782 -0.01570796 0.418167 -0.004749953 0.456782 -0.008280992 0.460584 -0.008280992 0.460584 -0.01339995 0.471535 -0.01570796 0.418167 -0.01570796 0.418167 -0.01339995 0.471535 -0.01775097 0.502141 -0.01570796 0.418167 -0.01775097 0.502141 -0.03141599 0.418167 -0.03141599 0.418167 -0.01775097 0.502141 -0.03141599 0.557556 -0.03141599 0.418167 -0.03141599 0.557556 -0.04712396 0.557556 -0.04712396 0.557556 -0.03141599 0.557556 -0.04712396 0.696945 -0.04712396 0.696945 -0.03141599 0.557556 -0.03141599 0.696945 -0.04712396 0.696945 -0.03141599 0.696945 -0.04712396 0.836333 -0.04712396 0.836333 -0.03141599 0.696945 -0.03141599 0.836333 -0.04712396 0.836333 -0.03141599 0.836333 -0.04712396 0.975722 -0.04712396 -0.696945 -0.03141599 -0.836333 -0.03141599 -0.696945 -0.04712396 -0.696945 -0.03141599 -0.696945 -0.04712396 -0.557556 -0.04712396 -0.557556 -0.03141599 -0.696945 -0.03141599 -0.557556 -0.04712396 -0.557556 -0.03141599 -0.557556 -0.04712396 -0.418167 -0.04712396 -0.418167 -0.03141599 -0.557556 -0.03141599 -0.418167 -0.04712396 -0.418167 -0.03141599 -0.418167 -0.04712396 -0.278778 -0.04712396 -0.278778 -0.03141599 -0.418167 -0.03141599 -0.278778 -0.04712396 -0.278778 -0.03141599 -0.278778 -0.04712396 -0.139389 -0.04712396 -0.139389 -0.03141599 -0.278778 -0.03141599 -0.139389 -0.04712396 -0.139389 -0.03141599 -0.139389 -0.04712396 0 -0.04712396 0 -0.03141599 -0.139389 -0.03141599 0 -0.04712396 0 -0.03141599 0 -0.04712396 0.139389 -0.04712396 0.139389 -0.03141599 0 -0.03141599 0.139389 -0.04712396 0.139389 -0.03141599 0.139389 -0.04712396 0.278778 -0.04712396 0.278778 -0.03141599 0.139389 -0.03141599 0.278778 -0.04712396 0.278778 -0.03141599 0.278778 -0.04712396 0.418167 -0.04712396 0.418167 -0.03141599 0.278778 -0.03141599 0.418167 -0.04712396 0.418167 -0.03141599 0.418167 -0.04712396 0.557556 -0.03141599 0.557556 -0.01775097 0.502141 -0.01570796 0.557556 -0.01570796 0.557556 -0.01775097 0.502141 -0.013888 0.532294 -0.01570796 0.557556 -0.013888 0.532294 -0.009308993 0.543238 -0.009308993 0.543238 -0.005705952 0.547827 -0.01570796 0.557556 -0.01570796 0.557556 -0.005705952 0.547827 -0.003088951 0.549649 -0.01570796 0.557556 -0.003088951 0.549649 0 0.550385 0 0.550385 0 0.681827 -0.01570796 0.557556 -0.01570796 0.557556 0 0.681827 -0.01570796 0.696945 -0.01570796 0.557556 -0.01570796 0.696945 -0.03141599 0.696945 -0.03141599 0.696945 -0.01570796 0.696945 -0.03141599 0.836333 0 0.681827 0 0.813269 -0.01570796 0.696945 -0.01570796 0.696945 0 0.813269 -0.01570796 0.836333 -0.01570796 0.696945 -0.01570796 0.836333 -0.03141599 0.836333 -0.03141599 0.836333 -0.01570796 0.836333 -0.03141599 0.975722 0 -0.859398 0 -0.727955 -0.01570796 -0.836333 -0.01570796 -0.836333 0 -0.727955 -0.01570796 -0.696945 -0.01570796 -0.836333 -0.01570796 -0.696945 -0.03141599 -0.696945 -0.03141599 -0.696945 -0.01570796 -0.696945 -0.03141599 -0.557556 0 -0.727955 0 -0.596513 -0.01570796 -0.696945 -0.01570796 -0.696945 0 -0.596513 -0.01570796 -0.557556 -0.01570796 -0.696945 -0.01570796 -0.557556 -0.03141599 -0.557556 -0.03141599 -0.557556 -0.01570796 -0.557556 -0.03141599 -0.418167 0 -0.596513 0 -0.465071 -0.01570796 -0.557556 -0.01570796 -0.557556 0 -0.465071 -0.01570796 -0.418167 -0.01570796 -0.557556 -0.01570796 -0.418167 -0.03141599 -0.418167 -0.03141599 -0.418167 -0.01570796 -0.418167 -0.03141599 -0.278778 0 -0.465071 0 -0.333629 -0.01570796 -0.418167 -0.01570796 -0.418167 0 -0.333629 -0.01570796 -0.278778 -0.01570796 -0.418167 -0.01570796 -0.278778 -0.03141599 -0.278778 -0.03141599 -0.278778 -0.01570796 -0.278778 -0.03141599 -0.139389 0 -0.333629 0 -0.202187 -0.01570796 -0.278778 -0.01570796 -0.278778 0 -0.202187 -0.01570796 -0.139389 -0.01570796 -0.278778 -0.01570796 -0.139389 -0.03141599 -0.139389 -0.03141599 -0.139389 -0.01570796 -0.139389 -0.03141599 0 0 -0.202187 0 -0.07074499 -0.01570796 -0.139389 -0.01570796 -0.139389 0 -0.07074499 -0.01570796 0 -0.01570796 -0.139389 -0.01570796 0 -0.03141599 0 -0.03141599 0 -0.01570796 0 -0.03141599 0.139389 0 -0.07074499 0 0.06069797 -0.01570796 0 -0.01570796 0 0 0.06069797 -0.01570796 0.139389 -0.01570796 0 -0.01570796 0.139389 -0.03141599 0.139389 -0.03141599 0.139389 -0.01570796 0.139389 -0.03141599 0.278778 0 0.06069797 0 0.19214 -0.01570796 0.139389 -0.01570796 0.139389 0 0.19214 -0.01570796 0.278778 -0.01570796 0.139389 -0.01570796 0.278778 -0.03141599 0.278778 -0.03141599 0.278778 -0.01570796 0.278778 -0.03141599 0.418167 0 0.19214 0 0.323582 -0.01570796 0.278778 -0.01570796 0.278778 0 0.323582 -0.01570796 0.418167 -0.01570796 0.278778 -0.01570796 0.418167 -0.03141599 0.418167 -0.03141599 0.696945 -0.03141599 0.557556 -0.01570796 0.557556 -0.06999999 0.136582 0.1 0.136582 -0.06999999 0.272363 -0.06999999 0.272363 0.1 0.136582 0.1 0.272363 -0.06999999 0.272363 0.1 0.272363 -0.06999999 0.408144 -0.06999999 0.408144 0.1 0.272363 0.1 0.408144 -0.06999999 0.408144 0.1 0.408144 -0.06999999 0.543924 -0.06999999 0.543924 0.1 0.408144 0.1 0.543924 -0.06999999 0.543924 0.1 0.543924 -0.06999999 0.679705 -0.06999999 0.679705 0.1 0.543924 0.1 0.679705 -0.06999999 0.679705 0.1 0.679705 -0.06999999 0.815485 -0.06999999 0.815485 0.1 0.679705 0.1 0.815485 -0.06999999 0.815485 0.1 0.815485 -0.06999999 0.951266 -0.06999999 0.951266 0.1 0.815485 0.1 0.951266 -0.06999999 0.951266 0.1 0.951266 -0.06999999 1.087047 -0.06999999 1.087047 0.1 0.951266 0.1 1.087047 -0.06999999 1.087047 0.1 1.087047 -0.06999999 1.222827 -0.06999999 1.222827 0.1 1.087047 0.1 1.222827 -0.06999999 1.222827 0.1 1.222827 -0.06999999 1.358608 -0.06999999 1.358608 0.1 1.222827 0.1 1.358608 -0.06999999 1.358608 0.1 1.358608 -0.06999999 1.494389 -0.06999999 1.494389 0.1 1.358608 0.1 1.494389 -0.06999999 1.494389 0.1 1.494389 -0.06999999 1.630169 -0.06999999 1.630169 0.1 1.494389 0.1 1.630169 -0.06999999 1.630169 0.1 1.630169 -0.06999999 1.76595 -0.06999999 1.76595 0.1 1.630169 0.1 1.76595 1.672632 0.355529 -1.672632 0.355529 1.71 0 1.71 0 -1.672632 0.355529 -1.71 0 1.71 0 -1.71 0 1.672632 -0.355529 1.672632 -0.355529 -1.71 0 -1.672632 -0.355529 1.672632 -0.355529 -1.672632 -0.355529 1.562163 -0.69552 1.562163 -0.69552 -1.672632 -0.355529 -1.562163 -0.69552 1.562163 -0.69552 -1.562163 -0.69552 1.383419 -1.005113 1.383419 -1.005113 -1.562163 -0.69552 -1.383419 -1.005113 1.383419 -1.005113 -1.383419 -1.005113 1.144213 -1.270778 1.144213 -1.270778 -1.383419 -1.005113 -1.144213 -1.270778 1.144213 -1.270778 -1.144213 -1.270778 0.855 -1.480903 0.855 -1.480903 -1.144213 -1.270778 -0.855 -1.480903 0.855 -1.480903 -0.855 -1.480903 0.528419 -1.626307 0.528419 -1.626307 -0.855 -1.480903 -0.528419 -1.626307 0.528419 -1.626307 -0.528419 -1.626307 0.178744 -1.700632 0.178744 -1.700632 -0.528419 -1.626307 -0.178744 -1.700632 -1.672632 0.355529 1.672632 0.355529 -1.562163 0.69552 -1.562163 0.69552 1.672632 0.355529 1.562163 0.69552 -1.562163 0.69552 1.562163 0.69552 -1.383419 1.005113 -1.383419 1.005113 1.562163 0.69552 1.383419 1.005113 -1.383419 1.005113 1.383419 1.005113 -1.144213 1.270778 -1.144213 1.270778 1.383419 1.005113 1.144213 1.270778 -1.144213 1.270778 1.144213 1.270778 -0.855 1.480903 -0.855 1.480903 1.144213 1.270778 0.855 1.480903 -0.855 1.480903 0.855 1.480903 -0.528419 1.626307 -0.528419 1.626307 0.855 1.480903 0.528419 1.626307 -0.528419 1.626307 0.528419 1.626307 -0.178744 1.700632 -0.178744 1.700632 0.528419 1.626307 0.178744 1.700632</float_array>
          <technique_common>
            <accessor source="#LINK_19-mesh-map-0-array" count="7356" stride="2">
              <param name="S" type="float" />
              <param name="T" type="float" />
            </accessor>
          </technique_common>
        </source>
        <vertices id="LINK_19-mesh-vertices">
          <input semantic="POSITION" source="#LINK_19-mesh-positions" />
        </vertices>
        <triangles material="_54_254_255_002-material" count="461">
          <input semantic="VERTEX" source="#LINK_19-mesh-vertices" offset="0" />
          <input semantic="NORMAL" source="#LINK_19-mesh-normals" offset="1" />
          <input semantic="TEXCOORD" source="#LINK_19-mesh-map-0" offset="2" set="0" />
          <p>80 62 240 81 63 241 82 64 242 82 64 243 81 63 244 83 65 245 82 64 246 83 65 247 84 66 248 81 63 249 80 62 250 85 67 251 85 67 252 80 62 253 86 68 254 85 67 255 86 68 256 87 69 257 85 67 258 87 69 259 88 70 260 88 70 261 87 69 262 89 71 263 88 70 264 89 71 265 90 72 266 90 72 267 89 71 268 91 73 269 90 72 270 91 73 271 92 74 272 90 72 273 92 74 274 93 75 275 93 75 276 92 74 277 94 70 278 93 75 279 94 70 280 95 76 281 95 76 282 94 70 283 96 70 284 95 76 285 96 70 286 97 77 287 95 76 288 97 77 289 98 78 290 98 78 291 97 77 292 99 74 293 98 78 294 99 74 295 100 72 296 100 72 297 99 74 298 101 73 299 100 72 300 101 73 301 102 71 302 100 72 303 102 71 304 103 70 305 103 70 306 102 71 307 104 69 308 103 70 309 104 69 310 105 67 311 105 67 312 104 69 313 106 68 314 105 67 315 106 68 316 107 79 317 105 67 318 107 79 319 108 70 320 108 70 321 107 79 322 109 70 323 108 70 324 109 70 325 110 70 326 110 70 327 109 70 328 111 70 329 111 70 330 109 70 331 112 80 332 111 70 333 112 80 334 113 70 335 113 70 336 112 80 337 114 81 338 114 81 339 112 80 340 115 82 341 114 81 342 115 82 343 116 83 344 116 83 345 115 82 346 117 84 347 116 83 348 117 84 349 118 85 350 118 85 351 117 84 352 119 86 353 118 85 354 119 86 355 120 70 356 120 70 357 119 86 358 121 87 359 120 70 360 121 87 361 122 88 362 122 88 363 121 87 364 123 89 365 122 88 366 123 89 367 124 90 368 124 90 369 123 89 370 125 91 371 124 90 372 125 91 373 126 92 374 126 92 375 125 91 376 127 93 377 126 92 378 127 93 379 128 94 380 126 92 381 128 94 382 129 95 383 129 95 384 128 94 385 130 96 386 129 95 387 130 96 388 131 97 389 131 97 390 130 96 391 132 98 392 131 97 393 132 98 394 133 99 395 133 99 396 132 98 397 134 98 398 133 99 399 134 98 400 135 100 401 135 100 402 134 98 403 136 101 404 135 100 405 136 101 406 137 102 407 137 102 408 136 101 409 138 103 410 137 102 411 138 103 412 139 104 413 139 104 414 138 103 415 140 93 416 139 104 417 140 93 418 141 105 419 139 104 420 141 105 421 142 106 422 142 106 423 141 105 424 143 107 425 142 106 426 143 107 427 144 108 428 144 108 429 143 107 430 145 87 431 144 108 432 145 87 433 146 109 434 146 109 435 145 87 436 147 110 437 146 109 438 147 110 439 148 111 440 148 111 441 147 110 442 149 84 443 148 111 444 149 84 445 150 83 446 150 83 447 149 84 448 151 82 449 150 83 450 151 82 451 152 81 452 152 81 453 151 82 454 153 112 455 152 81 456 153 112 457 154 70 458 154 70 459 153 112 460 84 66 461 84 66 462 153 112 463 82 64 464 816 1247 4338 817 1248 4339 818 1249 4340 818 1249 4341 817 1248 4342 819 1250 4343 818 1249 4344 819 1250 4345 820 1251 4346 820 1251 4347 819 1250 4348 821 1252 4349 820 1251 4350 821 1252 4351 822 1253 4352 822 1253 4353 821 1252 4354 823 1254 4355 822 1253 4356 823 1254 4357 824 1255 4358 824 1255 4359 823 1254 4360 825 1256 4361 824 1255 4362 825 1256 4363 826 1257 4364 826 1257 4365 825 1256 4366 827 1258 4367 826 1257 4368 827 1258 4369 828 1259 4370 828 1259 4371 827 1258 4372 829 1260 4373 828 1259 4374 829 1260 4375 830 1261 4376 830 1261 4377 829 1260 4378 831 1262 4379 830 1261 4380 831 1262 4381 832 1263 4382 832 1263 4383 831 1262 4384 833 1264 4385 832 1263 4386 833 1264 4387 834 1265 4388 834 1265 4389 833 1264 4390 835 1266 4391 834 1265 4392 835 1266 4393 836 113 4394 836 113 4395 835 1266 4396 837 113 4397 836 113 4398 837 113 4399 838 113 4400 817 1248 4401 816 1247 4402 839 1267 4403 839 1267 4404 816 1247 4405 840 1268 4406 839 1267 4407 840 1268 4408 841 1269 4409 841 1269 4410 840 1268 4411 842 1270 4412 841 1269 4413 842 1270 4414 843 1271 4415 843 1271 4416 842 1270 4417 844 1272 4418 843 1271 4419 844 1272 4420 845 1273 4421 845 1273 4422 844 1272 4423 846 1274 4424 845 1273 4425 846 1274 4426 847 1275 4427 847 1275 4428 846 1274 4429 848 1276 4430 847 1275 4431 848 1276 4432 849 1277 4433 849 1277 4434 848 1276 4435 850 1278 4436 849 1277 4437 850 1278 4438 851 1279 4439 851 1279 4440 850 1278 4441 852 1280 4442 851 1279 4443 852 1280 4444 853 113 4445 853 113 4446 852 1280 4447 854 113 4448 853 113 4449 854 113 4450 855 113 4451 856 1281 4452 857 1282 4453 818 1283 4454 818 1283 4455 857 1282 4456 858 1284 4457 818 1283 4458 858 1284 4459 816 1285 4460 816 1285 4461 858 1284 4462 859 1286 4463 816 1285 4464 859 1286 4465 840 1287 4466 840 1287 4467 859 1286 4468 860 1288 4469 840 1287 4470 860 1288 4471 842 1289 4472 842 1289 4473 860 1288 4474 861 1290 4475 842 1289 4476 861 1290 4477 844 1291 4478 844 1291 4479 861 1290 4480 862 1292 4481 844 1291 4482 862 1292 4483 846 1293 4484 846 1293 4485 862 1292 4486 863 1294 4487 846 1293 4488 863 1294 4489 848 1295 4490 848 1295 4491 863 1294 4492 864 1296 4493 848 1295 4494 864 1296 4495 850 1297 4496 850 1297 4497 864 1296 4498 865 1298 4499 850 1297 4500 865 1298 4501 852 1299 4502 852 1299 4503 865 1298 4504 866 1300 4505 852 1299 4506 866 1300 4507 854 1301 4508 854 1301 4509 866 1300 4510 867 1302 4511 854 1301 4512 867 1302 4513 855 1303 4514 855 1303 4515 867 1302 4516 868 1304 4517 855 1303 4518 868 1304 4519 853 1305 4520 853 1305 4521 868 1304 4522 869 1306 4523 853 1305 4524 869 1306 4525 851 1307 4526 851 1307 4527 869 1306 4528 870 1308 4529 851 1307 4530 870 1308 4531 849 1309 4532 849 1309 4533 870 1308 4534 871 1310 4535 849 1309 4536 871 1310 4537 847 1311 4538 847 1311 4539 871 1310 4540 872 1312 4541 847 1311 4542 872 1312 4543 845 1313 4544 845 1313 4545 872 1312 4546 873 1314 4547 845 1313 4548 873 1314 4549 843 1315 4550 843 1315 4551 873 1314 4552 874 1316 4553 843 1315 4554 874 1316 4555 841 1317 4556 841 1317 4557 874 1316 4558 875 1318 4559 841 1317 4560 875 1318 4561 839 1319 4562 839 1319 4563 875 1318 4564 876 1320 4565 839 1319 4566 876 1320 4567 817 1321 4568 817 1321 4569 876 1320 4570 877 1322 4571 817 1321 4572 877 1322 4573 819 1323 4574 819 1323 4575 877 1322 4576 878 1324 4577 819 1323 4578 878 1324 4579 821 1325 4580 821 1325 4581 878 1324 4582 879 1326 4583 821 1325 4584 879 1326 4585 823 1327 4586 823 1327 4587 879 1326 4588 880 1328 4589 823 1327 4590 880 1328 4591 825 1329 4592 825 1329 4593 880 1328 4594 881 1330 4595 825 1329 4596 881 1330 4597 827 1331 4598 827 1331 4599 881 1330 4600 882 1332 4601 827 1331 4602 882 1332 4603 829 1333 4604 829 1333 4605 882 1332 4606 883 1334 4607 829 1333 4608 883 1334 4609 831 1335 4610 831 1335 4611 883 1334 4612 884 1336 4613 831 1335 4614 884 1336 4615 833 1337 4616 833 1337 4617 884 1336 4618 885 1338 4619 833 1337 4620 885 1338 4621 835 1339 4622 835 1339 4623 885 1338 4624 886 1340 4625 835 1339 4626 886 1340 4627 837 1341 4628 837 1341 4629 886 1340 4630 887 1342 4631 837 1341 4632 887 1342 4633 838 1343 4634 838 1343 4635 887 1342 4636 888 1344 4637 838 1343 4638 888 1344 4639 836 1345 4640 836 1345 4641 888 1344 4642 889 1346 4643 836 1345 4644 889 1346 4645 834 1347 4646 834 1347 4647 889 1346 4648 890 1348 4649 834 1347 4650 890 1348 4651 832 1349 4652 832 1349 4653 890 1348 4654 891 1350 4655 832 1349 4656 891 1350 4657 830 1351 4658 830 1351 4659 891 1350 4660 892 1352 4661 830 1351 4662 892 1352 4663 828 1353 4664 828 1353 4665 892 1352 4666 893 1354 4667 828 1353 4668 893 1354 4669 826 1355 4670 826 1355 4671 893 1354 4672 894 1356 4673 826 1355 4674 894 1356 4675 824 1357 4676 824 1357 4677 894 1356 4678 895 1358 4679 824 1357 4680 895 1358 4681 822 1359 4682 822 1359 4683 895 1358 4684 896 1360 4685 822 1359 4686 896 1360 4687 820 1361 4688 820 1361 4689 896 1360 4690 856 1281 4691 820 1361 4692 856 1281 4693 818 1283 4694 1061 113 5781 1062 113 5782 1063 1719 5783 1063 1719 5784 1062 113 5785 1064 113 5786 1063 1719 5787 1064 113 5788 1065 113 5789 1065 113 5790 1066 1720 5791 1063 1719 5792 1063 1719 5793 1066 1720 5794 1067 1721 5795 1063 1719 5796 1067 1721 5797 1068 1722 5798 1069 113 5799 1070 1723 5800 1068 1722 5801 1068 1722 5802 1070 1723 5803 1071 1724 5804 1068 1722 5805 1071 1724 5806 1063 1719 5807 1070 1723 5808 1069 113 5809 1072 113 5810 1072 113 5811 1069 113 5812 1073 1725 5813 1072 113 5814 1073 1725 5815 1074 1726 5816 1074 1726 5817 1073 1725 5818 1075 1727 5819 1075 1727 5820 1073 1725 5821 1076 1728 5822 1075 1727 5823 1076 1728 5824 1077 1729 5825 1077 1729 5826 1076 1728 5827 1078 1730 5828 1077 1729 5829 1078 1730 5830 1079 1731 5831 1079 1731 5832 1078 1730 5833 1080 1732 5834 1080 1732 5835 1078 1730 5836 1081 1730 5837 1080 1732 5838 1081 1730 5839 1082 1731 5840 1082 1731 5841 1081 1730 5842 1083 1733 5843 1083 1733 5844 1081 1730 5845 1084 1734 5846 1083 1733 5847 1084 1734 5848 1085 1735 5849 1085 1735 5850 1084 1734 5851 1086 113 5852 1085 1735 5853 1086 113 5854 1087 113 5855 1087 113 5856 1086 113 5857 1088 113 5858 1088 113 5859 1086 113 5860 1089 113 5861 1088 113 5862 1089 113 5863 1090 1723 5864 1090 1723 5865 1089 113 5866 1091 1736 5867 1090 1723 5868 1091 1736 5869 1092 1724 5870 1092 1724 5871 1091 1736 5872 1093 1719 5873 1093 1719 5874 1091 1736 5875 1094 1721 5876 1093 1719 5877 1094 1721 5878 1095 1720 5879 1095 1720 5880 1096 113 5881 1093 1719 5882 1093 1719 5883 1096 113 5884 1097 113 5885 1093 1719 5886 1097 113 5887 1098 113 5888 1098 113 5889 1099 113 5890 1093 1719 5891 1093 1383 5892 1099 1737 5893 1100 1383 5894 1100 1383 5895 1099 1737 5896 1101 1383 5897 1101 1383 5898 1099 1737 5899 1102 1738 5900 1102 1738 5901 1099 1737 5902 112 1739 5903 1102 1738 5904 112 1739 5905 1103 1740 5906 1103 1740 5907 112 1739 5908 1104 1383 5909 1104 1383 5910 112 1739 5911 1105 1741 5912 1105 1741 5913 112 1739 5914 1106 1742 5915 1106 1742 5916 112 1739 5917 1107 1743 5918 1107 1743 5919 112 1739 5920 1108 1744 5921 1108 1744 5922 112 1739 5923 1109 1383 5924 1109 1383 5925 112 1739 5926 1110 1383 5927 1110 1383 5928 112 1739 5929 1111 1383 5930 1111 1383 5931 112 1739 5932 1112 1383 5933 1112 1383 5934 112 1739 5935 1113 1745 5936 1113 1745 5937 112 1739 5938 1114 1746 5939 1114 1746 5940 112 1739 5941 1115 1747 5942 1115 1747 5943 112 1739 5944 1116 1383 5945 1116 1383 5946 112 1739 5947 109 1383 5948 40 1748 5949 1117 1749 5950 42 1750 5951 42 1750 5952 1117 1749 5953 1118 1751 5954 42 1750 5955 1118 1751 5956 1119 1752 5957 1117 1749 5958 40 1748 5959 1120 1753 5960 1120 1753 5961 40 1748 5962 38 1754 5963 1120 1753 5964 38 1754 5965 1121 1755 5966 1121 1755 5967 38 1754 5968 1122 1756 5969 1122 1756 5970 38 1754 5971 36 1757 5972 1122 1756 5973 36 1757 5974 1123 1758 5975 1123 1758 5976 36 1757 5977 34 1759 5978 1123 1758 5979 34 1759 5980 1124 1760 5981 1124 1760 5982 34 1759 5983 1125 1761 5984 1125 1761 5985 34 1759 5986 32 1762 5987 1125 1761 5988 32 1762 5989 1126 1763 5990 1126 1763 5991 32 1762 5992 82 1764 5993 82 1764 5994 32 1762 5995 80 1765 5996 80 1765 5997 32 1762 5998 30 1766 5999 80 1765 6000 30 1766 6001 86 1767 6002 86 1767 6003 30 1766 6004 87 1768 6005 87 1768 6006 30 1766 6007 28 1769 6008 87 1768 6009 28 1769 6010 89 1770 6011 89 1770 6012 28 1769 6013 26 1771 6014 89 1770 6015 26 1771 6016 91 1772 6017 91 1772 6018 26 1771 6019 92 1773 6020 92 1773 6021 26 1771 6022 24 1774 6023 92 1773 6024 24 1774 6025 94 1775 6026 94 1775 6027 24 1774 6028 96 1776 6029 96 1776 6030 24 1774 6031 21 1777 6032 96 1776 6033 21 1777 6034 97 1778 6035 97 1778 6036 21 1777 6037 19 1779 6038 97 1778 6039 19 1779 6040 99 1780 6041 99 1780 6042 19 1779 6043 101 1781 6044 101 1781 6045 19 1779 6046 17 1782 6047 101 1781 6048 17 1782 6049 102 1783 6050 102 1783 6051 17 1782 6052 15 1784 6053 102 1783 6054 15 1784 6055 104 1785 6056 104 1785 6057 15 1784 6058 106 1786 6059 106 1786 6060 15 1784 6061 13 1787 6062 106 1786 6063 13 1787 6064 107 1788 6065 107 1788 6066 13 1787 6067 109 1789 6068 109 1789 6069 13 1787 6070 11 1790 6071 109 1789 6072 11 1790 6073 1116 1791 6074 1116 1791 6075 11 1790 6076 1115 1792 6077 1115 1792 6078 11 1790 6079 1114 1793 6080 1114 1793 6081 11 1790 6082 9 1794 6083 1114 1793 6084 9 1794 6085 1113 1795 6086 1113 1795 6087 9 1794 6088 7 1796 6089 1113 1795 6090 7 1796 6091 1112 1797 6092 1112 1797 6093 7 1796 6094 1111 1798 6095 1111 1798 6096 7 1796 6097 5 1799 6098 1111 1798 6099 5 1799 6100 1110 1800 6101 1110 1800 6102 5 1799 6103 3 1801 6104 1110 1800 6105 3 1801 6106 1109 1802 6107 1109 1802 6108 3 1801 6109 1108 1803 6110 1108 1803 6111 3 1801 6112 1 1804 6113 1108 1803 6114 1 1804 6115 1107 1805 6116 1107 1805 6117 1 1804 6118 79 1806 6119 1107 1805 6120 79 1806 6121 1106 1807 6122 1106 1807 6123 79 1806 6124 1105 1808 6125 1105 1808 6126 79 1806 6127 77 1809 6128 1105 1808 6129 77 1809 6130 1104 1810 6131 1104 1810 6132 77 1809 6133 75 1811 6134 1104 1810 6135 75 1811 6136 1103 1812 6137 1103 1812 6138 75 1811 6139 1102 1813 6140 1102 1813 6141 75 1811 6142 73 1814 6143 1102 1813 6144 73 1814 6145 1101 1815 6146 1101 1815 6147 73 1814 6148 1100 1816 6149 1100 1816 6150 73 1814 6151 71 1817 6152 1100 1816 6153 71 1817 6154 1093 1818 6155 1093 1818 6156 71 1817 6157 1092 1819 6158 1092 1819 6159 71 1817 6160 1090 1820 6161 1090 1820 6162 71 1817 6163 69 1821 6164 1090 1820 6165 69 1821 6166 1088 1822 6167 1088 1822 6168 69 1821 6169 67 1823 6170 1088 1822 6171 67 1823 6172 1087 1824 6173 1087 1824 6174 67 1823 6175 1085 1825 6176 1085 1825 6177 67 1823 6178 65 1826 6179 1085 1825 6180 65 1826 6181 1083 1827 6182 1083 1827 6183 65 1826 6184 1082 1828 6185 1082 1828 6186 65 1826 6187 62 1829 6188 1082 1828 6189 62 1829 6190 1080 1830 6191 1080 1830 6192 62 1829 6193 60 1831 6194 1080 1830 6195 60 1831 6196 1079 1832 6197 1079 1832 6198 60 1831 6199 1077 1833 6200 1077 1833 6201 60 1831 6202 58 1834 6203 1077 1833 6204 58 1834 6205 1075 1835 6206 1075 1835 6207 58 1834 6208 1074 1836 6209 1074 1836 6210 58 1834 6211 56 1837 6212 1074 1836 6213 56 1837 6214 1072 1838 6215 1072 1838 6216 56 1837 6217 54 1839 6218 1072 1838 6219 54 1839 6220 1070 1840 6221 1070 1840 6222 54 1839 6223 1071 1841 6224 1071 1841 6225 54 1839 6226 52 1842 6227 1071 1841 6228 52 1842 6229 1063 1843 6230 1063 1843 6231 52 1842 6232 1127 1844 6233 1127 1844 6234 52 1842 6235 1128 1845 6236 1128 1845 6237 52 1842 6238 50 1846 6239 1128 1845 6240 50 1846 6241 1129 1847 6242 1129 1847 6243 50 1846 6244 1130 1848 6245 1130 1848 6246 50 1846 6247 48 1849 6248 1130 1848 6249 48 1849 6250 1131 1850 6251 1131 1850 6252 48 1849 6253 46 1851 6254 1131 1850 6255 46 1851 6256 1132 1852 6257 1132 1852 6258 46 1851 6259 1133 1853 6260 1133 1853 6261 46 1851 6262 44 1854 6263 1133 1853 6264 44 1854 6265 1119 1752 6266 1119 1752 6267 44 1854 6268 42 1750 6269 1063 450 6270 1127 1855 6271 1061 1856 6272 1061 1856 6273 1127 1855 6274 1128 1857 6275 1061 1856 6276 1128 1857 6277 1129 1858 6278 1061 1856 6279 1129 1858 6280 153 1859 6281 153 1859 6282 1129 1858 6283 1130 1860 6284 153 1859 6285 1130 1860 6286 1131 1861 6287 1131 1861 6288 1132 1862 6289 153 1859 6290 153 1859 6291 1132 1862 6292 1133 1863 6293 153 1859 6294 1133 1863 6295 1119 1864 6296 1119 1864 6297 1118 1865 6298 153 1859 6299 153 1859 6300 1118 1865 6301 1117 1866 6302 153 1859 6303 1117 1866 6304 1120 1867 6305 1120 1867 6306 1121 1868 6307 153 1859 6308 153 1859 6309 1121 1868 6310 1122 1869 6311 153 1859 6312 1122 1869 6313 1123 1870 6314 1123 1870 6315 1124 1871 6316 153 1859 6317 153 1859 6318 1124 1871 6319 1125 1872 6320 153 1859 6321 1125 1872 6322 1126 450 6323 1126 450 6324 82 450 6325 153 1859 6326 856 1873 6327 1099 1737 6328 857 1874 6329 857 1874 6330 1099 1737 6331 1098 1875 6332 857 1874 6333 1098 1875 6334 858 1876 6335 858 1876 6336 1098 1875 6337 1097 1877 6338 858 1876 6339 1097 1877 6340 859 1878 6341 859 1878 6342 1097 1877 6343 1096 1879 6344 859 1878 6345 1096 1879 6346 860 1880 6347 860 1880 6348 1096 1879 6349 1095 1881 6350 860 1880 6351 1095 1881 6352 861 1882 6353 861 1882 6354 1095 1881 6355 1094 1883 6356 861 1882 6357 1094 1883 6358 862 1884 6359 862 1884 6360 1094 1883 6361 1091 1885 6362 862 1884 6363 1091 1885 6364 863 1886 6365 863 1886 6366 1091 1885 6367 1089 1887 6368 863 1886 6369 1089 1887 6370 864 1888 6371 864 1888 6372 1089 1887 6373 1086 1889 6374 864 1888 6375 1086 1889 6376 865 1890 6377 865 1890 6378 1086 1889 6379 1084 1891 6380 865 1890 6381 1084 1891 6382 866 1892 6383 866 1892 6384 1084 1891 6385 1081 1893 6386 866 1892 6387 1081 1893 6388 867 1894 6389 867 1894 6390 1081 1893 6391 1078 1895 6392 867 1894 6393 1078 1895 6394 868 1896 6395 868 1896 6396 1078 1895 6397 1076 1897 6398 868 1896 6399 1076 1897 6400 869 1898 6401 869 1898 6402 1076 1897 6403 1073 1899 6404 869 1898 6405 1073 1899 6406 870 1900 6407 870 1900 6408 1073 1899 6409 1069 1901 6410 870 1900 6411 1069 1901 6412 871 1902 6413 871 1902 6414 1069 1901 6415 1068 1903 6416 871 1902 6417 1068 1903 6418 872 1904 6419 872 1904 6420 1068 1903 6421 1067 1905 6422 872 1904 6423 1067 1905 6424 873 1906 6425 873 1906 6426 1067 1905 6427 1066 1907 6428 873 1906 6429 1066 1907 6430 874 1908 6431 874 1908 6432 1066 1907 6433 1065 1909 6434 874 1908 6435 1065 1909 6436 875 1910 6437 875 1910 6438 1065 1909 6439 1064 1911 6440 875 1910 6441 1064 1911 6442 876 1912 6443 876 1912 6444 1064 1911 6445 1062 1913 6446 876 1912 6447 1062 1913 6448 877 1914 6449 877 1914 6450 1062 1913 6451 1061 1856 6452 877 1914 6453 1061 1856 6454 878 1915 6455 878 1915 6456 1061 1856 6457 151 1916 6458 878 1915 6459 151 1916 6460 879 1917 6461 879 1917 6462 151 1916 6463 149 1918 6464 879 1917 6465 149 1918 6466 880 1919 6467 880 1919 6468 149 1918 6469 147 1920 6470 880 1919 6471 147 1920 6472 881 1921 6473 881 1921 6474 147 1920 6475 145 1922 6476 881 1921 6477 145 1922 6478 882 1923 6479 882 1923 6480 145 1922 6481 143 1924 6482 882 1923 6483 143 1924 6484 883 1925 6485 883 1925 6486 143 1924 6487 141 1926 6488 883 1925 6489 141 1926 6490 884 1927 6491 884 1927 6492 141 1926 6493 140 1928 6494 884 1927 6495 140 1928 6496 885 1929 6497 885 1929 6498 140 1928 6499 138 1930 6500 885 1929 6501 138 1930 6502 886 1931 6503 886 1931 6504 138 1930 6505 136 1932 6506 886 1931 6507 136 1932 6508 887 1933 6509 887 1933 6510 136 1932 6511 134 1934 6512 887 1933 6513 134 1934 6514 888 1935 6515 888 1935 6516 134 1934 6517 132 1936 6518 888 1935 6519 132 1936 6520 889 1937 6521 889 1937 6522 132 1936 6523 130 1938 6524 889 1937 6525 130 1938 6526 890 1939 6527 890 1939 6528 130 1938 6529 128 1940 6530 890 1939 6531 128 1940 6532 891 1941 6533 891 1941 6534 128 1940 6535 127 1942 6536 891 1941 6537 127 1942 6538 892 1943 6539 892 1943 6540 127 1942 6541 125 1944 6542 892 1943 6543 125 1944 6544 893 1945 6545 893 1945 6546 125 1944 6547 123 1946 6548 893 1945 6549 123 1946 6550 894 1947 6551 894 1947 6552 123 1946 6553 121 1948 6554 894 1947 6555 121 1948 6556 895 1949 6557 895 1949 6558 121 1948 6559 119 1950 6560 895 1949 6561 119 1950 6562 896 1951 6563 896 1951 6564 119 1950 6565 117 1952 6566 896 1951 6567 117 1952 6568 856 1873 6569 856 1873 6570 117 1952 6571 115 1953 6572 856 1873 6573 115 1953 6574 1099 1737 6575 1099 1737 6576 115 1953 6577 112 1739 6578 1061 1856 6579 153 1859 6580 151 1916 6581</p>
        </triangles>
      </mesh>
    </geometry>
  </library_geometries>
  <library_visual_scenes>
    <visual_scene id="Scene" name="Scene">
      <node id="LINK_19" name="LINK_19" type="NODE">
        <matrix sid="transform">1 0 0 0 0 1 0 0 0 0 1 0 0 0 0 1</matrix>
        <instance_geometry url="#LINK_19-mesh" name="LINK_19">
          <bind_material>
            <technique_common>
              <instance_material symbol="_54_254_255_002-material" target="#_54_254_255_002-material">
                <bind_vertex_input semantic="UVMap" input_semantic="TEXCOORD" input_set="0" />
              </instance_material>
            </technique_common>
          </bind_material>
        </instance_geometry>
      </node>
    </visual_scene>
  </library_visual_scenes>
  <scene>
    <instance_visual_scene url="#Scene" />
  </scene>
</COLLADA>