<?xml version='1.0' encoding='utf-8'?>
<COLLADA xmlns="http://www.collada.org/2005/11/COLLADASchema" version="1.4.1">
  <asset>
    <contributor>
      <author>Blender User</author>
      <authoring_tool>Blender 3.0.1</authoring_tool>
    </contributor>
    <created>2025-06-17T12:08:29</created>
    <modified>2025-06-17T12:08:29</modified>
    <unit name="meter" meter="1" />
    <up_axis>Z_UP</up_axis>
  </asset>
  <library_effects>
    <effect id="_54_254_255_003-effect">
      <profile_COMMON>
        <technique sid="common">
          <lambert>
            <emission>
              <color sid="emission">0 0 0 1</color>
            </emission>
            <diffuse>
              <color sid="diffuse">0.996078 0.996078 1 1</color>
            </diffuse>
            <index_of_refraction>
              <float sid="ior">1.45</float>
            </index_of_refraction>
          </lambert>
        </technique>
      </profile_COMMON>
    </effect>
  </library_effects>
  <library_images />
  <library_materials>
    <material id="_54_254_255_003-material" name="254,254,255.003">
      <instance_effect url="#_54_254_255_003-effect" />
    </material>
  </library_materials>
  <library_geometries>
    <geometry id="LINK_12_003-mesh" name="LINK_12.003">
      <mesh>
        <source id="LINK_12_003-mesh-positions">
          <float_array id="LINK_12_003-mesh-positions-array" count="3684">-0.03211891 -0.004960954 -0.03770196 -0.02880698 -0.002325952 -0.03770196 -0.0324999 0 -0.03770196 -0.02880698 0.002325952 -0.03770196 -0.03211891 0.004960954 -0.03770196 -0.02806097 0.006915926 -0.03770196 -0.03098493 0.009805977 -0.03770196 -0.02658796 0.01132798 -0.03770196 -0.02912497 0.01442092 -0.03770196 -0.02442598 0.01544588 -0.03770196 -0.02658295 0.01869791 -0.03770196 -0.02163195 0.01916491 -0.03770196 -0.02341699 0.02253699 -0.03770196 -0.018278 0.0223869 -0.03770196 -0.01970189 0.02584689 -0.03770196 -0.01444995 0.025029 -0.03770196 -0.01552593 0.02855199 -0.03770196 -0.01024788 0.027022 -0.03770196 -0.01098597 0.03058689 -0.03770196 -0.005780935 0.02831596 -0.03770196 -0.006187975 0.03190588 -0.03770196 -0.001163899 0.02887696 -0.03770196 -0.001244962 0.03247588 -0.03770196 0.003726959 0.03228592 -0.03770196 0.003483951 0.02868998 -0.03770196 0.008611977 0.03133791 -0.03770196 0.008040964 0.0277599 -0.03770196 0.01329499 0.02965599 -0.03770196 0.012389 0.02610999 -0.03770196 0.01766598 0.0272789 -0.03770196 0.0164169 0.02378499 -0.03770196 0.02162295 0.02426296 -0.03770196 0.02001988 0.0208429 -0.03770196 0.02507299 0.02067798 -0.03770196 0.02310395 0.01736193 -0.03770196 0.02793598 0.01660794 -0.03770196 0.02559 0.01343095 -0.03770196 0.03014397 0.01214891 -0.03770196 0.02741295 0.009151995 -0.03770196 0.03164494 0.007404983 -0.03770196 0.02852588 0.00463593 -0.03770196 0.03240489 0.002487957 -0.03770196 0.02890098 0 -0.03770196 0.03240489 -0.002487957 -0.03770196 0.02852588 -0.00463593 -0.03770196 0.03164494 -0.007404983 -0.03770196 0.02741295 -0.009151995 -0.03770196 0.03014397 -0.01214891 -0.03770196 0.02559 -0.01343095 -0.03770196 0.02793598 -0.01660794 -0.03770196 0.02310395 -0.01736193 -0.03770196 0.02507299 -0.02067798 -0.03770196 0.02001988 -0.0208429 -0.03770196 0.02162295 -0.02426296 -0.03770196 0.0164169 -0.02378499 -0.03770196 0.01766598 -0.0272789 -0.03770196 0.012389 -0.02610999 -0.03770196 0.01329499 -0.02965599 -0.03770196 0.008040964 -0.0277599 -0.03770196 0.008611977 -0.03133791 -0.03770196 0.003483951 -0.02868998 -0.03770196 0.003726959 -0.03228592 -0.03770196 -0.001163899 -0.02887696 -0.03770196 -0.001244962 -0.03247588 -0.03770196 -0.006187975 -0.03190588 -0.03770196 -0.005780935 -0.02831596 -0.03770196 -0.01098597 -0.03058689 -0.03770196 -0.01024788 -0.027022 -0.03770196 -0.01552593 -0.02855199 -0.03770196 -0.01444995 -0.025029 -0.03770196 -0.01970189 -0.02584689 -0.03770196 -0.018278 -0.0223869 -0.03770196 -0.02341699 -0.02253699 -0.03770196 -0.02163195 -0.01916491 -0.03770196 -0.02658295 -0.01869791 -0.03770196 -0.02442598 -0.01544588 -0.03770196 -0.02912497 -0.01442092 -0.03770196 -0.02658796 -0.01132798 -0.03770196 -0.03098493 -0.009805977 -0.03770196 -0.02806097 -0.006915926 -0.03770196 -0.027215 -0.03399991 -0.029594 -0.01895993 -0.03399991 -0.01590889 -0.0324999 -0.03399991 -0.02766597 -0.02143388 -0.03399991 -0.01237493 -0.02325689 -0.03399991 -0.008464992 -0.01590889 -0.03399991 -0.01895993 -0.02248895 -0.03399991 -0.03113597 -0.01818794 -0.03399991 -0.03235691 -0.01237493 -0.03399991 -0.02143388 -0.01420688 -0.03399991 -0.03330296 -0.008464992 -0.03399991 -0.02325689 -0.01046395 -0.03399991 -0.03400892 -0.006886959 -0.03399991 -0.03449696 -0.004297912 -0.03399991 -0.02437388 -0.003417909 -0.03399991 -0.03478497 0 -0.03399991 -0.02474999 0 -0.03399991 -0.03487998 0.003417909 -0.03399991 -0.03478497 0.004297912 -0.03399991 -0.02437388 0.006886959 -0.03399991 -0.03449696 0.008464992 -0.03399991 -0.02325689 0.01046395 -0.03399991 -0.03400892 0.01420688 -0.03399991 -0.03330296 0.01237493 -0.03399991 -0.02143388 0.01818794 -0.03399991 -0.03235691 0.01590889 -0.03399991 -0.01895993 0.02248895 -0.03399991 -0.03113597 0.027215 -0.03399991 -0.029594 0.01895993 -0.03399991 -0.01590889 0.0324999 -0.03399991 -0.02766597 0.02143388 -0.03399991 -0.01237493 0.02325689 -0.03399991 -0.008464992 0.0324999 -0.03399991 0 0.02437388 -0.03399991 -0.004297912 0.02474999 -0.03399991 0 0.03213691 -0.03399991 0.00484395 0.02437388 -0.03399991 0.004297912 0.03105592 -0.03399991 0.009579956 0.02325689 -0.03399991 0.008464992 0.02928096 -0.03399991 0.0141009 0.02143388 -0.03399991 0.01237493 0.02685296 -0.03399991 0.01830798 0.01895993 -0.03399991 0.01590889 0.02382391 -0.03399991 0.02210599 0.01590889 -0.03399991 0.01895993 0.02026289 -0.03399991 0.02540993 0.01237493 -0.03399991 0.02143388 0.01624995 -0.03399991 0.0281459 0.01187396 -0.03399991 0.03025299 0.008464992 -0.03399991 0.02325689 0.007231891 -0.03399991 0.03168499 0.004297912 -0.03399991 0.02437388 0.002428889 -0.03399991 0.03240895 0 -0.03399991 0.02474999 -0.002428889 -0.03399991 0.03240895 -0.004297912 -0.03399991 0.02437388 -0.007231891 -0.03399991 0.03168499 -0.008464992 -0.03399991 0.02325689 -0.01187396 -0.03399991 0.03025299 -0.01237493 -0.03399991 0.02143388 -0.01624995 -0.03399991 0.0281459 -0.02026289 -0.03399991 0.02540993 -0.01590889 -0.03399991 0.01895993 -0.02382391 -0.03399991 0.02210599 -0.01895993 -0.03399991 0.01590889 -0.02685296 -0.03399991 0.01830798 -0.02143388 -0.03399991 0.01237493 -0.02928096 -0.03399991 0.0141009 -0.02325689 -0.03399991 0.008464992 -0.03105592 -0.03399991 0.009579956 -0.02437388 -0.03399991 0.004297912 -0.03213691 -0.03399991 0.00484395 -0.02474999 -0.03399991 0 -0.0324999 -0.03399991 0 -0.02437388 -0.03399991 -0.004297912 0.04859197 0.01799988 -0.04809999 0.04326695 0.01799988 -0.05609995 0.03829991 0.01799988 -0.04809999 0.03857499 0.01799988 -0.05366796 0.03839999 0.01799988 -0.05350893 0.04859197 0.01799988 -0.06259995 0.04326695 0.01799988 -0.06259995 0.03857499 0.01799988 -0.05609995 0.03829991 0.01799988 -0.05341899 0.03689599 0.017802 -0.0520659 0.03646188 0.01765698 -0.04809999 0.03567296 0.01727098 -0.05073398 0.03487098 0.01667499 -0.04809999 0.03458392 0.016393 -0.04937189 0.03373998 0.01518493 -0.04809999 0.03829991 -0.01799988 -0.05341899 0.03829991 -0.01799988 -0.04809999 0.03689599 -0.017802 -0.0520659 0.03646188 -0.01765698 -0.04809999 0.03567296 -0.01727098 -0.05073398 0.03487098 -0.01667499 -0.04809999 0.03458392 -0.016393 -0.04937189 0.03373998 -0.01518493 -0.04809999 0.03885191 -0.02065289 -0.05609995 0.03996396 -0.01924598 -0.05609995 0.03906196 -0.02025097 -0.05609995 0.03926897 -0.01984792 -0.05609995 0.03947198 -0.01944196 -0.05609995 0.03955096 -0.01878297 -0.05609995 0.04150193 -0.01832199 -0.05609995 0.03919988 -0.01821988 -0.05609995 0.03857499 -0.01799988 -0.05609995 0.04326695 -0.01799988 -0.05609995 0.03740888 0.01663392 -0.04809999 0.0387519 0.01669389 -0.04809999 0.03996288 0.01611089 -0.04809999 0.036255 0.01594489 -0.04809999 0.03556597 0.01479095 -0.04809999 0.03550595 0.01344794 -0.04809999 0.03098493 0.009805977 -0.04809999 0.036089 0.01223695 -0.04809999 0.037781 0.009192943 -0.04809999 0.0371769 0.01144695 -0.04809999 0.03850895 0.01126688 -0.04809999 0.0397669 0.0117399 -0.04809999 0.02912497 0.01442092 -0.04809999 0.03122997 0.01984095 -0.04809999 0.02658295 0.01869791 -0.04809999 0.02808195 0.02409189 -0.04809999 0.02341699 0.02253699 -0.04809999 0.02435892 0.02784997 -0.04809999 0.01970189 0.02584689 -0.04809999 0.02013891 0.03103893 -0.04809999 0.01552593 0.02855199 -0.04809999 0.01550698 0.03359395 -0.04809999 0.01098597 0.03058689 -0.04809999 0.01055788 0.03546196 -0.04809999 0.006187975 0.03190588 -0.04809999 0.005392909 0.036605 -0.04809999 0.001244962 0.03247588 -0.04809999 1.18e-4 0.037 -0.04809999 -0.003726959 0.03228592 -0.04809999 -0.005159974 0.03663796 -0.04809999 -0.008611977 0.03133791 -0.04809999 -0.01033192 0.035528 -0.04809999 -0.01529192 0.033692 -0.04809999 -0.01329499 0.02965599 -0.04809999 -0.01994097 0.03116697 -0.04809999 -0.01766598 0.0272789 -0.04809999 -0.02418088 0.028005 -0.04809999 -0.02162295 0.02426296 -0.04809999 -0.02792799 0.02426993 -0.04809999 -0.02507299 0.02067798 -0.04809999 -0.03110295 0.02003997 -0.04809999 -0.02793598 0.01660794 -0.04809999 -0.03364288 0.01539999 -0.04809999 -0.03014397 0.01214891 -0.04809999 -0.03549498 0.01044493 -0.04809999 -0.03164494 0.007404983 -0.04809999 -0.03662192 0.005275905 -0.04809999 -0.03240489 0.002487957 -0.04809999 -0.037 0 -0.04809999 -0.03240489 -0.002487957 -0.04809999 -0.03662192 -0.005275905 -0.04809999 -0.03164494 -0.007404983 -0.04809999 -0.03549498 -0.01044493 -0.04809999 -0.03014397 -0.01214891 -0.04809999 -0.03364288 -0.01539999 -0.04809999 -0.02793598 -0.01660794 -0.04809999 -0.03110295 -0.02003997 -0.04809999 -0.02507299 -0.02067798 -0.04809999 -0.02792799 -0.02426993 -0.04809999 -0.02162295 -0.02426296 -0.04809999 -0.02418088 -0.028005 -0.04809999 -0.01766598 -0.0272789 -0.04809999 -0.01994097 -0.03116697 -0.04809999 -0.01529192 -0.033692 -0.04809999 -0.01329499 -0.02965599 -0.04809999 -0.01033192 -0.035528 -0.04809999 -0.008611977 -0.03133791 -0.04809999 -0.005159974 -0.03663796 -0.04809999 -0.003726959 -0.03228592 -0.04809999 1.18e-4 -0.037 -0.04809999 0.001244962 -0.03247588 -0.04809999 0.005392909 -0.036605 -0.04809999 0.006187975 -0.03190588 -0.04809999 0.01055788 -0.03546196 -0.04809999 0.01098597 -0.03058689 -0.04809999 0.01550698 -0.03359395 -0.04809999 0.01552593 -0.02855199 -0.04809999 0.02013891 -0.03103893 -0.04809999 0.01970189 -0.02584689 -0.04809999 0.02435892 -0.02784997 -0.04809999 0.02341699 -0.02253699 -0.04809999 0.02808195 -0.02409189 -0.04809999 0.02658295 -0.01869791 -0.04809999 0.03122997 -0.01984095 -0.04809999 0.02912497 -0.01442092 -0.04809999 0.03098493 -0.009805977 -0.04809999 0.03550595 -0.01344794 -0.04809999 0.036089 -0.01223695 -0.04809999 0.03556597 -0.01479095 -0.04809999 0.036255 -0.01594489 -0.04809999 0.03740888 -0.01663392 -0.04809999 0.0387519 -0.01669389 -0.04809999 0.03996288 -0.01611089 -0.04809999 0.04859197 -0.01799988 -0.04809999 0.04578989 -0.01585292 -0.04809999 0.04883688 -0.01676595 -0.04809999 0.05199992 -0.01709896 -0.04809999 0.05516892 -0.01683998 -0.04809999 0.04075288 -0.01502299 -0.04809999 0.04296499 -0.01439189 -0.04809999 0.04093295 -0.01369088 -0.04809999 0.04045999 -0.01243299 -0.04809999 0.0371769 -0.01144695 -0.04809999 0.037781 -0.009192943 -0.04809999 0.03630989 -0.0063169 -0.04809999 0.03850895 -0.01126688 -0.04809999 0.0397669 -0.0117399 -0.04809999 0.03211891 -0.004960954 -0.04809999 0.03540498 -0.003215909 -0.04809999 0.0324999 0 -0.04809999 0.03509998 0 -0.04809999 0.03540498 0.003215909 -0.04809999 0.03211891 0.004960954 -0.04809999 0.03630989 0.0063169 -0.04809999 0.04075288 0.01502299 -0.04809999 0.04296499 0.01439189 -0.04809999 0.04578989 0.01585292 -0.04809999 0.04883688 0.01676595 -0.04809999 0.05199992 0.01709896 -0.04809999 0.04093295 0.01369088 -0.04809999 0.04045999 0.01243299 -0.04809999 0.05516892 0.01683998 -0.04809999 -0.02678591 -0.03490793 -0.06854999 -0.02361196 -0.03533697 -0.06854999 -0.02199995 -0.03810495 -0.06854999 -0.02003395 -0.03748196 -0.06854999 -0.01683795 -0.04065096 -0.06854999 -0.01626396 -0.03926491 -0.06854999 -0.0123369 -0.04066991 -0.06854999 -0.02696198 -0.03285288 -0.06854999 -0.0311129 -0.0311129 -0.06854999 -0.030052 -0.030052 -0.06854999 -0.03285288 -0.02696198 -0.06854999 -0.03490793 -0.02678591 -0.06854999 -0.03533697 -0.02361196 -0.06854999 -0.03810495 -0.02199995 -0.06854999 -0.03748196 -0.02003395 -0.06854999 -0.04065096 -0.01683795 -0.06854999 -0.03926491 -0.01626396 -0.06854999 -0.04066991 -0.0123369 -0.06854999 -0.04250097 -0.011388 -0.06854999 -0.04168289 -0.008290946 -0.06854999 -0.04362398 -0.005742967 -0.06854999 -0.04229491 -0.004165947 -0.06854999 -0.04399991 0 -0.06854999 -0.04249989 0 -0.06854999 -0.04229491 0.004165947 -0.06854999 -0.04362398 0.005742967 -0.06854999 -0.04168289 0.008290946 -0.06854999 -0.04250097 0.011388 -0.06854999 -0.04066991 0.0123369 -0.06854999 -0.04065096 0.01683795 -0.06854999 -0.03926491 0.01626396 -0.06854999 -0.03748196 0.02003395 -0.06854999 -0.03810495 0.02199995 -0.06854999 -0.03533697 0.02361196 -0.06854999 -0.03490793 0.02678591 -0.06854999 -0.03285288 0.02696198 -0.06854999 -0.0311129 0.0311129 -0.06854999 -0.030052 0.030052 -0.06854999 -0.02696198 0.03285288 -0.06854999 -0.02678591 0.03490793 -0.06854999 -0.02361196 0.03533697 -0.06854999 -0.02199995 0.03810495 -0.06854999 -0.02003395 0.03748196 -0.06854999 -0.01683795 0.04065096 -0.06854999 -0.01626396 0.03926491 -0.06854999 -0.0123369 0.04066991 -0.06854999 -0.011388 0.04250097 -0.06854999 -0.008290946 0.04168289 -0.06854999 -0.005742967 0.04362398 -0.06854999 -0.004165947 0.04229491 -0.06854999 0 0.04399991 -0.06854999 0 0.04249989 -0.06854999 0.004165947 0.04229491 -0.06854999 0.005742967 0.04362398 -0.06854999 0.008290946 0.04168289 -0.06854999 0.011388 0.04250097 -0.06854999 0.0123369 0.04066991 -0.06854999 0.01683795 0.04065096 -0.06854999 0.01626396 0.03926491 -0.06854999 0.02003395 0.03748196 -0.06854999 0.02199995 0.03810495 -0.06854999 0.02361196 0.03533697 -0.06854999 0.02678591 0.03490793 -0.06854999 0.02696198 0.03285288 -0.06854999 0.0311129 0.0311129 -0.06854999 0.030052 0.030052 -0.06854999 0.03285288 0.02696198 -0.06854999 0.03490793 0.02678591 -0.06854999 0.03533697 0.02361196 -0.06854999 0.03810495 0.02199995 -0.06854999 0.03748196 0.02003395 -0.06854999 0.04065096 0.01683795 -0.06854999 0.03926491 0.01626396 -0.06854999 0.04066991 0.0123369 -0.06854999 0.04250097 0.011388 -0.06854999 0.04168289 0.008290946 -0.06854999 0.04362398 0.005742967 -0.06854999 0.04229491 0.004165947 -0.06854999 0.04399991 0 -0.06854999 0.04249989 0 -0.06854999 0.04229491 -0.004165947 -0.06854999 0.04362398 -0.005742967 -0.06854999 0.04168289 -0.008290946 -0.06854999 0.04250097 -0.011388 -0.06854999 0.04066991 -0.0123369 -0.06854999 0.04065096 -0.01683795 -0.06854999 0.03926491 -0.01626396 -0.06854999 0.03748196 -0.02003395 -0.06854999 0.03810495 -0.02199995 -0.06854999 0.03533697 -0.02361196 -0.06854999 0.03490793 -0.02678591 -0.06854999 0.03285288 -0.02696198 -0.06854999 0.0311129 -0.0311129 -0.06854999 0.030052 -0.030052 -0.06854999 0.02696198 -0.03285288 -0.06854999 0.02678591 -0.03490793 -0.06854999 0.02361196 -0.03533697 -0.06854999 0.02199995 -0.03810495 -0.06854999 0.02003395 -0.03748196 -0.06854999 0.01683795 -0.04065096 -0.06854999 0.01626396 -0.03926491 -0.06854999 0.0123369 -0.04066991 -0.06854999 0.011388 -0.04250097 -0.06854999 0.008290946 -0.04168289 -0.06854999 0.005742967 -0.04362398 -0.06854999 0.004165947 -0.04229491 -0.06854999 0 -0.04399991 -0.06854999 0 -0.04249989 -0.06854999 -0.004165947 -0.04229491 -0.06854999 -0.005742967 -0.04362398 -0.06854999 -0.008290946 -0.04168289 -0.06854999 -0.011388 -0.04250097 -0.06854999 0.04269397 0.01064288 -0.06259995 0.04107898 0.01576495 -0.06259995 0.04150193 0.01832199 -0.06259995 0.03996396 0.01924598 -0.06259995 0.03885191 0.02065289 -0.06259995 0.0436719 0.005360901 -0.06259995 0.05516892 0.01683998 -0.06259995 0.04399991 0 -0.06259995 0.058447 0.01591789 -0.06259995 0.06147789 0.014364 -0.06259995 0.06413996 0.01224088 -0.06259995 0.06413996 -0.01224088 -0.06259995 0.06147789 -0.014364 -0.06259995 0.058447 -0.01591789 -0.06259995 0.05516892 -0.01683998 -0.06259995 0.066329 -0.009632945 -0.06259995 0.066329 0.009632945 -0.06259995 0.06795698 -0.006641924 -0.06259995 0.06795698 0.006641924 -0.06259995 0.06896096 -0.003387928 -0.06259995 0.06896096 0.003387928 -0.06259995 0.06929999 0 -0.06259995 0.0436719 -0.005360901 -0.06259995 0.04859197 -0.01799988 -0.06259995 0.04269397 -0.01064288 -0.06259995 0.04326695 -0.01799988 -0.06259995 0.04107898 -0.01576495 -0.06259995 0.04150193 -0.01832199 -0.06259995 0.03996396 -0.01924598 -0.06259995 0.03885191 -0.02065289 -0.06259995 0.03926897 0.01984792 -0.05609995 0.03947198 0.01944196 -0.05609995 0.03996396 0.01924598 -0.05609995 0.03955096 0.01878297 -0.05609995 0.04150193 0.01832199 -0.05609995 0.03919988 0.01821988 -0.05609995 0.03885191 0.02065289 -0.05609995 0.03906196 0.02025097 -0.05609995 0.03901696 0.018103 -0.05411297 0.03937298 0.01839792 -0.05455899 0.0395649 0.01886188 -0.05493098 0.039563 0.01915293 -0.05505496 0.03947198 0.01944196 -0.05509996 0.036596 0.02442795 -0.05509996 0.036596 -0.02442795 -0.05509996 0.03947198 -0.01944196 -0.05509996 0.03309291 -0.028997 -0.05509996 0.02902489 -0.03306895 -0.05509996 0.024459 -0.0365749 -0.05509996 0.01947498 -0.03945493 -0.05509996 0.01415693 -0.04165995 -0.05509996 0.00859797 -0.04315197 -0.05509996 0.002890944 -0.04390496 -0.05509996 -0.00286597 -0.04390692 -0.05509996 -0.008572995 -0.04315698 -0.05509996 -0.01413393 -0.04166793 -0.05509996 -0.01945292 -0.03946596 -0.05509996 -0.02443891 -0.0365889 -0.05509996 -0.029006 -0.03308492 -0.05509996 -0.033077 -0.029015 -0.05509996 -0.03658199 -0.02444899 -0.05509996 -0.03946089 -0.01946395 -0.05509996 -0.041664 -0.01414597 -0.05509996 -0.043154 -0.008584976 -0.05509996 -0.04390597 -0.002877891 -0.05509996 -0.04390597 0.002877891 -0.05509996 -0.043154 0.008584976 -0.05509996 -0.041664 0.01414597 -0.05509996 -0.03946089 0.01946395 -0.05509996 -0.03658199 0.02444899 -0.05509996 -0.033077 0.029015 -0.05509996 -0.029006 0.03308492 -0.05509996 -0.02443891 0.0365889 -0.05509996 -0.01945292 0.03946596 -0.05509996 -0.01413393 0.04166793 -0.05509996 -0.008572995 0.04315698 -0.05509996 -0.00286597 0.04390692 -0.05509996 0.002890944 0.04390496 -0.05509996 0.00859797 0.04315197 -0.05509996 0.01415693 0.04165995 -0.05509996 0.01947498 0.03945493 -0.05509996 0.024459 0.0365749 -0.05509996 0.02902489 0.03306895 -0.05509996 0.03309291 0.028997 -0.05509996 0.03857499 -0.01799988 -0.05366796 0.03901696 -0.018103 -0.05411297 0.03937298 -0.01839792 -0.05455899 0.0395649 -0.01886188 -0.05493098 0.039563 -0.01915293 -0.05505496 0.03839999 -0.01799988 -0.05350893 0.0521999 0.01709991 0.03139996 0.05575489 0.01672589 0.03139996 0.05915492 0.01562196 0.03139996 0.06225097 0.01383394 0.03139996 0.06490796 0.01144188 0.03139996 0.06700897 0.008549988 0.03139996 0.06846296 0.005283892 0.03139996 0.06920599 0.001786947 0.03139996 0.06920599 -0.001786947 0.03139996 0.06846296 -0.005283892 0.03139996 0.06700897 -0.008549988 0.03139996 0.06490796 -0.01144188 0.03139996 0.06225097 -0.01383394 0.03139996 0.05915492 -0.01562196 0.03139996 0.05575489 -0.01672589 0.03139996 0.0521999 -0.01709991 0.03139996 0.0486449 -0.01672589 0.03139996 0.04524499 -0.01562196 0.03139996 0.04214888 -0.01383394 0.03139996 0.04045999 -0.01243299 -0.04639995 0.03949195 -0.01144188 0.03139996 0.04045397 -0.01242792 -0.04636889 0.04043996 -0.01241391 -0.0463429 0.04040491 -0.01238089 -0.04630798 0.04032397 -0.01230299 -0.0462659 0.04010397 -0.01208692 -0.04623293 0.03988593 -0.01186496 -0.04626995 0.03980696 -0.011783 -0.04631799 0.03977996 -0.01175391 -0.04635298 0.0397669 -0.0117399 -0.04639995 0.03739088 -0.008549988 0.03139996 0.03593695 -0.005283892 0.03139996 0.03519392 -0.001786947 0.03139996 0.03519392 0.001786947 0.03139996 0.03593695 0.005283892 0.03139996 0.03739088 0.008549988 0.03139996 0.03949195 0.01144188 0.03139996 0.0397669 0.0117399 -0.04639995 0.03977197 0.01174592 -0.04636889 0.03978598 0.01175993 -0.0463429 0.039819 0.01179498 -0.04630798 0.03989696 0.01187592 -0.0462659 0.04011297 0.01209592 -0.04623293 0.04033493 0.01231396 -0.04626995 0.04041689 0.01239293 -0.04631799 0.04044598 0.01241993 -0.04635298 0.04045999 0.01243299 -0.04639995 0.04214888 0.01383394 0.03139996 0.04524499 0.01562196 0.03139996 0.0486449 0.01672589 0.03139996 0.04229491 0.004165947 -0.06859999 0.04249989 0 -0.06859999 0.04399693 -5e-4 -0.06859999 0.04229491 -0.004165947 -0.06859999 0.04355496 -0.006237924 -0.06859999 0.04168289 -0.008290946 -0.06859999 0.04236888 -0.0118699 -0.06859999 0.04066991 -0.0123369 -0.06859999 0.04045695 -0.01729893 -0.06859999 0.03926491 -0.01626396 -0.06859999 0.03748196 -0.02003395 -0.06859999 0.037853 -0.02243191 -0.06859999 0.03533697 -0.02361196 -0.06859999 0.03460097 -0.02717989 -0.06859999 0.03285288 -0.02696198 -0.06859999 0.03075695 -0.03146398 -0.06859999 0.030052 -0.030052 -0.06859999 0.02696198 -0.03285288 -0.06859999 0.02638697 -0.03520995 -0.06859999 0.02361196 -0.03533697 -0.06859999 0.02156597 -0.0383529 -0.06859999 0.02003395 -0.03748196 -0.06859999 0.016375 -0.04083889 -0.06859999 0.01626396 -0.03926491 -0.06859999 0.0123369 -0.04066991 -0.06859999 0.01090395 -0.04262691 -0.06859999 0.008290946 -0.04168289 -0.06859999 0.005246937 -0.04368597 -0.06859999 0.004165947 -0.04229491 -0.06859999 -5e-4 -0.04399693 -0.06859999 0 -0.04249989 -0.06859999 -0.004165947 -0.04229491 -0.06859999 -0.006237924 -0.04355496 -0.06859999 -0.008290946 -0.04168289 -0.06859999 -0.0118699 -0.04236888 -0.06859999 -0.0123369 -0.04066991 -0.06859999 -0.01729893 -0.04045695 -0.06859999 -0.01626396 -0.03926491 -0.06859999 -0.02003395 -0.03748196 -0.06859999 -0.02243191 -0.037853 -0.06859999 -0.02361196 -0.03533697 -0.06859999 -0.02717989 -0.03460097 -0.06859999 -0.02696198 -0.03285288 -0.06859999 -0.03146398 -0.03075695 -0.06859999 -0.030052 -0.030052 -0.06859999 -0.03285288 -0.02696198 -0.06859999 -0.03520995 -0.02638697 -0.06859999 -0.03533697 -0.02361196 -0.06859999 -0.0383529 -0.02156597 -0.06859999 -0.03748196 -0.02003395 -0.06859999 -0.04083889 -0.016375 -0.06859999 -0.03926491 -0.01626396 -0.06859999 -0.04066991 -0.0123369 -0.06859999 -0.04262691 -0.01090395 -0.06859999 -0.04168289 -0.008290946 -0.06859999 -0.04368597 -0.005246937 -0.06859999 -0.04229491 -0.004165947 -0.06859999 -0.04399693 5e-4 -0.06859999 -0.04249989 0 -0.06859999 -0.04229491 0.004165947 -0.06859999 -0.04355496 0.006237924 -0.06859999 -0.04168289 0.008290946 -0.06859999 -0.04236888 0.0118699 -0.06859999 -0.04066991 0.0123369 -0.06859999 -0.04045695 0.01729893 -0.06859999 -0.03926491 0.01626396 -0.06859999 -0.03748196 0.02003395 -0.06859999 -0.037853 0.02243191 -0.06859999 -0.03533697 0.02361196 -0.06859999 -0.03460097 0.02717989 -0.06859999 -0.03285288 0.02696198 -0.06859999 -0.03075695 0.03146398 -0.06859999 -0.030052 0.030052 -0.06859999 -0.02696198 0.03285288 -0.06859999 -0.02638697 0.03520995 -0.06859999 -0.02361196 0.03533697 -0.06859999 -0.02156597 0.0383529 -0.06859999 -0.02003395 0.03748196 -0.06859999 -0.016375 0.04083889 -0.06859999 -0.01626396 0.03926491 -0.06859999 -0.0123369 0.04066991 -0.06859999 -0.01090395 0.04262691 -0.06859999 -0.008290946 0.04168289 -0.06859999 -0.005246937 0.04368597 -0.06859999 -0.004165947 0.04229491 -0.06859999 5e-4 0.04399693 -0.06859999 0 0.04249989 -0.06859999 0.004165947 0.04229491 -0.06859999 0.006237924 0.04355496 -0.06859999 0.008290946 0.04168289 -0.06859999 0.0118699 0.04236888 -0.06859999 0.0123369 0.04066991 -0.06859999 0.01729893 0.04045695 -0.06859999 0.01626396 0.03926491 -0.06859999 0.02003395 0.03748196 -0.06859999 0.02243191 0.037853 -0.06859999 0.02361196 0.03533697 -0.06859999 0.02717989 0.03460097 -0.06859999 0.02696198 0.03285288 -0.06859999 0.03146398 0.03075695 -0.06859999 0.030052 0.030052 -0.06859999 0.03285288 0.02696198 -0.06859999 0.03520995 0.02638697 -0.06859999 0.03533697 0.02361196 -0.06859999 0.0383529 0.02156597 -0.06859999 0.03748196 0.02003395 -0.06859999 0.04083889 0.016375 -0.06859999 0.03926491 0.01626396 -0.06859999 0.04066991 0.0123369 -0.06859999 0.04262691 0.01090395 -0.06859999 0.04168289 0.008290946 -0.06859999 0.04368597 0.005246937 -0.06859999 -0.04084998 0.01342689 -0.08109998 -0.03869599 0.01875191 -0.08109998 0.03986191 -0.01612496 -0.08109998 -0.035851 0.02374196 -0.08109998 -0.03236699 0.02830892 -0.08109998 -0.02830499 0.03236997 -0.08109998 -0.0237379 0.03585398 -0.08109998 -0.01874697 0.03869789 -0.08109998 0.04165589 -0.01066792 -0.08109998 -0.01342195 0.04085195 -0.08109998 -0.007856965 0.04227596 -0.08109998 -0.002151966 0.04294598 -0.08109998 0.003590941 0.04284989 -0.08109998 0.009269952 0.0419889 -0.08109998 0.01478391 0.04037892 -0.08109998 0.02003395 0.0380479 -0.08109998 0.02492696 0.03503799 -0.08109998 0.02937489 0.031403 -0.08109998 0.03329789 0.02720689 -0.08109998 0.03662699 0.02252596 -0.08109998 0.039303 0.01744395 -0.08109998 0.04127699 0.0120489 -0.08109998 0.04251492 0.006439924 -0.08109998 0.04299396 7.16e-4 -0.08109998 0.04270595 -0.005020976 -0.08109998 0.03735697 -0.02129393 -0.08109998 -0.03804993 -0.02002996 -0.08109998 -0.04038 -0.01477897 -0.08109998 -0.04198998 -0.009264945 -0.08109998 -0.03504097 -0.0249229 -0.08109998 0.03418499 -0.026084 -0.08109998 -0.03140598 -0.02937096 -0.08109998 0.03040397 -0.03040695 -0.08109998 -0.02721095 -0.03329491 -0.08109998 0.02607995 -0.03418892 -0.08109998 -0.02253097 -0.0366249 -0.08109998 0.02129 -0.03735995 -0.08109998 -0.01744788 -0.03930091 -0.08109998 0.01611989 -0.039864 -0.08109998 -0.0120539 -0.04127591 -0.08109998 0.01066297 -0.04165697 -0.08109998 -0.00644499 -0.0425139 -0.08109998 0.005015969 -0.04270595 -0.08109998 -7.21e-4 -0.04299396 -0.08109998 -0.04284989 -0.003585994 -0.08109998 -0.04294598 0.002156913 -0.08109998 -0.04227495 0.007861971 -0.08109998 -0.04362398 -0.005742967 -0.0787 -0.04399991 0 -0.0787 -0.04362398 0.005742967 -0.0787 -0.04250097 0.011388 -0.0787 -0.04065096 0.01683795 -0.0787 -0.03810495 0.02199995 -0.0787 -0.03490793 0.02678591 -0.0787 -0.0311129 0.0311129 -0.0787 -0.02678591 0.03490793 -0.0787 -0.02199995 0.03810495 -0.0787 -0.01683795 0.04065096 -0.0787 -0.011388 0.04250097 -0.0787 -0.005742967 0.04362398 -0.0787 0 0.04399991 -0.0787 0.005742967 0.04362398 -0.0787 0.011388 0.04250097 -0.0787 0.01683795 0.04065096 -0.0787 0.02199995 0.03810495 -0.0787 0.02678591 0.03490793 -0.0787 0.0311129 0.0311129 -0.0787 0.03490793 0.02678591 -0.0787 0.03810495 0.02199995 -0.0787 0.04065096 0.01683795 -0.0787 0.04250097 0.011388 -0.0787 0.04362398 0.005742967 -0.0787 0.04399991 0 -0.0787 0.04362398 -0.005742967 -0.0787 0.04250097 -0.011388 -0.0787 0.04065096 -0.01683795 -0.0787 0.03810495 -0.02199995 -0.0787 0.03490793 -0.02678591 -0.0787 0.0311129 -0.0311129 -0.0787 0.02678591 -0.03490793 -0.0787 0.02199995 -0.03810495 -0.0787 0.01683795 -0.04065096 -0.0787 0.011388 -0.04250097 -0.0787 0.005742967 -0.04362398 -0.0787 0 -0.04399991 -0.0787 -0.005742967 -0.04362398 -0.0787 -0.011388 -0.04250097 -0.0787 -0.01683795 -0.04065096 -0.0787 -0.02199995 -0.03810495 -0.0787 -0.02678591 -0.03490793 -0.0787 -0.0311129 -0.0311129 -0.0787 -0.03490793 -0.02678591 -0.0787 -0.03810495 -0.02199995 -0.0787 -0.04065096 -0.01683795 -0.0787 -0.04250097 -0.011388 -0.0787 -0.04299998 0 -0.0787 -0.04261595 0.005730926 -0.0787 -0.04147189 0.01135993 -0.0787 -0.03958797 0.01678699 -0.0787 -0.03699696 0.021914 -0.0787 -0.033746 0.02664893 -0.0787 -0.02989298 0.030909 -0.0787 -0.02550697 0.03461796 -0.0787 -0.02066493 0.03770893 -0.0787 -0.01545488 0.04012691 -0.0787 -0.009967982 0.04182893 -0.0787 -0.004303932 0.04278391 -0.0787 0.001436889 0.04297596 -0.0787 0.007151961 0.04240089 -0.0787 0.01273989 0.04106897 -0.0787 0.01809996 0.03900498 -0.0787 0.02313792 0.03624397 -0.0787 0.02776199 0.03283697 -0.0787 0.03189092 0.02884393 -0.0787 0.03545099 0.02433598 -0.0787 0.038378 0.0193929 -0.0787 0.04062098 0.01410496 -0.0787 0.04213798 0.008564949 -0.0787 0.0429039 0.00287199 -0.0787 0.0429039 -0.00287199 -0.0787 0.04213798 -0.008564949 -0.0787 0.04062098 -0.01410496 -0.0787 0.038378 -0.0193929 -0.0787 0.03545099 -0.02433598 -0.0787 0.03189092 -0.02884393 -0.0787 0.02776199 -0.03283697 -0.0787 0.02313792 -0.03624397 -0.0787 0.01809996 -0.03900498 -0.0787 0.01273989 -0.04106897 -0.0787 0.007151961 -0.04240089 -0.0787 0.001436889 -0.04297596 -0.0787 -0.004303932 -0.04278391 -0.0787 -0.009967982 -0.04182893 -0.0787 -0.01545488 -0.04012691 -0.0787 -0.02066493 -0.03770893 -0.0787 -0.02550697 -0.03461796 -0.0787 -0.02989298 -0.030909 -0.0787 -0.033746 -0.02664893 -0.0787 -0.03699696 -0.021914 -0.0787 -0.03958797 -0.01678699 -0.0787 -0.04147189 -0.01135993 -0.0787 -0.04261595 -0.005730926 -0.0787 -0.03012388 0.06221497 0.004770994 0.03012388 0.06221497 0.004770994 -0.03049999 0.06221497 0 0.03049999 0.06221497 0 -0.03012388 0.06221497 -0.004770994 0.03012388 0.06221497 -0.004770994 -0.02900689 0.06221497 -0.009424984 0.02900689 0.06221497 -0.009424984 -0.02717596 0.06221497 -0.01384699 0.02717596 0.06221497 -0.01384699 -0.02467495 0.06221497 -0.01792699 0.02467495 0.06221497 -0.01792699 -0.02156692 0.06221497 -0.02156692 0.02156692 0.06221497 -0.02156692 -0.01792699 0.06221497 -0.02467495 0.01792699 0.06221497 -0.02467495 -0.01384699 0.06221497 -0.02717596 0.01384699 0.06221497 -0.02717596 -0.009424984 0.06221497 -0.02900689 0.009424984 0.06221497 -0.02900689 -0.004770994 0.06221497 -0.03012388 0.004770994 0.06221497 -0.03012388 0 0.06221497 -0.03049999 0.02900689 0.06221497 0.009424984 -0.02900689 0.06221497 0.009424984 0.02717596 0.06221497 0.01384699 -0.02717596 0.06221497 0.01384699 0.02467495 0.06221497 0.01792699 -0.02467495 0.06221497 0.01792699 0.02156692 0.06221497 0.02156692 -0.02156692 0.06221497 0.02156692 0.01792699 0.06221497 0.02467495 -0.01792699 0.06221497 0.02467495 0.01384699 0.06221497 0.02717596 -0.01384699 0.06221497 0.02717596 0.009424984 0.06221497 0.02900689 -0.009424984 0.06221497 0.02900689 0.004770994 0.06221497 0.03012388 -0.004770994 0.06221497 0.03012388 0 0.06221497 0.03049999 -0.03211891 0.06021493 -0.004960954 -0.0324999 0.06021493 0 -0.03211891 0.06021493 0.004960954 -0.03098493 0.06021493 0.009805977 -0.02912497 0.06021493 0.01442092 -0.02658295 0.06021493 0.01869791 -0.02341699 0.06021493 0.02253699 -0.01970189 0.06021493 0.02584689 -0.01552593 0.06021493 0.02855199 -0.01098597 0.06021493 0.03058689 -0.006187975 0.06021493 0.03190588 -0.001244962 0.06021493 0.03247588 0.003726959 0.06021493 0.03228592 0.008611977 0.06021493 0.03133791 0.01329499 0.06021493 0.02965599 0.01766598 0.06021493 0.0272789 0.02162295 0.06021493 0.02426296 0.02507299 0.06021493 0.02067798 0.02793598 0.06021493 0.01660794 0.03014397 0.06021493 0.01214891 0.03164494 0.06021493 0.007404983 0.03240489 0.06021493 0.002487957 0.03240489 0.06021493 -0.002487957 0.03164494 0.06021493 -0.007404983 0.03014397 0.06021493 -0.01214891 0.02793598 0.06021493 -0.01660794 0.02507299 0.06021493 -0.02067798 0.02162295 0.06021493 -0.02426296 0.01766598 0.06021493 -0.0272789 0.01329499 0.06021493 -0.02965599 0.008611977 0.06021493 -0.03133791 0.003726959 0.06021493 -0.03228592 -0.001244962 0.06021493 -0.03247588 -0.006187975 0.06021493 -0.03190588 -0.01098597 0.06021493 -0.03058689 -0.01552593 0.06021493 -0.02855199 -0.01970189 0.06021493 -0.02584689 -0.02341699 0.06021493 -0.02253699 -0.02658295 0.06021493 -0.01869791 -0.02912497 0.06021493 -0.01442092 -0.03098493 0.06021493 -0.009805977 -0.004297912 -0.04359996 0.02437388 0 -0.04359996 0.02474999 0.004297912 -0.04359996 0.02437388 0.008464992 -0.04359996 0.02325689 0.01237493 -0.04359996 0.02143388 0.01590889 -0.04359996 0.01895993 0.01895993 -0.04359996 0.01590889 0.02143388 -0.04359996 0.01237493 0.02325689 -0.04359996 0.008464992 0.02437388 -0.04359996 0.004297912 0.02474999 -0.04359996 0 0.02437388 -0.04359996 -0.004297912 0.02325689 -0.04359996 -0.008464992 0.02143388 -0.04359996 -0.01237493 0.01895993 -0.04359996 -0.01590889 0.01590889 -0.04359996 -0.01895993 0.01237493 -0.04359996 -0.02143388 0.008464992 -0.04359996 -0.02325689 0.004297912 -0.04359996 -0.02437388 0 -0.04359996 -0.02474999 -0.004297912 -0.04359996 -0.02437388 -0.008464992 -0.04359996 -0.02325689 -0.01237493 -0.04359996 -0.02143388 -0.01590889 -0.04359996 -0.01895993 -0.01895993 -0.04359996 -0.01590889 -0.02143388 -0.04359996 -0.01237493 -0.02325689 -0.04359996 -0.008464992 -0.02437388 -0.04359996 -0.004297912 -0.02474999 -0.04359996 0 -0.02437388 -0.04359996 0.004297912 -0.02325689 -0.04359996 0.008464992 -0.02143388 -0.04359996 0.01237493 -0.01895993 -0.04359996 0.01590889 -0.01590889 -0.04359996 0.01895993 -0.01237493 -0.04359996 0.02143388 -0.008464992 -0.04359996 0.02325689 0.023368 -0.04459995 -0.00424093 0.02374988 -0.04459995 0 0.02223592 -0.04459995 -0.008344948 0.02038788 -0.04459995 -0.01218098 0.01788491 -0.04459995 -0.01562595 0.01480793 -0.04459995 -0.01856791 0.01125395 -0.04459995 -0.02091389 0.007338941 -0.04459995 -0.02258795 0.003187954 -0.04459995 -0.02353495 -0.001065969 -0.04459995 -0.02372592 -0.005284965 -0.04459995 -0.02315497 -0.009333968 -0.04459995 -0.02183896 -0.01308399 -0.04459995 -0.01982092 -0.01641297 -0.04459995 -0.01716589 -0.01921397 -0.04459995 -0.01396 -0.02139788 -0.04459995 -0.01030492 -0.02289396 -0.04459995 -0.006317973 -0.02365398 -0.04459995 -0.002128899 -0.02365398 -0.04459995 0.002128899 -0.02289396 -0.04459995 0.006317973 -0.02139788 -0.04459995 0.01030492 -0.01921397 -0.04459995 0.01396 -0.01641297 -0.04459995 0.01716589 -0.01308399 -0.04459995 0.01982092 -0.009333968 -0.04459995 0.02183896 -0.005284965 -0.04459995 0.02315497 -0.001065969 -0.04459995 0.02372592 0.003187954 -0.04459995 0.02353495 0.007338941 -0.04459995 0.02258795 0.01125395 -0.04459995 0.02091389 0.01480793 -0.04459995 0.01856791 0.01788491 -0.04459995 0.01562595 0.02038788 -0.04459995 0.01218098 0.02223592 -0.04459995 0.008344948 0.023368 -0.04459995 0.00424093 0.008708953 -0.04459995 0.01563888 0.005382955 -0.04459995 0.01707196 0.01167899 -0.04459995 0.013565 0.01416999 -0.04459995 0.01093691 0.01608192 -0.04459995 0.007859945 0.01733493 -0.04459995 0.004461944 0.01787799 -0.04459995 8.81e-4 0.01769 -0.04459995 -0.002734959 0.01677691 -0.04459995 -0.00623995 0.01517695 -0.04459995 -0.009489953 0.01295596 -0.04459995 -0.01235091 0.01020497 -0.04459995 -0.01470589 0.007035911 -0.04459995 -0.01645892 0.003578901 -0.04459995 -0.01753896 -2.5e-5 -0.04459995 -0.01789999 -0.003627896 -0.04459995 -0.01752793 -0.007081985 -0.04459995 -0.01643896 -0.01024591 -0.04459995 -0.01467692 -0.01299095 -0.04459995 -0.01231396 -0.01520395 -0.04459995 -0.009446978 -0.01679396 -0.04459995 -0.006192982 -0.01769691 -0.04459995 -0.002685964 -0.0178759 -0.04459995 9.32e-4 -0.017322 -0.04459995 0.004510939 -0.01605999 -0.04459995 0.00790596 -0.01413893 -0.04459995 0.01097697 -0.01163995 -0.04459995 0.0135979 -0.008664965 -0.04459995 0.0156629 -0.005334973 -0.04459995 0.01708698 -0.001785933 -0.04459995 0.017811 0.001835942 -0.04459995 0.01780599 0.008652985 -0.04509997 0.01553791 0.005382955 -0.0449 0.01707196 0.005347967 -0.04509997 0.01696091 0.001835942 -0.0449 0.01780599 0.001823902 -0.04509997 0.01769089 -0.001785933 -0.0449 0.017811 -0.001773953 -0.04509997 0.01769596 -0.005334973 -0.0449 0.01708698 -0.005299985 -0.04509997 0.01697593 -0.008664965 -0.0449 0.0156629 -0.008608996 -0.04509997 0.01556193 -0.01163995 -0.0449 0.0135979 -0.01156497 -0.04509997 0.01350992 -0.01413893 -0.0449 0.01097697 -0.01404798 -0.04509997 0.01090598 -0.01605999 -0.0449 0.00790596 -0.01595598 -0.04509997 0.007854998 -0.017322 -0.0449 0.004510939 -0.01721096 -0.04509997 0.004481971 -0.0178759 -0.0449 9.32e-4 -0.01775991 -0.04509997 9.26e-4 -0.01769691 -0.0449 -0.002685964 -0.01758295 -0.04509997 -0.002667963 -0.01679396 -0.0449 -0.006192982 -0.01668596 -0.04509997 -0.006152987 -0.01520395 -0.0449 -0.009446978 -0.01510596 -0.04509997 -0.009385943 -0.01299095 -0.0449 -0.01231396 -0.0129069 -0.04509997 -0.01223492 -0.01024591 -0.0449 -0.01467692 -0.01017993 -0.04509997 -0.01458299 -0.007081985 -0.0449 -0.01643896 -0.007035911 -0.04509997 -0.01633298 -0.003627896 -0.0449 -0.01752793 -0.003604888 -0.04509997 -0.01741492 -2.5e-5 -0.0449 -0.01789999 -2.5e-5 -0.04509997 -0.01778495 0.003578901 -0.0449 -0.01753896 0.00355494 -0.04509997 -0.01742595 0.007035911 -0.0449 -0.01645892 0.006989896 -0.04509997 -0.01635295 0.01020497 -0.0449 -0.01470589 0.01013892 -0.04509997 -0.01461088 0.01295596 -0.0449 -0.01235091 0.01287299 -0.04509997 -0.01227092 0.01517695 -0.0449 -0.009489953 0.01507896 -0.04509997 -0.009428977 0.01677691 -0.0449 -0.00623995 0.01666897 -0.04509997 -0.006199896 0.01769 -0.0449 -0.002734959 0.01757591 -0.04509997 -0.002717912 0.01787799 -0.0449 8.81e-4 0.01776289 -0.04509997 8.76e-4 0.01733493 -0.0449 0.004461944 0.017223 -0.04509997 0.004432976 0.01608192 -0.0449 0.007859945 0.01597791 -0.04509997 0.007809937 0.01416999 -0.0449 0.01093691 0.01407897 -0.04509997 0.01086592 0.01167899 -0.0449 0.013565 0.01160293 -0.04509997 0.01347798 0.008708953 -0.0449 0.01563888 -0.0324999 0.03429991 0 -0.03213691 0.03429991 -0.00484395 -0.0324999 0.03429991 -0.02754592 -0.03105592 0.03429991 -0.009579956 -0.02928096 0.03429991 -0.0141009 -0.02685296 0.03429991 -0.01830798 -0.02382391 0.03429991 -0.02210599 -0.02026289 0.03429991 -0.02540993 -0.01624995 0.03429991 -0.0281459 -0.02251493 0.03429991 -0.03098899 -0.02723199 0.03429991 -0.02945792 -0.0182169 0.03429991 -0.03220289 -0.01187396 0.03429991 -0.03025299 -0.01423388 0.03429991 -0.03314393 -0.01048588 0.03429991 -0.03384596 -0.007231891 0.03429991 -0.03168499 -0.006902933 0.03429991 -0.03433299 -0.002428889 0.03429991 -0.03240895 -0.003425896 0.03429991 -0.03461897 0 0.03429991 -0.03471398 0.002428889 0.03429991 -0.03240895 0.003425896 0.03429991 -0.03461897 0.006902933 0.03429991 -0.03433299 0.007231891 0.03429991 -0.03168499 0.01048588 0.03429991 -0.03384596 0.01187396 0.03429991 -0.03025299 0.01423388 0.03429991 -0.03314393 0.0182169 0.03429991 -0.03220289 0.01624995 0.03429991 -0.0281459 0.02251493 0.03429991 -0.03098899 0.02026289 0.03429991 -0.02540993 0.02723199 0.03429991 -0.02945792 0.0324999 0.03429991 -0.02754592 0.02382391 0.03429991 -0.02210599 0.02685296 0.03429991 -0.01830798 0.02928096 0.03429991 -0.0141009 0.03105592 0.03429991 -0.009579956 0.03213691 0.03429991 -0.00484395 0.0324999 0.03429991 0 -0.0324999 0.03130489 -0.028723 -0.0324999 0.02851295 -0.029769 -0.0324999 0.02342993 -0.03152292 -0.0324999 0.01887196 -0.03289693 -0.0324999 0.01470392 -0.03395491 -0.0324999 0.01081997 -0.03473889 -0.0324999 0.007135987 -0.035281 -0.0324999 0.003578901 -0.03560096 -0.0324999 8.4e-5 -0.03570991 -0.0324999 -0.003408968 -0.03561097 -0.0324999 -0.006960988 -0.03530198 -0.0324999 -0.01063793 -0.0347709 -0.0324999 -0.01450991 -0.0339989 -0.0324999 -0.01866197 -0.03295499 -0.0324999 -0.02319896 -0.03159797 -0.0324999 -0.028252 -0.02986395 -0.0324999 -0.031026 -0.02882999 0.0324999 0.003578901 -0.03560096 0.0324999 8.4e-5 -0.03570991 0.0324999 -0.003408968 -0.03561097 0.0324999 0.007135987 -0.035281 0.0324999 0.01081997 -0.03473889 0.0324999 0.01470392 -0.03395491 0.0324999 0.01887196 -0.03289693 0.0324999 0.02342993 -0.03152292 0.0324999 0.02851295 -0.029769 0.0324999 0.03130489 -0.028723 0.0324999 -0.031026 -0.02882999 0.0324999 -0.028252 -0.02986395 0.0324999 -0.02319896 -0.03159797 0.0324999 -0.01866197 -0.03295499 0.0324999 -0.01450991 -0.0339989 0.0324999 -0.01063793 -0.0347709 0.0324999 -0.006960988 -0.03530198 0.03711599 -0.01180297 -0.04609996 0.03616189 -0.01263993 -0.04609996 0.03835892 -0.01155489 -0.04609996 0.03955996 -0.01196193 -0.04609996 0.03575491 -0.01384097 -0.04609996 0.04039692 -0.0129159 -0.04609996 0.03600299 -0.0150839 -0.04609996 0.040645 -0.01415896 -0.04609996 0.03683996 -0.016038 -0.04609996 0.04023796 -0.01535993 -0.04609996 0.03804093 -0.01644498 -0.04609996 0.03928399 -0.01619696 -0.04609996 0.04093295 -0.01369088 -0.04639995 0.04062998 -0.01280099 -0.04624992 0.04053092 -0.01284897 -0.04613989 0.04090392 -0.01417595 -0.04624992 0.0407949 -0.01416891 -0.04613989 0.04045397 -0.01550489 -0.04624992 0.040362 -0.01544398 -0.04613989 0.0393989 -0.01642996 -0.04624992 0.03935092 -0.01633089 -0.04613989 0.03802388 -0.01670396 -0.04624992 0.03803098 -0.01659399 -0.04613989 0.036695 -0.01625388 -0.04624992 0.03675591 -0.01616191 -0.04613989 0.03576993 -0.01519888 -0.04624992 0.035869 -0.01515096 -0.04613989 0.03549593 -0.01382392 -0.04624992 0.03560495 -0.0138309 -0.04613989 0.03594595 -0.01249498 -0.04624992 0.03603798 -0.01255589 -0.04613989 0.03700095 -0.01156991 -0.04624992 0.03704893 -0.01166898 -0.04613989 0.03837597 -0.01129597 -0.04624992 0.03836894 -0.01140499 -0.04613989 0.03970491 -0.01174592 -0.04624992 0.039644 -0.01183789 -0.04613989 0.03850895 -0.01126688 -0.04639995 0.0371769 -0.01144695 -0.04639995 0.036089 -0.01223695 -0.04639995 0.03550595 -0.01344794 -0.04639995 0.03556597 -0.01479095 -0.04639995 0.036255 -0.01594489 -0.04639995 0.03740888 -0.01663392 -0.04639995 0.0387519 -0.01669389 -0.04639995 0.03996288 -0.01611089 -0.04639995 0.04075288 -0.01502299 -0.04639995 0.04038697 0.01289492 -0.04609996 0.04064589 0.01413697 -0.04609996 0.03954088 0.01194989 -0.04609996 0.03833699 0.011554 -0.04609996 0.04025 0.01534098 -0.04609996 0.03709495 0.01181298 -0.04609996 0.03930497 0.01618695 -0.04609996 0.03614991 0.01265895 -0.04609996 0.03806293 0.01644599 -0.04609996 0.0357539 0.0138629 -0.04609996 0.03685891 0.01604998 -0.04609996 0.03601288 0.01510488 -0.04609996 0.03850895 0.01126688 -0.04639995 0.03968393 0.01173198 -0.04624992 0.03962296 0.01182395 -0.04613989 0.03835093 0.01129388 -0.04624992 0.03834491 0.01140391 -0.04613989 0.03697788 0.011581 -0.04624992 0.03702795 0.01167899 -0.04613989 0.035932 0.01251596 -0.04624992 0.03602397 0.01257693 -0.04613989 0.03549391 0.01384896 -0.04624992 0.035604 0.01385498 -0.04613989 0.0357809 0.01522195 -0.04624992 0.03587889 0.015172 -0.04613989 0.03671598 0.01626795 -0.04624992 0.0367769 0.01617598 -0.04613989 0.03804898 0.01670593 -0.04624992 0.038055 0.0165959 -0.04613989 0.03942191 0.01641899 -0.04624992 0.0393719 0.016321 -0.04613989 0.04046791 0.01548391 -0.04624992 0.04037588 0.01542294 -0.04613989 0.04090595 0.01415091 -0.04624992 0.04079598 0.01414489 -0.04613989 0.04061889 0.01277798 -0.04624992 0.0405209 0.01282799 -0.04613989 0.04093295 0.01369088 -0.04639995 0.04075288 0.01502299 -0.04639995 0.03996288 0.01611089 -0.04639995 0.0387519 0.01669389 -0.04639995 0.03740888 0.01663392 -0.04639995 0.036255 0.01594489 -0.04639995 0.03556597 0.01479095 -0.04639995 0.03550595 0.01344794 -0.04639995 0.036089 0.01223695 -0.04639995 0.0371769 0.01144695 -0.04639995</float_array>
          <technique_common>
            <accessor source="#LINK_12_003-mesh-positions-array" count="1228" stride="3">
              <param name="X" type="float" />
              <param name="Y" type="float" />
              <param name="Z" type="float" />
            </accessor>
          </technique_common>
        </source>
        <source id="LINK_12_003-mesh-normals">
          <float_array id="LINK_12_003-mesh-normals-array" count="4839">-8.3466e-7 0 1 0 0 1 -8.34201e-7 0 1 8.58612e-7 0 1 -1.08251e-6 0 1 1.62787e-6 0 1 -3.79877e-7 0 1 -4.32165e-7 0 1 8.604e-7 0 1 -4.12163e-7 0 1 -8.54072e-7 0 1 -1.55505e-7 0 1 -8.31177e-7 0 1 1.69431e-6 0 1 -1.66235e-6 0 1 1.62787e-6 0 1 8.19295e-7 0 1 -4.11378e-7 0 1 -4.12877e-7 0 1 -8.30187e-7 0 1 4.15957e-7 0 1 0 1 0 0.3857394 0.8044402 0.4517537 0.3015637 0.8245468 0.4787297 -0.06323492 0.7218304 0.6891753 -0.2625916 0.6895928 0.6749129 0.1272962 0.8513373 0.5089407 -0.4922206 0.5467287 0.6773528 -0.04223871 0.814072 0.579226 0.02960383 0.1364525 0.9902042 0.3857027 -0.8044274 0.4518076 -0.06323492 -0.7218304 0.6891753 0.3015882 -0.824561 0.4786897 -0.2625916 -0.6895928 0.6749129 0.12815 -0.8495625 0.5116846 -0.4922206 -0.5467287 0.6773528 -0.04223871 -0.814072 0.579226 0.02960383 -0.1364525 0.9902042 -4.80146e-5 0 1 7.21655e-7 0 1 -8.21814e-6 0 1 2.55323e-7 0 1 -2.76012e-6 0 1 -4.07485e-6 0 1 5.55421e-7 0 1 1.28101e-6 0 1 -1.24628e-6 0 1 6.37353e-7 0 1 1.24802e-6 0 1 -6.36682e-7 0 1 6.36458e-7 0 1 1.27358e-6 0 1 -6.23822e-7 0 1 -7.76711e-7 0 1 2.57351e-6 0 1 -1.23426e-6 0 1 -1.22912e-6 0 1 1.27759e-6 0 1 6.38796e-7 0 1 -3.20311e-7 0 1 0 0 1 -6.4612e-7 0 1 1.83275e-6 0 1 -1.29996e-6 0 1 1.28676e-6 0 1 2.56203e-6 0 1 -2.03743e-6 0 1 9.57548e-7 0 1 -3.46445e-6 0 1 -1.64981e-6 0 1 1.82648e-6 0 1 -3.68849e-6 0 1 2.17942e-6 0 1 4.81898e-6 0 1 1.82648e-6 0 1 3.2706e-6 0 1 -0.7128939 0.1101431 0.6925683 -0.6893329 0.05295044 0.7225071 -0.7213501 0 0.6925706 -0.6893329 -0.05295044 0.7225071 -0.7128939 -0.1101431 0.6925683 -0.6731973 -0.1575412 0.7224861 -0.6877271 -0.2176347 0.6925798 -0.641239 -0.2584366 0.7225117 -0.6464644 -0.3200277 0.6925795 -0.5942785 -0.3533259 0.7224916 -0.5900559 -0.4149985 0.692539 -0.5334079 -0.4398982 0.7224719 -0.5197457 -0.5002437 0.6925466 -0.4599858 -0.5161717 0.7224817 -0.4372866 -0.5736792 0.692584 -0.3758155 -0.5803259 0.7224851 -0.3446238 -0.633733 0.6925438 -0.2828225 -0.6308953 0.7224837 -0.2438456 -0.6788919 0.6925643 -0.1832343 -0.6666811 0.7224693 -0.137335 -0.7081911 0.6925349 -0.07925814 -0.6868025 0.7225099 -0.02758914 -0.7207967 0.6925972 0.02646052 -0.6909044 0.7224617 0.08270698 -0.7166211 0.6925415 0.1316317 -0.6786983 0.7225247 0.1911712 -0.6955288 0.6925989 0.2336904 -0.6506829 0.7224961 0.2950884 -0.6582342 0.6925681 0.3302782 -0.6073311 0.7225409 0.3921104 -0.60547 0.6925718 0.419122 -0.5498669 0.7224842 0.4799141 -0.5385414 0.6925718 0.4981089 -0.479431 0.7225189 0.5564963 -0.4589553 0.6925836 0.5654936 -0.3977285 0.7225158 0.6200507 -0.3686367 0.6925635 0.6196262 -0.306746 0.7224751 0.6690804 -0.2696403 0.69255 0.6591789 -0.208597 0.7224753 0.7023697 -0.1643766 0.692573 0.6832733 -0.1055673 0.722491 0.7192531 -0.05524027 0.6925486 0.6913862 0 0.7224854 0.7192531 0.05524027 0.6925486 0.6832733 0.1055673 0.722491 0.7023697 0.1643766 0.692573 0.6591789 0.208597 0.7224753 0.6690804 0.2696403 0.69255 0.6196262 0.306746 0.7224751 0.6200507 0.3686367 0.6925635 0.5654936 0.3977285 0.7225158 0.5564963 0.4589553 0.6925836 0.4981089 0.479431 0.7225189 0.4799141 0.5385414 0.6925718 0.419122 0.5498669 0.7224842 0.3921104 0.60547 0.6925718 0.3302782 0.6073311 0.7225409 0.2950884 0.6582342 0.6925681 0.2336904 0.6506829 0.7224961 0.1911712 0.6955288 0.6925989 0.1316317 0.6786983 0.7225247 0.08270698 0.7166211 0.6925415 0.02646052 0.6909044 0.7224617 -0.02758914 0.7207967 0.6925972 -0.07925814 0.6868025 0.7225099 -0.137335 0.7081911 0.6925349 -0.1832343 0.6666811 0.7224693 -0.2438456 0.6788919 0.6925643 -0.2828225 0.6308953 0.7224837 -0.3446238 0.633733 0.6925438 -0.3758155 0.5803259 0.7224851 -0.4372866 0.5736792 0.692584 -0.4599858 0.5161717 0.7224817 -0.5197457 0.5002437 0.6925466 -0.5334079 0.4398982 0.7224719 -0.5900559 0.4149985 0.692539 -0.5942785 0.3533259 0.7224916 -0.6464644 0.3200277 0.6925795 -0.641239 0.2584366 0.7225117 -0.6877271 0.2176347 0.6925798 -0.6731973 0.1575412 0.7224861 0 0 -1 -9.31313e-6 0 -1 7.0776e-6 0 -1 -4.51493e-6 0 -1 -4.51434e-6 0 -1 7.18989e-6 0 -1 -2.25704e-6 0 -1 -7.07658e-6 0 -1 -4.51434e-6 0 -1 -2.25747e-6 0 -1 -1.41068e-6 0 -1 -4.65657e-6 0 -1 1.12854e-6 0 -1 2.32882e-6 0 -1 0 0 -1 -3.5392e-6 0 -1 1.12859e-6 0 -1 1.79748e-6 0 -1 2.25705e-6 0 -1 -1.79748e-6 0 -1 3.5392e-6 0 -1 -4.65764e-6 0 -1 9.31313e-6 0 -1 -7.0776e-6 0 -1 4.51493e-6 0 -1 4.51434e-6 0 -1 -7.18989e-6 0 -1 2.25704e-6 0 -1 7.07658e-6 0 -1 4.51434e-6 0 -1 2.25747e-6 0 -1 1.41068e-6 0 -1 4.65657e-6 0 -1 -1.12854e-6 0 -1 -2.32882e-6 0 -1 0 0 -1 -1.12859e-6 0 -1 -2.25705e-6 0 -1 -6.73129e-6 0 -1 2.52848e-5 0 -1 3.27621e-7 0 -1 -2.22167e-6 0 -1 1.02918e-6 0 -1 2.28342e-6 0 -1 -3.45046e-6 0 -1 -1.34578e-6 0 -1 -8.72885e-6 0 -1 1.28344e-5 0 -1 -1.96431e-6 0 -1 -3.36564e-6 0 -1 -4.10907e-6 0 1 0.04498457 0.9985731 0.02877914 0.06176996 0.6828269 -0.7279642 0.2335346 0.619117 0.7497706 0.2335346 0.619117 -0.7497706 0.437008 0.4967651 0.7498323 0.437008 0.4967651 -0.7498323 0.8464607 0.5294232 0.05670535 0.8630492 0.5036259 -0.03882026 0.8464607 -0.5294232 0.05670535 0.8630359 -0.5036487 -0.03881967 0.437008 -0.4967651 0.7498323 0.437008 -0.4967651 -0.7498323 0.2335346 -0.619117 0.7497706 0.2335346 -0.619117 -0.7497706 0.04498457 -0.9985731 0.02877914 0.06176996 -0.6828269 -0.7279642 0.4145765 0.8089187 0.4168655 0.8448615 0.137916 0.5169028 0.7034692 -0.5140971 0.4907498 0.3889365 -0.4878796 0.7814742 0.8690387 -0.2720496 0.4132321 0.6116677 -0.1401141 0.7786083 0.9311724 0.006470024 0.3645218 0.9122571 0.2277362 0.3404751 0.640623 0.2038665 0.7402978 0.8451986 0.3893639 0.3661082 0.6483529 0.2476949 -0.7199207 0.6644903 0.275312 -0.6947346 0.6216745 0.3602782 -0.6955003 0.7676246 0.5154426 0.3808825 0.6951683 0.1861981 -0.6943137 0.6732823 0.1667259 -0.7203428 0.714137 0.09360074 -0.6937199 0.6881087 0.08343851 -0.7207944 0.7205275 0 -0.6934264 0.6928196 0 -0.721111 0.6881087 -0.08343851 -0.7207944 0.714137 -0.09360074 -0.6937199 0.6732823 -0.1667259 -0.7203428 0.6951683 -0.1861981 -0.6943137 0.6483529 -0.2476949 -0.7199207 0.6644903 -0.275312 -0.6947346 0.6216745 -0.3602782 -0.6955003 0.7674409 -0.5161441 0.3803023 0.8458732 -0.3887855 0.3651635 0.6236299 -0.3243584 0.7112507 0.6281681 -0.3195316 0.7094395 0.640623 -0.2038665 0.7402978 0.5708642 -0.437983 -0.6944675 0.6956822 -0.6100152 0.379352 0.5087584 -0.5087584 -0.6944996 0.6103647 -0.6952708 0.3795438 0.437983 -0.5708642 -0.6944675 0.5146222 -0.7690035 0.3792065 0.3596964 -0.6231055 -0.6945199 0.4099055 -0.8297908 0.3787147 0.2753421 -0.6647337 -0.6944897 0.2980806 -0.8763575 0.3783459 0.1862276 -0.6949813 -0.694493 0.1810701 -0.9078837 0.3781017 0.09387642 -0.7133513 -0.6944906 0.06088542 -0.9238105 0.377978 0 -0.7194641 -0.6945298 -0.06030493 -0.9238625 0.3779438 -0.09387642 -0.7133513 -0.6944906 -0.1805228 -0.9080163 0.3780451 -0.1862276 -0.6949813 -0.694493 -0.2975658 -0.8765829 0.378229 -0.2753421 -0.6647337 -0.6944897 -0.4094387 -0.8301084 0.3785234 -0.3596964 -0.6231055 -0.6945199 -0.514284 -0.769366 0.37893 -0.4380152 -0.570836 -0.6944704 -0.6101983 -0.6954382 0.3795047 -0.5087584 -0.5087584 -0.6944996 -0.6953072 -0.6103127 0.3795609 -0.5708565 -0.4380076 -0.6944583 -0.7691711 -0.5144898 0.3790463 -0.6230869 -0.3597033 -0.6945332 -0.8299493 -0.4096948 0.3785954 -0.6647337 -0.2753421 -0.6944897 -0.8764858 -0.2977775 0.3782876 -0.6949852 -0.1861981 -0.6944969 -0.907955 -0.1807669 0.3780755 -0.7133492 -0.0939067 -0.6944886 -0.923841 -0.06061071 0.3779475 -0.7194641 0 -0.6945298 -0.923841 0.06061071 0.3779475 -0.7133492 0.0939067 -0.6944886 -0.907955 0.1807669 0.3780755 -0.6949852 0.1861981 -0.6944969 -0.8764858 0.2977775 0.3782876 -0.6647337 0.2753421 -0.6944897 -0.8299493 0.4096948 0.3785954 -0.6230869 0.3597033 -0.6945332 -0.7691711 0.5144898 0.3790463 -0.5708565 0.4380076 -0.6944583 -0.6953072 0.6103127 0.3795609 -0.5087584 0.5087584 -0.6944996 -0.6101983 0.6954382 0.3795047 -0.4380152 0.570836 -0.6944704 -0.514284 0.769366 0.37893 -0.3596964 0.6231055 -0.6945199 -0.4094387 0.8301084 0.3785234 -0.2753421 0.6647337 -0.6944897 -0.2975658 0.8765829 0.378229 -0.1862276 0.6949813 -0.694493 -0.1805228 0.9080163 0.3780451 -0.09387642 0.7133513 -0.6944906 -0.06030493 0.9238625 0.3779438 0 0.7194641 -0.6945298 0.06088542 0.9238105 0.377978 0.09387642 0.7133513 -0.6944906 0.1810701 0.9078837 0.3781017 0.1862276 0.6949813 -0.694493 0.2980806 0.8763575 0.3783459 0.2753421 0.6647337 -0.6944897 0.4099055 0.8297908 0.3787147 0.3596964 0.6231055 -0.6945199 0.5146222 0.7690035 0.3792065 0.437983 0.5708642 -0.6944675 0.6103647 0.6952708 0.3795438 0.5087584 0.5087584 -0.6944996 0.6956822 0.6100152 0.379352 0.5708642 0.437983 -0.6944675 0.6281681 0.3195316 0.7094395 0.6236299 0.3243584 0.7112507 0.4145765 -0.8089187 0.4168655 0.7034692 0.5140971 0.4907498 0.8448615 -0.137916 0.5169028 0.3889365 0.4878796 0.7814742 0.8690684 0.2721409 0.4131096 0.6116677 0.1401141 0.7786083 0.9311826 -0.006500661 0.3644952 0.9122571 -0.2277362 0.3404751 0.6439346 0.2920334 0.7071527 0.6424486 0.295185 0.7071957 0.6359359 0.3098944 0.7067892 0.6390694 0.3025365 0.7071506 0.6377213 0.3054847 0.7071002 0.6358671 0.3092371 0.707139 0.3006112 0.258312 0.9181001 0.3335752 0.2129632 0.9183542 0.2611516 0.2984153 0.9180132 0.2158594 0.3321666 0.9181885 0.1659638 0.3591203 0.9184164 0.1128597 0.3787423 0.9185951 0.05758929 0.3907041 0.9187132 0.00125122 0.3948543 0.9187429 -0.05508708 0.390981 0.9187488 -0.1103575 0.3793235 0.9186593 -0.1635195 0.3599687 0.9185228 -0.2135109 0.3333285 0.9183166 -0.2593801 0.2998786 0.9180387 -0.2991549 0.2603338 0.9180048 -0.3327489 0.2146708 0.9182564 -0.3595448 0.1647417 0.9184704 -0.3790202 0.1116093 0.9186333 -0.3908613 0.05633866 0.9187239 -0.3948289 0 0.9187547 -0.3908613 -0.05633866 0.9187239 -0.3790202 -0.1116093 0.9186333 -0.3595448 -0.1647417 0.9184704 -0.3327489 -0.2146708 0.9182564 -0.2991549 -0.2603338 0.9180048 -0.2593801 -0.2998786 0.9180387 -0.2135109 -0.3333285 0.9183166 -0.1635195 -0.3599687 0.9185228 -0.1103575 -0.3793235 0.9186593 -0.05508708 -0.390981 0.9187488 0.00125122 -0.3948543 0.9187429 0.05758929 -0.3907041 0.9187132 0.1128597 -0.3787423 0.9185951 0.1659638 -0.3591203 0.9184164 0.2158594 -0.3321666 0.9181885 0.2611516 -0.2984153 0.9180132 0.3006112 -0.258312 0.9181001 0.3330258 -0.2129021 0.9185677 0.6358769 -0.3092418 0.7071281 0.6377213 -0.3054847 0.7071002 0.6366336 -0.306733 0.7075399 0.394037 -0.8083389 0.4374051 0.6424401 -0.2951812 0.7072049 0.6439263 -0.2920571 0.7071503 0 -1 0 0 -1 0 0 -1 -2.44309e-7 -0.008087515 0.6848157 0.7286715 -9.15585e-5 0.7290498 0.6844608 0.1594645 0.9870932 0.0147714 0.1514978 0.7130224 0.6845784 0.1596128 0.6999159 -0.6961621 0.2659161 0.6777152 -0.6855587 0.2964364 0.6659671 0.6845535 0.3949491 0.6115134 -0.6856141 0.4284251 0.5896874 0.6846319 0.5082123 0.5211526 -0.6856532 0.5416478 0.4877516 0.6846284 0.6014781 0.4100598 -0.6856203 0.6312267 0.3643981 0.6846657 0.6707451 0.2826969 -0.6856994 0.6932028 0.2251978 0.6846576 0.7134764 0.1442334 -0.6856735 0.7248643 0.07614564 0.6846704 0.7279105 0 -0.6856721 0.7248643 -0.07614564 0.6846704 0.7134733 -0.1442633 -0.6856704 0.6931869 -0.2252026 0.684672 0.6707451 -0.2826969 -0.6856994 0.6312267 -0.3643981 0.6846657 0.6014781 -0.4100598 -0.6856203 0.5416478 -0.4877516 0.6846284 0.5082123 -0.5211526 -0.6856532 0.4284251 -0.5896874 0.6846319 0.3949491 -0.6115134 -0.6856141 0.2964364 -0.6659671 0.6845535 0.2659161 -0.6777152 -0.6855587 0.1514978 -0.7130224 0.6845784 0.1596128 -0.6999159 -0.6961621 0.1594645 -0.9870932 0.0147714 -9.15585e-5 -0.7290498 0.6844608 -0.008087515 -0.6848157 0.7286715 -0.1514346 -0.7131037 0.6845076 -0.1346216 -0.6715212 0.7286537 -0.2566972 -0.6351051 0.7285245 -0.2964023 -0.6659592 0.6845759 -0.3699572 -0.5766352 0.7284392 -0.4283729 -0.5896384 0.6847069 0.497496 -0.6778655 0.5412913 0.5541399 -0.8226187 0.1273878 -0.54174 -0.4876911 0.6845987 0.4593436 -0.778696 0.4273595 0.3211576 -0.6629158 0.6763139 0.07297062 -0.4826864 0.8727481 -0.2756178 -0.4463415 0.8513602 -0.3511809 -0.3852704 0.8533691 -0.3747106 -0.1716686 0.9111102 -0.5042437 0.1997503 0.8401418 -0.7542268 0.4273942 0.4984739 -0.8348595 0.5093696 0.208692 -0.6773132 0.4979516 0.5415636 -0.5772999 -0.3680912 0.7288579 -0.6312258 -0.3644586 0.6846342 -0.6363825 -0.2530026 0.7287024 -0.6931565 -0.2252026 0.6847027 -0.6725754 -0.1288203 0.7287302 -0.7248051 -0.07614588 0.6847332 -0.6848543 0 0.7286801 -0.7248051 0.07614588 0.6847332 -0.6725754 0.1288203 0.7287302 -0.6931565 0.2252026 0.6847027 -0.6363825 0.2530026 0.7287024 -0.6312258 0.3644586 0.6846342 -0.5772999 0.3680912 0.7288579 -0.5417151 0.4876657 0.6846364 -0.6773132 -0.4979516 0.5415636 -0.8359315 -0.5307356 0.1397797 -0.780224 -0.4541566 0.4301074 -0.6896178 -0.3537816 0.631875 -0.4601441 -0.1317226 0.8780186 -0.3871994 0.2093629 0.8979108 -0.3556981 0.3833483 0.8523632 -0.203043 0.4120373 0.8882561 0.1357173 0.5070401 0.8511706 0.405268 0.6833003 0.6073374 0.5749445 0.8135103 0.08740597 -0.4283729 0.5896384 0.6847069 0.497496 0.6778655 0.5412913 -0.3699572 0.5766352 0.7284392 -0.2964023 0.6659592 0.6845759 -0.2566972 0.6351051 0.7285245 -0.1514346 0.7131037 0.6845076 -0.1346216 0.6715212 0.7286537 0.1736853 -0.9848012 0 0.1736855 -0.9848012 0 0.1736853 0.9848012 0 0.1736856 0.9848012 0 2.37231e-6 0 1 -3.57291e-6 0 1 -9.09353e-6 0 1 3.57153e-6 0 1 -7.17843e-6 0 1 4.54934e-6 0 1 -3.57272e-6 0 1 -4.74633e-6 0 1 2.29633e-6 0 1 3.58976e-6 0 1 -3.41089e-6 0 1 5.93078e-7 0 1 -5.739e-7 0 1 1.12534e-6 0 1 -8.97354e-7 0 1 -2.27338e-6 0 1 -6.55033e-7 0 1 -2.37189e-6 0 1 4.59105e-6 0 1 -4.46441e-7 0 1 8.97305e-7 0 1 4.54933e-6 0 1 -3.49533e-6 0 1 4.74531e-6 0 1 -2.67955e-6 0 1 3.58885e-6 0 1 9.49263e-6 0 1 -3.5734e-6 0 1 3.58977e-6 0 1 3.57291e-6 0 1 9.09353e-6 0 1 -3.57153e-6 0 1 7.17843e-6 0 1 -4.54934e-6 0 1 3.57272e-6 0 1 4.74633e-6 0 1 -2.29633e-6 0 1 -3.58976e-6 0 1 3.41089e-6 0 1 -5.93078e-7 0 1 5.739e-7 0 1 -1.12534e-6 0 1 8.97354e-7 0 1 2.27338e-6 0 1 6.55033e-7 0 1 2.37189e-6 0 1 -4.59105e-6 0 1 4.46441e-7 0 1 -8.97305e-7 0 1 -4.54933e-6 0 1 3.49533e-6 0 1 -4.74531e-6 0 1 2.67955e-6 0 1 -3.58885e-6 0 1 -9.49263e-6 0 1 3.5734e-6 0 1 -3.58977e-6 0 1 -5.92471e-7 0 -1 3.60286e-7 0 -1 -5.07287e-7 0 -1 1.52029e-6 0 -1 1.33306e-6 0 -1 0 0 -1 -2.77825e-6 0 -1 7.30727e-7 0 -1 1.28799e-6 0 -1 -3.90966e-6 0 -1 5.66894e-7 0 -1 2.18338e-6 0 -1 -2.008e-6 0 -1 1.36004e-6 0 -1 -2.23897e-6 0 -1 -4.43911e-6 0 -1 1.59402e-7 0 -1 -1.73611e-7 0 -1 -1.22184e-7 0 -1 8.26381e-7 0 -1 -3.68552e-7 0 -1 -2.40187e-7 0 -1 9.47871e-7 0 -1 -0.7144312 -0.09415268 -0.6933422 -0.7154444 -0.08582156 0.6933786 -0.7205574 -9.15575e-5 -0.6933953 -0.7205179 0.008301079 0.6933867 -0.7144605 0.09393888 -0.693341 -0.7132353 0.1022395 0.6934282 -0.6960579 0.1863825 -0.6933722 -0.6938556 0.1944382 0.6933673 -0.6657549 0.2756837 -0.6933752 -0.6625131 0.2834023 0.6933682 -0.6240952 0.3601312 -0.6934052 -0.6198686 0.3674471 0.6933581 -0.5717552 0.4385979 -0.6933454 -0.5665251 0.4452119 0.6934233 -0.5096085 0.5094559 -0.6933643 -0.5036302 0.5153191 0.6933995 -0.4387441 0.5716553 -0.6933354 -0.4320669 0.5766692 0.6933764 -0.3603446 0.6239726 -0.6934047 -0.3530797 0.6281821 0.6933411 -0.2758302 0.6657099 -0.69336 -0.2679904 0.6688316 0.6934303 -0.1865926 0.6960144 -0.6933593 -0.1784771 0.6980995 0.6933996 -0.09415268 0.7144312 -0.6933422 -0.08582156 0.7154444 0.6933786 -9.15575e-5 0.7205574 -0.6933953 0.008301079 0.7205179 0.6933867 0.09393888 0.7144605 -0.693341 0.1022395 0.7132353 0.6934282 0.1863825 0.6960579 -0.6933722 0.1944382 0.6938556 0.6933673 0.275678 0.6657719 -0.693361 0.2833743 0.6625189 0.6933742 0.3601312 0.6240952 -0.6934052 0.3674471 0.6198686 0.6933581 0.4385979 0.5717552 -0.6933454 0.4452119 0.5665251 0.6934233 0.5094559 0.5096085 -0.6933643 0.5153191 0.5036302 0.6933995 0.5716553 0.4387441 -0.6933354 0.5766692 0.4320669 0.6933764 0.6239726 0.3603446 -0.6934047 0.6281821 0.3530797 0.6933411 0.6656928 0.2758358 -0.6933741 0.6688316 0.2679904 0.6934303 0.6960144 0.1865926 -0.6933593 0.6980995 0.1784771 0.6933996 0.7144312 0.09415268 -0.6933422 0.7154444 0.08582156 0.6933786 0.7205574 9.15575e-5 -0.6933953 0.7205179 -0.008301079 0.6933867 0.7144605 -0.09393888 -0.693341 0.7132353 -0.1022395 0.6934282 0.6960579 -0.1863825 -0.6933722 0.6938556 -0.1944382 0.6933673 0.6657719 -0.275678 -0.693361 0.6625131 -0.2834023 0.6933682 0.624082 -0.3601236 -0.6934211 0.6198686 -0.3674471 0.6933581 0.5717552 -0.4385979 -0.6933454 0.5665251 -0.4452119 0.6934233 0.5096085 -0.5094559 -0.6933643 0.5036302 -0.5153191 0.6933995 0.4387441 -0.5716553 -0.6933354 0.4320669 -0.5766692 0.6933764 0.3603446 -0.6239726 -0.6934047 0.3530797 -0.6281821 0.6933411 0.2758302 -0.6657099 -0.69336 0.2679904 -0.6688316 0.6934303 0.1865926 -0.6960144 -0.6933593 0.1784771 -0.6980995 0.6933996 0.09415268 -0.7144312 -0.6933422 0.08582156 -0.7154444 0.6933786 9.15575e-5 -0.7205574 -0.6933953 -0.008301079 -0.7205179 0.6933867 -0.09393888 -0.7144605 -0.693341 -0.1022395 -0.7132353 0.6934282 -0.1863825 -0.6960579 -0.6933722 -0.1944382 -0.6938556 0.6933673 -0.275678 -0.6657719 -0.693361 -0.2833743 -0.6625189 0.6933742 -0.3601312 -0.6240952 -0.6934052 -0.3674471 -0.6198686 0.6933581 -0.4385979 -0.5717552 -0.6933454 -0.4452119 -0.5665251 0.6934233 -0.5094559 -0.5096085 -0.6933643 -0.5153191 -0.5036302 0.6933995 -0.5716553 -0.4387441 -0.6933354 -0.5766692 -0.4320669 0.6933764 -0.6239726 -0.3603446 -0.6934047 -0.6281821 -0.3530797 0.6933411 -0.6656928 -0.2758358 -0.6933741 -0.6688316 -0.2679904 0.6934303 -0.6960144 -0.1865926 -0.6933593 -0.6980995 -0.1784771 0.6933996 4.32598e-7 0 -1 4.21612e-6 0 -1 1.02842e-5 0 -1 1.8609e-6 0 -1 1.03629e-5 0 -1 -9.24381e-7 0 -1 -1.22341e-6 0 -1 4.25637e-6 0 -1 1.05594e-5 0 -1 -6.04738e-7 0 -1 1.2039e-6 0 -1 1.19787e-6 0 -1 5.37533e-6 0 -1 -3.57596e-6 0 -1 1.35615e-6 0 -1 2.73442e-6 0 -1 -2.34662e-6 0 -1 -5.48802e-6 0 -1 -4.65583e-6 0 -1 -1.10719e-5 0 -1 4.64774e-6 0 -1 -4.63364e-6 0 -1 -4.62804e-6 0 -1 -4.6244e-6 0 -1 -4.6244e-6 0 -1 -4.62804e-6 0 -1 -4.63364e-6 0 -1 4.64775e-6 0 -1 -2.32792e-6 0 -1 -2.33445e-6 0 -1 -1.46664e-6 0 -1 -4.76794e-6 0 -1 -0.6859584 0.2282865 -0.6909026 -0.6366338 0.2671054 -0.7234308 -0.6493582 0.317736 -0.6909254 -0.5953143 0.3496319 -0.7234353 -0.6011726 0.4014531 -0.6909609 -0.5435205 0.425868 -0.7233409 -0.5424175 0.4780525 -0.6908323 -0.4818974 0.4945324 -0.7233344 -0.4738399 0.5459872 -0.6909225 -0.4116409 0.5542259 -0.7234539 -0.396786 0.6042585 -0.6909649 -0.3340638 0.6041593 -0.7234591 -0.3126988 0.6517051 -0.6910137 -0.250593 0.6432831 -0.723457 -0.2230349 0.6876603 -0.690926 -0.1625151 0.6709662 -0.7234593 -0.1293389 0.7112114 -0.6909774 -0.07168895 0.6866757 -0.7234205 -0.03344923 0.7221196 -0.6909593 0.02041733 0.6901308 -0.7233967 0.06308346 0.7201957 -0.6908971 0.1122795 0.6812461 -0.7233928 0.1585172 0.7053619 -0.6908957 0.2020364 0.6602807 -0.7233331 0.2511106 0.6779802 -0.6908592 0.2882534 0.6273824 -0.7233957 0.3392475 0.6383933 -0.6909162 0.3693091 0.5833685 -0.7233892 0.421294 0.5875045 -0.6909052 0.443756 0.5289669 -0.7233772 0.4958791 0.5261238 -0.6908674 0.5103052 0.4649847 -0.7234486 0.5614907 0.4552232 -0.6910139 0.5676528 0.3928096 -0.7235131 0.617162 0.3763034 -0.6910188 0.6150536 0.313768 -0.7233663 0.6619074 0.2908205 -0.6908705 0.6513186 0.2288664 -0.7234669 0.6946829 0.1998716 -0.69099 0.6760831 0.1400813 -0.7233872 0.7151801 0.1055954 -0.6909176 0.6886888 0.04870808 -0.7234192 0.7228425 0.009308278 -0.6909502 0.689031 -0.04348975 -0.723426 0.717688 -0.08713209 -0.6908922 0.6771857 -0.1349549 -0.7233304 0.6997141 -0.1819556 -0.6908636 0.6530318 -0.2240152 -0.7234409 0.6690996 -0.2736643 -0.6909513 0.6174132 -0.3090728 -0.7233775 0.626709 -0.3603081 -0.6909516 0.5706499 -0.3885412 -0.72346 0.5730258 -0.4406647 -0.6909821 0.5137615 -0.4611462 -0.7234594 0.5091856 -0.5130921 -0.6909896 0.4478119 -0.525545 -0.7233721 0.4363413 -0.5764881 -0.6908457 0.3737142 -0.5806075 -0.7233483 0.3555552 -0.6295006 -0.690876 0.2929565 -0.6251915 -0.7234032 0.2684466 -0.6712386 -0.6909235 0.2070417 -0.6586942 -0.7233642 0.1766436 -0.7010503 -0.6908875 0.1173755 -0.6803264 -0.7234495 0.08157676 -0.71823 -0.6910072 0.02569669 -0.6899044 -0.7234444 -0.01483219 -0.7227804 -0.6909186 -0.06650084 -0.687196 -0.7234221 -0.1110002 -0.714284 -0.6909974 -0.1574506 -0.6721639 -0.7234674 -0.2052414 -0.6931208 -0.6909845 -0.2456842 -0.6451577 -0.7234714 -0.2958199 -0.6595749 -0.6909788 -0.3294895 -0.6067295 -0.7234058 -0.3811276 -0.6143273 -0.6909007 -0.4074615 -0.5573412 -0.7234266 -0.4596163 -0.5579791 -0.6909503 -0.4781399 -0.4981298 -0.7233594 -0.5298784 -0.4918207 -0.690899 -0.5402513 -0.4300158 -0.7233361 -0.5907291 -0.4168309 -0.6908626 -0.5927172 -0.3540861 -0.7234013 -0.6409595 -0.3343048 -0.6909496 -0.6345533 -0.2718642 -0.723486 -0.6797679 -0.2458371 -0.6909992 -0.6652023 -0.1849174 -0.7234028 -0.7065718 -0.1530824 -0.6908851 -0.6839451 -0.09458035 -0.7233765 -0.7206096 -0.05758893 -0.6909453 -0.6904008 -0.00262463 -0.7234224 -0.7219024 0.03900361 -0.6908949 -0.6846413 0.08945226 -0.7233703 -0.7102395 0.1348637 -0.6909209 -0.6665989 0.1798492 -0.7233949 -0.6923697 0.06821149 -0.7183115 -0.6923546 0.06821 0.7183263 -0.6956934 0 -0.7183389 -0.6956934 0 0.7183389 -0.6923683 -0.06824189 -0.71831 -0.6923531 -0.0682404 0.7183248 -0.6823765 -0.1356879 0.7182974 -0.6823765 0.1356879 -0.7182974 -0.6823765 0.1356879 0.7182974 -0.6657506 0.2019165 -0.7183356 -0.6657506 0.2019165 0.7183356 -0.6427645 0.2661883 0.7183299 -0.6427645 0.2661883 -0.7183299 -0.6135551 0.3279578 -0.7183271 -0.6135551 0.3279578 0.7183271 -0.5784888 0.3865239 -0.7182967 -0.5784888 0.3865239 0.7182967 -0.5377542 0.4413735 -0.7183383 -0.5377542 0.4413735 0.7183383 -0.4919787 0.4919176 0.7183133 -0.4919787 0.4919176 -0.7183133 -0.4413417 0.5377831 -0.7183362 -0.4413417 0.5377831 0.7183362 -0.3864979 0.5784956 -0.7183051 -0.3864979 0.5784956 0.7183051 -0.3279578 0.6135551 -0.7183271 -0.3279578 0.6135551 0.7183271 -0.2662786 0.6427308 0.7183265 -0.2662786 0.6427308 -0.7183265 -0.2018831 0.6657717 -0.7183254 -0.2018538 0.6657758 0.7183299 -0.1356879 0.6823765 -0.7182974 -0.1356879 0.6823765 0.7182974 -0.06821 0.6923546 -0.7183263 -0.06821149 0.6923697 0.7183115 0 0.6956934 0.7183389 0 0.6956934 -0.7183389 0.0682404 0.6923531 -0.7183248 0.0682404 0.6923531 0.7183248 0.1356579 0.6823793 -0.7183005 0.1356579 0.6823793 0.7183005 0.2019457 0.6657465 0.7183311 0.2019457 0.6657465 -0.7183311 0.2662166 0.6427592 -0.718324 0.2662166 0.6427592 0.718324 0.3279578 0.6135551 -0.7183271 0.3279578 0.6135551 0.7183271 0.3864979 0.5784956 -0.7183051 0.3864979 0.5784956 0.7183051 0.4414054 0.5377253 0.7183405 0.4414054 0.5377253 -0.7183405 0.4919408 0.4919713 -0.7183026 0.4919408 0.4919713 0.7183026 0.5377831 0.4413417 -0.7183362 0.5377831 0.4413417 0.7183362 0.5784549 0.3865827 -0.7182924 0.5784345 0.3865895 0.7183051 0.6135613 0.3279306 0.7183343 0.6135613 0.3279306 -0.7183343 0.6427592 0.2662166 -0.718324 0.6427592 0.2662166 0.718324 0.6657547 0.2018871 -0.7183399 0.6657547 0.2018871 0.7183399 0.6823573 0.1357207 -0.7183094 0.6823573 0.1357207 0.7183094 0.6923546 0.06821 0.7183263 0.6923697 0.06821149 -0.7183115 0.6956934 0 -0.7183389 0.6956934 0 0.7183389 0.6923531 -0.0682404 -0.7183248 0.6923531 -0.0682404 0.7183248 0.6823793 -0.1356579 0.7183005 0.6823793 -0.1356579 -0.7183005 0.6657717 -0.2018831 -0.7183254 0.6657547 -0.2018871 0.7183399 0.6427592 -0.2662166 -0.718324 0.6427592 -0.2662166 0.718324 0.61353 -0.3279912 -0.7183334 0.61353 -0.3279912 0.7183334 0.5784956 -0.3864979 0.7183051 0.5784956 -0.3864979 -0.7183051 0.5377831 -0.4413417 -0.7183362 0.5377831 -0.4413417 0.7183362 0.4919713 -0.4919408 -0.7183026 0.4919713 -0.4919408 0.7183026 0.4412781 -0.537841 -0.718332 0.4412781 -0.537841 0.718332 0.3865567 -0.5784617 0.7183009 0.3865567 -0.5784617 -0.7183009 0.3279912 -0.61353 -0.7183334 0.3279912 -0.61353 0.7183334 0.266245 -0.6427539 -0.7183182 0.2662166 -0.6427592 0.718324 0.2018538 -0.6657758 -0.7183299 0.2018538 -0.6657758 0.7183299 0.1357207 -0.6823573 0.7183094 0.1357178 -0.6823736 -0.7182945 0.06821 -0.6923546 -0.7183263 0.06821 -0.6923546 0.7183263 0 -0.6956934 -0.7183389 0 -0.6956934 0.7183389 -0.0682404 -0.6923531 0.7183248 -0.0682404 -0.6923531 -0.7183248 -0.1356879 -0.6823765 -0.7182974 -0.1356879 -0.6823765 0.7182974 -0.2019165 -0.6657506 -0.7183356 -0.2019165 -0.6657506 0.7183356 -0.2661599 -0.6427696 -0.7183358 -0.2661599 -0.6427696 0.7183358 -0.3279912 -0.61353 0.7183334 -0.3279912 -0.61353 -0.7183334 -0.3865567 -0.5784617 -0.7183009 -0.3865567 -0.5784617 0.7183009 -0.4413417 -0.5377831 -0.7183362 -0.4413417 -0.5377831 0.7183362 -0.4919103 -0.4920018 -0.7183026 -0.4919103 -0.4920018 0.7183026 -0.5378121 -0.4413099 0.7183341 -0.5378121 -0.4413099 -0.7183341 -0.5784685 -0.3865308 -0.7183094 -0.5784685 -0.3865308 0.7183094 -0.6135361 -0.327964 -0.7183405 -0.6135361 -0.327964 0.7183405 -0.6427361 -0.2662502 -0.7183324 -0.6427361 -0.2662502 0.7183324 -0.6657758 -0.2018538 0.7183299 -0.6657758 -0.2018538 -0.7183299 -0.6823765 -0.1356879 -0.7182974 -0.1192086 -0.7272767 0.6759126 -0.1568977 -0.3783431 0.9122717 0 -0.7272738 0.6863475 0.004089534 -0.377919 0.9258297 0.1192086 -0.7272767 0.6759126 0.164957 -0.3773106 0.9112771 0.234753 -0.7272399 0.6449909 0.3208189 -0.3766998 0.8690066 0.343135 -0.7272582 0.5944357 0.4666949 -0.3763284 0.8003579 0.4411567 -0.7272752 0.5257867 0.598477 -0.3759327 0.7074603 0.5257867 -0.7272752 0.4411567 0.7121253 -0.3755947 0.5931326 0.5944554 -0.727245 0.3431288 0.8041412 -0.3752598 0.4610177 0.6449909 -0.7272399 0.234753 0.8718243 -0.3750255 0.3150848 0.6759126 -0.7272767 0.1192086 0.9130231 -0.3753295 0.1597393 0.6863475 -0.7272738 0 0.9268685 -0.3753863 0 0.6759126 -0.7272767 -0.1192086 0.9130231 -0.3753295 -0.1597393 0.6449909 -0.7272399 -0.234753 0.8718243 -0.3750255 -0.3150848 0.5944554 -0.727245 -0.3431288 0.8041412 -0.3752598 -0.4610177 0.5257867 -0.7272752 -0.4411567 0.7121253 -0.3755947 -0.5931326 0.4411567 -0.7272752 -0.5257867 0.598477 -0.3759327 -0.7074603 0.343135 -0.7272582 -0.5944357 0.4666949 -0.3763284 -0.8003579 0.234753 -0.7272399 -0.6449909 0.3208189 -0.3766998 -0.8690066 0.1192086 -0.7272767 -0.6759126 0.164957 -0.3773106 -0.9112771 0 -0.7272738 -0.6863475 0.004089534 -0.377919 -0.9258297 -0.1192086 -0.7272767 -0.6759126 -0.1568977 -0.3783431 -0.9122717 -0.234753 -0.7272399 -0.6449909 -0.3131591 -0.3788368 -0.8708698 -0.343135 -0.7272582 -0.5944357 -0.4597675 -0.3793807 -0.8029223 -0.4411567 -0.7272752 -0.5257867 -0.5924412 -0.3798741 -0.710429 -0.5257867 -0.7272752 -0.4411567 -0.7070736 -0.3802107 -0.5962271 -0.5944554 -0.727245 -0.3431288 -0.8000553 -0.3804192 -0.4638887 -0.6449909 -0.7272399 -0.234753 -0.8685645 -0.3805997 -0.3173953 -0.6759126 -0.7272767 -0.1192086 -0.9104974 -0.3808134 -0.1611697 -0.6863475 -0.7272738 0 -0.924627 -0.3808742 0 -0.6759126 -0.7272767 0.1192086 -0.9104974 -0.3808134 0.1611697 -0.6449909 -0.7272399 0.234753 -0.8685645 -0.3805997 0.3173953 -0.5944358 -0.7272583 0.3431351 -0.8000553 -0.3804192 0.4638887 -0.5257867 -0.7272752 0.4411567 -0.7070736 -0.3802107 0.5962271 -0.4411567 -0.7272752 0.5257867 -0.5924412 -0.3798741 0.710429 -0.343135 -0.7272582 0.5944357 -0.4597675 -0.3793807 0.8029223 -0.234753 -0.7272399 0.6449909 -0.3131591 -0.3788368 0.8708698 0.3937593 -0.9163707 -0.07223904 0.4005355 -0.9162814 0 0.3742908 -0.9163167 -0.1423733 0.3422453 -0.9163776 -0.2076544 0.2993642 -0.9162821 -0.2660981 0.2468996 -0.9160615 -0.3160253 0.1865041 -0.9157653 -0.3557952 0.1200641 -0.915405 -0.3842113 0.04950231 -0.9151833 -0.3999864 -0.02258425 -0.9148777 -0.4030992 -0.09418219 -0.9145076 -0.3934534 -0.1628199 -0.9142636 -0.3709608 -0.2263315 -0.9140549 -0.3365675 -0.2826963 -0.9138875 -0.2913636 -0.3302165 -0.9136804 -0.2369501 -0.367326 -0.9134931 -0.1749346 -0.3925963 -0.9134334 -0.1072742 -0.4053837 -0.9134334 -0.03610396 -0.4053837 -0.9134334 0.03610396 -0.3925963 -0.9134334 0.1072742 -0.367326 -0.9134931 0.1749346 -0.3302165 -0.9136804 0.2369501 -0.2826963 -0.9138875 0.2913636 -0.2263315 -0.9140549 0.3365675 -0.1628199 -0.9142636 0.3709608 -0.09418219 -0.9145076 0.3934534 -0.02258425 -0.9148777 0.4030992 0.04950231 -0.9151833 0.3999864 0.1200641 -0.915405 0.3842113 0.1865041 -0.9157653 0.3557952 0.2468996 -0.9160615 0.3160253 0.2993642 -0.9162821 0.2660981 0.3422453 -0.9163776 0.2076544 0.3742908 -0.9163167 0.1423733 0.3937593 -0.9163707 0.07223904 0 -1 -1.17026e-6 0 -1 -6.78623e-7 0 -1 -1.35295e-6 0 -1 -1.01601e-6 0 -1 7.65055e-7 0 -1 -1.02592e-6 0 -1 1.17418e-6 0 -1 6.85072e-7 0 -1 -5.8945e-7 0 -1 2.96683e-7 0 -1 0 0 -1 5.93496e-7 0 -1 2.95958e-7 0 -1 5.89472e-7 0 -1 1.36791e-6 0 -1 1.35468e-6 0 -1 -2.37456e-6 0 -1 6.76221e-7 0 -1 -6.76655e-7 0 -1 -6.7833e-7 0 -1 2.38639e-6 0 -1 -1.37302e-6 0 -1 6.82685e-7 0 -1 -5.90926e-7 0 -1 -5.92739e-7 0 -1 1.48427e-7 0 -1 3.15494e-7 0 -1 1.35373e-6 0 -1 -1.18578e-6 0 -1 -2.95424e-7 0 -1 1.36554e-6 0.2547431 -0.8520634 0.457268 0.2906057 -0.2563323 0.9218688 0.1568703 -0.8530204 0.4977427 0.09918648 -0.2551382 0.9618039 0.05365294 -0.8522821 0.5203236 -0.09650141 -0.2551093 0.9620845 -0.05209523 -0.852293 0.5204642 -0.288165 -0.2563331 0.9226346 -0.1555544 -0.8530009 0.4981891 -0.4681687 -0.2547461 0.846122 -0.2533661 -0.8520513 0.458055 -0.6287933 -0.2549904 0.7345739 -0.3402547 -0.8522389 0.397386 -0.7637497 -0.254685 0.5931459 -0.4134518 -0.8520519 0.3210378 -0.8674685 -0.2553514 0.426959 -0.4690814 -0.852434 0.2309089 -0.9360817 -0.2535831 0.243817 -0.5075943 -0.8513923 0.1322089 -0.965399 -0.2558996 0.05020326 -0.5215774 -0.8527745 0.0270707 -0.9560513 -0.2547151 -0.1452113 -0.5175529 -0.8520486 -0.07843559 -0.9074205 -0.2542535 -0.3345795 -0.4915441 -0.8517943 -0.1811932 -0.8213775 -0.2547177 -0.5103509 -0.4446058 -0.8520695 -0.2762306 -0.7018809 -0.2544692 -0.6652884 -0.3800255 -0.851914 -0.3603101 -0.5537126 -0.2536463 -0.7931368 -0.3001549 -0.8514512 -0.4300441 -0.38256 -0.2548671 -0.8880826 -0.2069199 -0.8521866 -0.4805853 -0.1960265 -0.2545323 -0.9469884 -0.1062055 -0.8519638 -0.5127164 -0.001464843 -0.2540078 -0.9672011 -8.24028e-4 -0.8516486 -0.5241126 0.1934605 -0.2548344 -0.9474347 0.1045286 -0.8521296 -0.5127855 0.380212 -0.25496 -0.8890637 0.2055774 -0.8522183 -0.4811048 0.5512361 -0.2551397 -0.7943819 0.2981742 -0.8523142 -0.4297126 0.6999499 -0.2543746 -0.6673558 0.3791717 -0.8518546 -0.3613485 0.8199582 -0.2546519 -0.5126608 0.4438435 -0.8520403 -0.2775433 0.9064475 -0.2542545 -0.3372054 0.490991 -0.8517876 -0.1827178 0.9557456 -0.2544403 -0.1476834 0.5175526 -0.8518955 -0.0800836 0.9659844 -0.2541919 0.04754841 0.5232492 -0.8517867 0.02588015 0.9363932 -0.2551108 0.2410109 0.5065272 -0.8523098 0.130378 0.8688601 -0.2546243 0.424557 0.4703267 -0.8519961 0.2299904 0.7654945 -0.2546867 0.5908915 0.4144203 -0.8520658 0.3197497 0.6310172 -0.2548667 0.7327075 0.3413286 -0.8521618 0.3966297 0.4705134 -0.2547127 0.8448305 0.3322382 -0.7306128 0.5965089 0.2053057 -0.73061 0.6511979 0.07001119 -0.7306007 0.6792063 -0.06811797 -0.7305901 0.67941 -0.2035025 -0.7306317 0.6517394 -0.33059 -0.7306125 0.5974243 -0.4440542 -0.7305684 0.5187347 -0.5393034 -0.7305972 0.4187834 -0.61255 -0.7306591 0.3015292 -0.6608029 -0.73057 0.1720675 -0.6818386 -0.7306395 0.03552478 -0.6750768 -0.7305905 -0.1025128 -0.6406674 -0.7305782 -0.2362217 -0.5799587 -0.7306326 -0.3603111 -0.4955399 -0.7305985 -0.4697511 -0.3908324 -0.7306057 -0.5598798 -0.2701296 -0.7306102 -0.6270875 -0.1384333 -0.7305898 -0.6686366 -0.001037597 -0.7305991 -0.682806 0.136513 -0.7306331 -0.6689839 0.2684498 -0.7305765 -0.6278477 0.3892726 -0.7305994 -0.5609737 0.4942291 -0.730601 -0.4711261 0.5789514 -0.7306019 -0.3619896 0.6399564 -0.7305983 -0.23808 0.6747533 -0.7306343 -0.1043153 0.6820117 -0.7305677 0.03363209 0.661228 -0.7306286 0.1701748 0.6134448 -0.7306097 0.299825 0.5405265 -0.7306004 0.4171981 0.4455218 -0.7306033 0.5174255 0 -1 1.13215e-5 0 -1 -2.37546e-6 0 -1 -3.28027e-6 0 -1 1.58674e-6 0 -1 1.18618e-6 0 -1 -1.35027e-7 0 -1 -5.94893e-7 0 -1 9.78886e-7 0 -1 9.11899e-7 0 -1 -1.84241e-6 0 -1 2.37613e-7 0 -1 -7.51518e-7 0 -1 2.16112e-6 0 -1 -1.1934e-6 0 -1 -7.9358e-7 0 -1 -4.81703e-7 0 -1 8.20058e-7 0 -1 -1.18829e-6 -1.21278e-6 0 1 1.21277e-6 0 1 -1.39845e-6 0 1 1.91215e-6 0 1 -2.26312e-6 0 1 0.9545879 0.1316609 0.267259 0.8887165 0.3707156 0.2697279 0.4761902 0.2113755 0.8535593 0.9423469 -0.08887243 0.3226204 0.5308414 -0.03445553 0.8467705 0.7816822 -0.5412233 0.3099201 0.4404189 -0.2946604 0.8480605 0.4175708 -0.8559865 0.3048309 0.235212 -0.4755818 0.8476422 -0.05334705 -0.9505118 0.3060742 -0.03448623 -0.5293188 0.8477218 -0.5098879 -0.8006769 0.3145331 -0.2945722 -0.4405766 0.8480091 -0.8320089 -0.4453942 0.3307344 -0.4755839 -0.2353046 0.8476154 -0.9363572 0.01941013 0.3505121 -0.5309132 0.03442573 0.8467267 -0.7946566 0.4723138 0.3813668 -0.4403017 0.2946332 0.8481308 -0.4461559 0.7914772 0.4177427 -0.2352415 0.4755188 0.8476693 0.01544272 0.891285 0.4531807 0.03442561 0.53082 0.8467851 0.3878362 0.7806469 0.490075 0.2576168 0.4446109 0.8578781 0.1480151 0.975557 0.1624199 -0.3257603 0.925307 0.1941316 -0.7226136 0.6547685 0.2216031 -0.9427065 0.2270015 0.244489 -0.9314699 -0.2524225 0.2620055 -0.6927018 -0.6670349 0.274279 -0.2850808 -0.9163726 0.2810522 0.1909598 -0.9397227 0.2836472 0.6199104 -0.7319777 0.2827013 0.8974768 -0.34331 0.2769003 0.009766042 0.1504582 0.9885682 -0.06680572 0.1356257 0.9885054 -0.1259232 0.08380633 0.9884938 -0.1503985 0.009766101 0.9885773 -0.1356257 -0.06680572 0.9885054 -0.08383631 -0.1259528 0.9884874 -0.009735643 -0.1513459 0.988433 0.06677478 -0.1356859 0.9884991 0.1258893 -0.08380413 0.9884983 0.1504582 -0.009766042 0.9885682 0.1356257 0.06680572 0.9885054 0.08377414 0.1258596 0.9885047 0.6381874 0.07217794 0.7664902 0.5961941 -0.2389354 0.7664611 0.4116116 -0.4929757 0.7665187 0.1288849 -0.6292867 0.7664119 -0.1845499 -0.6152071 0.7664605 -0.4541289 -0.4540984 0.7665257 -0.6152071 -0.1845499 0.7664605 -0.6292719 0.1288818 0.7664245 -0.4929695 0.411637 0.7665091 -0.2389354 0.5961941 0.7664611 0.07217794 0.6381874 0.7664902 1.8054e-5 0 1 -6.62797e-6 0 1 3.82669e-6 0 1 -5.59795e-6 0 1 1.21203e-6 0 1 2.44911e-6 0 1 1.65695e-6 0 1 -9.02721e-6 0 1 0.150461 -0.9736933 0.1711227 0.3860052 -0.7980127 0.4627912 0.2541037 -0.4473519 0.8575009 0.00375384 -0.8969276 0.4421616 0.02954256 -0.5291118 0.8480377 -0.4566959 -0.7921373 0.4049041 -0.2389034 -0.4737477 0.8476369 -0.8014883 -0.4688318 0.3712323 -0.4433868 -0.2895076 0.8482885 -0.9391983 -0.01382517 0.343097 -0.5291475 -0.02954286 0.8480154 -0.8314636 0.4515918 0.323625 -0.4737565 0.2389383 0.8476222 -0.5064423 0.8043441 0.31072 -0.2895672 0.443415 0.8482536 -0.04843378 0.9516153 0.3034512 -0.02954238 0.5291694 0.8480018 0.4225396 0.8536551 0.3045215 0.2388718 0.4737152 0.8476639 0.7836837 0.5365661 0.3129485 0.4433263 0.289508 0.8483201 0.9408476 0.08359223 0.3283566 0.5292623 0.02957296 0.8479427 0.8731914 -0.3532013 0.3358358 0.4739896 -0.2079255 0.855629 0.9556534 -0.133858 0.2623141 0.8992016 0.3413323 0.2737311 0.6223185 0.7306618 0.2808078 0.1935531 0.9394132 0.2829135 -0.2826424 0.9169018 0.2817879 -0.6904367 0.6684628 0.2765043 -0.9299328 0.2544726 0.2654597 -0.9419197 -0.2247752 0.2495265 -0.7224286 -0.6524167 0.2290188 -0.3253316 -0.9236243 0.2026761 0.08252424 -0.1260753 0.9885823 0.1349573 -0.06827217 0.9884967 0.1505792 0.008514702 0.9885613 0.1261354 0.08252364 0.9885746 0.06827062 0.1348932 0.9885055 -0.008514881 0.1506434 0.9885516 -0.08252424 0.1260753 0.9885823 -0.1349232 0.06827038 0.9885014 -0.1506434 -0.008514881 0.9885516 -0.1261054 -0.08252394 0.9885784 -0.06830048 -0.1349529 0.9884952 0.008514702 -0.1505494 0.9885659 0.07217794 -0.6381874 0.7664902 -0.2389354 -0.5961941 0.7664611 -0.4929695 -0.411637 0.7665091 -0.6292719 -0.1288818 0.7664245 -0.6152071 0.1845499 0.7664605 -0.4541289 0.4540984 0.7665257 -0.1845499 0.6152071 0.7664605 0.1288849 0.6292867 0.7664119 0.4116116 0.4929757 0.7665187 0.5961941 0.2389354 0.7664611 0.6381874 -0.07217794 0.7664902 -3.8899e-7 0 1 3.97689e-7 0 1 -2.73969e-7 0 1 -5.09641e-7 0 1 1.43599e-6 0 1 -2.42132e-6 0 1 1.21512e-6 0 1 -2.84113e-6 0 1 3.70642e-6 0 1 2.73975e-7 0 1 5.09632e-7 0 1 -1.43599e-6 0 1 2.42132e-6 0 1 -1.21512e-6 0 1 2.84113e-6 0 1 -3.70666e-6 0 1 0 -1 6.59645e-7 0 -1 4.29955e-7 0 -1 5.85031e-7 0 -1 -3.2284e-7 0 -1 4.05772e-7 0 -1 -1.63816e-7 0 -1 -3.2284e-7 0 -1 2.92515e-7 0 -1 3.29822e-7 0 -1 7.75265e-7 0 -1 -1.73389e-6 0 -1 3.89547e-7 0 -1 -5.86164e-7 0 -1 -3.90716e-7 0 -1 3.89566e-7 0 -1 -4.33491e-7 0 -1 4.31263e-7 0 -1 6.46895e-7 0 -1 -3.25119e-7 0 -1 -8.62397e-7 0 -1 8.60334e-7 0 1 -1.02503e-6 0 1 1.60004e-6 0 1 -5.82194e-7 0 1 1.6169e-7 0 1 9.68737e-7 0 1 -4.33636e-7 0 1 2.59229e-6 0 1 -7.41465e-7 0 1 -2.3506e-6 0 1 1.68077e-6 0 1 -1.68649e-6 0 1 -1.6169e-7 0 1 -9.68737e-7 0 1 4.33636e-7 0 1 -2.59229e-6 0 1 7.41465e-7 0 1 2.3506e-6 0 1 -1.68077e-6 0 1 1.68649e-6 -0.9156951 0.3763615 -0.1409066 -0.9264979 0.3763001 3.05191e-5 -0.3983935 0.9172146 0 -0.915764 0.3761817 0.1409384 -0.3932663 0.917306 0.06238055 -0.8836832 0.3759354 0.2788844 -0.3783742 0.9174004 0.1233271 -0.8309526 0.3757247 0.4103032 -0.3541453 0.9174696 0.1811927 -0.7586743 0.3756596 0.532253 -0.3210272 0.9176087 0.2343843 -0.668618 0.3755712 0.6417915 -0.2802566 0.9176168 0.2818436 -0.5629281 0.3755092 0.7362776 -0.2324951 0.9176813 0.322191 -0.4440523 0.3754455 0.8135467 -0.1791459 0.9176727 0.35466 -0.3146817 0.3754756 0.8717761 -0.1213445 0.9177137 0.3782555 -0.1778979 0.3755421 0.9095717 -0.06061077 0.9177376 0.3925356 -0.03698945 0.3755103 0.9260798 0.001434385 0.917676 0.397327 0.1048656 0.3755753 0.9208402 0.06360149 0.9177052 0.3921381 0.2443068 0.3756008 0.8940013 0.1240907 0.9176487 0.3775215 0.3779471 0.3755666 0.8462303 0.1816189 0.9175862 0.3536244 0.5028052 0.3756314 0.7785165 0.2345377 0.9176117 0.3209062 0.6158202 0.3756936 0.692546 0.2818449 0.91756 0.280441 0.7144407 0.3757306 0.5902552 0.3221335 0.9175693 0.2330165 0.7962184 0.3757538 0.4741786 0.3546286 0.9175177 0.18 0.8593516 0.3758099 0.3468169 0.3783101 0.9175454 0.1224411 0.9022347 0.3758726 0.2114055 0.3927235 0.9175654 0.06198483 0.9236704 0.376457 0.07150697 0.3976657 0.9175305 0 0.9235082 0.3769415 -0.07104843 0.3927235 0.9175654 -0.06198483 0.9018203 0.3769156 -0.2113169 0.3783101 0.9175454 -0.1224411 0.8589576 0.3768488 -0.3466655 0.3546286 0.9175177 -0.18 0.7958541 0.3767924 -0.4739661 0.3221335 0.9175693 -0.2330165 0.7141235 0.3767315 -0.5900011 0.2818449 0.91756 -0.280441 0.6155405 0.3766672 -0.6922656 0.2345377 0.9176117 -0.3209062 0.5025981 0.3765823 -0.7781908 0.1816189 0.9175862 -0.3536244 0.3777935 0.3764812 -0.8458924 0.1240907 0.9176487 -0.3775215 0.2441868 0.3764585 -0.8936732 0.06360149 0.9177052 -0.3921381 0.1048324 0.3763897 -0.9205114 0.001434385 0.917676 -0.397327 -0.03698885 0.3762979 -0.92576 -0.06061077 0.9177376 -0.3925356 -0.1778343 0.376269 -0.9092837 -0.1213445 0.9177137 -0.3782555 -0.3145951 0.376153 -0.8715152 -0.1791459 0.9176727 -0.35466 -0.4439653 0.3760597 -0.8133106 -0.2324951 0.9176813 -0.322191 -0.5628045 0.3760575 -0.7360925 -0.2802566 0.9176168 -0.2818436 -0.6685009 0.3760318 -0.6416437 -0.3210272 0.9176087 -0.2343843 -0.7585499 0.3760857 -0.5321294 -0.3541453 0.9174696 -0.1811927 -0.8308601 0.3760295 -0.4102113 -0.3783742 0.9174004 -0.1233271 -0.883597 0.3761819 -0.2788251 -0.3932663 0.917306 -0.06238055 0 1 2.77076e-7 0 1 -5.88799e-7 0 1 5.09698e-7 0 1 -9.77819e-7 0 1 -5.82444e-7 0 1 5.85045e-7 0 1 -9.12981e-7 0 1 -9.49101e-7 0 1 1.0194e-6 -1 0 0 -1 -2.06169e-7 0 -1 1.3075e-7 0 -1 4.14581e-7 0 -1 -1.36907e-6 0 -1 0 0 -1 9.18301e-7 0 -1 0 0 -1 -6.8384e-7 0 -1 2.01677e-6 0 -1 0 0 -1 3.61339e-7 0 -1 -1.80906e-6 0 -1 5.16257e-7 0 -1 -8.51549e-7 0 0.9531239 0.1554968 0.2595683 0.8562353 0.03115963 -0.5156455 0.9656521 2.44152e-4 0.2598388 0.8572556 9.15578e-4 -0.5148905 0.8563144 -0.02978694 -0.5155954 0.8536241 0.06405991 -0.5169355 0.9154725 0.3069276 0.2602033 0.8498405 0.09369426 -0.5186451 0.8444637 0.122229 -0.52148 0.8542346 0.4498542 0.2606042 0.8371211 0.1510108 -0.5257605 0.7715583 0.5801108 0.2610926 0.8297641 0.1759144 -0.5296658 0.8226543 0.1961491 -0.5336342 0.6685785 0.6962897 0.26112 0.8186143 0.2078962 -0.5353969 0.6618076 0.6651342 -0.3458429 0.1876924 0.825694 -0.5319783 0.5485491 0.7942884 0.2611513 0.164165 0.8337352 -0.5271961 0.1404186 0.8401311 -0.5238916 0.4144234 0.8719098 0.2608191 0.1130427 0.8465691 -0.5201368 0.2701538 0.9269216 0.2604487 0.08695018 0.8510377 -0.5178557 0.05813986 0.8546714 -0.5159037 0.1154853 0.9586132 0.2602386 0.02844405 0.8568011 -0.514862 0.001037657 0.8572905 -0.5148321 -0.03820955 0.9648222 0.2601119 -0.02978664 0.8567029 -0.5149495 -0.1937059 0.9459146 0.2602379 -0.05813866 0.8547149 -0.515832 -0.08597159 0.8512929 -0.5175997 -0.3439808 0.9020531 0.2607247 -0.1146297 0.8458673 -0.5209305 -0.4823352 0.8361515 0.2611581 -0.1392291 0.8405935 -0.5234673 -0.1648029 0.8333837 -0.5275523 -0.6108209 0.747427 0.2612485 -0.1873892 0.8259165 -0.5317398 -0.6618366 0.6650105 -0.3460252 -0.7221377 0.6405607 0.26115 -0.8180326 0.2085366 -0.5360366 -0.8231402 0.1956907 -0.5330528 -0.8294589 0.1764332 -0.529971 -0.8160202 0.5157425 0.2609995 -0.8377104 0.1496946 -0.5251979 -0.8871554 0.380907 0.2605097 -0.843703 0.1238163 -0.5223359 -0.8498684 0.09344977 -0.5186434 -0.9377632 0.2300536 0.2601456 -0.8538746 0.06213766 -0.5167562 -0.8558839 0.03396797 -0.5160512 -0.9623122 0.08032745 0.259813 -0.8569807 6.40904e-4 -0.5153481 -0.9622171 -0.08087652 0.2599951 -0.8559052 -0.03256374 -0.5161067 -0.9378588 -0.2296274 0.2601772 -0.8539164 -0.06036621 -0.5168972 -0.8500229 -0.09219872 -0.5186141 -0.8872508 -0.3807256 0.2604499 -0.8441578 -0.1222594 -0.5219678 -0.8381133 -0.1483834 -0.5249271 -0.8158666 -0.5160166 0.2609381 -0.8297775 -0.1753309 -0.5298381 -0.7221951 -0.6404965 0.2611487 -0.8236227 -0.1944991 -0.5327438 -0.8185364 -0.2074724 -0.5356805 -0.6620206 -0.6648589 -0.3459647 -0.6109111 -0.7473643 0.2612174 -0.1885437 -0.8254665 -0.5320304 -0.1656882 -0.8331109 -0.527706 -0.482417 -0.8361346 0.2610612 -0.1400519 -0.8404027 -0.5235541 -0.1153324 -0.8457509 -0.5209645 -0.3439553 -0.902097 0.2606065 -0.08649092 -0.8511455 -0.5177555 -0.1938279 -0.9459147 0.2601464 -0.05850607 -0.8547018 -0.515812 -0.03003108 -0.8566184 -0.5150758 -0.03811788 -0.9648506 0.2600198 0.001098692 -0.8572553 -0.5148904 0.1155439 -0.9586241 0.2601723 0.02865719 -0.8567258 -0.5149755 0.05844402 -0.8546563 -0.5158945 0.270305 -0.9268864 0.2604169 0.08762133 -0.8508213 -0.5180982 0.1137147 -0.846421 -0.5202312 0.4142673 -0.8719938 0.2607864 0.1411813 -0.8399466 -0.5239824 0.5486351 -0.7942498 0.2610877 0.1651682 -0.8334099 -0.527397 0.1886994 -0.8253272 -0.5321915 0.6686406 -0.6962298 0.2611205 0.6620222 -0.664952 -0.3457823 0.8190097 -0.2068887 -0.5351824 0.8230347 -0.195077 -0.5334405 0.7716513 -0.5799593 0.2611541 0.83015 -0.1746608 -0.5294759 0.8374198 -0.1497888 -0.5256343 0.854061 -0.4501644 0.2606375 0.8447546 -0.1209495 -0.5213069 0.9155888 -0.3066002 0.2601798 0.8500983 -0.09207487 -0.5185126 0.8536983 -0.06274855 -0.5169739 0.953067 -0.1558942 0.259539 1 0 0 1 -1.36907e-6 0 1 1.67918e-6 0 1 2.01677e-6 0 1 -1.80906e-6 0 1 8.26012e-7 0 1 -1.51386e-6 0 -0.681822 0.7242738 -0.102696 -0.9997407 0.01196342 0.01937955 -0.7150907 -0.6906755 0.1077626 -0.6910061 -0.6907008 0.2131736 -0.6589723 0.724192 -0.2032279 -0.6214954 0.7240404 -0.2991809 -0.5700043 0.7240034 -0.388477 -0.5057638 0.7239149 -0.4692018 -0.4302293 0.7238241 -0.539427 -0.3450477 0.723758 -0.5975924 -0.2521789 0.7236676 -0.642426 -0.1536342 0.723613 -0.6728899 -0.05160832 0.7235546 -0.6883352 0.05151599 0.7235131 -0.6883857 0.1535726 0.7234579 -0.6730707 0.2521845 0.723409 -0.6427149 0.3451712 0.7233945 -0.597961 0.4304811 0.7233486 -0.5398638 0.5061553 0.7233275 -0.4696852 0.5705232 0.7233321 -0.3889653 0.6221978 0.7232473 -0.2996389 0.6598604 0.7232797 -0.203595 0.682874 0.7232512 -0.1029118 0.9999368 0.0112006 9.46101e-4 0.7146738 -0.6989563 0.02649086 0.714778 -0.691004 0.1077309 0.6907404 -0.6909846 0.2131153 0.6512548 -0.6910217 0.313618 0.5972857 -0.6909787 0.4071834 0.5298767 -0.6909883 0.491697 0.450676 -0.6909837 0.5651838 0.3614085 -0.6909551 0.6260712 0.2640857 -0.6909629 0.6729258 0.1608692 -0.6909349 0.7047908 0.05398899 -0.6909314 0.7209016 -0.05401939 -0.6908991 0.7209302 -0.1608954 -0.6908859 0.704833 -0.264109 -0.6908828 0.6729989 -0.3615048 -0.690842 0.6261404 -0.4507975 -0.6908302 0.5652746 -0.5300296 -0.6908056 0.4917889 -0.597482 -0.6907498 0.4072839 -0.6514753 -0.6907847 0.3136823 -0.71482 -0.6987974 0.02673476</float_array>
          <technique_common>
            <accessor source="#LINK_12_003-mesh-normals-array" count="1613" stride="3">
              <param name="X" type="float" />
              <param name="Y" type="float" />
              <param name="Z" type="float" />
            </accessor>
          </technique_common>
        </source>
        <source id="LINK_12_003-mesh-map-0">
          <float_array id="LINK_12_003-mesh-map-0-array" count="14712">-3.211911 -0.49611 -2.880684 -0.232553 -3.25 0 -3.25 0 -2.880684 -0.232553 -2.880684 0.232553 -3.25 0 -2.880684 0.232553 -3.211911 0.49611 -3.211911 0.49611 -2.880684 0.232553 -2.806076 0.691635 -3.211911 0.49611 -2.806076 0.691635 -3.098538 0.980592 -3.098538 0.980592 -2.806076 0.691635 -2.658792 1.132805 -3.098538 0.980592 -2.658792 1.132805 -2.912538 1.442089 -2.912538 1.442089 -2.658792 1.132805 -2.442647 1.544636 -2.912538 1.442089 -2.442647 1.544636 -2.658271 1.869786 -2.658271 1.869786 -2.442647 1.544636 -2.163238 1.916461 -2.658271 1.869786 -2.163238 1.916461 -2.341695 2.253656 -2.341695 2.253656 -2.163238 1.916461 -1.827802 2.238651 -2.341695 2.253656 -1.827802 2.238651 -1.970233 2.584702 -1.970233 2.584702 -1.827802 2.238651 -1.445028 2.502862 -1.970233 2.584702 -1.445028 2.502862 -1.552589 2.855165 -1.552589 2.855165 -1.445028 2.502862 -1.024828 2.702249 -1.552589 2.855165 -1.024828 2.702249 -1.098555 3.058705 -1.098555 3.058705 -1.024828 2.702249 -0.578085 2.83165 -1.098555 3.058705 -0.578085 2.83165 -0.618771 3.190552 -0.618771 3.190552 -0.578085 2.83165 -0.116371 2.887712 -0.618771 3.190552 -0.116371 2.887712 -0.124484 3.247615 -0.124484 3.247615 -0.116371 2.887712 0.372721 3.228557 0.372721 3.228557 -0.116371 2.887712 0.348358 2.868984 0.372721 3.228557 0.348358 2.868984 0.86119 3.133824 0.86119 3.133824 0.348358 2.868984 0.804064 2.775951 0.86119 3.133824 0.804064 2.775951 1.329473 2.965637 1.329473 2.965637 0.804064 2.775951 1.238945 2.611022 1.329473 2.965637 1.238945 2.611022 1.766595 2.727938 1.766595 2.727938 1.238945 2.611022 1.641739 2.378469 1.766595 2.727938 1.641739 2.378469 2.162308 2.426298 2.162308 2.426298 1.641739 2.378469 2.002012 2.084315 2.162308 2.426298 2.002012 2.084315 2.50734 2.067788 2.50734 2.067788 2.002012 2.084315 2.310434 1.736178 2.50734 2.067788 2.310434 1.736178 2.793601 1.660811 2.793601 1.660811 2.310434 1.736178 2.559017 1.343076 2.793601 1.660811 2.559017 1.343076 3.014383 1.214906 3.014383 1.214906 2.559017 1.343076 2.741323 0.915188 3.014383 1.214906 2.741323 0.915188 3.16451 0.740524 3.16451 0.740524 2.741323 0.915188 2.85263 0.463597 3.16451 0.740524 2.85263 0.463597 3.240464 0.248785 3.240464 0.248785 2.85263 0.463597 2.890056 0 3.240464 0.248785 2.890056 0 3.240464 -0.248785 3.240464 -0.248785 2.890056 0 2.85263 -0.463598 3.240464 -0.248785 2.85263 -0.463598 3.16451 -0.740524 3.16451 -0.740524 2.85263 -0.463598 2.741323 -0.915188 3.16451 -0.740524 2.741323 -0.915188 3.014383 -1.214906 3.014383 -1.214906 2.741323 -0.915188 2.559017 -1.343076 3.014383 -1.214906 2.559017 -1.343076 2.793601 -1.660811 2.793601 -1.660811 2.559017 -1.343076 2.310434 -1.736179 2.793601 -1.660811 2.310434 -1.736179 2.50734 -2.067788 2.50734 -2.067788 2.310434 -1.736179 2.002012 -2.084316 2.50734 -2.067788 2.002012 -2.084316 2.162308 -2.426298 2.162308 -2.426298 2.002012 -2.084316 1.641739 -2.378469 2.162308 -2.426298 1.641739 -2.378469 1.766595 -2.727938 1.766595 -2.727938 1.641739 -2.378469 1.238945 -2.611022 1.766595 -2.727938 1.238945 -2.611022 1.329473 -2.965637 1.329473 -2.965637 1.238945 -2.611022 0.804064 -2.775951 1.329473 -2.965637 0.804064 -2.775951 0.86119 -3.133824 0.86119 -3.133824 0.804064 -2.775951 0.348358 -2.868984 0.86119 -3.133824 0.348358 -2.868984 0.372721 -3.228557 0.372721 -3.228557 0.348358 -2.868984 -0.116371 -2.887712 0.372721 -3.228557 -0.116371 -2.887712 -0.124484 -3.247615 -0.124484 -3.247615 -0.116371 -2.887712 -0.618771 -3.190552 -0.618771 -3.190552 -0.116371 -2.887712 -0.578085 -2.83165 -0.618771 -3.190552 -0.578085 -2.83165 -1.098555 -3.058705 -1.098555 -3.058705 -0.578085 -2.83165 -1.024828 -2.702249 -1.098555 -3.058705 -1.024828 -2.702249 -1.552589 -2.855165 -1.552589 -2.855165 -1.024828 -2.702249 -1.445028 -2.502862 -1.552589 -2.855165 -1.445028 -2.502862 -1.970233 -2.584702 -1.970233 -2.584702 -1.445028 -2.502862 -1.827802 -2.238652 -1.970233 -2.584702 -1.827802 -2.238652 -2.341695 -2.253656 -2.341695 -2.253656 -1.827802 -2.238652 -2.163238 -1.916462 -2.341695 -2.253656 -2.163238 -1.916462 -2.658271 -1.869786 -2.658271 -1.869786 -2.163238 -1.916462 -2.442647 -1.544636 -2.658271 -1.869786 -2.442647 -1.544636 -2.912538 -1.442089 -2.912538 -1.442089 -2.442647 -1.544636 -2.658792 -1.132806 -2.912538 -1.442089 -2.658792 -1.132806 -3.098538 -0.980592 -3.098538 -0.980592 -2.658792 -1.132806 -2.806076 -0.691636 -3.098538 -0.980592 -2.806076 -0.691636 -3.211911 -0.49611 -3.211911 -0.49611 -2.806076 -0.691636 -2.880684 -0.232553 0 0 -0.532529 0.8 -1.02919 0 -1.02919 0 -0.532529 0.8 -1.00173 0.556759 -1.02919 0 -1.00173 0.556759 -1.01919 0.540943 0 0 0 1.45 -0.532529 0.8 -0.532529 0.8 0 1.45 -0.532529 1.45 -0.532529 0.8 -1.00173 0.8 -1.00173 0.556759 -1.01919 0.540943 -1.02919 0.531891 -1.02919 0 -0.531891 -0.801106 -0.396566 -0.943402 0 -0.801106 0 -0.801106 -0.396566 -0.943402 0 -0.989169 0 -0.989169 -0.396566 -0.943402 -0.263374 -1.077113 0 -0.989169 -0.263374 -1.077113 0 -1.177232 0 -1.177232 -0.263374 -1.077113 -0.127228 -1.217452 0 -1.177232 -0.127228 -1.217452 0 -1.365294 -0.531891 0.801106 0 0.801106 -0.396566 0.943402 -0.396566 0.943402 0 0.801106 0 0.989169 -0.396566 0.943402 0 0.989169 -0.263374 1.077113 -0.263374 1.077113 0 0.989169 0 1.177232 -0.263374 1.077113 0 1.177232 -0.127228 1.217452 -0.127228 1.217452 0 1.177232 0 1.365294 2.065306 2.625165 1.924581 2.736418 2.025146 2.646249 2.025146 2.646249 1.924581 2.736418 1.984772 2.666918 1.984772 2.666918 1.924581 2.736418 1.944186 2.687169 1.944186 2.687169 1.924581 2.736418 1.878325 2.695083 1.878325 2.695083 1.924581 2.736418 1.832181 2.890182 1.878325 2.695083 1.832181 2.890182 1.822002 2.66004 1.822002 2.66004 1.832181 2.890182 1.8 2.59746 1.8 2.59746 1.832181 2.890182 1.8 3.066662 0.304012 5.98384 0.439337 5.950112 0.43905 6.113197 0.43905 6.113197 0.439337 5.950112 0.548389 6.028677 0.43905 6.113197 0.548389 6.028677 0.68165 6.046177 0.439337 5.950112 0.304012 5.98384 0.380544 5.829247 0.380544 5.829247 0.304012 5.98384 0.224677 5.814504 0.380544 5.829247 0.224677 5.814504 0.386055 5.694954 0.386055 5.694954 0.224677 5.814504 0.211713 5.627955 0.386055 5.694954 0.211713 5.627955 0.454553 5.579313 0.454553 5.579313 0.211713 5.627955 0.275763 5.02701 0.454553 5.579313 0.275763 5.02701 0.569676 5.509947 0.569676 5.509947 0.275763 5.02701 0.877955 5.34784 0.569676 5.509947 0.877955 5.34784 0.703923 5.503426 0.703923 5.503426 0.877955 5.34784 0.825227 5.561307 0.825227 5.561307 0.877955 5.34784 0.904611 5.669765 0.275763 5.02701 0.211713 5.627955 -0.1325989 5.311291 -0.1325989 5.311291 0.211713 5.627955 -0.253314 5.880083 -0.1325989 5.311291 -0.253314 5.880083 -0.579572 5.529905 -0.579572 5.529905 -0.253314 5.880083 -0.749543 6.06332 -0.579572 5.529905 -0.749543 6.06332 -1.054677 5.677726 -1.054677 5.677726 -0.749543 6.06332 -1.26683 6.173922 -1.054677 5.677726 -1.26683 6.173922 -1.546779 5.751291 -1.546779 5.751291 -1.26683 6.173922 -1.794602 6.209627 -1.546779 5.751291 -1.794602 6.209627 -2.044343 5.748874 -2.044343 5.748874 -1.794602 6.209627 -2.322073 6.169706 -2.044343 5.748874 -2.322073 6.169706 -2.535707 5.670533 -2.535707 5.670533 -2.322073 6.169706 -2.83846 6.054976 -2.535707 5.670533 -2.83846 6.054976 -3.009354 5.518104 -3.009354 5.518104 -2.83846 6.054976 -3.333209 5.86778 -3.009354 5.518104 -3.333209 5.86778 -3.454182 5.295159 -3.454182 5.295159 -3.333209 5.86778 -3.796207 5.611945 -3.454182 5.295159 -3.796207 5.611945 -3.859764 5.006924 -3.859764 5.006924 -3.796207 5.611945 -4.217991 5.292701 -3.859764 5.006924 -4.217991 5.292701 -4.216594 4.660156 -4.216594 4.660156 -4.217991 5.292701 -4.58994 4.916572 -4.216594 4.660156 -4.58994 4.916572 -4.904451 4.491246 -4.216594 4.660156 -4.904451 4.491246 -4.516308 4.262981 -4.516308 4.262981 -4.904451 4.491246 -5.155096 4.025418 -4.516308 4.262981 -5.155096 4.025418 -4.751882 3.824711 -4.751882 3.824711 -5.155096 4.025418 -5.336751 3.528608 -4.751882 3.824711 -5.336751 3.528608 -4.917792 3.355616 -4.917792 3.355616 -5.336751 3.528608 -5.445704 3.010971 -4.917792 3.355616 -5.445704 3.010971 -5.010151 2.866693 -5.010151 2.866693 -5.445704 3.010971 -5.479727 2.483087 -5.010151 2.866693 -5.479727 2.483087 -5.026795 2.369401 -5.026795 2.369401 -5.479727 2.483087 -5.438126 1.955747 -5.026795 2.369401 -5.438126 1.955747 -4.967332 1.875397 -4.967332 1.875397 -5.438126 1.955747 -5.32175 1.439728 -4.967332 1.875397 -5.32175 1.439728 -4.833156 1.396259 -4.833156 1.396259 -5.32175 1.439728 -5.132979 0.945578 -4.833156 1.396259 -5.132979 0.945578 -4.627413 0.943219 -4.627413 0.943219 -5.132979 0.945578 -4.87567 0.483397 -4.627413 0.943219 -4.87567 0.483397 -4.354925 0.526894 -4.354925 0.526894 -4.87567 0.483397 -4.555083 0.06263196 -4.354925 0.526894 -4.555083 0.06263196 -4.022079 0.1570439 -4.022079 0.1570439 -4.555083 0.06263196 -4.177771 -0.308116 -4.022079 0.1570439 -4.177771 -0.308116 -3.636676 -0.157663 -3.636676 -0.157663 -4.177771 -0.308116 -3.751446 -0.62127 -3.636676 -0.157663 -3.751446 -0.62127 -3.20775 -0.409851 -3.20775 -0.409851 -3.751446 -0.62127 -3.284821 -0.870429 -3.20775 -0.409851 -3.284821 -0.870429 -2.745354 -0.593607 -2.745354 -0.593607 -3.284821 -0.870429 -2.787435 -1.0505 -2.745354 -0.593607 -2.787435 -1.0505 -2.260328 -0.704626 -2.260328 -0.704626 -2.787435 -1.0505 -2.269453 -1.157803 -2.260328 -0.704626 -2.269453 -1.157803 -1.764038 -0.740305 -1.764038 -0.740305 -2.269453 -1.157803 -1.741464 -1.190144 -1.764038 -0.740305 -1.741464 -1.190144 -1.214258 -1.146863 -1.764038 -0.740305 -1.214258 -1.146863 -1.268119 -0.699807 -1.268119 -0.699807 -1.214258 -1.146863 -0.698613 -1.028844 -1.268119 -0.699807 -0.698613 -1.028844 -0.784193 -0.584082 -0.784193 -0.584082 -0.698613 -1.028844 -0.205067 -0.838499 -0.784193 -0.584082 -0.205067 -0.838499 -0.323605 -0.395843 -0.323605 -0.395843 -0.205067 -0.838499 0.256291 -0.579718 -0.323605 -0.395843 0.256291 -0.579718 0.102852 -0.139501 0.102852 -0.139501 0.256291 -0.579718 0.676032 -0.257793 0.102852 -0.139501 0.676032 -0.257793 0.485179 0.178935 0.485179 0.178935 0.676032 -0.257793 1.045577 0.120699 0.485179 0.178935 1.045577 0.120699 0.814418 0.552001 0.814418 0.552001 1.045577 0.120699 1.357371 0.54802 0.814418 0.552001 1.357371 0.54802 1.082849 0.970953 1.082849 0.970953 1.357371 0.54802 1.605042 1.015436 1.082849 0.970953 1.605042 1.015436 1.284182 1.42597 1.284182 1.42597 1.605042 1.015436 1.783527 1.513394 1.284182 1.42597 1.783527 1.513394 1.413697 1.906389 1.413697 1.906389 1.783527 1.513394 1.889179 2.031715 1.413697 1.906389 1.889179 2.031715 1.468359 2.400947 1.468359 2.400947 1.889179 2.031715 1.919837 2.559805 1.468359 2.400947 1.919837 2.559805 1.446886 2.898054 1.446886 2.898054 1.919837 2.559805 1.874876 3.086869 1.446886 2.898054 1.874876 3.086869 1.349782 3.386057 1.349782 3.386057 1.874876 3.086869 1.927481 3.328882 1.349782 3.386057 1.927481 3.328882 1.909981 3.462143 1.927481 3.328882 1.874876 3.086869 2.006046 3.21983 2.006046 3.21983 1.874876 3.086869 2.051024 3.024096 2.006046 3.21983 2.051024 3.024096 2.126911 3.161038 2.126911 3.161038 2.051024 3.024096 2.237958 3.029034 2.126911 3.161038 2.237958 3.029034 2.261204 3.166548 2.261204 3.166548 2.237958 3.029034 2.410546 3.101021 2.261204 3.166548 2.410546 3.101021 2.376845 3.235047 2.376845 3.235047 2.410546 3.101021 2.446211 3.350169 2.446211 3.350169 2.410546 3.101021 3.271685 3.664645 2.446211 3.350169 3.271685 3.664645 2.919685 3.690835 2.919685 3.690835 3.271685 3.664645 3.224584 3.781301 3.224584 3.781301 3.271685 3.664645 3.507457 3.926663 3.507457 3.926663 3.271685 3.664645 3.758519 4.121894 2.446211 3.350169 2.919685 3.690835 2.452732 3.484416 2.452732 3.484416 2.919685 3.690835 2.603307 3.658396 2.452732 3.484416 2.603307 3.658396 2.394851 3.60572 2.394851 3.60572 2.603307 3.658396 2.286394 3.685104 1.909981 3.462143 1.957729 3.587782 1.349782 3.386057 1.349782 3.386057 1.957729 3.587782 1.88479 3.809534 1.349782 3.386057 1.88479 3.809534 1.604189 3.96956 1.957729 3.587782 2.059317 3.675786 1.88479 3.809534 1.88479 3.809534 2.059317 3.675786 2.19048 3.705133 1.349782 3.386057 1.604189 3.96956 1.179322 3.853518 1.179322 3.853518 1.604189 3.96956 1.358688 4.179502 1.179322 3.853518 1.358688 4.179502 0.939503 4.289479 0.939503 4.289479 1.358688 4.179502 1.157049 4.431865 0.939503 4.289479 1.157049 4.431865 1.006467 4.717647 0.939503 4.289479 1.006467 4.717647 0.635945 4.683724 0.635945 4.683724 1.006467 4.717647 0.912316 5.026647 0.635945 4.683724 0.912316 5.026647 0.275763 5.02701 0.275763 5.02701 0.912316 5.026647 0.877955 5.34784 0.807289 5.998429 1.026987 6.066797 0.68165 6.046177 0.68165 6.046177 1.026987 6.066797 1.183326 6.343754 0.68165 6.046177 1.183326 6.343754 0.43905 6.113197 0.43905 6.113197 1.183326 6.343754 1.300189 6.676821 1.300189 6.676821 1.183326 6.343754 1.388248 6.586971 1.300189 6.676821 1.388248 6.586971 1.634664 6.788033 0.807289 5.998429 0.895292 5.896841 1.026987 6.066797 1.026987 6.066797 0.895292 5.896841 0.924639 5.765678 1.634664 6.788033 1.914052 6.939987 1.300189 6.676821 0 0.498057 -1.039832 0.249029 0 0 0 0 -1.039832 0.249029 -1.039832 -0.249029 0 0 -1.039832 -0.249029 0 -0.498057 0 -0.498057 -1.039832 -0.249029 -1.039832 -0.747086 0 -0.498057 -1.039832 -0.747086 0 -0.996115 0 -0.996115 -1.039832 -0.747086 -1.039832 -1.245143 0 -0.996115 -1.039832 -1.245143 0 -1.494172 0 -1.494172 -1.039832 -1.245143 -1.039832 -1.743201 0 -1.494172 -1.039832 -1.743201 0 -1.99223 0 -1.99223 -1.039832 -1.743201 -1.039832 -2.241258 0 -1.99223 -1.039832 -2.241258 0 -2.490287 0 -2.490287 -1.039832 -2.241258 -1.039832 -2.739316 0 -2.490287 -1.039832 -2.739316 0 -2.988344 0 -2.988344 -1.039832 -2.739316 -1.039832 -3.237373 0 -2.988344 -1.039832 -3.237373 0 -3.486402 0 -3.486402 -1.039832 -3.237373 -1.039832 -3.73543 0 -3.486402 -1.039832 -3.73543 0 -3.984459 0 -3.984459 -1.039832 -3.73543 -1.039832 -4.233488 0 -3.984459 -1.039832 -4.233488 0 -4.482516 0 -4.482516 -1.039832 -4.233488 -1.039832 -4.731545 0 -4.482516 -1.039832 -4.731545 0 -4.980574 0 -4.980574 -1.039832 -4.731545 -1.039832 -5.229602 0 -4.980574 -1.039832 -5.229602 0 -5.478631 0 -5.478631 -1.039832 -5.229602 -1.039832 -5.72766 0 -5.478631 -1.039832 -5.72766 0 -5.976688 0 -5.976688 -1.039832 -5.72766 -1.039832 -6.225717 0 -5.976688 -1.039832 -6.225717 0 -6.474746 0 -6.474746 -1.039832 -6.225717 -1.039832 -6.723774 0 -6.474746 -1.039832 -6.723774 0 -6.972804 0 -6.972804 -1.039832 -6.723774 -1.039832 -7.221832 0 -6.972804 -1.039832 -7.221832 0 -7.47086 0 -7.47086 -1.039832 -7.221832 -1.039832 -7.719889 0 -7.47086 -1.039832 -7.719889 0 -7.968918 0 -7.968918 -1.039832 -7.719889 -1.039832 -8.217947 0 -7.968918 -1.039832 -8.217947 0 -8.466977 0 -8.466977 -1.039832 -8.217947 -1.039832 -8.716005 0 -8.466977 -1.039832 -8.716005 0 -8.965033 0 -8.965033 -1.039832 -8.716005 -1.039832 -9.214062 0 -8.965033 -1.039832 -9.214062 0 -9.46309 0 -9.46309 -1.039832 -9.214062 -1.039832 -9.71212 0 -9.46309 -1.039832 -9.71212 0 -9.961149 0 -9.961149 -1.039832 -9.71212 -1.039832 -10.21018 0 -9.961149 -1.039832 -10.21018 0 -10.4592 0 9.96115 -1.039832 10.21018 -1.039832 9.71212 0 9.96115 -1.039832 9.71212 0 9.46309 0 9.46309 -1.039832 9.71212 -1.039832 9.214062 0 9.46309 -1.039832 9.214062 0 8.965033 0 8.965033 -1.039832 9.214062 -1.039832 8.716005 0 8.965033 -1.039832 8.716005 0 8.466977 0 8.466977 -1.039832 8.716005 -1.039832 8.217947 0 8.466977 -1.039832 8.217947 0 7.968918 0 7.968918 -1.039832 8.217947 -1.039832 7.719889 0 7.968918 -1.039832 7.719889 0 7.47086 0 7.47086 -1.039832 7.719889 -1.039832 7.221832 0 7.47086 -1.039832 7.221832 0 6.972804 0 6.972804 -1.039832 7.221832 -1.039832 6.723774 0 6.972804 -1.039832 6.723774 0 6.474746 0 6.474746 -1.039832 6.723774 -1.039832 6.225717 0 6.474746 -1.039832 6.225717 0 5.976688 0 5.976688 -1.039832 6.225717 -1.039832 5.72766 0 5.976688 -1.039832 5.72766 0 5.478631 0 5.478631 -1.039832 5.72766 -1.039832 5.229602 0 5.478631 -1.039832 5.229602 0 4.980574 0 4.980574 -1.039832 5.229602 -1.039832 4.731545 0 4.980574 -1.039832 4.731545 0 4.482516 0 4.482516 -1.039832 4.731545 -1.039832 4.233488 0 4.482516 -1.039832 4.233488 0 3.984459 0 3.984459 -1.039832 4.233488 -1.039832 3.73543 0 3.984459 -1.039832 3.73543 0 3.486402 0 3.486402 -1.039832 3.73543 -1.039832 3.237373 0 3.486402 -1.039832 3.237373 0 2.988344 0 2.988344 -1.039832 3.237373 -1.039832 2.739316 0 2.988344 -1.039832 2.739316 0 2.490287 0 2.490287 -1.039832 2.739316 -1.039832 2.241258 0 2.490287 -1.039832 2.241258 0 1.99223 0 1.99223 -1.039832 2.241258 -1.039832 1.743201 0 1.99223 -1.039832 1.743201 0 1.494172 0 1.494172 -1.039832 1.743201 -1.039832 1.245143 0 1.494172 -1.039832 1.245143 0 0.996115 0 0.996115 -1.039832 1.245143 -1.039832 0.747086 0 0.996115 -1.039832 0.747086 0 0.498057 0 0.498057 -1.039832 0.747086 -1.039832 0.249029 4.362358 0.574315 4.240901 0.277963 4.4 0 4.4 0 4.240901 0.277963 4.247725 -0.139056 4.4 0 4.247725 -0.139056 4.362358 -0.574315 4.362358 -0.574315 4.247725 -0.139056 4.213641 -0.554736 4.362358 -0.574315 4.213641 -0.554736 4.138977 -0.965074 4.240901 0.277963 4.362358 0.574315 4.193234 0.692306 4.193234 0.692306 4.362358 0.574315 4.250073 1.138804 4.193234 0.692306 4.250073 1.138804 4.105185 1.099981 4.105185 1.099981 4.250073 1.138804 3.9776 1.497063 3.9776 1.497063 4.250073 1.138804 4.06507 1.683807 3.9776 1.497063 4.06507 1.683807 3.811709 1.879727 3.811709 1.879727 4.06507 1.683807 3.810512 2.2 3.811709 1.879727 3.810512 2.2 3.609109 2.244288 3.609109 2.244288 3.810512 2.2 3.490755 2.67855 3.609109 2.244288 3.490755 2.67855 3.371752 2.587236 3.371752 2.587236 3.490755 2.67855 3.101922 2.905267 3.101922 2.905267 3.490755 2.67855 3.11127 3.11127 3.101922 2.905267 3.11127 3.11127 2.80222 3.195319 2.80222 3.195319 3.11127 3.11127 2.67855 3.490755 2.80222 3.195319 2.67855 3.490755 2.47553 3.454598 2.47553 3.454598 2.67855 3.490755 2.2 3.810512 2.47553 3.454598 2.2 3.810512 2.125 3.680608 2.125 3.680608 2.2 3.810512 1.754005 3.871171 1.754005 3.871171 2.2 3.810512 1.683807 4.06507 1.754005 3.871171 1.683807 4.06507 1.366118 4.024453 1.366118 4.024453 1.683807 4.06507 1.138804 4.250073 1.366118 4.024453 1.138804 4.250073 0.965074 4.138977 0.965074 4.138977 1.138804 4.250073 0.574315 4.362358 0.965074 4.138977 0.574315 4.362358 0.554736 4.213641 0.554736 4.213641 0.574315 4.362358 0.139056 4.247725 0.139056 4.247725 0.574315 4.362358 0 4.4 0.139056 4.247725 0 4.4 -0.277963 4.240901 -0.277963 4.240901 0 4.4 -0.574315 4.362358 -0.277963 4.240901 -0.574315 4.362358 -0.692306 4.193234 -0.692306 4.193234 -0.574315 4.362358 -1.138804 4.250073 -0.692306 4.193234 -1.138804 4.250073 -1.099981 4.105185 -1.099981 4.105185 -1.138804 4.250073 -1.497063 3.9776 -1.497063 3.9776 -1.138804 4.250073 -1.683807 4.06507 -1.497063 3.9776 -1.683807 4.06507 -1.879727 3.811709 -1.879727 3.811709 -1.683807 4.06507 -2.2 3.810512 -1.879727 3.811709 -2.2 3.810512 -2.244288 3.609109 -2.244288 3.609109 -2.2 3.810512 -2.67855 3.490755 -2.244288 3.609109 -2.67855 3.490755 -2.587236 3.371752 -2.587236 3.371752 -2.67855 3.490755 -2.905267 3.101922 -2.905267 3.101922 -2.67855 3.490755 -3.11127 3.11127 -2.905267 3.101922 -3.11127 3.11127 -3.195319 2.80222 -3.195319 2.80222 -3.11127 3.11127 -3.490755 2.67855 -3.195319 2.80222 -3.490755 2.67855 -3.454598 2.47553 -3.454598 2.47553 -3.490755 2.67855 -3.810512 2.2 -3.454598 2.47553 -3.810512 2.2 -3.680608 2.125 -3.680608 2.125 -3.810512 2.2 -3.871171 1.754005 -3.871171 1.754005 -3.810512 2.2 -4.06507 1.683807 -3.871171 1.754005 -4.06507 1.683807 -4.024453 1.366118 -4.024453 1.366118 -4.06507 1.683807 -4.250073 1.138804 -4.024453 1.366118 -4.250073 1.138804 -4.138977 0.965074 -4.138977 0.965074 -4.250073 1.138804 -4.362358 0.574315 -4.138977 0.965074 -4.362358 0.574315 -4.213641 0.554736 -4.213641 0.554736 -4.362358 0.574315 -4.247725 0.139056 -4.247725 0.139056 -4.362358 0.574315 -4.4 0 -4.247725 0.139056 -4.4 0 -4.240901 -0.277963 -4.240901 -0.277963 -4.4 0 -4.362358 -0.574315 -4.240901 -0.277963 -4.362358 -0.574315 -4.193234 -0.692306 -4.193234 -0.692306 -4.362358 -0.574315 -4.250073 -1.138804 -4.193234 -0.692306 -4.250073 -1.138804 -4.105185 -1.099981 -4.105185 -1.099981 -4.250073 -1.138804 -3.9776 -1.497063 -3.9776 -1.497063 -4.250073 -1.138804 -4.06507 -1.683807 -3.9776 -1.497063 -4.06507 -1.683807 -3.811709 -1.879727 -3.811709 -1.879727 -4.06507 -1.683807 -3.810512 -2.2 -3.811709 -1.879727 -3.810512 -2.2 -3.609109 -2.244288 -3.609109 -2.244288 -3.810512 -2.2 -3.490755 -2.67855 -3.609109 -2.244288 -3.490755 -2.67855 -3.371752 -2.587236 -3.371752 -2.587236 -3.490755 -2.67855 -3.101922 -2.905267 -3.101922 -2.905267 -3.490755 -2.67855 -3.11127 -3.11127 -3.101922 -2.905267 -3.11127 -3.11127 -2.80222 -3.195319 -2.80222 -3.195319 -3.11127 -3.11127 -2.67855 -3.490755 -2.80222 -3.195319 -2.67855 -3.490755 -2.47553 -3.454598 -2.47553 -3.454598 -2.67855 -3.490755 -2.2 -3.810512 -2.47553 -3.454598 -2.2 -3.810512 -2.125 -3.680608 -2.125 -3.680608 -2.2 -3.810512 -1.754005 -3.871171 -1.754005 -3.871171 -2.2 -3.810512 -1.683807 -4.06507 -1.754005 -3.871171 -1.683807 -4.06507 -1.366118 -4.024453 -1.366118 -4.024453 -1.683807 -4.06507 -1.138804 -4.250073 -1.366118 -4.024453 -1.138804 -4.250073 -0.965074 -4.138977 -0.965074 -4.138977 -1.138804 -4.250073 -0.574315 -4.362358 -0.965074 -4.138977 -0.574315 -4.362358 -0.554736 -4.213641 -0.554736 -4.213641 -0.574315 -4.362358 -0.139056 -4.247725 -0.139056 -4.247725 -0.574315 -4.362358 0 -4.4 -0.139056 -4.247725 0 -4.4 0.277963 -4.240901 0.277963 -4.240901 0 -4.4 0.574315 -4.362358 0.277963 -4.240901 0.574315 -4.362358 0.692306 -4.193234 0.692306 -4.193234 0.574315 -4.362358 1.138804 -4.250073 0.692306 -4.193234 1.138804 -4.250073 1.099981 -4.105185 1.099981 -4.105185 1.138804 -4.250073 1.497063 -3.9776 1.497063 -3.9776 1.138804 -4.250073 1.683807 -4.06507 1.497063 -3.9776 1.683807 -4.06507 1.879727 -3.811709 1.879727 -3.811709 1.683807 -4.06507 2.2 -3.810512 1.879727 -3.811709 2.2 -3.810512 2.244288 -3.609109 2.244288 -3.609109 2.2 -3.810512 2.67855 -3.490755 2.244288 -3.609109 2.67855 -3.490755 2.587236 -3.371752 2.587236 -3.371752 2.67855 -3.490755 2.905267 -3.101922 2.905267 -3.101922 2.67855 -3.490755 3.11127 -3.11127 2.905267 -3.101922 3.11127 -3.11127 3.195319 -2.80222 3.195319 -2.80222 3.11127 -3.11127 3.490755 -2.67855 3.195319 -2.80222 3.490755 -2.67855 3.454598 -2.47553 3.454598 -2.47553 3.490755 -2.67855 3.810512 -2.2 3.454598 -2.47553 3.810512 -2.2 3.680608 -2.125 3.680608 -2.125 3.810512 -2.2 3.871171 -1.754005 3.871171 -1.754005 3.810512 -2.2 4.06507 -1.683807 3.871171 -1.754005 4.06507 -1.683807 4.024453 -1.366118 4.024453 -1.366118 4.06507 -1.683807 4.250073 -1.138804 4.024453 -1.366118 4.250073 -1.138804 4.138977 -0.965074 4.138977 -0.965074 4.250073 -1.138804 4.362358 -0.574315 1.8 3.59919 1.064254 3.009352 1.8 3.066662 1.8 3.066662 1.064254 3.009352 1.576527 2.847866 1.8 3.066662 1.576527 2.847866 1.832181 2.890182 1.832181 2.890182 1.576527 2.847866 1.924581 2.736418 1.924581 2.736418 1.576527 2.847866 2.065306 2.625165 1.064254 3.009352 1.8 3.59919 0.536121 3.107216 0.536121 3.107216 1.8 3.59919 1.684021 4.256938 0.536121 3.107216 1.684021 4.256938 0 3.14 0 3.14 1.684021 4.256938 1.591794 4.584733 0 3.14 1.591794 4.584733 1.436444 4.887754 1.224132 5.153985 -1.224132 5.153985 1.436444 4.887754 1.436444 4.887754 -1.224132 5.153985 -1.436444 4.887754 1.436444 4.887754 -1.436444 4.887754 0 3.14 0 3.14 -1.436444 4.887754 -1.591794 4.584733 0 3.14 -1.591794 4.584733 -1.684021 4.256938 -1.224132 5.153985 1.224132 5.153985 -0.963277 5.372869 -0.963277 5.372869 1.224132 5.153985 0.963277 5.372869 -0.963277 5.372869 0.963277 5.372869 -0.664223 5.535724 -0.664223 5.535724 0.963277 5.372869 0.664223 5.535724 -0.664223 5.535724 0.664223 5.535724 -0.33883 5.636095 -0.33883 5.636095 0.664223 5.535724 0.33883 5.636095 -0.33883 5.636095 0.33883 5.636095 0 5.67 0 3.14 -1.684021 4.256938 -0.536121 3.107216 -0.536121 3.107216 -1.684021 4.256938 -1.8 3.59919 -0.536121 3.107216 -1.8 3.59919 -1.064254 3.009352 -1.064254 3.009352 -1.8 3.59919 -1.8 3.066662 -1.064254 3.009352 -1.8 3.066662 -1.576527 2.847866 -1.576527 2.847866 -1.8 3.066662 -1.832181 2.890182 -1.576527 2.847866 -1.832181 2.890182 -1.924581 2.736418 -1.924581 2.736418 -2.065306 2.625165 -1.576527 2.847866 -1.984772 2.666918 -1.944186 2.687169 -1.924581 2.736418 -1.924581 2.736418 -1.944186 2.687169 -1.878325 2.695083 -1.924581 2.736418 -1.878325 2.695083 -1.832181 2.890182 -1.832181 2.890182 -1.878325 2.695083 -1.822002 2.66004 -1.832181 2.890182 -1.822002 2.66004 -1.8 2.59746 -1.8 2.59746 -1.8 3.066662 -1.832181 2.890182 -2.065306 2.625165 -2.025146 2.646249 -1.924581 2.736418 -1.924581 2.736418 -2.025146 2.646249 -1.984772 2.666918 0.65 0.27055 0 0.27055 0.65 0.09018296 0.65 0.09018296 0 0.27055 0 0.09018296 0.65 0.09018296 0 0.09018296 0.65 -0.09018296 0.65 -0.09018296 0 0.09018296 0 -0.09018296 0.65 -0.09018296 0 -0.09018296 0.65 -0.27055 0.65 -0.27055 0 -0.09018296 0 -0.27055 0.65 0.27055 0 0.27055 0.65 0.09018296 0.65 0.09018296 0 0.27055 0 0.09018296 0.65 0.09018296 0 0.09018296 0.65 -0.09018296 0.65 -0.09018296 0 0.09018296 0 -0.09018296 0.65 -0.09018296 0 -0.09018296 0.65 -0.27055 0.65 -0.27055 0 -0.09018296 0 -0.27055 0.243241 0.101423 0 0.101423 0.198731 0.05554991 0.198731 0.05554991 0 0.101423 0 0.03380799 0.198731 0.05554991 0 0.03380799 0.154074 0.008964955 0.154074 0.008964955 0 0.03380799 0 -0.03380799 0.154074 0.008964955 0 -0.03380799 0.116904 -0.04181993 0.116904 -0.04181993 0 -0.03380799 0.104501 -0.07096797 0.104501 -0.07096797 0 -0.03380799 0 -0.101423 0.104501 -0.07096797 0 -0.101423 0.1 -0.101423 0.65 8.523877 1.245 8.639382 0.65 9.061333 0.65 9.061333 1.245 8.639382 1.245 9.215339 0.65 9.061333 1.245 9.215339 0 9.061333 0 9.061333 1.245 9.215339 -0.1 9.50132 0 9.061333 -0.1 9.50132 -0.1 8.925259 1.245 8.639382 0.65 8.523877 1.245 8.063423 1.245 8.063423 0.65 8.523877 0.65 7.986418 1.245 8.063423 0.65 7.986418 1.245 7.487463 1.245 7.487463 0.65 7.986418 0.65 7.448961 1.245 7.487463 0.65 7.448961 1.245 6.911504 1.245 6.911504 0.65 7.448961 0.65 6.911504 1.245 6.911504 0.65 6.911504 0.65 6.374047 1.245 6.911504 0.65 6.374047 1.245 6.335545 1.245 6.335545 0.65 6.374047 0.65 5.83659 1.245 6.335545 0.65 5.83659 1.245 5.759586 1.245 5.759586 0.65 5.83659 0.65 5.299133 1.245 5.759586 0.65 5.299133 1.245 5.183628 1.245 5.183628 0.65 5.299133 0.65 4.761676 1.245 5.183628 0.65 4.761676 1.245 4.607669 1.245 4.607669 0.65 4.761676 0 4.761676 1.245 4.607669 0 4.761676 -0.1 4.321688 -0.1 4.321688 0 4.761676 -0.1 4.897749 -0.1 4.897749 0 4.761676 0 4.807034 -0.1 4.897749 0 4.807034 0 4.852392 0 4.852392 0 4.897749 -0.1 4.897749 1.245 4.607669 -0.1 4.321688 1.245 4.031711 1.245 4.031711 -0.1 4.321688 -0.1 3.745627 1.245 4.031711 -0.1 3.745627 1.245 3.455752 1.245 3.455752 -0.1 3.745627 -0.1 3.169566 1.245 3.455752 -0.1 3.169566 1.245 2.879793 1.245 2.879793 -0.1 3.169566 -0.1 2.593505 1.245 2.879793 -0.1 2.593505 1.245 2.303835 1.245 2.303835 -0.1 2.593505 -0.1 2.017444 1.245 2.303835 -0.1 2.017444 1.245 1.727876 1.245 1.727876 -0.1 2.017444 -0.1 1.441383 1.245 1.727876 -0.1 1.441383 1.245 1.151917 1.245 1.151917 -0.1 1.441383 -0.1 0.865321 1.245 1.151917 -0.1 0.865321 1.245 0.575959 1.245 0.575959 -0.1 0.865321 -0.1 0.28926 1.245 0.575959 -0.1 0.28926 1.245 0 1.245 0 -0.1 0.28926 -0.1 -0.286801 1.245 0 -0.1 -0.286801 1.245 -0.575959 1.245 -0.575959 -0.1 -0.286801 -0.1 -0.862862 1.245 -0.575959 -0.1 -0.862862 1.245 -1.151917 1.245 -1.151917 -0.1 -0.862862 -0.1 -1.438923 1.245 -1.151917 -0.1 -1.438923 1.245 -1.727876 1.245 -1.727876 -0.1 -1.438923 -0.1 -2.014984 1.245 -1.727876 -0.1 -2.014984 1.245 -2.303835 1.245 -2.303835 -0.1 -2.014984 -0.1 -2.591046 1.245 -2.303835 -0.1 -2.591046 1.245 -2.879793 1.245 -2.879793 -0.1 -2.591046 -0.1 -3.167107 1.245 -2.879793 -0.1 -3.167107 1.245 -3.455752 1.245 -3.455752 -0.1 -3.167107 -0.1 -3.743168 1.245 -3.455752 -0.1 -3.743168 1.245 -4.031711 1.245 -4.031711 -0.1 -3.743168 -0.1 -4.319229 1.245 -4.031711 -0.1 -4.319229 1.245 -4.607669 1.245 -4.607669 -0.1 -4.319229 -0.1 -4.89529 1.245 -4.607669 -0.1 -4.89529 1.245 -5.183628 1.245 -5.183628 -0.1 -4.89529 -0.1 -5.471351 1.245 -5.183628 -0.1 -5.471351 1.245 -5.759586 1.245 -5.759586 -0.1 -5.471351 -0.1 -6.047412 1.245 -5.759586 -0.1 -6.047412 1.245 -6.335545 1.245 -6.335545 -0.1 -6.047412 -0.1 -6.623474 1.245 -6.335545 -0.1 -6.623474 1.245 -6.911504 1.245 -6.911504 -0.1 -6.623474 -0.1 -7.199534 1.245 -6.911504 -0.1 -7.199534 1.245 -7.487463 1.245 -7.487463 -0.1 -7.199534 -0.1 -7.775596 1.245 -7.487463 -0.1 -7.775596 1.245 -8.063423 1.245 -8.063423 -0.1 -7.775596 -0.1 -8.351657 1.245 -8.063423 -0.1 -8.351657 1.245 -8.639382 1.245 -8.639382 -0.1 -8.351657 -0.1 -8.92772 1.245 -8.639382 -0.1 -8.92772 1.245 -9.215339 1.245 -9.215339 -0.1 -8.92772 -0.1 -9.50378 1.245 -9.215339 -0.1 -9.50378 1.245 -9.791298 1.245 -9.791298 -0.1 -9.50378 -0.1 -10.07984 1.245 -9.791298 -0.1 -10.07984 1.245 -10.36726 1.245 -10.36726 -0.1 -10.07984 -0.1 -10.6559 1.245 -10.36726 -0.1 -10.6559 1.245 -10.94321 1.245 -10.94321 -0.1 -10.6559 -0.1 -11.23196 1.245 -10.94321 -0.1 -11.23196 1.245 -11.51917 1.245 -11.51917 -0.1 -11.23196 -0.1 -11.80802 1.245 -11.51917 -0.1 -11.80802 1.245 -12.09513 1.245 -12.09513 -0.1 -11.80802 -0.1 -12.38408 1.245 -12.09513 -0.1 -12.38408 1.245 -12.67109 1.245 -12.67109 -0.1 -12.38408 -0.1 -12.96015 1.245 -12.67109 -0.1 -12.96015 1.245 -13.24705 1.245 -13.24705 -0.1 -12.96015 -0.1 -13.53621 1.245 -13.24705 -0.1 -13.53621 1.245 -13.82301 1.245 13.82301 -0.1 14.10981 -0.1 13.53375 1.245 13.82301 -0.1 13.53375 1.245 13.24705 1.245 13.24705 -0.1 13.53375 -0.1 12.95769 1.245 13.24705 -0.1 12.95769 1.245 12.67109 1.245 12.67109 -0.1 12.95769 -0.1 12.38163 1.245 12.67109 -0.1 12.38163 1.245 12.09513 1.245 12.09513 -0.1 12.38163 -0.1 11.80556 1.245 12.09513 -0.1 11.80556 1.245 11.51917 1.245 11.51917 -0.1 11.80556 -0.1 11.2295 1.245 11.51917 -0.1 11.2295 1.245 10.94321 1.245 10.94321 -0.1 11.2295 -0.1 10.65344 1.245 10.94321 -0.1 10.65344 1.245 10.36726 1.245 10.36726 -0.1 10.65344 -0.1 10.07738 1.245 10.36726 -0.1 10.07738 1.245 9.791298 1.245 9.791298 -0.1 10.07738 -0.1 9.50132 1.245 9.791298 -0.1 9.50132 1.245 9.215339 0 8.925259 0 8.970618 -0.1 8.925259 -0.1 8.925259 0 8.970618 0 9.015974 -0.1 8.925259 0 9.015974 0 9.061333 -0.243241 0.101423 -0.198731 0.05554991 0 0.101423 0 0.101423 -0.198731 0.05554991 0 0.03380799 0 0.03380799 -0.198731 0.05554991 -0.154074 0.008964955 0 0.03380799 -0.154074 0.008964955 0 -0.03380799 0 -0.03380799 -0.154074 0.008964955 -0.116904 -0.04181993 0 -0.03380799 -0.116904 -0.04181993 -0.104501 -0.07096797 -0.1 -0.101423 0 -0.101423 -0.104501 -0.07096797 -0.104501 -0.07096797 0 -0.101423 0 -0.03380799 0.355348 -4.602321 0.418502 -4.591369 0.292402 -4.593513 0.292402 -4.593513 0.418502 -4.591369 0.270035 -4.586462 0.270035 -4.586462 0.418502 -4.591369 0.257233 -4.5824 0.257233 -4.5824 0.418502 -4.591369 0.471069 -4.560015 0.257233 -4.5824 0.471069 -4.560015 0.06586396 -4.541085 0.06586396 -4.541085 0.471069 -4.560015 0.488609 -4.535785 0.06586396 -4.541085 0.488609 -4.535785 -0.122502 -4.53566 -0.122502 -4.53566 0.488609 -4.535785 0.494975 -4.508156 -0.122502 -4.53566 0.494975 -4.508156 0.494975 -3.977917 0.494975 -3.44768 -0.494975 -3.489976 0.494975 -3.977917 0.494975 -3.977917 -0.494975 -3.489976 -0.494975 -4.069489 0.494975 -3.977917 -0.494975 -4.069489 -0.122502 -4.53566 -0.122502 -4.53566 -0.494975 -4.069489 -0.315047 -4.569055 -0.315047 -4.569055 -0.494975 -4.069489 -0.494975 -4.649 -0.494975 -3.489976 0.494975 -3.44768 -0.494975 -2.910465 -0.494975 -2.910465 0.494975 -3.44768 0.494975 -2.917441 -0.494975 -2.910465 0.494975 -2.917441 0.494975 -2.387203 -0.494975 -2.910465 0.494975 -2.387203 -0.494975 -2.330953 -0.494975 -2.330953 0.494975 -2.387203 0.494975 -1.856965 -0.494975 -2.330953 0.494975 -1.856965 -0.494975 -1.751441 -0.494975 -1.751441 0.494975 -1.856965 0.494975 -1.326727 -0.494975 -1.751441 0.494975 -1.326727 -0.494975 -1.171929 -0.494975 -1.171929 0.494975 -1.326727 0.494975 -0.796489 -0.494975 -1.171929 0.494975 -0.796489 -0.494975 -0.592417 -0.494975 -0.592417 0.494975 -0.796489 0.494975 -0.266251 -0.494975 -0.592417 0.494975 -0.266251 -0.494975 -0.012905 -0.494975 -0.012905 0.494975 -0.266251 0.494975 0.263987 -0.494975 -0.012905 0.494975 0.263987 -0.494975 0.566607 -0.494975 0.566607 0.494975 0.263987 0.494975 0.794225 -0.494975 0.566607 0.494975 0.794225 -0.494975 1.146119 -0.494975 1.146119 0.494975 0.794225 0.494975 1.324463 -0.494975 1.146119 0.494975 1.324463 -0.494975 1.72563 -0.494975 1.72563 0.494975 1.324463 0.494975 1.854702 -0.494975 1.72563 0.494975 1.854702 -0.494975 2.305142 -0.494975 2.305142 0.494975 1.854702 0.494975 2.38494 -0.494975 2.305142 0.494975 2.38494 -0.494975 2.884654 -0.494975 2.884654 0.494975 2.38494 0.494975 2.915178 -0.494975 2.884654 0.494975 2.915178 -0.494975 3.464166 -0.494975 3.464166 0.494975 2.915178 0.494975 3.445416 -0.494975 3.464166 0.494975 3.445416 0.494975 3.975654 -0.494975 3.464166 0.494975 3.975654 -0.494975 4.043678 -0.494975 4.043678 0.494975 3.975654 0.494975 4.505892 -0.494975 4.043678 0.494975 4.505892 -0.494975 4.623189 -0.494975 4.623189 0.494975 4.505892 0.494975 5.03613 -0.494975 4.623189 0.494975 5.03613 -0.494975 5.202702 -0.494975 5.202702 0.494975 5.03613 0.494975 5.566368 -0.494975 5.202702 0.494975 5.566368 -0.494975 5.782213 -0.494975 5.782213 0.494975 5.566368 0.494975 6.096606 -0.494975 5.782213 0.494975 6.096606 -0.494975 6.361726 -0.494975 6.361726 0.494975 6.096606 0.494975 6.626844 -0.494975 6.361726 0.494975 6.626844 -0.494975 6.941237 -0.494975 6.941237 0.494975 6.626844 0.494975 7.157083 -0.494975 6.941237 0.494975 7.157083 -0.494975 7.520749 -0.494975 7.520749 0.494975 7.157083 0.494975 7.687321 -0.494975 7.520749 0.494975 7.687321 -0.494975 8.100261 -0.494975 8.100261 0.494975 7.687321 0.494975 8.217559 -0.494975 8.100261 0.494975 8.217559 -0.494975 8.679774 -0.494975 8.679774 0.494975 8.217559 0.494975 8.747797 -0.494975 8.679774 0.494975 8.747797 -0.494975 9.259284 -0.494975 9.259284 0.494975 8.747797 0.494975 9.278037 -0.494975 9.259284 0.494975 9.278037 0.494975 9.808274 -0.494975 9.259284 0.494975 9.808274 -0.494975 9.838797 -0.494975 9.838797 0.494975 9.808274 0.494975 10.33851 -0.494975 9.838797 0.494975 10.33851 -0.494975 10.41831 -0.494975 10.41831 0.494975 10.33851 0.494975 10.86875 -0.494975 10.41831 0.494975 10.86875 -0.494975 10.99782 -0.494975 10.99782 0.494975 10.86875 0.494975 11.39899 -0.494975 10.99782 0.494975 11.39899 -0.494975 11.57733 -0.494975 11.57733 0.494975 11.39899 0.494975 11.92923 -0.494975 11.57733 0.494975 11.92923 -0.494975 12.15684 -0.494975 12.15684 0.494975 11.92923 0.494975 12.45946 -0.494975 12.15684 0.494975 12.45946 -0.494975 12.73636 -0.494975 12.73636 0.494975 12.45946 0.494975 12.9897 -0.494975 12.73636 0.494975 12.9897 -0.494975 13.31587 -0.494975 13.31587 0.494975 12.9897 0.494975 13.51994 -0.494975 13.31587 0.494975 13.51994 -0.494975 13.89538 -0.494975 13.89538 0.494975 13.51994 0.494975 14.05018 -0.494975 13.89538 0.494975 14.05018 -0.494975 14.47489 -0.494975 14.47489 0.494975 14.05018 0.494975 14.58042 -0.494975 14.47489 0.494975 14.58042 -0.494975 15.0544 -0.494975 15.0544 0.494975 14.58042 0.494975 15.11065 -0.494975 15.0544 0.494975 15.11065 -0.494975 15.63392 -0.494975 15.63392 0.494975 15.11065 0.494975 15.64089 -0.494975 15.63392 0.494975 15.64089 0.494975 16.17113 -0.494975 15.63392 0.494975 16.17113 -0.494975 16.21343 -0.494975 16.21343 0.494975 16.17113 0.494975 16.70137 -0.494975 16.21343 0.494975 16.70137 -0.494975 16.79294 -0.494975 16.79294 0.494975 16.70137 0.494975 17.23161 -0.494975 16.79294 0.494975 17.23161 -0.122502 17.25911 -0.122502 17.25911 0.494975 17.23161 0.488609 17.25924 -0.122502 17.25911 0.488609 17.25924 0.06586396 17.26453 0.06586396 17.26453 0.488609 17.25924 0.471069 17.28347 0.06586396 17.26453 0.471069 17.28347 0.257233 17.30585 0.257233 17.30585 0.471069 17.28347 0.270035 17.30991 0.270035 17.30991 0.471069 17.28347 0.418502 17.31482 0.270035 17.30991 0.418502 17.31482 0.292402 17.31697 0.292402 17.31697 0.418502 17.31482 0.355348 17.32577 -0.122502 17.25911 -0.315047 17.29251 -0.494975 16.79294 -0.494975 16.79294 -0.315047 17.29251 -0.494975 17.37245 -1.53919 1.45 -1.53919 0 -1.006662 0.8 -1.006662 0.8 -1.53919 0 -0.51 0 -1.006662 0.8 -0.51 0 -0.53746 0.556759 -0.53746 0.556759 -0.51 0 -0.52 0.540943 -0.52 0.540943 -0.51 0 -0.51 0.531891 -0.53746 0.556759 -0.53746 0.8 -1.006662 0.8 -1.006662 0.8 -1.006662 1.45 -1.53919 1.45 -0.8 -5.352078 -8.75 -5.372124 -0.8 -5.670575 -0.8 5.073672 -8.75 5.372124 -8.75 5.013982 -0.8 5.073672 -8.75 5.013982 0.65 5.073672 0.65 5.073672 -8.75 5.013982 0.65 4.732585 0.65 4.732585 -8.75 5.013982 -8.75 4.65584 0.65 4.732585 -8.75 4.65584 0.65 4.391498 0.65 4.391498 -8.75 4.65584 -8.75 4.297699 0.65 4.391498 -8.75 4.297699 0.65 4.050411 0.65 4.050411 -8.75 4.297699 -8.75 3.939557 0.65 4.050411 -8.75 3.939557 0.65 3.709323 0.65 3.709323 -8.75 3.939557 -8.75 3.581416 0.65 3.709323 -8.75 3.581416 0.65 3.368236 0.65 3.368236 -8.75 3.581416 -8.75 3.223274 0.65 3.368236 -8.75 3.223274 0.65 3.027149 0.65 3.027149 -8.75 3.223274 -8.75 2.865133 0.65 3.027149 -8.75 2.865133 0.65 2.686062 0.65 2.686062 -8.75 2.865133 -8.75 2.506991 0.65 2.686062 -8.75 2.506991 0.65 2.344975 0.65 2.344975 -8.75 2.506991 -8.75 2.148849 0.65 2.344975 -8.75 2.148849 0.65 2.003887 0.65 2.003887 -8.75 2.148849 -8.75 1.790708 0.65 2.003887 -8.75 1.790708 0.65 1.6628 0.65 1.6628 -8.75 1.790708 -8.75 1.432566 0.65 1.6628 -8.75 1.432566 0.65 1.321713 0.65 1.321713 -8.75 1.432566 -8.75 1.074425 0.65 1.321713 -8.75 1.074425 0.65 0.980626 0.65 0.980626 -8.75 1.074425 -8.75 0.716283 0.65 0.980626 -8.75 0.716283 0.65 0.639539 0.65 0.639539 -8.75 0.716283 -8.75 0.358142 0.65 0.639539 -8.75 0.358142 0.65 0.298451 0.65 0.298451 -8.75 0.358142 -0.8 0.298451 -0.8 0.298451 -8.75 0.358142 -8.75 0 -0.8 0.298451 -8.75 0 -0.8 -0.02004599 -0.8 -0.02004599 -8.75 0 -8.75 -0.358142 -0.8 -0.02004599 -8.75 -0.358142 -0.8 -0.338542 -0.8 -0.338542 -8.75 -0.358142 -0.8 -0.657039 -0.8 -0.657039 -8.75 -0.358142 -8.75 -0.716283 -0.8 -0.657039 -8.75 -0.716283 -0.8 -0.975536 -0.8 -0.975536 -8.75 -0.716283 -8.75 -1.074425 -0.8 -0.975536 -8.75 -1.074425 -0.8 -1.294033 -0.8 -1.294033 -8.75 -1.074425 -0.97 -1.294033 -0.97 -1.294033 -8.75 -1.074425 -8.75 -1.432566 -0.97 -1.294033 -8.75 -1.432566 -0.973083 -1.294809 -0.973083 -1.294809 -8.75 -1.432566 -0.975672 -1.296728 -0.975672 -1.296728 -8.75 -1.432566 -0.97916 -1.301535 -0.97916 -1.301535 -8.75 -1.432566 -0.983397 -1.312876 -0.983397 -1.312876 -8.75 -1.432566 -0.986733 -1.343602 -0.986733 -1.343602 -8.75 -1.432566 -0.982958 -1.374813 -0.982958 -1.374813 -8.75 -1.432566 -0.978177 -1.386186 -0.978177 -1.386186 -8.75 -1.432566 -0.97473 -1.390176 -0.97473 -1.390176 -8.75 -1.432566 -0.97 -1.392029 -0.97 -1.392029 -8.75 -1.432566 -0.8 -1.392029 -0.8 -1.392029 -8.75 -1.432566 -0.8 -1.715537 -0.8 -1.715537 -8.75 -1.432566 -8.75 -1.790708 -0.8 -1.715537 -8.75 -1.790708 -0.8 -2.039045 -0.8 -2.039045 -8.75 -1.790708 -8.75 -2.148849 -0.8 -2.039045 -8.75 -2.148849 -0.8 -2.362554 -0.8 -2.362554 -8.75 -2.148849 -8.75 -2.506991 -0.8 -2.362554 -8.75 -2.506991 -0.8 -2.686062 -0.8 -2.686062 -8.75 -2.506991 -8.75 -2.865133 -0.8 -2.686062 -8.75 -2.865133 -0.8 -3.00957 -0.8 -3.00957 -8.75 -2.865133 -8.75 -3.223274 -0.8 -3.00957 -8.75 -3.223274 -0.8 -3.333078 -0.8 -3.333078 -8.75 -3.223274 -8.75 -3.581416 -0.8 -3.333078 -8.75 -3.581416 -0.8 -3.656586 -0.8 -3.656586 -8.75 -3.581416 -8.75 -3.939557 -0.8 -3.656586 -8.75 -3.939557 -0.8 -3.980095 -0.8 -3.980095 -8.75 -3.939557 -0.97 -3.980095 -0.97 -3.980095 -8.75 -3.939557 -0.973083 -3.980871 -0.973083 -3.980871 -8.75 -3.939557 -0.975672 -3.98279 -0.975672 -3.98279 -8.75 -3.939557 -0.97916 -3.987597 -0.97916 -3.987597 -8.75 -3.939557 -0.983397 -3.998938 -0.983397 -3.998938 -8.75 -3.939557 -0.986733 -4.029664 -0.986733 -4.029664 -8.75 -3.939557 -0.982958 -4.060875 -0.982958 -4.060875 -8.75 -3.939557 -0.978177 -4.072248 -0.978177 -4.072248 -8.75 -3.939557 -0.97473 -4.076238 -0.97473 -4.076238 -8.75 -3.939557 -0.97 -4.078091 -0.97 -4.078091 -8.75 -3.939557 -8.75 -4.297699 -0.97 -4.078091 -8.75 -4.297699 -0.8 -4.078091 -0.8 -4.078091 -8.75 -4.297699 -0.8 -4.396588 -0.8 -4.396588 -8.75 -4.297699 -8.75 -4.65584 -0.8 -4.396588 -8.75 -4.65584 -0.8 -4.715085 -0.8 -4.715085 -8.75 -4.65584 -8.75 -5.013982 -0.8 -4.715085 -8.75 -5.013982 -0.8 -5.033581 -0.8 -5.033581 -8.75 -5.013982 -0.8 -5.352078 -0.8 -5.352078 -8.75 -5.013982 -8.75 -5.372124 1.562935 -0.65 2.23083 -0.65 1.562935 0.8 1.562935 0.8 2.23083 -0.65 2.23083 0.8 0.667895 0.8 0 0.8 0.667895 -0.65 0.667895 -0.65 0 0.8 0 -0.65 4.229535 0.416573 4.25 0 4.399716 -0.04999893 4.399716 -0.04999893 4.25 0 4.229535 -0.416573 4.399716 -0.04999893 4.229535 -0.416573 4.35555 -0.62385 4.35555 -0.62385 4.229535 -0.416573 4.168338 -0.829134 4.35555 -0.62385 4.168338 -0.829134 4.236858 -1.187026 4.236858 -1.187026 4.168338 -0.829134 4.066997 -1.23371 4.236858 -1.187026 4.066997 -1.23371 4.045674 -1.729892 4.045674 -1.729892 4.066997 -1.23371 3.926488 -1.626405 4.045674 -1.729892 3.926488 -1.626405 3.748166 -2.003436 4.045674 -1.729892 3.748166 -2.003436 3.785266 -2.243159 3.785266 -2.243159 3.748166 -2.003436 3.533746 -2.361173 3.785266 -2.243159 3.533746 -2.361173 3.460092 -2.718044 3.460092 -2.718044 3.533746 -2.361173 3.285294 -2.696172 3.460092 -2.718044 3.285294 -2.696172 3.075714 -3.146424 3.075714 -3.146424 3.285294 -2.696172 3.005204 -3.005204 3.075714 -3.146424 3.005204 -3.005204 2.696172 -3.285294 3.075714 -3.146424 2.696172 -3.285294 2.63871 -3.520967 2.63871 -3.520967 2.696172 -3.285294 2.361173 -3.533746 2.63871 -3.520967 2.361173 -3.533746 2.156558 -3.835265 2.156558 -3.835265 2.361173 -3.533746 2.003436 -3.748166 2.156558 -3.835265 2.003436 -3.748166 1.637505 -4.083941 1.637505 -4.083941 2.003436 -3.748166 1.626405 -3.926488 1.637505 -4.083941 1.626405 -3.926488 1.23371 -4.066997 1.637505 -4.083941 1.23371 -4.066997 1.090435 -4.26274 1.090435 -4.26274 1.23371 -4.066997 0.829134 -4.168338 1.090435 -4.26274 0.829134 -4.168338 0.524707 -4.368602 0.524707 -4.368602 0.829134 -4.168338 0.416573 -4.229535 0.524707 -4.368602 0.416573 -4.229535 -0.04999893 -4.399716 -0.04999893 -4.399716 0.416573 -4.229535 0 -4.25 -0.04999893 -4.399716 0 -4.25 -0.416573 -4.229535 -0.04999893 -4.399716 -0.416573 -4.229535 -0.62385 -4.35555 -0.62385 -4.35555 -0.416573 -4.229535 -0.829134 -4.168338 -0.62385 -4.35555 -0.829134 -4.168338 -1.187026 -4.236858 -1.187026 -4.236858 -0.829134 -4.168338 -1.23371 -4.066997 -1.187026 -4.236858 -1.23371 -4.066997 -1.729892 -4.045674 -1.729892 -4.045674 -1.23371 -4.066997 -1.626405 -3.926488 -1.729892 -4.045674 -1.626405 -3.926488 -2.003436 -3.748166 -1.729892 -4.045674 -2.003436 -3.748166 -2.243159 -3.785266 -2.243159 -3.785266 -2.003436 -3.748166 -2.361173 -3.533746 -2.243159 -3.785266 -2.361173 -3.533746 -2.718044 -3.460092 -2.718044 -3.460092 -2.361173 -3.533746 -2.696172 -3.285294 -2.718044 -3.460092 -2.696172 -3.285294 -3.146424 -3.075714 -3.146424 -3.075714 -2.696172 -3.285294 -3.005204 -3.005204 -3.146424 -3.075714 -3.005204 -3.005204 -3.285294 -2.696172 -3.146424 -3.075714 -3.285294 -2.696172 -3.520967 -2.63871 -3.520967 -2.63871 -3.285294 -2.696172 -3.533746 -2.361173 -3.520967 -2.63871 -3.533746 -2.361173 -3.835265 -2.156558 -3.835265 -2.156558 -3.533746 -2.361173 -3.748166 -2.003436 -3.835265 -2.156558 -3.748166 -2.003436 -4.083941 -1.637505 -4.083941 -1.637505 -3.748166 -2.003436 -3.926488 -1.626405 -4.083941 -1.637505 -3.926488 -1.626405 -4.066997 -1.23371 -4.083941 -1.637505 -4.066997 -1.23371 -4.26274 -1.090435 -4.26274 -1.090435 -4.066997 -1.23371 -4.168338 -0.829134 -4.26274 -1.090435 -4.168338 -0.829134 -4.368602 -0.524707 -4.368602 -0.524707 -4.168338 -0.829134 -4.229535 -0.416573 -4.368602 -0.524707 -4.229535 -0.416573 -4.399716 0.04999893 -4.399716 0.04999893 -4.229535 -0.416573 -4.25 0 -4.399716 0.04999893 -4.25 0 -4.229535 0.416573 -4.399716 0.04999893 -4.229535 0.416573 -4.35555 0.62385 -4.35555 0.62385 -4.229535 0.416573 -4.168338 0.829134 -4.35555 0.62385 -4.168338 0.829134 -4.236858 1.187026 -4.236858 1.187026 -4.168338 0.829134 -4.066997 1.23371 -4.236858 1.187026 -4.066997 1.23371 -4.045674 1.729892 -4.045674 1.729892 -4.066997 1.23371 -3.926488 1.626405 -4.045674 1.729892 -3.926488 1.626405 -3.748166 2.003436 -4.045674 1.729892 -3.748166 2.003436 -3.785266 2.243159 -3.785266 2.243159 -3.748166 2.003436 -3.533746 2.361173 -3.785266 2.243159 -3.533746 2.361173 -3.460092 2.718044 -3.460092 2.718044 -3.533746 2.361173 -3.285294 2.696172 -3.460092 2.718044 -3.285294 2.696172 -3.075714 3.146424 -3.075714 3.146424 -3.285294 2.696172 -3.005204 3.005204 -3.075714 3.146424 -3.005204 3.005204 -2.696172 3.285294 -3.075714 3.146424 -2.696172 3.285294 -2.63871 3.520967 -2.63871 3.520967 -2.696172 3.285294 -2.361173 3.533746 -2.63871 3.520967 -2.361173 3.533746 -2.156558 3.835265 -2.156558 3.835265 -2.361173 3.533746 -2.003436 3.748166 -2.156558 3.835265 -2.003436 3.748166 -1.637505 4.083941 -1.637505 4.083941 -2.003436 3.748166 -1.626405 3.926488 -1.637505 4.083941 -1.626405 3.926488 -1.23371 4.066997 -1.637505 4.083941 -1.23371 4.066997 -1.090435 4.26274 -1.090435 4.26274 -1.23371 4.066997 -0.829134 4.168338 -1.090435 4.26274 -0.829134 4.168338 -0.524707 4.368602 -0.524707 4.368602 -0.829134 4.168338 -0.416573 4.229535 -0.524707 4.368602 -0.416573 4.229535 0.04999893 4.399716 0.04999893 4.399716 -0.416573 4.229535 0 4.25 0.04999893 4.399716 0 4.25 0.416573 4.229535 0.04999893 4.399716 0.416573 4.229535 0.62385 4.35555 0.62385 4.35555 0.416573 4.229535 0.829134 4.168338 0.62385 4.35555 0.829134 4.168338 1.187026 4.236858 1.187026 4.236858 0.829134 4.168338 1.23371 4.066997 1.187026 4.236858 1.23371 4.066997 1.729892 4.045674 1.729892 4.045674 1.23371 4.066997 1.626405 3.926488 1.729892 4.045674 1.626405 3.926488 2.003436 3.748166 1.729892 4.045674 2.003436 3.748166 2.243159 3.785266 2.243159 3.785266 2.003436 3.748166 2.361173 3.533746 2.243159 3.785266 2.361173 3.533746 2.718044 3.460092 2.718044 3.460092 2.361173 3.533746 2.696172 3.285294 2.718044 3.460092 2.696172 3.285294 3.146424 3.075714 3.146424 3.075714 2.696172 3.285294 3.005204 3.005204 3.146424 3.075714 3.005204 3.005204 3.285294 2.696172 3.146424 3.075714 3.285294 2.696172 3.520967 2.63871 3.520967 2.63871 3.285294 2.696172 3.533746 2.361173 3.520967 2.63871 3.533746 2.361173 3.835265 2.156558 3.835265 2.156558 3.533746 2.361173 3.748166 2.003436 3.835265 2.156558 3.748166 2.003436 4.083941 1.637505 4.083941 1.637505 3.748166 2.003436 3.926488 1.626405 4.083941 1.637505 3.926488 1.626405 4.066997 1.23371 4.083941 1.637505 4.066997 1.23371 4.26274 1.090435 4.26274 1.090435 4.066997 1.23371 4.168338 0.829134 4.26274 1.090435 4.168338 0.829134 4.368602 0.524707 4.368602 0.524707 4.168338 0.829134 4.229535 0.416573 4.368602 0.524707 4.229535 0.416573 4.399716 -0.04999893 5.834999 1.34268 5.619588 1.875177 -2.236195 -1.612529 -2.236195 -1.612529 5.619588 1.875177 5.335125 2.374211 -2.236195 -1.612529 5.335125 2.374211 4.986686 2.830878 4.986686 2.830878 4.580487 3.237027 -2.236195 -1.612529 -2.236195 -1.612529 4.580487 3.237027 4.123779 3.585412 -2.236195 -1.612529 4.123779 3.585412 3.62471 3.869814 -2.236195 -1.612529 3.62471 3.869814 -2.415557 -1.066834 -2.415557 -1.066834 3.62471 3.869814 3.092187 4.08516 -2.415557 -1.066834 3.092187 4.08516 2.535713 4.227606 2.535713 4.227606 1.965217 4.294611 -2.415557 -1.066834 -2.415557 -1.066834 1.965217 4.294611 1.390881 4.284978 -2.415557 -1.066834 1.390881 4.284978 0.822954 4.198879 0.822954 4.198879 0.27157 4.037851 -2.415557 -1.066834 -2.415557 -1.066834 0.27157 4.037851 -0.253432 3.804768 -2.415557 -1.066834 -0.253432 3.804768 -0.742682 3.503789 -0.742682 3.503789 -1.18745 3.140284 -2.415557 -1.066834 -2.415557 -1.066834 -1.18745 3.140284 -1.5798 2.720741 -2.415557 -1.066834 -1.5798 2.720741 -1.912729 2.252646 -1.912729 2.252646 -2.180297 1.744353 -2.415557 -1.066834 -2.415557 -1.066834 -2.180297 1.744353 -2.377728 1.204932 -2.415557 -1.066834 -2.377728 1.204932 -2.5015 0.644009 -2.549404 0.07159298 -2.520585 -0.5021 -2.5015 0.644009 -2.5015 0.644009 -2.520585 -0.5021 -2.415557 -1.066834 -1.985699 -2.129449 5.55501 -2.002973 -2.236195 -1.612529 -2.236195 -1.612529 5.55501 -2.002973 5.78803 -1.477943 -2.236195 -1.612529 5.78803 -1.477943 5.948991 -0.926539 5.55501 -2.002973 -1.985699 -2.129449 5.25409 -2.492259 5.25409 -2.492259 -1.985699 -2.129449 -1.668539 -2.608369 5.25409 -2.492259 -1.668539 -2.608369 4.890639 -2.937072 4.890639 -2.937072 -1.668539 -2.608369 -1.290376 -3.040743 4.890639 -2.937072 -1.290376 -3.040743 4.471143 -3.329472 4.471143 -3.329472 -1.290376 -3.040743 -0.857957 -3.418854 4.471143 -3.329472 -0.857957 -3.418854 4.003088 -3.662457 4.003088 -3.662457 -0.857957 -3.418854 -0.378998 -3.735956 4.003088 -3.662457 -0.378998 -3.735956 3.494827 -3.930086 3.494827 -3.930086 -0.378998 -3.735956 0.137952 -3.98639 3.494827 -3.930086 0.137952 -3.98639 2.95543 -4.127583 2.95543 -4.127583 0.137952 -3.98639 0.683669 -4.165686 2.95543 -4.127583 0.683669 -4.165686 2.394521 -4.251422 2.394521 -4.251422 0.683669 -4.165686 1.248415 -4.270646 2.394521 -4.251422 1.248415 -4.270646 1.822112 -4.299396 5.948991 -0.926539 6.035021 -0.358601 -2.236195 -1.612529 -2.236195 -1.612529 6.035021 -0.358601 6.044585 0.215736 -2.236195 -1.612529 6.044585 0.215736 5.977512 0.786223 5.977512 0.786223 5.834999 1.34268 -2.236195 -1.612529 0.08999997 -0.575959 1.1 -0.525958 0.08999997 0 0.08999997 0 1.1 -0.525958 1.1 0.04999995 0.08999997 0 1.1 0.04999995 0.08999997 0.575959 0.08999997 0.575959 1.1 0.04999995 1.1 0.625959 0.08999997 0.575959 1.1 0.625959 0.08999997 1.151917 0.08999997 1.151917 1.1 0.625959 1.1 1.201918 0.08999997 1.151917 1.1 1.201918 0.08999997 1.727876 0.08999997 1.727876 1.1 1.201918 1.1 1.777876 0.08999997 1.727876 1.1 1.777876 0.08999997 2.303835 0.08999997 2.303835 1.1 1.777876 1.1 2.353835 0.08999997 2.303835 1.1 2.353835 0.08999997 2.879793 0.08999997 2.879793 1.1 2.353835 1.1 2.929794 0.08999997 2.879793 1.1 2.929794 0.08999997 3.455752 0.08999997 3.455752 1.1 2.929794 1.1 3.505752 0.08999997 3.455752 1.1 3.505752 0.08999997 4.031711 0.08999997 4.031711 1.1 3.505752 1.1 4.081711 0.08999997 4.031711 1.1 4.081711 0.08999997 4.607669 0.08999997 4.607669 1.1 4.081711 1.1 4.65767 0.08999997 4.607669 1.1 4.65767 0.08999997 5.183628 0.08999997 5.183628 1.1 4.65767 1.1 5.233628 0.08999997 5.183628 1.1 5.233628 0.08999997 5.759586 0.08999997 5.759586 1.1 5.233628 1.1 5.809587 0.08999997 5.759586 1.1 5.809587 0.08999997 6.335545 0.08999997 6.335545 1.1 5.809587 1.1 6.385546 0.08999997 6.335545 1.1 6.385546 0.08999997 6.911504 0.08999997 6.911504 1.1 6.385546 1.1 6.961504 0.08999997 6.911504 1.1 6.961504 0.08999997 7.487463 0.08999997 7.487463 1.1 6.961504 1.1 7.537463 0.08999997 7.487463 1.1 7.537463 0.08999997 8.063423 0.08999997 8.063423 1.1 7.537463 1.1 8.113423 0.08999997 8.063423 1.1 8.113423 0.08999997 8.639382 0.08999997 8.639382 1.1 8.113423 1.1 8.689381 0.08999997 8.639382 1.1 8.689381 0.08999997 9.215339 0.08999997 9.215339 1.1 8.689381 1.1 9.26534 0.08999997 9.215339 1.1 9.26534 0.08999997 9.791298 0.08999997 9.791298 1.1 9.26534 1.1 9.8413 0.08999997 9.791298 1.1 9.8413 0.08999997 10.36726 0.08999997 10.36726 1.1 9.8413 1.1 10.41726 0.08999997 10.36726 1.1 10.41726 0.08999997 10.94321 0.08999997 10.94321 1.1 10.41726 1.1 10.99321 0.08999997 10.94321 1.1 10.99321 0.08999997 11.51917 0.08999997 11.51917 1.1 10.99321 1.1 11.56917 0.08999997 11.51917 1.1 11.56917 0.08999997 12.09513 0.08999997 12.09513 1.1 11.56917 1.1 12.14513 0.08999997 12.09513 1.1 12.14513 0.08999997 12.67109 0.08999997 12.67109 1.1 12.14513 1.1 12.72109 0.08999997 12.67109 1.1 12.72109 0.08999997 13.24705 0.08999997 13.24705 1.1 12.72109 1.1 13.29705 0.08999997 13.24705 1.1 13.29705 0.08999997 13.82301 0.08999997 -13.82301 1.1 -14.34897 1.1 -13.77301 0.08999997 -13.82301 1.1 -13.77301 0.08999997 -13.24705 0.08999997 -13.24705 1.1 -13.77301 1.1 -13.19705 0.08999997 -13.24705 1.1 -13.19705 0.08999997 -12.67109 0.08999997 -12.67109 1.1 -13.19705 1.1 -12.62109 0.08999997 -12.67109 1.1 -12.62109 0.08999997 -12.09513 0.08999997 -12.09513 1.1 -12.62109 1.1 -12.04513 0.08999997 -12.09513 1.1 -12.04513 0.08999997 -11.51917 0.08999997 -11.51917 1.1 -12.04513 1.1 -11.46917 0.08999997 -11.51917 1.1 -11.46917 0.08999997 -10.94321 0.08999997 -10.94321 1.1 -11.46917 1.1 -10.89321 0.08999997 -10.94321 1.1 -10.89321 0.08999997 -10.36726 0.08999997 -10.36726 1.1 -10.89321 1.1 -10.31726 0.08999997 -10.36726 1.1 -10.31726 0.08999997 -9.791298 0.08999997 -9.791298 1.1 -10.31726 1.1 -9.741297 0.08999997 -9.791298 1.1 -9.741297 0.08999997 -9.215339 0.08999997 -9.215339 1.1 -9.741297 1.1 -9.16534 0.08999997 -9.215339 1.1 -9.16534 0.08999997 -8.639382 0.08999997 -8.639382 1.1 -9.16534 1.1 -8.589382 0.08999997 -8.639382 1.1 -8.589382 0.08999997 -8.063423 0.08999997 -8.063423 1.1 -8.589382 1.1 -8.013422 0.08999997 -8.063423 1.1 -8.013422 0.08999997 -7.487463 0.08999997 -7.487463 1.1 -8.013422 1.1 -7.437462 0.08999997 -7.487463 1.1 -7.437462 0.08999997 -6.911504 0.08999997 -6.911504 1.1 -7.437462 1.1 -6.861504 0.08999997 -6.911504 1.1 -6.861504 0.08999997 -6.335545 0.08999997 -6.335545 1.1 -6.861504 1.1 -6.285545 0.08999997 -6.335545 1.1 -6.285545 0.08999997 -5.759586 0.08999997 -5.759586 1.1 -6.285545 1.1 -5.709587 0.08999997 -5.759586 1.1 -5.709587 0.08999997 -5.183628 0.08999997 -5.183628 1.1 -5.709587 1.1 -5.133627 0.08999997 -5.183628 1.1 -5.133627 0.08999997 -4.607669 0.08999997 -4.607669 1.1 -5.133627 1.1 -4.557669 0.08999997 -4.607669 1.1 -4.557669 0.08999997 -4.031711 0.08999997 -4.031711 1.1 -4.557669 1.1 -3.98171 0.08999997 -4.031711 1.1 -3.98171 0.08999997 -3.455752 0.08999997 -3.455752 1.1 -3.98171 1.1 -3.405752 0.08999997 -3.455752 1.1 -3.405752 0.08999997 -2.879793 0.08999997 -2.879793 1.1 -3.405752 1.1 -2.829793 0.08999997 -2.879793 1.1 -2.829793 0.08999997 -2.303835 0.08999997 -2.303835 1.1 -2.829793 1.1 -2.253834 0.08999997 -2.303835 1.1 -2.253834 0.08999997 -1.727876 0.08999997 -1.727876 1.1 -2.253834 1.1 -1.677876 0.08999997 -1.727876 1.1 -1.677876 0.08999997 -1.151917 0.08999997 -1.151917 1.1 -1.677876 1.1 -1.101917 0.08999997 -1.151917 1.1 -1.101917 0.08999997 -0.575959 0.08999997 -0.575959 1.1 -1.101917 1.1 -0.525958 4.362358 -0.574315 4.4 0 4.3 0 4.3 0 4.4 0 4.362358 0.574315 4.3 0 4.362358 0.574315 4.261633 0.573134 4.261633 0.573134 4.362358 0.574315 4.250073 1.138804 4.261633 0.573134 4.250073 1.138804 4.147217 1.13604 4.147217 1.13604 4.250073 1.138804 4.06507 1.683807 4.147217 1.13604 4.06507 1.683807 3.958795 1.678674 3.958795 1.678674 4.06507 1.683807 3.810512 2.2 3.958795 1.678674 3.810512 2.2 3.699727 2.191352 3.699727 2.191352 3.810512 2.2 3.490755 2.67855 3.699727 2.191352 3.490755 2.67855 3.374637 2.664925 3.374637 2.664925 3.490755 2.67855 3.11127 3.11127 3.374637 2.664925 3.11127 3.11127 2.989327 3.090942 2.989327 3.090942 3.11127 3.11127 2.67855 3.490755 2.989327 3.090942 2.67855 3.490755 2.550673 3.461801 2.550673 3.461801 2.67855 3.490755 2.2 3.810512 2.550673 3.461801 2.2 3.810512 2.066502 3.770885 2.066502 3.770885 2.2 3.810512 1.683807 4.06507 2.066502 3.770885 1.683807 4.06507 1.545453 4.012677 1.545453 4.012677 1.683807 4.06507 1.138804 4.250073 1.545453 4.012677 1.138804 4.250073 0.996827 4.182862 0.996827 4.182862 1.138804 4.250073 0.574315 4.362358 0.996827 4.182862 0.574315 4.362358 0.430411 4.278405 0.430411 4.278405 0.574315 4.362358 0 4.4 0.430411 4.278405 0 4.4 -0.143684 4.297599 -0.143684 4.297599 0 4.4 -0.574315 4.362358 -0.143684 4.297599 -0.574315 4.362358 -0.715216 4.240102 -0.715216 4.240102 -0.574315 4.362358 -1.138804 4.250073 -0.715216 4.240102 -1.138804 4.250073 -1.273985 4.106941 -1.273985 4.106941 -1.138804 4.250073 -1.683807 4.06507 -1.273985 4.106941 -1.683807 4.06507 -1.810019 3.900491 -1.810019 3.900491 -1.683807 4.06507 -2.2 3.810512 -1.810019 3.900491 -2.2 3.810512 -2.313754 3.624437 -2.313754 3.624437 -2.2 3.810512 -2.67855 3.490755 -2.313754 3.624437 -2.67855 3.490755 -2.7762 3.283705 -2.7762 3.283705 -2.67855 3.490755 -3.11127 3.11127 -2.7762 3.283705 -3.11127 3.11127 -3.189104 2.884374 -3.189104 2.884374 -3.11127 3.11127 -3.490755 2.67855 -3.189104 2.884374 -3.490755 2.67855 -3.545099 2.433573 -3.545099 2.433573 -3.490755 2.67855 -3.810512 2.2 -3.545099 2.433573 -3.810512 2.2 -3.837831 1.939344 -3.837831 1.939344 -3.810512 2.2 -4.06507 1.683807 -3.837831 1.939344 -4.06507 1.683807 -4.062077 1.410507 -4.062077 1.410507 -4.06507 1.683807 -4.250073 1.138804 -4.062077 1.410507 -4.250073 1.138804 -4.213835 0.8565 -4.213835 0.8565 -4.250073 1.138804 -4.362358 0.574315 -4.213835 0.8565 -4.362358 0.574315 -4.290398 0.287208 -4.290398 0.287208 -4.362358 0.574315 -4.4 0 -4.290398 0.287208 -4.4 0 -4.290398 -0.287208 -4.290398 -0.287208 -4.4 0 -4.362358 -0.574315 -4.290398 -0.287208 -4.362358 -0.574315 -4.213835 -0.8565 -4.213835 -0.8565 -4.362358 -0.574315 -4.250073 -1.138804 -4.213835 -0.8565 -4.250073 -1.138804 -4.062077 -1.410507 -4.062077 -1.410507 -4.250073 -1.138804 -4.06507 -1.683807 -4.062077 -1.410507 -4.06507 -1.683807 -3.837831 -1.939344 -3.837831 -1.939344 -4.06507 -1.683807 -3.810512 -2.2 -3.837831 -1.939344 -3.810512 -2.2 -3.545099 -2.433573 -3.545099 -2.433573 -3.810512 -2.2 -3.490755 -2.67855 -3.545099 -2.433573 -3.490755 -2.67855 -3.189104 -2.884374 -3.189104 -2.884374 -3.490755 -2.67855 -3.11127 -3.11127 -3.189104 -2.884374 -3.11127 -3.11127 -2.7762 -3.283705 -2.7762 -3.283705 -3.11127 -3.11127 -2.67855 -3.490755 -2.7762 -3.283705 -2.67855 -3.490755 -2.313754 -3.624437 -2.313754 -3.624437 -2.67855 -3.490755 -2.2 -3.810512 -2.313754 -3.624437 -2.2 -3.810512 -1.810019 -3.900491 -1.810019 -3.900491 -2.2 -3.810512 -1.683807 -4.06507 -1.810019 -3.900491 -1.683807 -4.06507 -1.273985 -4.106941 -1.273985 -4.106941 -1.683807 -4.06507 -1.138804 -4.250073 -1.273985 -4.106941 -1.138804 -4.250073 -0.715216 -4.240102 -0.715216 -4.240102 -1.138804 -4.250073 -0.574315 -4.362358 -0.715216 -4.240102 -0.574315 -4.362358 -0.143684 -4.297599 -0.143684 -4.297599 -0.574315 -4.362358 0 -4.4 -0.143684 -4.297599 0 -4.4 0.430411 -4.278405 0.430411 -4.278405 0 -4.4 0.574315 -4.362358 0.430411 -4.278405 0.574315 -4.362358 0.996827 -4.182862 0.996827 -4.182862 0.574315 -4.362358 1.138804 -4.250073 0.996827 -4.182862 1.138804 -4.250073 1.545453 -4.012677 1.545453 -4.012677 1.138804 -4.250073 1.683807 -4.06507 1.545453 -4.012677 1.683807 -4.06507 2.066502 -3.770885 2.066502 -3.770885 1.683807 -4.06507 2.2 -3.810512 2.066502 -3.770885 2.2 -3.810512 2.550673 -3.461801 2.550673 -3.461801 2.2 -3.810512 2.67855 -3.490755 2.550673 -3.461801 2.67855 -3.490755 2.989327 -3.090942 2.989327 -3.090942 2.67855 -3.490755 3.11127 -3.11127 2.989327 -3.090942 3.11127 -3.11127 3.374637 -2.664925 3.374637 -2.664925 3.11127 -3.11127 3.490755 -2.67855 3.374637 -2.664925 3.490755 -2.67855 3.699727 -2.191352 3.699727 -2.191352 3.490755 -2.67855 3.810512 -2.2 3.699727 -2.191352 3.810512 -2.2 3.958795 -1.678674 3.958795 -1.678674 3.810512 -2.2 4.06507 -1.683807 3.958795 -1.678674 4.06507 -1.683807 4.147217 -1.13604 4.147217 -1.13604 4.06507 -1.683807 4.250073 -1.138804 4.147217 -1.13604 4.250073 -1.138804 4.261633 -0.573134 4.261633 -0.573134 4.250073 -1.138804 4.362358 -0.574315 4.261633 -0.573134 4.362358 -0.574315 4.3 0 0 12.14333 -0.24 11.78431 0 11.56849 0 11.56849 -0.24 11.78431 -0.24 11.20947 0 11.56849 -0.24 11.20947 0 10.99364 0 10.99364 -0.24 11.20947 -0.24 10.63463 0 10.99364 -0.24 10.63463 0 10.4188 0 10.4188 -0.24 10.63463 -0.24 10.05978 0 10.4188 -0.24 10.05978 0 9.843955 0 9.843955 -0.24 10.05978 -0.24 9.484937 0 9.843955 -0.24 9.484937 0 9.269111 0 9.269111 -0.24 9.484937 -0.24 8.910093 0 9.269111 -0.24 8.910093 0 8.694267 0 8.694267 -0.24 8.910093 -0.24 8.335247 0 8.694267 -0.24 8.335247 0 8.119421 0 8.119421 -0.24 8.335247 -0.24 7.760403 0 8.119421 -0.24 7.760403 0 7.544577 0 7.544577 -0.24 7.760403 -0.24 7.185558 0 7.544577 -0.24 7.185558 0 6.969732 0 6.969732 -0.24 7.185558 -0.24 6.610713 0 6.969732 -0.24 6.610713 0 6.394887 0 6.394887 -0.24 6.610713 -0.24 6.035869 0 6.394887 -0.24 6.035869 0 5.820043 0 5.820043 -0.24 6.035869 -0.24 5.461024 0 5.820043 -0.24 5.461024 0 5.245198 0 5.245198 -0.24 5.461024 -0.24 4.886179 0 5.245198 -0.24 4.886179 0 4.670353 0 4.670353 -0.24 4.886179 -0.24 4.311335 0 4.670353 -0.24 4.311335 0 4.095509 0 4.095509 -0.24 4.311335 -0.24 3.73649 0 4.095509 -0.24 3.73649 0 3.520664 0 3.520664 -0.24 3.73649 -0.24 3.161646 0 3.520664 -0.24 3.161646 0 2.945819 0 2.945819 -0.24 3.161646 -0.24 2.586801 0 2.945819 -0.24 2.586801 0 2.370975 0 2.370975 -0.24 2.586801 -0.24 2.011956 0 2.370975 -0.24 2.011956 0 1.79613 0 1.79613 -0.24 2.011956 -0.24 1.437112 0 1.79613 -0.24 1.437112 0 1.221285 0 1.221285 -0.24 1.437112 -0.24 0.862267 0 1.221285 -0.24 0.862267 0 0.646441 0 0.646441 -0.24 0.862267 -0.24 0.287422 0 0.646441 -0.24 0.287422 0 0.07159596 0 0.07159596 -0.24 0.287422 -0.24 -0.287422 0 0.07159596 -0.24 -0.287422 0 -0.503248 0 -0.503248 -0.24 -0.287422 -0.24 -0.862267 0 -0.503248 -0.24 -0.862267 0 -1.078093 0 -1.078093 -0.24 -0.862267 -0.24 -1.437112 0 -1.078093 -0.24 -1.437112 0 -1.652938 0 -1.652938 -0.24 -1.437112 -0.24 -2.011956 0 -1.652938 -0.24 -2.011956 0 -2.227782 0 -2.227782 -0.24 -2.011956 -0.24 -2.586801 0 -2.227782 -0.24 -2.586801 0 -2.802627 0 -2.802627 -0.24 -2.586801 -0.24 -3.161646 0 -2.802627 -0.24 -3.161646 0 -3.377472 0 -3.377472 -0.24 -3.161646 -0.24 -3.73649 0 -3.377472 -0.24 -3.73649 0 -3.952316 0 -3.952316 -0.24 -3.73649 -0.24 -4.311335 0 -3.952316 -0.24 -4.311335 0 -4.527161 0 -4.527161 -0.24 -4.311335 -0.24 -4.886179 0 -4.527161 -0.24 -4.886179 0 -5.102005 0 -5.102005 -0.24 -4.886179 -0.24 -5.461024 0 -5.102005 -0.24 -5.461024 0 -5.67685 0 -5.67685 -0.24 -5.461024 -0.24 -6.035869 0 -5.67685 -0.24 -6.035869 0 -6.251695 0 -6.251695 -0.24 -6.035869 -0.24 -6.610713 0 -6.251695 -0.24 -6.610713 0 -6.82654 0 -6.82654 -0.24 -6.610713 -0.24 -7.185558 0 -6.82654 -0.24 -7.185558 0 -7.401384 0 -7.401384 -0.24 -7.185558 -0.24 -7.760403 0 -7.401384 -0.24 -7.760403 0 -7.976229 0 -7.976229 -0.24 -7.760403 -0.24 -8.335247 0 -7.976229 -0.24 -8.335247 0 -8.551074 0 -8.551074 -0.24 -8.335247 -0.24 -8.910093 0 -8.551074 -0.24 -8.910093 0 -9.125919 0 -9.125919 -0.24 -8.910093 -0.24 -9.484937 0 -9.125919 -0.24 -9.484937 0 -9.700763 0 -9.700763 -0.24 -9.484937 -0.24 -10.05978 0 -9.700763 -0.24 -10.05978 0 -10.27561 0 -10.27561 -0.24 -10.05978 -0.24 -10.63463 0 -10.27561 -0.24 -10.63463 0 -10.85045 0 -10.85045 -0.24 -10.63463 -0.24 -11.20947 0 -10.85045 -0.24 -11.20947 0 -11.4253 0 -11.4253 -0.24 -11.20947 -0.24 -11.78431 0 -11.4253 -0.24 -11.78431 0 -12.00014 0 -12.00014 -0.24 -11.78431 -0.24 -12.35916 0 -12.00014 -0.24 -12.35916 0 -12.57499 0 -12.57499 -0.24 -12.35916 -0.24 -12.934 0 -12.57499 -0.24 -12.934 0 -13.14983 0 -13.14983 -0.24 -12.934 -0.24 -13.50885 0 -13.14983 -0.24 -13.50885 0 -13.72467 0 13.29302 -0.24 13.50885 -0.24 12.934 0 13.29302 -0.24 12.934 0 12.71818 0 12.71818 -0.24 12.934 -0.24 12.35916 0 12.71818 -0.24 12.35916 0 12.14333 0 12.14333 -0.24 12.35916 -0.24 11.78431 -0.004999995 12.93453 0 12.93453 -0.004999995 13.35177 -0.004999995 13.35177 0 12.93453 0 13.35177 -0.004999995 -13.35177 0 -13.35177 -0.004999995 -12.93453 -0.004999995 -12.93453 0 -13.35177 0 -12.93453 -0.004999995 -12.93453 0 -12.93453 0 -12.51728 -0.004999995 12.93453 -0.004999995 12.51728 0 12.93453 0 12.93453 -0.004999995 12.51728 0 12.51728 0 12.51728 -0.004999995 12.51728 -0.004999995 12.10004 0 12.51728 -0.004999995 12.10004 0 12.10004 0 12.10004 -0.004999995 12.10004 0 11.6828 0 11.6828 -0.004999995 12.10004 -0.004999995 11.6828 0 11.6828 -0.004999995 11.6828 -0.004999995 11.26555 0 11.6828 -0.004999995 11.26555 0 11.26555 0 11.26555 -0.004999995 11.26555 -0.004999995 10.84831 0 11.26555 -0.004999995 10.84831 0 10.84831 0 10.84831 -0.004999995 10.84831 -0.004999995 10.43107 0 10.84831 -0.004999995 10.43107 0 10.43107 0 10.43107 -0.004999995 10.43107 0 10.01383 0 10.01383 -0.004999995 10.43107 -0.004999995 10.01383 0 10.01383 -0.004999995 10.01383 -0.004999995 9.596585 0 10.01383 -0.004999995 9.596585 0 9.596585 0 9.596585 -0.004999995 9.596585 -0.004999995 9.179342 0 9.596585 -0.004999995 9.179342 0 9.179342 0 9.179342 -0.004999995 9.179342 -0.004999995 8.762099 0 9.179342 -0.004999995 8.762099 0 8.762099 0 8.762099 -0.004999995 8.762099 0 8.344857 0 8.344857 -0.004999995 8.762099 -0.004999995 8.344857 0 8.344857 -0.004999995 8.344857 -0.004999995 7.927613 0 8.344857 -0.004999995 7.927613 0 7.927613 0 7.927613 -0.004999995 7.927613 -0.004999995 7.51037 0 7.927613 -0.004999995 7.51037 0 7.51037 0 7.51037 -0.004999995 7.51037 -0.004999995 7.093127 0 7.51037 -0.004999995 7.093127 0 7.093127 0 7.093127 -0.004999995 7.093127 0 6.675885 0 6.675885 -0.004999995 7.093127 -0.004999995 6.675885 0 6.675885 -0.004999995 6.675885 -0.004999995 6.258642 0 6.675885 -0.004999995 6.258642 0 6.258642 0 6.258642 -0.004999995 6.258642 -0.004999995 5.841399 0 6.258642 -0.004999995 5.841399 0 5.841399 0 5.841399 -0.004999995 5.841399 0 5.424156 0 5.424156 -0.004999995 5.841399 -0.004999995 5.424156 0 5.424156 -0.004999995 5.424156 -0.004999995 5.006913 0 5.424156 -0.004999995 5.006913 0 5.006913 0 5.006913 -0.004999995 5.006913 -0.004999995 4.58967 0 5.006913 -0.004999995 4.58967 0 4.58967 0 4.58967 -0.004999995 4.58967 -0.004999995 4.172428 0 4.58967 -0.004999995 4.172428 0 4.172428 0 4.172428 -0.004999995 4.172428 0 3.755185 0 3.755185 -0.004999995 4.172428 -0.004999995 3.755185 0 3.755185 -0.004999995 3.755185 -0.004999995 3.337942 0 3.755185 -0.004999995 3.337942 0 3.337942 0 3.337942 -0.004999995 3.337942 -0.004999995 2.920699 0 3.337942 -0.004999995 2.920699 0 2.920699 0 2.920699 -0.004999995 2.920699 -0.004999995 2.503457 0 2.920699 -0.004999995 2.503457 0 2.503457 0 2.503457 -0.004999995 2.503457 0 2.086214 0 2.086214 -0.004999995 2.503457 -0.004999995 2.086214 0 2.086214 -0.004999995 2.086214 -0.004999995 1.668971 0 2.086214 -0.004999995 1.668971 0 1.668971 0 1.668971 -0.004999995 1.668971 -0.004999995 1.251728 0 1.668971 -0.004999995 1.251728 0 1.251728 0 1.251728 -0.004999995 1.251728 -0.004999995 0.834486 0 1.251728 -0.004999995 0.834486 0 0.834486 0 0.834486 -0.004999995 0.834486 0 0.417243 0 0.417243 -0.004999995 0.834486 -0.004999995 0.417243 0 0.417243 -0.004999995 0.417243 -0.004999995 0 0 0.417243 -0.004999995 0 0 0 0 0 -0.004999995 0 -0.004999995 -0.417243 0 0 -0.004999995 -0.417243 0 -0.417243 0 -0.417243 -0.004999995 -0.417243 0 -0.834486 0 -0.834486 -0.004999995 -0.417243 -0.004999995 -0.834486 0 -0.834486 -0.004999995 -0.834486 -0.004999995 -1.251728 0 -0.834486 -0.004999995 -1.251728 0 -1.251728 0 -1.251728 -0.004999995 -1.251728 -0.004999995 -1.668971 0 -1.251728 -0.004999995 -1.668971 0 -1.668971 0 -1.668971 -0.004999995 -1.668971 -0.004999995 -2.086214 0 -1.668971 -0.004999995 -2.086214 0 -2.086214 0 -2.086214 -0.004999995 -2.086214 0 -2.503457 0 -2.503457 -0.004999995 -2.086214 -0.004999995 -2.503457 0 -2.503457 -0.004999995 -2.503457 -0.004999995 -2.920699 0 -2.503457 -0.004999995 -2.920699 0 -2.920699 0 -2.920699 -0.004999995 -2.920699 -0.004999995 -3.337942 0 -2.920699 -0.004999995 -3.337942 0 -3.337942 0 -3.337942 -0.004999995 -3.337942 -0.004999995 -3.755185 0 -3.337942 -0.004999995 -3.755185 0 -3.755185 0 -3.755185 -0.004999995 -3.755185 0 -4.172428 0 -4.172428 -0.004999995 -3.755185 -0.004999995 -4.172428 0 -4.172428 -0.004999995 -4.172428 -0.004999995 -4.58967 0 -4.172428 -0.004999995 -4.58967 0 -4.58967 0 -4.58967 -0.004999995 -4.58967 -0.004999995 -5.006913 0 -4.58967 -0.004999995 -5.006913 0 -5.006913 0 -5.006913 -0.004999995 -5.006913 -0.004999995 -5.424156 0 -5.006913 -0.004999995 -5.424156 0 -5.424156 0 -5.424156 -0.004999995 -5.424156 0 -5.841399 0 -5.841399 -0.004999995 -5.424156 -0.004999995 -5.841399 0 -5.841399 -0.004999995 -5.841399 -0.004999995 -6.258642 0 -5.841399 -0.004999995 -6.258642 0 -6.258642 0 -6.258642 -0.004999995 -6.258642 -0.004999995 -6.675885 0 -6.258642 -0.004999995 -6.675885 0 -6.675885 0 -6.675885 -0.004999995 -6.675885 0 -7.093127 0 -7.093127 -0.004999995 -6.675885 -0.004999995 -7.093127 0 -7.093127 -0.004999995 -7.093127 -0.004999995 -7.51037 0 -7.093127 -0.004999995 -7.51037 0 -7.51037 0 -7.51037 -0.004999995 -7.51037 -0.004999995 -7.927613 0 -7.51037 -0.004999995 -7.927613 0 -7.927613 0 -7.927613 -0.004999995 -7.927613 -0.004999995 -8.344857 0 -7.927613 -0.004999995 -8.344857 0 -8.344857 0 -8.344857 -0.004999995 -8.344857 0 -8.762099 0 -8.762099 -0.004999995 -8.344857 -0.004999995 -8.762099 0 -8.762099 -0.004999995 -8.762099 -0.004999995 -9.179342 0 -8.762099 -0.004999995 -9.179342 0 -9.179342 0 -9.179342 -0.004999995 -9.179342 -0.004999995 -9.596585 0 -9.179342 -0.004999995 -9.596585 0 -9.596585 0 -9.596585 -0.004999995 -9.596585 -0.004999995 -10.01383 0 -9.596585 -0.004999995 -10.01383 0 -10.01383 0 -10.01383 -0.004999995 -10.01383 0 -10.43107 0 -10.43107 -0.004999995 -10.01383 -0.004999995 -10.43107 0 -10.43107 -0.004999995 -10.43107 -0.004999995 -10.84831 0 -10.43107 -0.004999995 -10.84831 0 -10.84831 0 -10.84831 -0.004999995 -10.84831 -0.004999995 -11.26555 0 -10.84831 -0.004999995 -11.26555 0 -11.26555 0 -11.26555 -0.004999995 -11.26555 -0.004999995 -11.6828 0 -11.26555 -0.004999995 -11.6828 0 -11.6828 0 -11.6828 -0.004999995 -11.6828 0 -12.10004 0 -12.10004 -0.004999995 -11.6828 -0.004999995 -12.10004 0 -12.10004 -0.004999995 -12.10004 -0.004999995 -12.51728 0 -12.10004 -0.004999995 -12.51728 0 -12.51728 0 -12.51728 -0.004999995 -12.51728 -0.004999995 -12.93453 -0.01999998 7.343472 0.94 7.343472 -0.01999998 7.775442 -0.01999998 7.775442 0.94 7.343472 0.94 7.775442 -0.01999998 -7.775442 0.94 -7.775442 -0.01999998 -7.343472 -0.01999998 -7.343472 0.94 -7.775442 0.94 -7.343472 -0.01999998 -7.343472 0.94 -7.343472 -0.01999998 -6.911503 -0.01999998 -6.911503 0.94 -7.343472 0.94 -6.911503 -0.01999998 -6.911503 0.94 -6.911503 -0.01999998 -6.479535 -0.01999998 -6.479535 0.94 -6.911503 0.94 -6.479535 -0.01999998 -6.479535 0.94 -6.479535 -0.01999998 -6.047565 -0.01999998 -6.047565 0.94 -6.479535 0.94 -6.047565 -0.01999998 -6.047565 0.94 -6.047565 -0.01999998 -5.615597 -0.01999998 -5.615597 0.94 -6.047565 0.94 -5.615597 -0.01999998 -5.615597 0.94 -5.615597 -0.01999998 -5.183628 -0.01999998 -5.183628 0.94 -5.615597 0.94 -5.183628 -0.01999998 -5.183628 0.94 -5.183628 -0.01999998 -4.751658 -0.01999998 -4.751658 0.94 -5.183628 0.94 -4.751658 -0.01999998 -4.751658 0.94 -4.751658 -0.01999998 -4.31969 -0.01999998 -4.31969 0.94 -4.751658 0.94 -4.31969 -0.01999998 -4.31969 0.94 -4.31969 -0.01999998 -3.887721 -0.01999998 -3.887721 0.94 -4.31969 0.94 -3.887721 -0.01999998 -3.887721 0.94 -3.887721 -0.01999998 -3.455752 -0.01999998 -3.455752 0.94 -3.887721 0.94 -3.455752 -0.01999998 -3.455752 0.94 -3.455752 -0.01999998 -3.023783 -0.01999998 -3.023783 0.94 -3.455752 0.94 -3.023783 -0.01999998 -3.023783 0.94 -3.023783 -0.01999998 -2.591814 -0.01999998 -2.591814 0.94 -3.023783 0.94 -2.591814 -0.01999998 -2.591814 0.94 -2.591814 -0.01999998 -2.159845 -0.01999998 -2.159845 0.94 -2.591814 0.94 -2.159845 -0.01999998 -2.159845 0.94 -2.159845 -0.01999998 -1.727876 -0.01999998 -1.727876 0.94 -2.159845 0.94 -1.727876 -0.01999998 -1.727876 0.94 -1.727876 -0.01999998 -1.295907 -0.01999998 -1.295907 0.94 -1.727876 0.94 -1.295907 -0.01999998 -1.295907 0.94 -1.295907 -0.01999998 -0.863938 -0.01999998 -0.863938 0.94 -1.295907 0.94 -0.863938 -0.01999998 -0.863938 0.94 -0.863938 -0.01999998 -0.431969 -0.01999998 -0.431969 0.94 -0.863938 0.94 -0.431969 -0.01999998 -0.431969 0.94 -0.431969 -0.01999998 0 -0.01999998 0 0.94 -0.431969 0.94 0 -0.01999998 0 0.94 0 -0.01999998 0.431969 -0.01999998 0.431969 0.94 0 0.94 0.431969 -0.01999998 0.431969 0.94 0.431969 -0.01999998 0.863938 -0.01999998 0.863938 0.94 0.431969 0.94 0.863938 -0.01999998 0.863938 0.94 0.863938 -0.01999998 1.295907 -0.01999998 1.295907 0.94 0.863938 0.94 1.295907 -0.01999998 1.295907 0.94 1.295907 -0.01999998 1.727876 -0.01999998 1.727876 0.94 1.295907 0.94 1.727876 -0.01999998 1.727876 0.94 1.727876 -0.01999998 2.159845 -0.01999998 2.159845 0.94 1.727876 0.94 2.159845 -0.01999998 2.159845 0.94 2.159845 -0.01999998 2.591814 -0.01999998 2.591814 0.94 2.159845 0.94 2.591814 -0.01999998 2.591814 0.94 2.591814 -0.01999998 3.023783 -0.01999998 3.023783 0.94 2.591814 0.94 3.023783 -0.01999998 3.023783 0.94 3.023783 -0.01999998 3.455752 -0.01999998 3.455752 0.94 3.023783 0.94 3.455752 -0.01999998 3.455752 0.94 3.455752 -0.01999998 3.887721 -0.01999998 3.887721 0.94 3.455752 0.94 3.887721 -0.01999998 3.887721 0.94 3.887721 -0.01999998 4.31969 -0.01999998 4.31969 0.94 3.887721 0.94 4.31969 -0.01999998 4.31969 0.94 4.31969 -0.01999998 4.751658 -0.01999998 4.751658 0.94 4.31969 0.94 4.751658 -0.01999998 4.751658 0.94 4.751658 -0.01999998 5.183628 -0.01999998 5.183628 0.94 4.751658 0.94 5.183628 -0.01999998 5.183628 0.94 5.183628 -0.01999998 5.615597 -0.01999998 5.615597 0.94 5.183628 0.94 5.615597 -0.01999998 5.615597 0.94 5.615597 -0.01999998 6.047565 -0.01999998 6.047565 0.94 5.615597 0.94 6.047565 -0.01999998 6.047565 0.94 6.047565 -0.01999998 6.479535 -0.01999998 6.479535 0.94 6.047565 0.94 6.479535 -0.01999998 6.479535 0.94 6.479535 -0.01999998 6.911503 -0.01999998 6.911503 0.94 6.479535 0.94 6.911503 -0.01999998 6.911503 0.94 6.911503 -0.01999998 7.343472 -0.01999998 7.343472 0.94 6.911503 0.94 7.343472 0.141421 -3.373846 0 -3.385939 0.141421 -3.809181 0.141421 -3.809181 0 -3.385939 0 -3.809181 0.141421 -3.809181 0 -3.809181 0 -4.232423 0 -3.385939 0.141421 -3.373846 0 -2.962696 0 -2.962696 0.141421 -3.373846 0.141421 -2.938511 0 -2.962696 0.141421 -2.938511 0 -2.539454 0 -2.539454 0.141421 -2.938511 0.141421 -2.503176 0 -2.539454 0.141421 -2.503176 0 -2.116212 0 -2.116212 0.141421 -2.503176 0.141421 -2.067841 0 -2.116212 0.141421 -2.067841 0 -1.692969 0 -1.692969 0.141421 -2.067841 0.141421 -1.632506 0 -1.692969 0.141421 -1.632506 0 -1.269727 0 -1.269727 0.141421 -1.632506 0.141421 -1.197171 0 -1.269727 0.141421 -1.197171 0 -0.846485 0 -0.846485 0.141421 -1.197171 0.141421 -0.761836 0 -0.846485 0.141421 -0.761836 0 -0.423242 0 -0.423242 0.141421 -0.761836 0.141421 -0.326501 0 -0.423242 0.141421 -0.326501 0 0 0 0 0.141421 -0.326501 0.141421 0.108834 0 0 0.141421 0.108834 0 0.423242 0 0.423242 0.141421 0.108834 0.141421 0.544169 0 0.423242 0.141421 0.544169 0 0.846485 0 0.846485 0.141421 0.544169 0.141421 0.979504 0 0.846485 0.141421 0.979504 0 1.269727 0 1.269727 0.141421 0.979504 0.141421 1.414839 0 1.269727 0.141421 1.414839 0 1.692969 0 1.692969 0.141421 1.414839 0.141421 1.850174 0 1.692969 0.141421 1.850174 0 2.116212 0 2.116212 0.141421 1.850174 0.141421 2.285509 0 2.116212 0.141421 2.285509 0 2.539454 0 2.539454 0.141421 2.285509 0.141421 2.720844 0 2.539454 0.141421 2.720844 0 2.962696 0 2.962696 0.141421 2.720844 0.141421 3.156179 0 2.962696 0.141421 3.156179 0 3.385939 0 3.385939 0.141421 3.156179 0.141421 3.591514 0 3.385939 0.141421 3.591514 0 3.809181 0 3.809181 0.141421 3.591514 0.141421 4.026848 0 3.809181 0.141421 4.026848 0 4.232423 0 4.232423 0.141421 4.026848 0.141421 4.462183 0 4.232423 0.141421 4.462183 0 4.655665 0 4.655665 0.141421 4.462183 0.141421 4.897519 0 4.655665 0.141421 4.897519 0 5.078908 0 5.078908 0.141421 4.897519 0.141421 5.332853 0 5.078908 0.141421 5.332853 0 5.502151 0 5.502151 0.141421 5.332853 0.141421 5.768188 0 5.502151 0.141421 5.768188 0 5.925393 0 5.925393 0.141421 5.768188 0.141421 6.203524 0 5.925393 0.141421 6.203524 0 6.348635 0 6.348635 0.141421 6.203524 0.141421 6.638858 0 6.348635 0.141421 6.638858 0 6.771877 0 6.771877 0.141421 6.638858 0.141421 7.074193 0 6.771877 0.141421 7.074193 0 7.195119 0 7.195119 0.141421 7.074193 0.141421 7.509529 0 7.195119 0.141421 7.509529 0 7.618362 0 -7.618362 0.141421 -7.727196 0.141421 -7.291861 0 -7.618362 0.141421 -7.291861 0 -7.195119 0 -7.195119 0.141421 -7.291861 0.141421 -6.856526 0 -7.195119 0.141421 -6.856526 0 -6.771877 0 -6.771877 0.141421 -6.856526 0.141421 -6.421191 0 -6.771877 0.141421 -6.421191 0 -6.348635 0 -6.348635 0.141421 -6.421191 0.141421 -5.985856 0 -6.348635 0.141421 -5.985856 0 -5.925393 0 -5.925393 0.141421 -5.985856 0.141421 -5.550521 0 -5.925393 0.141421 -5.550521 0 -5.502151 0 -5.502151 0.141421 -5.550521 0.141421 -5.115186 0 -5.502151 0.141421 -5.115186 0 -5.078908 0 -5.078908 0.141421 -5.115186 0.141421 -4.679851 0 -5.078908 0.141421 -4.679851 0 -4.655665 0 -4.655665 0.141421 -4.679851 0.141421 -4.244516 0 -4.655665 0.141421 -4.244516 0 -4.232423 0 -4.232423 0.141421 -4.244516 0.141421 -3.809181 1.563856 -0.870893 2.091414 -1.125438 1.707153 -0.538263 1.707153 -0.538263 2.091414 -1.125438 2.258759 -0.733915 1.707153 -0.538263 2.258759 -0.733915 2.353506 -0.318804 2.091414 -1.125438 1.563856 -0.870893 1.85685 -1.480788 1.85685 -1.480788 1.563856 -0.870893 1.356535 -1.167867 1.85685 -1.480788 1.356535 -1.167867 1.562604 -1.788545 1.562604 -1.788545 1.356535 -1.167867 1.093676 -1.417029 1.562604 -1.788545 1.093676 -1.417029 1.218136 -2.038816 1.218136 -2.038816 1.093676 -1.417029 0.786043 -1.608178 1.218136 -2.038816 0.786043 -1.608178 0.834515 -2.223558 0.834515 -2.223558 0.786043 -1.608178 0.446229 -1.733488 0.834515 -2.223558 0.446229 -1.733488 0.424073 -2.336833 0.424073 -2.336833 0.446229 -1.733488 0.08814597 -1.787828 0.424073 -2.336833 0.08814597 -1.787828 0 -2.375 0 -2.375 0.08814597 -1.787828 -0.273546 -1.768975 0 -2.375 -0.273546 -1.768975 -0.424073 -2.336833 -0.424073 -2.336833 -0.273546 -1.768975 -0.624038 -1.6777 -0.424073 -2.336833 -0.624038 -1.6777 -0.834515 -2.223558 -0.834515 -2.223558 -0.624038 -1.6777 -1.218136 -2.038816 -1.218136 -2.038816 -0.624038 -1.6777 -0.948983 -1.517739 -1.218136 -2.038816 -0.948983 -1.517739 -1.562604 -1.788545 -1.562604 -1.788545 -0.948983 -1.517739 -1.235076 -1.295642 -1.562604 -1.788545 -1.235076 -1.295642 -1.85685 -1.480788 -1.85685 -1.480788 -1.235076 -1.295642 -1.470604 -1.020501 -1.85685 -1.480788 -1.470604 -1.020501 -2.091414 -1.125438 -2.091414 -1.125438 -1.470604 -1.020501 -1.645926 -0.703581 -2.091414 -1.125438 -1.645926 -0.703581 -2.258759 -0.733915 -2.258759 -0.733915 -1.645926 -0.703581 -1.753864 -0.357856 -2.258759 -0.733915 -1.753864 -0.357856 -2.353506 -0.318804 -2.353506 -0.318804 -1.753864 -0.357856 -1.789998 0.002518892 -2.353506 -0.318804 -1.789998 0.002518892 -2.372609 0.106554 -2.372609 0.106554 -1.789998 0.002518892 -1.75285 0.362792 -2.372609 0.106554 -1.75285 0.362792 -2.315454 0.528487 -2.315454 0.528487 -1.75285 0.362792 -1.643939 0.708212 -2.315454 0.528487 -1.643939 0.708212 -2.183879 0.933434 -2.183879 0.933434 -1.643939 0.708212 -1.982112 1.30838 -1.982112 1.30838 -1.643939 0.708212 -1.467726 1.024637 -1.982112 1.30838 -1.467726 1.024637 -1.716638 1.641274 -1.716638 1.641274 -1.467726 1.024637 -1.231423 1.299114 -1.716638 1.641274 -1.231423 1.299114 -1.39599 1.921415 -1.39599 1.921415 -1.231423 1.299114 -0.944707 1.520404 -1.39599 1.921415 -0.944707 1.520404 -1.030474 2.139801 -1.030474 2.139801 -0.944707 1.520404 -0.619313 1.67945 -1.030474 2.139801 -0.619313 1.67945 -0.631838 2.289412 -0.631838 2.289412 -0.619313 1.67945 -0.268565 1.769738 -0.631838 2.289412 -0.268565 1.769738 -0.212893 2.365439 -0.212893 2.365439 -0.268565 1.769738 0.09317797 1.787573 -0.212893 2.365439 0.09317797 1.787573 0.212893 2.365439 0.212893 2.365439 0.09317797 1.787573 0.451107 1.732225 0.212893 2.365439 0.451107 1.732225 0.631838 2.289412 0.631838 2.289412 0.451107 1.732225 0.790567 1.605959 0.631838 2.289412 0.790567 1.605959 1.030474 2.139801 1.030474 2.139801 0.790567 1.605959 1.39599 1.921415 1.39599 1.921415 0.790567 1.605959 1.097661 1.413945 1.39599 1.921415 1.097661 1.413945 1.716638 1.641274 1.716638 1.641274 1.097661 1.413945 1.359817 1.164044 1.716638 1.641274 1.359817 1.164044 1.982112 1.30838 1.982112 1.30838 1.359817 1.164044 1.566302 0.866487 1.982112 1.30838 1.566302 0.866487 2.183879 0.933434 2.183879 0.933434 1.566302 0.866487 1.708662 0.533456 2.183879 0.933434 1.708662 0.533456 2.315454 0.528487 2.315454 0.528487 1.708662 0.533456 1.781069 0.1785849 2.315454 0.528487 1.781069 0.1785849 2.372609 0.106554 2.372609 0.106554 1.781069 0.1785849 1.780559 -0.183598 2.372609 0.106554 1.780559 -0.183598 2.353506 -0.318804 2.353506 -0.318804 1.780559 -0.183598 1.707153 -0.538263 0 -5.24368 -0.02309393 -5.605313 0 -5.605313 0 5.605313 -0.02309393 5.605313 -0.02309393 5.24368 0 5.605313 -0.02309393 5.24368 0 5.24368 0 5.24368 -0.02309393 5.24368 -0.02309393 4.882047 0 5.24368 -0.02309393 4.882047 0 4.882047 0 4.882047 -0.02309393 4.882047 -0.02309393 4.520413 0 4.882047 -0.02309393 4.520413 0 4.520413 0 4.520413 -0.02309393 4.520413 -0.02309393 4.158781 0 4.520413 -0.02309393 4.158781 0 4.158781 0 4.158781 -0.02309393 4.158781 -0.02309393 3.797148 0 4.158781 -0.02309393 3.797148 0 3.797148 0 3.797148 -0.02309393 3.797148 -0.02309393 3.435514 0 3.797148 -0.02309393 3.435514 0 3.435514 0 3.435514 -0.02309393 3.435514 -0.02309393 3.073881 0 3.435514 -0.02309393 3.073881 0 3.073881 0 3.073881 -0.02309393 3.073881 -0.02309393 2.712248 0 3.073881 -0.02309393 2.712248 0 2.712248 0 2.712248 -0.02309393 2.712248 -0.02309393 2.350615 0 2.712248 -0.02309393 2.350615 0 2.350615 0 2.350615 -0.02309393 2.350615 -0.02309393 1.988982 0 2.350615 -0.02309393 1.988982 0 1.988982 0 1.988982 -0.02309393 1.988982 -0.02309393 1.627349 0 1.988982 -0.02309393 1.627349 0 1.627349 0 1.627349 -0.02309393 1.627349 -0.02309393 1.265716 0 1.627349 -0.02309393 1.265716 0 1.265716 0 1.265716 -0.02309393 1.265716 -0.02309393 0.904083 0 1.265716 -0.02309393 0.904083 0 0.904083 0 0.904083 -0.02309393 0.904083 -0.02309393 0.54245 0 0.904083 -0.02309393 0.54245 0 0.54245 0 0.54245 -0.02309393 0.54245 -0.02309393 0.180817 0 0.54245 -0.02309393 0.180817 0 0.180817 0 0.180817 -0.02309393 0.180817 -0.02309393 -0.180817 0 0.180817 -0.02309393 -0.180817 0 -0.180817 0 -0.180817 -0.02309393 -0.180817 -0.02309393 -0.54245 0 -0.180817 -0.02309393 -0.54245 0 -0.54245 0 -0.54245 -0.02309393 -0.54245 -0.02309393 -0.904083 0 -0.54245 -0.02309393 -0.904083 0 -0.904083 0 -0.904083 -0.02309393 -0.904083 -0.02309393 -1.265716 0 -0.904083 -0.02309393 -1.265716 0 -1.265716 0 -1.265716 -0.02309393 -1.265716 -0.02309393 -1.627349 0 -1.265716 -0.02309393 -1.627349 0 -1.627349 0 -1.627349 -0.02309393 -1.627349 -0.02309393 -1.988982 0 -1.627349 -0.02309393 -1.988982 0 -1.988982 0 -1.988982 -0.02309393 -1.988982 -0.02309393 -2.350615 0 -1.988982 -0.02309393 -2.350615 0 -2.350615 0 -2.350615 -0.02309393 -2.350615 -0.02309393 -2.712248 0 -2.350615 -0.02309393 -2.712248 0 -2.712248 0 -2.712248 -0.02309393 -2.712248 -0.02309393 -3.073881 0 -2.712248 -0.02309393 -3.073881 0 -3.073881 0 -3.073881 -0.02309393 -3.073881 -0.02309393 -3.435514 0 -3.073881 -0.02309393 -3.435514 0 -3.435514 0 -3.435514 -0.02309393 -3.435514 -0.02309393 -3.797148 0 -3.435514 -0.02309393 -3.797148 0 -3.797148 0 -3.797148 -0.02309393 -3.797148 -0.02309393 -4.158781 0 -3.797148 -0.02309393 -4.158781 0 -4.158781 0 -4.158781 -0.02309393 -4.158781 -0.02309393 -4.520413 0 -4.158781 -0.02309393 -4.520413 0 -4.520413 0 -4.520413 -0.02309393 -4.520413 -0.02309393 -4.882047 0 -4.520413 -0.02309393 -4.882047 0 -4.882047 0 -4.882047 -0.02309393 -4.882047 -0.02309393 -5.24368 0 -4.882047 -0.02309393 -5.24368 0 -5.24368 0 -5.24368 -0.02309393 -5.24368 -0.02309393 -5.605313 0.87 -5.260647 0.84 -5.260647 0.87 -5.623451 0.87 -5.623451 0.84 -5.260647 0.84 -5.623451 0.87 5.623451 0.84 5.623451 0.87 5.260647 0.87 5.260647 0.84 5.623451 0.84 5.260647 0.87 5.260647 0.84 5.260647 0.87 4.897844 0.87 4.897844 0.84 5.260647 0.84 4.897844 0.87 4.897844 0.84 4.897844 0.87 4.535041 0.87 4.535041 0.84 4.897844 0.84 4.535041 0.87 4.535041 0.84 4.535041 0.87 4.172238 0.87 4.172238 0.84 4.535041 0.84 4.172238 0.87 4.172238 0.84 4.172238 0.87 3.809434 0.87 3.809434 0.84 4.172238 0.84 3.809434 0.87 3.809434 0.84 3.809434 0.87 3.446631 0.87 3.446631 0.84 3.809434 0.84 3.446631 0.87 3.446631 0.84 3.446631 0.87 3.083828 0.87 3.083828 0.84 3.446631 0.84 3.083828 0.87 3.083828 0.84 3.083828 0.87 2.721025 0.87 2.721025 0.84 3.083828 0.84 2.721025 0.87 2.721025 0.84 2.721025 0.87 2.358221 0.87 2.358221 0.84 2.721025 0.84 2.358221 0.87 2.358221 0.84 2.358221 0.87 1.995418 0.87 1.995418 0.84 2.358221 0.84 1.995418 0.87 1.995418 0.84 1.995418 0.87 1.632615 0.87 1.632615 0.84 1.995418 0.84 1.632615 0.87 1.632615 0.84 1.632615 0.87 1.269812 0.87 1.269812 0.84 1.632615 0.84 1.269812 0.87 1.269812 0.84 1.269812 0.87 0.907008 0.87 0.907008 0.84 1.269812 0.84 0.907008 0.87 0.907008 0.84 0.907008 0.87 0.544205 0.87 0.544205 0.84 0.907008 0.84 0.544205 0.87 0.544205 0.84 0.544205 0.87 0.181402 0.87 0.181402 0.84 0.544205 0.84 0.181402 0.87 0.181402 0.84 0.181402 0.87 -0.181402 0.87 -0.181402 0.84 0.181402 0.84 -0.181402 0.87 -0.181402 0.84 -0.181402 0.87 -0.544205 0.87 -0.544205 0.84 -0.181402 0.84 -0.544205 0.87 -0.544205 0.84 -0.544205 0.87 -0.907008 0.87 -0.907008 0.84 -0.544205 0.84 -0.907008 0.87 -0.907008 0.84 -0.907008 0.87 -1.269812 0.87 -1.269812 0.84 -0.907008 0.84 -1.269812 0.87 -1.269812 0.84 -1.269812 0.87 -1.632615 0.87 -1.632615 0.84 -1.269812 0.84 -1.632615 0.87 -1.632615 0.84 -1.632615 0.87 -1.995418 0.87 -1.995418 0.84 -1.632615 0.84 -1.995418 0.87 -1.995418 0.84 -1.995418 0.87 -2.358221 0.87 -2.358221 0.84 -1.995418 0.84 -2.358221 0.87 -2.358221 0.84 -2.358221 0.87 -2.721025 0.87 -2.721025 0.84 -2.358221 0.84 -2.721025 0.87 -2.721025 0.84 -2.721025 0.87 -3.083828 0.87 -3.083828 0.84 -2.721025 0.84 -3.083828 0.87 -3.083828 0.84 -3.083828 0.87 -3.446631 0.87 -3.446631 0.84 -3.083828 0.84 -3.446631 0.87 -3.446631 0.84 -3.446631 0.87 -3.809434 0.87 -3.809434 0.84 -3.446631 0.84 -3.809434 0.87 -3.809434 0.84 -3.809434 0.87 -4.172238 0.87 -4.172238 0.84 -3.809434 0.84 -4.172238 0.87 -4.172238 0.84 -4.172238 0.87 -4.535041 0.87 -4.535041 0.84 -4.172238 0.84 -4.535041 0.87 -4.535041 0.84 -4.535041 0.87 -4.897844 0.87 -4.897844 0.84 -4.535041 0.84 -4.897844 0.87 -4.897844 0.84 -4.897844 0.87 -5.260647 0.87 -5.260647 0.84 -4.897844 0.84 -5.260647 1.778453 -1.05 1.742048 -0.692 1.742048 -1.408 1.742048 -1.408 1.742048 -0.692 1.634323 -0.348657 1.742048 -1.408 1.634323 -0.348657 1.634323 -1.751343 1.634323 -1.751343 1.634323 -0.348657 1.459689 -0.0340259 1.634323 -1.751343 1.459689 -0.0340259 1.459689 -2.065974 1.459689 -2.065974 1.459689 -0.0340259 1.225295 0.23901 1.459689 -2.065974 1.225295 0.23901 1.225295 -2.33901 1.225295 -2.33901 1.225295 0.23901 0.940738 0.459274 1.225295 -2.33901 0.940738 0.459274 0.617666 0.617748 0.617666 0.617748 0.269307 0.707944 1.225295 -2.33901 1.225295 -2.33901 0.269307 0.707944 -0.09007698 0.72617 1.225295 -2.33901 -0.09007698 0.72617 -0.445774 0.67168 -0.445774 0.67168 -0.78322 0.546703 1.225295 -2.33901 1.225295 -2.33901 -0.78322 0.546703 -1.088602 0.356357 1.225295 -2.33901 -1.088602 0.356357 -1.349416 0.108435 -1.349416 0.108435 -1.554984 -0.186913 1.225295 -2.33901 1.225295 -2.33901 -1.554984 -0.186913 -1.696892 -0.517597 1.225295 -2.33901 -1.696892 -0.517597 -1.769328 -0.870077 -1.769328 -0.870077 -1.769328 -1.229923 1.225295 -2.33901 1.225295 -2.33901 -1.769328 -1.229923 -1.696892 -1.582403 1.225295 -2.33901 -1.696892 -1.582403 0.940738 -2.559274 0.940738 -2.559274 -1.696892 -1.582403 -1.554984 -1.913087 0.940738 -2.559274 -1.554984 -1.913087 -1.349416 -2.208435 -1.349416 -2.208435 -1.088602 -2.456357 0.940738 -2.559274 0.940738 -2.559274 -1.088602 -2.456357 -0.78322 -2.646703 0.940738 -2.559274 -0.78322 -2.646703 0.617666 -2.717748 0.617666 -2.717748 -0.78322 -2.646703 -0.445774 -2.77168 0.617666 -2.717748 -0.445774 -2.77168 0.269307 -2.807945 0.269307 -2.807945 -0.445774 -2.77168 -0.09007698 -2.82617 0 0.04976499 -0.1225 0.01694095 0.1225 0.01694095 0.1225 0.01694095 -0.1225 0.01694095 0.212176 -0.07273495 0.212176 -0.07273495 -0.1225 0.01694095 -0.212176 -0.07273495 0.212176 -0.07273495 -0.212176 -0.07273495 0.245 -0.195235 0.245 -0.195235 -0.212176 -0.07273495 -0.245 -0.195235 0.245 -0.195235 -0.245 -0.195235 0.212176 -0.317735 0.212176 -0.317735 -0.245 -0.195235 -0.212176 -0.317735 0.212176 -0.317735 -0.212176 -0.317735 0.1225 -0.407411 0.1225 -0.407411 -0.212176 -0.317735 -0.1225 -0.407411 0.1225 -0.407411 -0.1225 -0.407411 0 -0.440235 0 0.797001 0.003088951 0.796265 0 0.928443 0 0.928443 0.003088951 0.796265 0.005705893 0.794443 0 0.928443 0.005705893 0.794443 0.01570791 0.836333 0.01570791 0.836333 0.005705893 0.794443 0.009308993 0.789854 0.01570791 0.836333 0.009308993 0.789854 0.013888 0.778911 0.013888 0.778911 0.01775091 0.748757 0.01570791 0.836333 0.01570791 0.836333 0.01775091 0.748757 0.03141593 0.836333 0.01570791 -0.836333 0.03141593 -0.836333 0.01570791 -0.696945 0.01570791 -0.696945 0.03141593 -0.836333 0.03141593 -0.696945 0.01570791 -0.696945 0.03141593 -0.696945 0.01570791 -0.557556 0.01570791 -0.557556 0.03141593 -0.696945 0.03141593 -0.557556 0.01570791 -0.557556 0.03141593 -0.557556 0.01570791 -0.418167 0.01570791 -0.418167 0.03141593 -0.557556 0.03141593 -0.418167 0.01570791 -0.418167 0.03141593 -0.418167 0.01570791 -0.278778 0.01570791 -0.278778 0.03141593 -0.418167 0.03141593 -0.278778 0.01570791 -0.278778 0.03141593 -0.278778 0.01570791 -0.139389 0.01570791 -0.139389 0.03141593 -0.278778 0.03141593 -0.139389 0.01570791 -0.139389 0.03141593 -0.139389 0.01570791 0 0.01570791 0 0.03141593 -0.139389 0.03141593 0 0.01570791 0 0.03141593 0 0.01570791 0.139389 0.01570791 0.139389 0.03141593 0 0.03141593 0.139389 0.01570791 0.139389 0.03141593 0.139389 0.01570791 0.278778 0.01570791 0.278778 0.03141593 0.139389 0.03141593 0.278778 0.01570791 0.278778 0.03141593 0.278778 0.01570791 0.418167 0.01570791 0.418167 0.03141593 0.278778 0.03141593 0.418167 0.01570791 0.418167 0.03141593 0.418167 0.01570791 0.557556 0.01570791 0.557556 0.03141593 0.418167 0.03141593 0.557556 0.01570791 0.557556 0.03141593 0.557556 0.01570791 0.696945 0.01570791 0.696945 0.03141593 0.557556 0.03141593 0.696945 0.01570791 0.696945 0.03141593 0.696945 0.01775091 0.748757 0.01775091 0.748757 0.03141593 0.696945 0.03141593 0.836333 0.01775091 0.748757 0.01339989 0.718152 0.01570791 0.696945 0.01570791 0.696945 0.01339989 0.718152 0.008280992 0.707201 0.01570791 0.696945 0.008280992 0.707201 0.004749894 0.703398 0.004749894 0.703398 0 0.70164 0.01570791 0.696945 0.01570791 0.696945 0 0.70164 0 0.570198 0.01570791 0.696945 0 0.570198 0.01570791 0.557556 0.01570791 0.557556 0 0.570198 0 0.438756 0.01570791 0.557556 0 0.438756 0.01570791 0.418167 0.01570791 0.418167 0 0.438756 0 0.307314 0.01570791 0.418167 0 0.307314 0.01570791 0.278778 0.01570791 0.278778 0 0.307314 0 0.175872 0.01570791 0.278778 0 0.175872 0.01570791 0.139389 0.01570791 0.139389 0 0.175872 0 0.044429 0.01570791 0.139389 0 0.044429 0.01570791 0 0.01570791 0 0 0.044429 0 -0.087013 0.01570791 0 0 -0.087013 0.01570791 -0.139389 0.01570791 -0.139389 0 -0.087013 0 -0.218455 0.01570791 -0.139389 0 -0.218455 0.01570791 -0.278778 0.01570791 -0.278778 0 -0.218455 0 -0.349897 0.01570791 -0.278778 0 -0.349897 0.01570791 -0.418167 0.01570791 -0.418167 0 -0.349897 0 -0.481339 0.01570791 -0.418167 0 -0.481339 0.01570791 -0.557556 0.01570791 -0.557556 0 -0.481339 0 -0.612781 0.01570791 -0.557556 0 -0.612781 0.01570791 -0.696945 0.01570791 -0.696945 0 -0.612781 0 -0.744224 0.01570791 0.975722 0 0.928443 0.01570791 0.836333 0.0471239 0.557556 0.03141593 0.557556 0.0471239 0.418167 0.0471239 0.418167 0.03141593 0.557556 0.03141593 0.418167 0.0471239 0.418167 0.03141593 0.418167 0.0471239 0.278778 0.0471239 0.278778 0.03141593 0.418167 0.03141593 0.278778 0.0471239 0.278778 0.03141593 0.278778 0.0471239 0.139389 0.0471239 0.139389 0.03141593 0.278778 0.03141593 0.139389 0.0471239 0.139389 0.03141593 0.139389 0.0471239 0 0.0471239 0 0.03141593 0.139389 0.03141593 0 0.0471239 0 0.03141593 0 0.0471239 -0.139389 0.0471239 -0.139389 0.03141593 0 0.03141593 -0.139389 0.0471239 -0.139389 0.03141593 -0.139389 0.0471239 -0.278778 0.0471239 -0.278778 0.03141593 -0.139389 0.03141593 -0.278778 0.0471239 -0.278778 0.03141593 -0.278778 0.0471239 -0.418167 0.0471239 -0.418167 0.03141593 -0.278778 0.03141593 -0.418167 0.0471239 -0.418167 0.03141593 -0.418167 0.0471239 -0.557556 0.0471239 -0.557556 0.03141593 -0.418167 0.03141593 -0.557556 0.0471239 -0.557556 0.03141593 -0.557556 0.0471239 -0.696945 0.0471239 -0.696945 0.03141593 -0.557556 0.03141593 -0.696945 0.0471239 -0.696945 0.03141593 -0.696945 0.0471239 -0.836333 0.0471239 -0.836333 0.03141593 -0.696945 0.03141593 -0.836333 0.0471239 -0.836333 0.03141593 -0.836333 0.0471239 -0.975722 0.0471239 0.696945 0.03141593 0.836333 0.03141593 0.696945 0.0471239 0.696945 0.03141593 0.696945 0.0471239 0.557556 0.0471239 0.557556 0.03141593 0.696945 0.03141593 0.557556 -0.1 0.391338 0.06999999 0.391338 -0.1 0.527119 -0.1 0.527119 0.06999999 0.391338 0.06999999 0.527119 -0.1 0.527119 0.06999999 0.527119 -0.1 0.6629 -0.1 0.6629 0.06999999 0.527119 0.06999999 0.6629 -0.1 0.6629 0.06999999 0.6629 -0.1 0.79868 -0.1 0.79868 0.06999999 0.6629 0.06999999 0.79868 -0.1 0.79868 0.06999999 0.79868 -0.1 0.934461 -0.1 0.934461 0.06999999 0.79868 0.06999999 0.934461 -0.1 0.934461 0.06999999 0.934461 -0.1 1.070242 -0.1 1.070242 0.06999999 0.934461 0.06999999 1.070242 -0.1 1.070242 0.06999999 1.070242 -0.1 1.206022 -0.1 1.206022 0.06999999 1.070242 0.06999999 1.206022 -0.1 1.206022 0.06999999 1.206022 -0.1 1.341803 -0.1 1.341803 0.06999999 1.206022 0.06999999 1.341803 -0.1 1.341803 0.06999999 1.341803 -0.1 1.477584 -0.1 1.477584 0.06999999 1.341803 0.06999999 1.477584 -0.1 1.477584 0.06999999 1.477584 -0.1 1.613364 -0.1 1.613364 0.06999999 1.477584 0.06999999 1.613364 -0.1 1.613364 0.06999999 1.613364 -0.1 1.749145 -0.1 1.749145 0.06999999 1.613364 0.06999999 1.749145 -0.1 1.749145 0.06999999 1.749145 -0.1 1.884926 -0.1 1.884926 0.06999999 1.749145 0.06999999 1.884926 -0.1 1.884926 0.06999999 1.884926 -0.1 2.020706 -0.1 2.020706 0.06999999 1.884926 0.06999999 2.020706 0 0.04976499 -0.1225 0.01694095 0.1225 0.01694095 0.1225 0.01694095 -0.1225 0.01694095 0.212176 -0.07273495 0.212176 -0.07273495 -0.1225 0.01694095 -0.212176 -0.07273495 0.212176 -0.07273495 -0.212176 -0.07273495 0.245 -0.195235 0.245 -0.195235 -0.212176 -0.07273495 -0.245 -0.195235 0.245 -0.195235 -0.245 -0.195235 0.212176 -0.317735 0.212176 -0.317735 -0.245 -0.195235 -0.212176 -0.317735 0.212176 -0.317735 -0.212176 -0.317735 0.1225 -0.407411 0.1225 -0.407411 -0.212176 -0.317735 -0.1225 -0.407411 0.1225 -0.407411 -0.1225 -0.407411 0 -0.440235 0 0.550385 0.003088951 0.549649 0 0.681827 0 0.681827 0.003088951 0.549649 0.005705893 0.547827 0 0.681827 0.005705893 0.547827 0.01570791 0.557556 0.01570791 0.557556 0.005705893 0.547827 0.009308993 0.543238 0.01570791 0.557556 0.009308993 0.543238 0.013888 0.532294 0.013888 0.532294 0.01775091 0.502141 0.01570791 0.557556 0.01570791 0.557556 0.01775091 0.502141 0.03141593 0.557556 0.01570791 0.557556 0.03141593 0.557556 0.01570791 0.696945 0.01570791 0.696945 0.03141593 0.557556 0.03141593 0.696945 0.01570791 0.696945 0.03141593 0.696945 0.01570791 0.836333 0.01570791 -0.836333 0.03141593 -0.975722 0.03141593 -0.836333 0.01570791 -0.836333 0.03141593 -0.836333 0.01570791 -0.696945 0.01570791 -0.696945 0.03141593 -0.836333 0.03141593 -0.696945 0.01570791 -0.696945 0.03141593 -0.696945 0.01570791 -0.557556 0.01570791 -0.557556 0.03141593 -0.696945 0.03141593 -0.557556 0.01570791 -0.557556 0.03141593 -0.557556 0.01570791 -0.418167 0.01570791 -0.418167 0.03141593 -0.557556 0.03141593 -0.418167 0.01570791 -0.418167 0.03141593 -0.418167 0.01570791 -0.278778 0.01570791 -0.278778 0.03141593 -0.418167 0.03141593 -0.278778 0.01570791 -0.278778 0.03141593 -0.278778 0.01570791 -0.139389 0.01570791 -0.139389 0.03141593 -0.278778 0.03141593 -0.139389 0.01570791 -0.139389 0.03141593 -0.139389 0.01570791 0 0.01570791 0 0.03141593 -0.139389 0.03141593 0 0.01570791 0 0.03141593 0 0.01570791 0.139389 0.01570791 0.139389 0.03141593 0 0.03141593 0.139389 0.01570791 0.139389 0.03141593 0.139389 0.01570791 0.278778 0.01570791 0.278778 0.03141593 0.139389 0.03141593 0.278778 0.01570791 0.278778 0.03141593 0.278778 0.01570791 0.418167 0.01570791 0.418167 0.03141593 0.278778 0.03141593 0.418167 0.01570791 0.418167 0.03141593 0.418167 0.01339989 0.471535 0.01339989 0.471535 0.03141593 0.418167 0.01775091 0.502141 0.01775091 0.502141 0.03141593 0.418167 0.03141593 0.557556 0.01339989 0.471535 0.008280992 0.460584 0.01570791 0.418167 0.01570791 0.418167 0.008280992 0.460584 0.004749894 0.456782 0.01570791 0.418167 0.004749894 0.456782 0 0.455024 0 0.455024 0 0.323582 0.01570791 0.418167 0.01570791 0.418167 0 0.323582 0.01570791 0.278778 0 0.323582 0 0.19214 0.01570791 0.278778 0.01570791 0.278778 0 0.19214 0.01570791 0.139389 0 0.19214 0 0.06069797 0.01570791 0.139389 0.01570791 0.139389 0 0.06069797 0.01570791 0 0 0.06069797 0 -0.07074499 0.01570791 0 0.01570791 0 0 -0.07074499 0.01570791 -0.139389 0 -0.07074499 0 -0.202187 0.01570791 -0.139389 0.01570791 -0.139389 0 -0.202187 0.01570791 -0.278778 0 -0.202187 0 -0.333629 0.01570791 -0.278778 0.01570791 -0.278778 0 -0.333629 0.01570791 -0.418167 0 -0.333629 0 -0.465071 0.01570791 -0.418167 0.01570791 -0.418167 0 -0.465071 0.01570791 -0.557556 0 -0.465071 0 -0.596513 0.01570791 -0.557556 0.01570791 -0.557556 0 -0.596513 0.01570791 -0.696945 0 -0.596513 0 -0.727956 0.01570791 -0.696945 0.01570791 -0.696945 0 -0.727956 0.01570791 -0.836333 0 0.944711 0 0.813269 0.01570791 0.836333 0.01570791 0.836333 0 0.813269 0.01570791 0.696945 0 0.813269 0 0.681827 0.01570791 0.696945 0.01570791 0.696945 0 0.681827 0.01570791 0.557556 0.0471239 0.557556 0.03141593 0.557556 0.0471239 0.418167 0.0471239 0.418167 0.03141593 0.557556 0.03141593 0.418167 0.0471239 0.418167 0.03141593 0.418167 0.0471239 0.278778 0.0471239 0.278778 0.03141593 0.418167 0.03141593 0.278778 0.0471239 0.278778 0.03141593 0.278778 0.0471239 0.139389 0.0471239 0.139389 0.03141593 0.278778 0.03141593 0.139389 0.0471239 0.139389 0.03141593 0.139389 0.0471239 0 0.0471239 0 0.03141593 0.139389 0.03141593 0 0.0471239 0 0.03141593 0 0.0471239 -0.139389 0.0471239 -0.139389 0.03141593 0 0.03141593 -0.139389 0.0471239 -0.139389 0.03141593 -0.139389 0.0471239 -0.278778 0.0471239 -0.278778 0.03141593 -0.139389 0.03141593 -0.278778 0.0471239 -0.278778 0.03141593 -0.278778 0.0471239 -0.418167 0.0471239 -0.418167 0.03141593 -0.278778 0.03141593 -0.418167 0.0471239 -0.418167 0.03141593 -0.418167 0.0471239 -0.557556 0.0471239 -0.557556 0.03141593 -0.418167 0.03141593 -0.557556 0.0471239 -0.557556 0.03141593 -0.557556 0.0471239 -0.696945 0.0471239 -0.696945 0.03141593 -0.557556 0.03141593 -0.696945 0.0471239 -0.696945 0.03141593 -0.696945 0.0471239 -0.836333 0.0471239 -0.836333 0.03141593 -0.696945 0.03141593 -0.836333 0.0471239 -0.836333 0.03141593 -0.836333 0.0471239 -0.975722 0.0471239 0.696945 0.03141593 0.836333 0.03141593 0.696945 0.0471239 0.696945 0.03141593 0.696945 0.0471239 0.557556 0.0471239 0.557556 0.03141593 0.696945 0.03141593 0.557556 -0.1 0.136582 0.06999999 0.136582 -0.1 0.272363 -0.1 0.272363 0.06999999 0.136582 0.06999999 0.272363 -0.1 0.272363 0.06999999 0.272363 -0.1 0.408144 -0.1 0.408144 0.06999999 0.272363 0.06999999 0.408144 -0.1 0.408144 0.06999999 0.408144 -0.1 0.543924 -0.1 0.543924 0.06999999 0.408144 0.06999999 0.543924 -0.1 0.543924 0.06999999 0.543924 -0.1 0.679705 -0.1 0.679705 0.06999999 0.543924 0.06999999 0.679705 -0.1 0.679705 0.06999999 0.679705 -0.1 0.815485 -0.1 0.815485 0.06999999 0.679705 0.06999999 0.815485 -0.1 0.815485 0.06999999 0.815485 -0.1 0.951266 -0.1 0.951266 0.06999999 0.815485 0.06999999 0.951266 -0.1 0.951266 0.06999999 0.951266 -0.1 1.087047 -0.1 1.087047 0.06999999 0.951266 0.06999999 1.087047 -0.1 1.087047 0.06999999 1.087047 -0.1 1.222827 -0.1 1.222827 0.06999999 1.087047 0.06999999 1.222827 -0.1 1.222827 0.06999999 1.222827 -0.1 1.358608 -0.1 1.358608 0.06999999 1.222827 0.06999999 1.358608 -0.1 1.358608 0.06999999 1.358608 -0.1 1.494389 -0.1 1.494389 0.06999999 1.358608 0.06999999 1.494389 -0.1 1.494389 0.06999999 1.494389 -0.1 1.630169 -0.1 1.630169 0.06999999 1.494389 0.06999999 1.630169 -0.1 1.630169 0.06999999 1.630169 -0.1 1.76595 -0.1 1.76595 0.06999999 1.630169 0.06999999 1.76595 -1.672632 -0.355529 1.672632 -0.355529 -1.71 0 -1.71 0 1.672632 -0.355529 1.71 0 -1.71 0 1.71 0 -1.672632 0.355529 -1.672632 0.355529 1.71 0 1.672632 0.355529 -1.672632 0.355529 1.672632 0.355529 -1.562163 0.69552 -1.562163 0.69552 1.672632 0.355529 1.562163 0.69552 -1.562163 0.69552 1.562163 0.69552 -1.383419 1.005113 -1.383419 1.005113 1.562163 0.69552 1.383419 1.005113 -1.383419 1.005113 1.383419 1.005113 -1.144213 1.270778 -1.144213 1.270778 1.383419 1.005113 1.144213 1.270778 -1.144213 1.270778 1.144213 1.270778 -0.855 1.480903 -0.855 1.480903 1.144213 1.270778 0.855 1.480903 -0.855 1.480903 0.855 1.480903 -0.528419 1.626307 -0.528419 1.626307 0.855 1.480903 0.528419 1.626307 -0.528419 1.626307 0.528419 1.626307 -0.178744 1.700632 -0.178744 1.700632 0.528419 1.626307 0.178744 1.700632 1.672632 -0.355529 -1.672632 -0.355529 1.562163 -0.69552 1.562163 -0.69552 -1.672632 -0.355529 -1.562163 -0.69552 1.562163 -0.69552 -1.562163 -0.69552 1.383419 -1.005113 1.383419 -1.005113 -1.562163 -0.69552 -1.383419 -1.005113 1.383419 -1.005113 -1.383419 -1.005113 1.144213 -1.270778 1.144213 -1.270778 -1.383419 -1.005113 -1.144213 -1.270778 1.144213 -1.270778 -1.144213 -1.270778 0.855 -1.480903 0.855 -1.480903 -1.144213 -1.270778 -0.855 -1.480903 0.855 -1.480903 -0.855 -1.480903 0.528419 -1.626307 0.528419 -1.626307 -0.855 -1.480903 -0.528419 -1.626307 0.528419 -1.626307 -0.528419 -1.626307 0.178744 -1.700632 0.178744 -1.700632 -0.528419 -1.626307 -0.178744 -1.700632 2.959435 -2.721484 1.590899 -1.89596 2.766626 -3.25 2.766626 -3.25 1.590899 -1.89596 1.2375 -2.143413 2.766626 -3.25 1.2375 -2.143413 0.8465 -2.325739 1.590899 -1.89596 2.959435 -2.721484 1.89596 -1.590899 1.89596 -1.590899 2.959435 -2.721484 3.113606 -2.248902 1.89596 -1.590899 3.113606 -2.248902 3.235662 -1.8188 1.89596 -1.590899 3.235662 -1.8188 2.143413 -1.2375 2.143413 -1.2375 3.235662 -1.8188 3.330296 -1.420748 2.143413 -1.2375 3.330296 -1.420748 2.325739 -0.8465 2.325739 -0.8465 3.330296 -1.420748 3.400872 -1.046381 2.325739 -0.8465 3.400872 -1.046381 3.449748 -0.688732 2.325739 -0.8465 3.449748 -0.688732 2.437399 -0.429779 2.437399 -0.429779 3.449748 -0.688732 3.478482 -0.341763 2.437399 -0.429779 3.478482 -0.341763 2.475 0 2.475 0 3.478482 -0.341763 3.487963 0 2.475 0 3.487963 0 3.478482 0.341763 2.475 0 3.478482 0.341763 2.437399 0.429779 2.437399 0.429779 3.478482 0.341763 3.449748 0.688732 2.437399 0.429779 3.449748 0.688732 2.325739 0.8465 2.325739 0.8465 3.449748 0.688732 3.400872 1.046381 2.325739 0.8465 3.400872 1.046381 3.330296 1.420748 2.325739 0.8465 3.330296 1.420748 2.143413 1.2375 2.143413 1.2375 3.330296 1.420748 3.235662 1.8188 2.143413 1.2375 3.235662 1.8188 1.89596 1.590899 1.89596 1.590899 3.235662 1.8188 3.113606 2.248902 1.89596 1.590899 3.113606 2.248902 2.959435 2.721484 1.89596 1.590899 2.959435 2.721484 1.590899 1.89596 1.590899 1.89596 2.959435 2.721484 2.766626 3.25 1.590899 1.89596 2.766626 3.25 1.2375 2.143413 1.2375 2.143413 2.766626 3.25 0.8465 2.325739 0.8465 2.325739 2.766626 3.25 0 3.25 0.8465 2.325739 0 3.25 0.429779 2.437399 0.429779 2.437399 0 3.25 0 2.475 0 2.475 0 3.25 -0.484387 3.2137 0 2.475 -0.484387 3.2137 -0.429779 2.437399 -0.429779 2.437399 -0.484387 3.2137 -0.957954 3.105612 -0.429779 2.437399 -0.957954 3.105612 -0.8465 2.325739 -0.8465 2.325739 -0.957954 3.105612 -1.410122 2.928149 -0.8465 2.325739 -1.410122 2.928149 -1.2375 2.143413 -1.2375 2.143413 -1.410122 2.928149 -1.83079 2.685276 -1.2375 2.143413 -1.83079 2.685276 -1.590899 1.89596 -1.590899 1.89596 -1.83079 2.685276 -2.210562 2.382419 -1.590899 1.89596 -2.210562 2.382419 -1.89596 1.590899 -1.89596 1.590899 -2.210562 2.382419 -2.540952 2.026342 -1.89596 1.590899 -2.540952 2.026342 -2.143413 1.2375 -2.143413 1.2375 -2.540952 2.026342 -2.814583 1.625 -2.143413 1.2375 -2.814583 1.625 -3.02534 1.187358 -2.143413 1.2375 -3.02534 1.187358 -2.325739 0.8465 -2.325739 0.8465 -3.02534 1.187358 -3.168516 0.723193 -2.325739 0.8465 -3.168516 0.723193 -2.437399 0.429779 -2.437399 0.429779 -3.168516 0.723193 -3.240912 0.242873 -2.437399 0.429779 -3.240912 0.242873 -2.475 0 -2.475 0 -3.240912 0.242873 -3.240912 -0.242873 -2.475 0 -3.240912 -0.242873 -2.437399 -0.429779 -2.437399 -0.429779 -3.240912 -0.242873 -3.168516 -0.723193 -2.437399 -0.429779 -3.168516 -0.723193 -2.325739 -0.8465 -2.325739 -0.8465 -3.168516 -0.723193 -3.02534 -1.187358 -2.325739 -0.8465 -3.02534 -1.187358 -2.143413 -1.2375 -2.143413 -1.2375 -3.02534 -1.187358 -2.814583 -1.625 -2.143413 -1.2375 -2.814583 -1.625 -2.540952 -2.026342 -2.143413 -1.2375 -2.540952 -2.026342 -1.89596 -1.590899 -1.89596 -1.590899 -2.540952 -2.026342 -2.210562 -2.382419 -1.89596 -1.590899 -2.210562 -2.382419 -1.590899 -1.89596 -1.590899 -1.89596 -2.210562 -2.382419 -1.83079 -2.685276 -1.590899 -1.89596 -1.83079 -2.685276 -1.2375 -2.143413 -1.2375 -2.143413 -1.83079 -2.685276 -1.410122 -2.928149 -1.2375 -2.143413 -1.410122 -2.928149 -0.8465 -2.325739 -0.8465 -2.325739 -1.410122 -2.928149 -0.957954 -3.105612 -0.8465 -2.325739 -0.957954 -3.105612 -0.429779 -2.437399 -0.429779 -2.437399 -0.957954 -3.105612 -0.484387 -3.2137 -0.429779 -2.437399 -0.484387 -3.2137 0 -2.475 0 -2.475 -0.484387 -3.2137 0 -3.25 0 -2.475 0 -3.25 0.429779 -2.437399 0.429779 -2.437399 0 -3.25 0.8465 -2.325739 0.8465 -2.325739 0 -3.25 2.766626 -3.25 3.01245 0.477125 -3.01245 0.477125 3.05 0 3.05 0 -3.01245 0.477125 -3.05 0 3.05 0 -3.05 0 3.01245 -0.477125 3.01245 -0.477125 -3.05 0 -3.01245 -0.477125 3.01245 -0.477125 -3.01245 -0.477125 2.900722 -0.942502 2.900722 -0.942502 -3.01245 -0.477125 -2.900722 -0.942502 2.900722 -0.942502 -2.900722 -0.942502 2.71757 -1.384671 2.71757 -1.384671 -2.900722 -0.942502 -2.71757 -1.384671 2.71757 -1.384671 -2.71757 -1.384671 2.467502 -1.792745 2.467502 -1.792745 -2.71757 -1.384671 -2.467502 -1.792745 2.467502 -1.792745 -2.467502 -1.792745 2.156676 -2.156676 2.156676 -2.156676 -2.467502 -1.792745 -2.156676 -2.156676 2.156676 -2.156676 -2.156676 -2.156676 1.792745 -2.467502 1.792745 -2.467502 -2.156676 -2.156676 -1.792745 -2.467502 1.792745 -2.467502 -1.792745 -2.467502 1.384671 -2.71757 1.384671 -2.71757 -1.792745 -2.467502 -1.384671 -2.71757 1.384671 -2.71757 -1.384671 -2.71757 0.942502 -2.900722 0.942502 -2.900722 -1.384671 -2.71757 -0.942502 -2.900722 0.942502 -2.900722 -0.942502 -2.900722 0.477125 -3.01245 0.477125 -3.01245 -0.942502 -2.900722 -0.477125 -3.01245 0.477125 -3.01245 -0.477125 -3.01245 0 -3.05 -3.01245 0.477125 3.01245 0.477125 -2.900722 0.942502 -2.900722 0.942502 3.01245 0.477125 2.900722 0.942502 -2.900722 0.942502 2.900722 0.942502 -2.71757 1.384671 -2.71757 1.384671 2.900722 0.942502 2.71757 1.384671 -2.71757 1.384671 2.71757 1.384671 -2.467502 1.792745 -2.467502 1.792745 2.71757 1.384671 2.467502 1.792745 -2.467502 1.792745 2.467502 1.792745 -2.156676 2.156676 -2.156676 2.156676 2.467502 1.792745 2.156676 2.156676 -2.156676 2.156676 2.156676 2.156676 -1.792745 2.467502 -1.792745 2.467502 2.156676 2.156676 1.792745 2.467502 -1.792745 2.467502 1.792745 2.467502 -1.384671 2.71757 -1.384671 2.71757 1.792745 2.467502 1.384671 2.71757 -1.384671 2.71757 1.384671 2.71757 -0.942502 2.900722 -0.942502 2.900722 1.384671 2.71757 0.942502 2.900722 -0.942502 2.900722 0.942502 2.900722 -0.477125 3.01245 -0.477125 3.01245 0.942502 2.900722 0.477125 3.01245 -0.477125 3.01245 0.477125 3.01245 0 3.05 0.141421 9.413286 0.141421 9.896018 -0.141421 9.896018 -0.141421 -9.896018 0.141421 -9.896018 0.141421 -9.413286 -0.141421 -9.896018 0.141421 -9.413286 -0.141421 -9.401219 -0.141421 -9.401219 0.141421 -9.413286 0.141421 -8.930552 -0.141421 -9.401219 0.141421 -8.930552 -0.141421 -8.906415 -0.141421 -8.906415 0.141421 -8.930552 0.141421 -8.44782 -0.141421 -8.906415 0.141421 -8.44782 -0.141421 -8.411616 -0.141421 -8.411616 0.141421 -8.44782 0.141421 -7.965087 -0.141421 -8.411616 0.141421 -7.965087 -0.141421 -7.916814 -0.141421 -7.916814 0.141421 -7.965087 0.141421 -7.482354 -0.141421 -7.916814 0.141421 -7.482354 -0.141421 -7.422013 -0.141421 -7.422013 0.141421 -7.482354 0.141421 -6.999622 -0.141421 -7.422013 0.141421 -6.999622 -0.141421 -6.927212 -0.141421 -6.927212 0.141421 -6.999622 0.141421 -6.516889 -0.141421 -6.927212 0.141421 -6.516889 -0.141421 -6.432412 -0.141421 -6.432412 0.141421 -6.516889 0.141421 -6.034157 -0.141421 -6.432412 0.141421 -6.034157 -0.141421 -5.937611 -0.141421 -5.937611 0.141421 -6.034157 0.141421 -5.551425 -0.141421 -5.937611 0.141421 -5.551425 -0.141421 -5.44281 -0.141421 -5.44281 0.141421 -5.551425 0.141421 -5.068692 -0.141421 -5.44281 0.141421 -5.068692 -0.141421 -4.948009 -0.141421 -4.948009 0.141421 -5.068692 0.141421 -4.585959 -0.141421 -4.948009 0.141421 -4.585959 -0.141421 -4.453207 -0.141421 -4.453207 0.141421 -4.585959 0.141421 -4.103227 -0.141421 -4.453207 0.141421 -4.103227 -0.141421 -3.958407 -0.141421 -3.958407 0.141421 -4.103227 0.141421 -3.620494 -0.141421 -3.958407 0.141421 -3.620494 -0.141421 -3.463606 -0.141421 -3.463606 0.141421 -3.620494 0.141421 -3.137762 -0.141421 -3.463606 0.141421 -3.137762 -0.141421 -2.968805 -0.141421 -2.968805 0.141421 -3.137762 0.141421 -2.655029 -0.141421 -2.968805 0.141421 -2.655029 -0.141421 -2.474004 -0.141421 -2.474004 0.141421 -2.655029 0.141421 -2.172296 -0.141421 -2.474004 0.141421 -2.172296 -0.141421 -1.979203 -0.141421 -1.979203 0.141421 -2.172296 0.141421 -1.689564 -0.141421 -1.979203 0.141421 -1.689564 -0.141421 -1.484403 -0.141421 -1.484403 0.141421 -1.689564 0.141421 -1.206831 -0.141421 -1.484403 0.141421 -1.206831 -0.141421 -0.989602 -0.141421 -0.989602 0.141421 -1.206831 0.141421 -0.724099 -0.141421 -0.989602 0.141421 -0.724099 -0.141421 -0.494801 -0.141421 -0.494801 0.141421 -0.724099 0.141421 -0.241366 -0.141421 -0.494801 0.141421 -0.241366 -0.141421 0 -0.141421 0 0.141421 -0.241366 0.141421 0.241366 -0.141421 0 0.141421 0.241366 -0.141421 0.494801 -0.141421 0.494801 0.141421 0.241366 0.141421 0.724099 -0.141421 0.494801 0.141421 0.724099 -0.141421 0.989602 -0.141421 0.989602 0.141421 0.724099 0.141421 1.206831 -0.141421 0.989602 0.141421 1.206831 -0.141421 1.484403 -0.141421 1.484403 0.141421 1.206831 0.141421 1.689564 -0.141421 1.484403 0.141421 1.689564 -0.141421 1.979203 -0.141421 1.979203 0.141421 1.689564 0.141421 2.172296 -0.141421 1.979203 0.141421 2.172296 -0.141421 2.474004 -0.141421 2.474004 0.141421 2.172296 0.141421 2.655029 -0.141421 2.474004 0.141421 2.655029 -0.141421 2.968805 -0.141421 2.968805 0.141421 2.655029 0.141421 3.137762 -0.141421 2.968805 0.141421 3.137762 -0.141421 3.463606 -0.141421 3.463606 0.141421 3.137762 0.141421 3.620494 -0.141421 3.463606 0.141421 3.620494 -0.141421 3.958407 -0.141421 3.958407 0.141421 3.620494 0.141421 4.103227 -0.141421 3.958407 0.141421 4.103227 -0.141421 4.453207 -0.141421 4.453207 0.141421 4.103227 0.141421 4.585959 -0.141421 4.453207 0.141421 4.585959 -0.141421 4.948009 -0.141421 4.948009 0.141421 4.585959 0.141421 5.068692 -0.141421 4.948009 0.141421 5.068692 -0.141421 5.44281 -0.141421 5.44281 0.141421 5.068692 0.141421 5.551425 -0.141421 5.44281 0.141421 5.551425 -0.141421 5.937611 -0.141421 5.937611 0.141421 5.551425 0.141421 6.034157 -0.141421 5.937611 0.141421 6.034157 -0.141421 6.432412 -0.141421 6.432412 0.141421 6.034157 0.141421 6.516889 -0.141421 6.432412 0.141421 6.516889 -0.141421 6.927212 -0.141421 6.927212 0.141421 6.516889 0.141421 6.999622 -0.141421 6.927212 0.141421 6.999622 -0.141421 7.422013 -0.141421 7.422013 0.141421 6.999622 0.141421 7.482354 -0.141421 7.422013 0.141421 7.482354 -0.141421 7.916814 -0.141421 7.916814 0.141421 7.482354 0.141421 7.965087 -0.141421 7.916814 0.141421 7.965087 -0.141421 8.411616 -0.141421 8.411616 0.141421 7.965087 0.141421 8.44782 -0.141421 8.411616 0.141421 8.44782 -0.141421 8.906415 -0.141421 8.906415 0.141421 8.44782 0.141421 8.930552 -0.141421 8.906415 0.141421 8.930552 -0.141421 9.401219 -0.141421 9.401219 0.141421 8.930552 0.141421 9.413286 -0.141421 9.401219 0.141421 9.413286 -0.141421 9.896018 0 -3.25 -0.484387 -3.2137 -2.7546 -3.25 -2.7546 -3.25 -0.484387 -3.2137 -0.957954 -3.105612 -2.7546 -3.25 -0.957954 -3.105612 -1.410122 -2.928149 -1.410122 -2.928149 -1.83079 -2.685276 -2.7546 -3.25 -2.7546 -3.25 -1.83079 -2.685276 -2.210562 -2.382419 -2.7546 -3.25 -2.210562 -2.382419 -2.540952 -2.026342 -2.814583 -1.625 -3.098945 -2.251522 -2.540952 -2.026342 -2.540952 -2.026342 -3.098945 -2.251522 -2.945845 -2.723245 -2.540952 -2.026342 -2.945845 -2.723245 -2.7546 -3.25 -3.098945 -2.251522 -2.814583 -1.625 -3.220265 -1.821664 -3.220265 -1.821664 -2.814583 -1.625 -3.02534 -1.187358 -3.220265 -1.821664 -3.02534 -1.187358 -3.314398 -1.423438 -3.314398 -1.423438 -3.02534 -1.187358 -3.384638 -1.04861 -3.384638 -1.04861 -3.02534 -1.187358 -3.168516 -0.723193 -3.384638 -1.04861 -3.168516 -0.723193 -3.433301 -0.690313 -3.433301 -0.690313 -3.168516 -0.723193 -3.240912 -0.242873 -3.433301 -0.690313 -3.240912 -0.242873 -3.461917 -0.34258 -3.461917 -0.34258 -3.240912 -0.242873 -3.471361 0 -3.471361 0 -3.240912 -0.242873 -3.240912 0.242873 -3.471361 0 -3.240912 0.242873 -3.461917 0.34258 -3.461917 0.34258 -3.240912 0.242873 -3.433301 0.690313 -3.433301 0.690313 -3.240912 0.242873 -3.168516 0.723193 -3.433301 0.690313 -3.168516 0.723193 -3.384638 1.04861 -3.384638 1.04861 -3.168516 0.723193 -3.02534 1.187358 -3.384638 1.04861 -3.02534 1.187358 -3.314398 1.423438 -3.314398 1.423438 -3.02534 1.187358 -3.220265 1.821664 -3.220265 1.821664 -3.02534 1.187358 -2.814583 1.625 -3.220265 1.821664 -2.814583 1.625 -3.098945 2.251522 -3.098945 2.251522 -2.814583 1.625 -2.540952 2.026342 -3.098945 2.251522 -2.540952 2.026342 -2.945845 2.723245 -2.945845 2.723245 -2.540952 2.026342 -2.7546 3.25 -2.7546 3.25 -2.540952 2.026342 -2.210562 2.382419 -2.7546 3.25 -2.210562 2.382419 -1.83079 2.685276 -1.83079 2.685276 -1.410122 2.928149 -2.7546 3.25 -2.7546 3.25 -1.410122 2.928149 -0.957954 3.105612 -2.7546 3.25 -0.957954 3.105612 -0.484387 3.2137 -0.484387 3.2137 0 3.25 -2.7546 3.25 0.9954 6.83 0.877686 6.53049 3.75 6.83 3.75 6.83 0.877686 6.53049 0.773091 6.251306 3.75 6.83 0.773091 6.251306 0.597698 5.743046 3.75 6.83 0.597698 5.743046 3.75 0 3.75 0 0.597698 5.743046 0.460273 5.287237 3.75 0 0.460273 5.287237 0.354539 4.870399 0.354539 4.870399 0.276087 4.482034 3.75 0 3.75 0 0.276087 4.482034 0.221873 4.113616 3.75 0 0.221873 4.113616 0.189899 3.757906 0.189899 3.757906 0.179032 3.40844 3.75 0 3.75 0 0.179032 3.40844 0.188892 3.059119 3.75 0 0.188892 3.059119 0.219823 2.703856 0.219823 2.703856 0.272922 2.336213 3.75 0 3.75 0 0.272922 2.336213 0.350139 1.948998 3.75 0 0.350139 1.948998 0.454461 1.533762 0.454461 1.533762 0.590224 1.080123 3.75 0 3.75 0 0.590224 1.080123 0.763597 0.574776 3.75 0 0.763597 0.574776 0.867002 0.297403 0.867002 0.297403 0.983374 0 3.75 0 1.995461 -5.367563 1.56162 -5.563366 1.995461 -5.980999 1.995461 -5.980999 1.56162 -5.563366 1.584063 -5.97111 1.995461 -5.980999 1.584063 -5.97111 1.563699 -6.378911 1.56162 -5.563366 1.995461 -5.367563 1.495587 -5.158003 1.495587 -5.158003 1.995461 -5.367563 1.995461 -4.754127 1.495587 -5.158003 1.995461 -4.754127 1.383619 -4.757265 1.383619 -4.757265 1.995461 -4.754127 1.221597 -4.363241 1.221597 -4.363241 1.995461 -4.754127 1.995461 -4.140691 1.221597 -4.363241 1.995461 -4.140691 1.003231 -3.977813 1.003231 -3.977813 1.995461 -4.140691 1.995461 -3.527255 1.003231 -3.977813 1.995461 -3.527255 0.719414 -3.602605 0.719414 -3.602605 1.995461 -3.527255 0.357183 -3.238958 0.357183 -3.238958 1.995461 -3.527255 1.995461 -2.91382 0.357183 -3.238958 1.995461 -2.91382 0.141169 -3.06181 0.141169 -3.06181 1.995461 -2.91382 -0.101939 -2.887923 -0.101939 -2.887923 1.995461 -2.91382 0.29303 -2.555068 0.29303 -2.555068 1.995461 -2.91382 1.995461 -2.300384 0.29303 -2.555068 1.995461 -2.300384 0.609219 -2.211754 0.609219 -2.211754 1.995461 -2.300384 0.859775 -1.858938 0.859775 -1.858938 1.995461 -2.300384 1.995461 -1.686948 0.859775 -1.858938 1.995461 -1.686948 1.054181 -1.497794 1.054181 -1.497794 1.995461 -1.686948 1.995461 -1.073513 1.054181 -1.497794 1.995461 -1.073513 1.199245 -1.129698 1.199245 -1.129698 1.995461 -1.073513 1.299746 -0.75621 1.299746 -0.75621 1.995461 -1.073513 1.995461 -0.460077 1.299746 -0.75621 1.995461 -0.460077 1.358846 -0.379039 1.358846 -0.379039 1.995461 -0.460077 1.378351 0 1.378351 0 1.995461 -0.460077 1.995461 0.1533589 1.378351 0 1.995461 0.1533589 1.358846 0.379039 1.358846 0.379039 1.995461 0.1533589 1.995461 0.766795 1.358846 0.379039 1.995461 0.766795 1.299746 0.75621 1.299746 0.75621 1.995461 0.766795 1.199245 1.129698 1.199245 1.129698 1.995461 0.766795 1.995461 1.38023 1.199245 1.129698 1.995461 1.38023 1.054181 1.497794 1.054181 1.497794 1.995461 1.38023 1.995461 1.993666 1.054181 1.497794 1.995461 1.993666 0.859775 1.858938 0.859775 1.858938 1.995461 1.993666 0.609219 2.211754 0.609219 2.211754 1.995461 1.993666 1.995461 2.607102 0.609219 2.211754 1.995461 2.607102 0.29303 2.555068 0.29303 2.555068 1.995461 2.607102 -0.101939 2.887923 -0.101939 2.887923 1.995461 2.607102 1.995461 3.220537 -0.101939 2.887923 1.995461 3.220537 0.141169 3.06181 0.141169 3.06181 1.995461 3.220537 0.357183 3.238958 0.357183 3.238958 1.995461 3.220537 0.719414 3.602605 0.719414 3.602605 1.995461 3.220537 1.995461 3.833973 0.719414 3.602605 1.995461 3.833973 1.003231 3.977813 1.003231 3.977813 1.995461 3.833973 1.995461 4.447409 1.003231 3.977813 1.995461 4.447409 1.221597 4.363241 1.221597 4.363241 1.995461 4.447409 1.383619 4.757265 1.383619 4.757265 1.995461 4.447409 1.995461 5.060844 1.383619 4.757265 1.995461 5.060844 1.495587 5.158003 1.495587 5.158003 1.995461 5.060844 1.56162 5.563366 1.56162 5.563366 1.995461 5.060844 1.995461 5.674281 1.56162 5.563366 1.995461 5.674281 1.584063 5.97111 1.584063 5.97111 1.995461 5.674281 1.995461 6.287716 1.584063 5.97111 1.995461 6.287716 1.563699 6.378911 1.563699 6.378911 1.995461 6.287716 1.995461 6.901152 1.563699 6.378911 1.995461 6.901152 1.499819 6.784443 1.499819 6.784443 1.995461 6.901152 1.390157 7.185455 1.390157 7.185455 1.995461 6.901152 1.995461 7.514587 1.390157 7.185455 1.995461 7.514587 1.230685 7.579849 1.230685 7.579849 1.995461 7.514587 1.015233 7.965733 1.015233 7.965733 1.995461 7.514587 1.995461 8.128025 1.015233 7.965733 1.995461 8.128025 0.734849 8.34147 0.734849 8.34147 1.995461 8.128025 1.995461 8.741459 0.734849 8.34147 1.995461 8.741459 0.376791 8.705704 0.376791 8.705704 1.995461 8.741459 0.163233 8.883162 0.163233 8.883162 1.995461 8.741459 -0.077102 9.05737 -0.077102 9.05737 1.995461 8.741459 1.995461 9.354895 -0.077102 9.05737 1.995461 9.354895 0.321095 9.391825 0.321095 9.391825 1.995461 9.354895 0.639497 9.736911 0.639497 9.736911 1.995461 9.354895 1.995461 9.968332 0.639497 9.736911 1.995461 9.968332 0.891573 10.09166 0.891573 10.09166 1.995461 9.968332 1.087016 10.45489 1.087016 10.45489 1.995461 9.968332 1.995461 10.58177 1.087016 10.45489 1.995461 10.58177 1.232772 10.82519 1.232772 10.82519 1.995461 10.58177 1.995461 11.1952 1.232772 10.82519 1.995461 11.1952 1.333712 11.20099 1.333712 11.20099 1.995461 11.1952 1.393056 11.58054 1.393056 11.58054 1.995461 11.1952 1.995461 11.80864 1.393056 11.58054 1.995461 11.80864 1.412638 11.962 1.412638 -11.962 1.995461 -12.11535 1.995461 -11.50192 1.412638 -11.962 1.995461 -11.50192 1.393056 -11.58054 1.393056 -11.58054 1.995461 -11.50192 1.333712 -11.20099 1.333712 -11.20099 1.995461 -11.50192 1.995461 -10.88848 1.333712 -11.20099 1.995461 -10.88848 1.232772 -10.82519 1.232772 -10.82519 1.995461 -10.88848 1.087016 -10.45489 1.087016 -10.45489 1.995461 -10.88848 1.995461 -10.27505 1.087016 -10.45489 1.995461 -10.27505 0.891573 -10.09166 0.891573 -10.09166 1.995461 -10.27505 1.995461 -9.661615 0.891573 -10.09166 1.995461 -9.661615 0.639497 -9.736911 0.639497 -9.736911 1.995461 -9.661615 0.321095 -9.391825 0.321095 -9.391825 1.995461 -9.661615 1.995461 -9.048177 0.321095 -9.391825 1.995461 -9.048177 -0.077102 -9.05737 -0.077102 -9.05737 1.995461 -9.048177 0.163233 -8.883162 0.163233 -8.883162 1.995461 -9.048177 0.376791 -8.705704 0.376791 -8.705704 1.995461 -9.048177 1.995461 -8.434741 0.376791 -8.705704 1.995461 -8.434741 0.734849 -8.34147 0.734849 -8.34147 1.995461 -8.434741 1.015233 -7.965733 1.015233 -7.965733 1.995461 -8.434741 1.995461 -7.821305 1.015233 -7.965733 1.995461 -7.821305 1.230685 -7.579849 1.230685 -7.579849 1.995461 -7.821305 1.995461 -7.20787 1.230685 -7.579849 1.995461 -7.20787 1.390157 -7.185455 1.390157 -7.185455 1.995461 -7.20787 1.499819 -6.784443 1.499819 -6.784443 1.995461 -7.20787 1.995461 -6.594434 1.499819 -6.784443 1.995461 -6.594434 1.563699 -6.378911 1.563699 -6.378911 1.995461 -6.594434 1.995461 -5.980999 2.7546 6.83 0 6.83 2.872314 6.53049 2.872314 6.53049 0 6.83 2.976909 6.251306 2.976909 6.251306 0 6.83 3.152302 5.743046 3.152302 5.743046 0 6.83 0 0 3.152302 5.743046 0 0 3.289727 5.287237 3.289727 5.287237 0 0 3.395461 4.870399 3.395461 4.870399 0 0 3.473912 4.482034 3.473912 4.482034 0 0 3.528127 4.113616 3.528127 4.113616 0 0 3.560101 3.757906 3.560101 3.757906 0 0 3.570968 3.40844 3.570968 3.40844 0 0 3.561108 3.059119 3.561108 3.059119 0 0 3.530177 2.703856 3.530177 2.703856 0 0 3.477078 2.336213 3.477078 2.336213 0 0 3.399861 1.948998 3.399861 1.948998 0 0 3.295539 1.533762 3.295539 1.533762 0 0 3.159776 1.080123 3.159776 1.080123 0 0 2.986403 0.574776 2.986403 0.574776 0 0 2.882998 0.297403 2.882998 0.297403 0 0 2.766626 0 5.391544 -4.607031 2.8 -4.618889 5.391544 -5.105088 5.391544 -5.105088 2.8 -4.618889 2.8 -5.105088 5.391544 -5.105088 2.8 -5.105088 5.391544 -5.603146 5.391544 -5.603146 2.8 -5.105088 -4.03 -5.591287 5.391544 -5.603146 -4.03 -5.591287 -4.03 -6.077486 2.8 -4.618889 5.391544 -4.607031 2.8 -4.13269 2.8 -4.13269 5.391544 -4.607031 5.391544 -4.108974 2.8 -4.13269 5.391544 -4.108974 2.8 -3.646492 2.8 -3.646492 5.391544 -4.108974 5.391544 -3.610916 2.8 -3.646492 5.391544 -3.610916 2.8 -3.160293 2.8 -3.160293 5.391544 -3.610916 5.391544 -3.112859 2.8 -3.160293 5.391544 -3.112859 2.8 -2.674094 2.8 -2.674094 5.391544 -3.112859 5.391544 -2.614801 2.8 -2.674094 5.391544 -2.614801 2.8 -2.187895 2.8 -2.187895 5.391544 -2.614801 5.391544 -2.116744 2.8 -2.187895 5.391544 -2.116744 2.8 -1.701696 2.8 -1.701696 5.391544 -2.116744 5.391544 -1.618686 2.8 -1.701696 5.391544 -1.618686 2.8 -1.215497 2.8 -1.215497 5.391544 -1.618686 5.391544 -1.120629 2.8 -1.215497 5.391544 -1.120629 2.8 -0.729298 2.8 -0.729298 5.391544 -1.120629 5.391544 -0.622572 2.8 -0.729298 5.391544 -0.622572 2.8 -0.243099 2.8 -0.243099 5.391544 -0.622572 5.391544 -0.124514 2.8 -0.243099 5.391544 -0.124514 2.8 0.243099 2.8 0.243099 5.391544 -0.124514 5.391544 0.373543 2.8 0.243099 5.391544 0.373543 2.8 0.729298 2.8 0.729298 5.391544 0.373543 5.391544 0.8716 2.8 0.729298 5.391544 0.8716 2.8 1.215497 2.8 1.215497 5.391544 0.8716 5.391544 1.369658 2.8 1.215497 5.391544 1.369658 2.8 1.701696 2.8 1.701696 5.391544 1.369658 5.391544 1.867715 2.8 1.701696 5.391544 1.867715 2.8 2.187895 2.8 2.187895 5.391544 1.867715 5.391544 2.365772 2.8 2.187895 5.391544 2.365772 2.8 2.674094 2.8 2.674094 5.391544 2.365772 5.391544 2.86383 2.8 2.674094 5.391544 2.86383 2.8 3.160293 2.8 3.160293 5.391544 2.86383 5.391544 3.361887 2.8 3.160293 5.391544 3.361887 2.8 3.646492 2.8 3.646492 5.391544 3.361887 5.391544 3.859945 2.8 3.646492 5.391544 3.859945 2.8 4.13269 2.8 4.13269 5.391544 3.859945 5.391544 4.358002 2.8 4.13269 5.391544 4.358002 2.8 4.618889 2.8 4.618889 5.391544 4.358002 5.391544 4.856059 2.8 4.618889 5.391544 4.856059 2.8 5.105088 2.8 5.105088 5.391544 4.856059 5.391544 5.354117 2.8 5.105088 5.391544 5.354117 -4.03 5.105088 -4.03 5.105088 5.391544 5.354117 -4.03 5.591287 -4.03 5.591287 5.391544 5.354117 5.391544 5.852174 -4.03 5.591287 5.391544 5.852174 -4.03 6.077486 -4.03 6.077486 5.391544 5.852174 5.391544 6.350232 -4.03 6.077486 5.391544 6.350232 -4.03 6.563685 -4.03 6.563685 5.391544 6.350232 5.391544 6.848289 -4.03 6.563685 5.391544 6.848289 -4.03 7.049883 -4.03 7.049883 5.391544 6.848289 5.391544 7.346346 -4.03 7.049883 5.391544 7.346346 -4.03 7.536082 -4.03 7.536082 5.391544 7.346346 5.391544 7.844404 -4.03 7.536082 5.391544 7.844404 -4.03 8.022282 -4.03 8.022282 5.391544 7.844404 5.391544 8.342461 -4.03 8.022282 5.391544 8.342461 -4.03 8.508481 -4.03 8.508481 5.391544 8.342461 5.391544 8.840519 -4.03 8.508481 5.391544 8.840519 -4.03 8.99468 -4.03 8.99468 5.391544 8.840519 5.391544 9.338577 -4.03 8.99468 5.391544 9.338577 -4.03 9.480878 -4.03 9.480878 5.391544 9.338577 5.391544 9.836634 -4.03 9.480878 5.391544 9.836634 -4.03 9.967078 -4.03 9.967078 5.391544 9.836634 5.391544 10.33469 -4.03 9.967078 5.391544 10.33469 -4.03 10.45328 -4.03 -9.967079 5.391544 -10.08566 5.391544 -9.587607 -4.03 -9.967079 5.391544 -9.587607 -4.03 -9.480878 -4.03 -9.480878 5.391544 -9.587607 5.391544 -9.089549 -4.03 -9.480878 5.391544 -9.089549 -4.03 -8.99468 -4.03 -8.99468 5.391544 -9.089549 5.391544 -8.59149 -4.03 -8.99468 5.391544 -8.59149 -4.03 -8.508481 -4.03 -8.508481 5.391544 -8.59149 5.391544 -8.093434 -4.03 -8.508481 5.391544 -8.093434 -4.03 -8.022282 -4.03 -8.022282 5.391544 -8.093434 5.391544 -7.595375 -4.03 -8.022282 5.391544 -7.595375 -4.03 -7.536082 -4.03 -7.536082 5.391544 -7.595375 5.391544 -7.097317 -4.03 -7.536082 5.391544 -7.097317 -4.03 -7.049883 -4.03 -7.049883 5.391544 -7.097317 5.391544 -6.59926 -4.03 -7.049883 5.391544 -6.59926 -4.03 -6.563685 -4.03 -6.563685 5.391544 -6.59926 5.391544 -6.101203 -4.03 -6.563685 5.391544 -6.101203 -4.03 -6.077486 -4.03 -6.077486 5.391544 -6.101203 5.391544 -5.603146 2.8 -5.105088 -4.03 -5.105088 -4.03 -5.591287</float_array>
          <technique_common>
            <accessor source="#LINK_12_003-mesh-map-0-array" count="7356" stride="2">
              <param name="S" type="float" />
              <param name="T" type="float" />
            </accessor>
          </technique_common>
        </source>
        <vertices id="LINK_12_003-mesh-vertices">
          <input semantic="POSITION" source="#LINK_12_003-mesh-positions" />
        </vertices>
        <triangles material="_54_254_255_003-material" count="461">
          <input semantic="VERTEX" source="#LINK_12_003-mesh-vertices" offset="0" />
          <input semantic="NORMAL" source="#LINK_12_003-mesh-normals" offset="1" />
          <input semantic="TEXCOORD" source="#LINK_12_003-mesh-map-0" offset="2" set="0" />
          <p>80 1310 5973 81 1310 5974 82 1310 5975 82 393 5976 81 393 5977 83 393 5978 82 393 5979 83 393 5980 84 393 5981 81 393 5982 80 393 5983 85 393 5984 85 1311 5985 80 1311 5986 86 1311 5987 85 393 5988 86 393 5989 87 393 5990 85 393 5991 87 393 5992 88 393 5993 88 393 5994 87 393 5995 89 393 5996 88 1312 5997 89 1312 5998 90 1312 5999 90 393 6000 89 393 6001 91 393 6002 90 393 6003 91 393 6004 92 393 6005 90 1313 6006 92 1313 6007 93 1313 6008 93 1314 6009 92 1314 6010 94 1314 6011 93 393 6012 94 393 6013 95 393 6014 95 393 6015 94 393 6016 96 393 6017 95 393 6018 96 393 6019 97 393 6020 95 1315 6021 97 1315 6022 98 1315 6023 98 1314 6024 97 1314 6025 99 1314 6026 98 1316 6027 99 1316 6028 100 1316 6029 100 393 6030 99 393 6031 101 393 6032 100 393 6033 101 393 6034 102 393 6035 100 1317 6036 102 1317 6037 103 1317 6038 103 393 6039 102 393 6040 104 393 6041 103 393 6042 104 393 6043 105 393 6044 105 393 6045 104 393 6046 106 393 6047 105 1311 6048 106 1311 6049 107 1311 6050 105 393 6051 107 393 6052 108 393 6053 108 1318 6054 107 1318 6055 109 1318 6056 108 393 6057 109 393 6058 110 393 6059 110 393 6060 109 393 6061 111 393 6062 111 393 6063 109 393 6064 112 393 6065 111 393 6066 112 393 6067 113 393 6068 113 393 6069 112 393 6070 114 393 6071 114 1319 6072 112 1319 6073 115 1319 6074 114 1320 6075 115 1320 6076 116 1320 6077 116 1321 6078 115 1321 6079 117 1321 6080 116 393 6081 117 393 6082 118 393 6083 118 1322 6084 117 1322 6085 119 1322 6086 118 393 6087 119 393 6088 120 393 6089 120 393 6090 119 393 6091 121 393 6092 120 393 6093 121 393 6094 122 393 6095 122 1323 6096 121 1323 6097 123 1323 6098 122 393 6099 123 393 6100 124 393 6101 124 1324 6102 123 1324 6103 125 1324 6104 124 393 6105 125 393 6106 126 393 6107 126 393 6108 125 393 6109 127 393 6110 126 393 6111 127 393 6112 128 393 6113 126 1325 6114 128 1325 6115 129 1325 6116 129 393 6117 128 393 6118 130 393 6119 129 1326 6120 130 1326 6121 131 1326 6122 131 393 6123 130 393 6124 132 393 6125 131 393 6126 132 393 6127 133 393 6128 133 393 6129 132 393 6130 134 393 6131 133 393 6132 134 393 6133 135 393 6134 135 393 6135 134 393 6136 136 393 6137 135 1327 6138 136 1327 6139 137 1327 6140 137 393 6141 136 393 6142 138 393 6143 137 1328 6144 138 1328 6145 139 1328 6146 139 393 6147 138 393 6148 140 393 6149 139 393 6150 140 393 6151 141 393 6152 139 393 6153 141 393 6154 142 393 6155 142 1324 6156 141 1324 6157 143 1324 6158 142 1329 6159 143 1329 6160 144 1329 6161 144 1323 6162 143 1323 6163 145 1323 6164 144 1330 6165 145 1330 6166 146 1330 6167 146 393 6168 145 393 6169 147 393 6170 146 393 6171 147 393 6172 148 393 6173 148 1322 6174 147 1322 6175 149 1322 6176 148 393 6177 149 393 6178 150 393 6179 150 1321 6180 149 1321 6181 151 1321 6182 150 1320 6183 151 1320 6184 152 1320 6185 152 1319 6186 151 1319 6187 153 1319 6188 152 393 6189 153 393 6190 154 393 6191 154 393 6192 153 393 6193 84 393 6194 84 393 6195 153 393 6196 82 393 6197 816 21 6198 817 21 6199 818 21 6200 818 1331 6201 817 1331 6202 819 1331 6203 818 1332 6204 819 1332 6205 820 1332 6206 820 1333 6207 819 1333 6208 821 1333 6209 820 21 6210 821 21 6211 822 21 6212 822 1334 6213 821 1334 6214 823 1334 6215 822 21 6216 823 21 6217 824 21 6218 824 1335 6219 823 1335 6220 825 1335 6221 824 21 6222 825 21 6223 826 21 6224 826 1336 6225 825 1336 6226 827 1336 6227 826 1337 6228 827 1337 6229 828 1337 6230 828 1338 6231 827 1338 6232 829 1338 6233 828 21 6234 829 21 6235 830 21 6236 830 1339 6237 829 1339 6238 831 1339 6239 830 21 6240 831 21 6241 832 21 6242 832 1340 6243 831 1340 6244 833 1340 6245 832 21 6246 833 21 6247 834 21 6248 834 1341 6249 833 1341 6250 835 1341 6251 834 21 6252 835 21 6253 836 21 6254 836 21 6255 835 21 6256 837 21 6257 836 21 6258 837 21 6259 838 21 6260 817 21 6261 816 21 6262 839 21 6263 839 1342 6264 816 1342 6265 840 1342 6266 839 21 6267 840 21 6268 841 21 6269 841 1343 6270 840 1343 6271 842 1343 6272 841 21 6273 842 21 6274 843 21 6275 843 1344 6276 842 1344 6277 844 1344 6278 843 1345 6279 844 1345 6280 845 1345 6281 845 1346 6282 844 1346 6283 846 1346 6284 845 21 6285 846 21 6286 847 21 6287 847 1347 6288 846 1347 6289 848 1347 6290 847 21 6291 848 21 6292 849 21 6293 849 1348 6294 848 1348 6295 850 1348 6296 849 21 6297 850 21 6298 851 21 6299 851 1349 6300 850 1349 6301 852 1349 6302 851 21 6303 852 21 6304 853 21 6305 853 21 6306 852 21 6307 854 21 6308 853 21 6309 854 21 6310 855 21 6311 856 1350 6312 857 1351 6313 818 1352 6314 818 1352 6315 857 1351 6316 858 1353 6317 818 1352 6318 858 1353 6319 816 1354 6320 816 1354 6321 858 1353 6322 859 1355 6323 816 1354 6324 859 1355 6325 840 1356 6326 840 1356 6327 859 1355 6328 860 1357 6329 840 1356 6330 860 1357 6331 842 1358 6332 842 1358 6333 860 1357 6334 861 1359 6335 842 1358 6336 861 1359 6337 844 1360 6338 844 1360 6339 861 1359 6340 862 1361 6341 844 1360 6342 862 1361 6343 846 1362 6344 846 1362 6345 862 1361 6346 863 1363 6347 846 1362 6348 863 1363 6349 848 1364 6350 848 1364 6351 863 1363 6352 864 1365 6353 848 1364 6354 864 1365 6355 850 1366 6356 850 1366 6357 864 1365 6358 865 1367 6359 850 1366 6360 865 1367 6361 852 1368 6362 852 1368 6363 865 1367 6364 866 1369 6365 852 1368 6366 866 1369 6367 854 1370 6368 854 1370 6369 866 1369 6370 867 1371 6371 854 1370 6372 867 1371 6373 855 1372 6374 855 1372 6375 867 1371 6376 868 1373 6377 855 1372 6378 868 1373 6379 853 1374 6380 853 1374 6381 868 1373 6382 869 1375 6383 853 1374 6384 869 1375 6385 851 1376 6386 851 1376 6387 869 1375 6388 870 1377 6389 851 1376 6390 870 1377 6391 849 1378 6392 849 1378 6393 870 1377 6394 871 1379 6395 849 1378 6396 871 1379 6397 847 1380 6398 847 1380 6399 871 1379 6400 872 1381 6401 847 1380 6402 872 1381 6403 845 1382 6404 845 1382 6405 872 1381 6406 873 1383 6407 845 1382 6408 873 1383 6409 843 1384 6410 843 1384 6411 873 1383 6412 874 1385 6413 843 1384 6414 874 1385 6415 841 1386 6416 841 1386 6417 874 1385 6418 875 1387 6419 841 1386 6420 875 1387 6421 839 1388 6422 839 1388 6423 875 1387 6424 876 1389 6425 839 1388 6426 876 1389 6427 817 1390 6428 817 1390 6429 876 1389 6430 877 1391 6431 817 1390 6432 877 1391 6433 819 1392 6434 819 1392 6435 877 1391 6436 878 1393 6437 819 1392 6438 878 1393 6439 821 1394 6440 821 1394 6441 878 1393 6442 879 1395 6443 821 1394 6444 879 1395 6445 823 1396 6446 823 1396 6447 879 1395 6448 880 1397 6449 823 1396 6450 880 1397 6451 825 1398 6452 825 1398 6453 880 1397 6454 881 1399 6455 825 1398 6456 881 1399 6457 827 1400 6458 827 1400 6459 881 1399 6460 882 1401 6461 827 1400 6462 882 1401 6463 829 1402 6464 829 1402 6465 882 1401 6466 883 1403 6467 829 1402 6468 883 1403 6469 831 1404 6470 831 1404 6471 883 1403 6472 884 1405 6473 831 1404 6474 884 1405 6475 833 1406 6476 833 1406 6477 884 1405 6478 885 1407 6479 833 1406 6480 885 1407 6481 835 1408 6482 835 1408 6483 885 1407 6484 886 1409 6485 835 1408 6486 886 1409 6487 837 1410 6488 837 1410 6489 886 1409 6490 887 1411 6491 837 1410 6492 887 1411 6493 838 1412 6494 838 1412 6495 887 1411 6496 888 1413 6497 838 1412 6498 888 1413 6499 836 1414 6500 836 1414 6501 888 1413 6502 889 1415 6503 836 1414 6504 889 1415 6505 834 1416 6506 834 1416 6507 889 1415 6508 890 1417 6509 834 1416 6510 890 1417 6511 832 1418 6512 832 1418 6513 890 1417 6514 891 1419 6515 832 1418 6516 891 1419 6517 830 1420 6518 830 1420 6519 891 1419 6520 892 1421 6521 830 1420 6522 892 1421 6523 828 1422 6524 828 1422 6525 892 1421 6526 893 1423 6527 828 1422 6528 893 1423 6529 826 1424 6530 826 1424 6531 893 1423 6532 894 1425 6533 826 1424 6534 894 1425 6535 824 1426 6536 824 1426 6537 894 1425 6538 895 1427 6539 824 1426 6540 895 1427 6541 822 1428 6542 822 1428 6543 895 1427 6544 896 1429 6545 822 1428 6546 896 1429 6547 820 1430 6548 820 1430 6549 896 1429 6550 856 1350 6551 820 1430 6552 856 1350 6553 818 1352 6554 1061 21 6555 1062 21 6556 1063 21 6557 1063 1431 6558 1062 1431 6559 1064 1431 6560 1063 21 6561 1064 21 6562 1065 21 6563 1065 21 6564 1066 21 6565 1063 21 6566 1063 1432 6567 1066 1432 6568 1067 1432 6569 1063 21 6570 1067 21 6571 1068 21 6572 1069 1433 6573 1070 1433 6574 1068 1433 6575 1068 1434 6576 1070 1434 6577 1071 1434 6578 1068 21 6579 1071 21 6580 1063 21 6581 1070 21 6582 1069 21 6583 1072 21 6584 1072 21 6585 1069 21 6586 1073 21 6587 1072 21 6588 1073 21 6589 1074 21 6590 1074 1435 6591 1073 1435 6592 1075 1435 6593 1075 21 6594 1073 21 6595 1076 21 6596 1075 1436 6597 1076 1436 6598 1077 1436 6599 1077 21 6600 1076 21 6601 1078 21 6602 1077 1437 6603 1078 1437 6604 1079 1437 6605 1079 21 6606 1078 21 6607 1080 21 6608 1080 21 6609 1078 21 6610 1081 21 6611 1080 1438 6612 1081 1438 6613 1082 1438 6614 1082 21 6615 1081 21 6616 1083 21 6617 1083 21 6618 1081 21 6619 1084 21 6620 1083 21 6621 1084 21 6622 1085 21 6623 1085 21 6624 1084 21 6625 1086 21 6626 1085 21 6627 1086 21 6628 1087 21 6629 1087 21 6630 1086 21 6631 1088 21 6632 1088 21 6633 1086 21 6634 1089 21 6635 1088 21 6636 1089 21 6637 1090 21 6638 1090 1439 6639 1089 1439 6640 1091 1439 6641 1090 21 6642 1091 21 6643 1092 21 6644 1092 21 6645 1091 21 6646 1093 21 6647 1093 21 6648 1091 21 6649 1094 21 6650 1093 1432 6651 1094 1432 6652 1095 1432 6653 1095 21 6654 1096 21 6655 1093 21 6656 1093 21 6657 1096 21 6658 1097 21 6659 1093 1431 6660 1097 1431 6661 1098 1431 6662 1098 21 6663 1099 21 6664 1093 21 6665 1063 1440 6666 1100 1440 6667 1061 1440 6668 1061 1440 6669 1100 1440 6670 1101 1440 6671 1061 1441 6672 1101 1441 6673 1102 1441 6674 1061 1440 6675 1102 1440 6676 153 1440 6677 153 1442 6678 1102 1442 6679 1103 1442 6680 153 1443 6681 1103 1443 6682 1104 1443 6683 1104 1444 6684 1105 1444 6685 153 1444 6686 153 1445 6687 1105 1445 6688 1106 1445 6689 153 1446 6690 1106 1446 6691 1107 1446 6692 1107 1440 6693 1108 1440 6694 153 1440 6695 153 1447 6696 1108 1447 6697 1109 1447 6698 153 1448 6699 1109 1448 6700 1110 1448 6701 1110 1449 6702 1111 1449 6703 153 1449 6704 153 1450 6705 1111 1450 6706 1112 1450 6707 153 1451 6708 1112 1451 6709 1113 1451 6710 1113 1452 6711 1114 1452 6712 153 1452 6713 153 1453 6714 1114 1453 6715 1115 1453 6716 153 1454 6717 1115 1454 6718 1116 1454 6719 1116 1440 6720 82 1440 6721 153 1440 6722 40 1455 6723 1117 1456 6724 42 1457 6725 42 1457 6726 1117 1456 6727 1118 1458 6728 42 1457 6729 1118 1458 6730 1119 1459 6731 1117 1456 6732 40 1455 6733 1120 1460 6734 1120 1460 6735 40 1455 6736 38 1461 6737 1120 1460 6738 38 1461 6739 1121 1462 6740 1121 1462 6741 38 1461 6742 1122 1463 6743 1122 1463 6744 38 1461 6745 36 1464 6746 1122 1463 6747 36 1464 6748 1123 1465 6749 1123 1465 6750 36 1464 6751 34 1466 6752 1123 1465 6753 34 1466 6754 1124 1467 6755 1124 1467 6756 34 1466 6757 1125 1468 6758 1125 1468 6759 34 1466 6760 32 1469 6761 1125 1468 6762 32 1469 6763 1126 1470 6764 1126 1470 6765 32 1469 6766 1093 1471 6767 1093 1471 6768 32 1469 6769 1092 1472 6770 1092 1472 6771 32 1469 6772 30 1473 6773 1092 1472 6774 30 1473 6775 1090 1474 6776 1090 1474 6777 30 1473 6778 1088 1475 6779 1088 1475 6780 30 1473 6781 28 1476 6782 1088 1475 6783 28 1476 6784 1087 1477 6785 1087 1477 6786 28 1476 6787 26 1478 6788 1087 1477 6789 26 1478 6790 1085 1479 6791 1085 1479 6792 26 1478 6793 1083 1480 6794 1083 1480 6795 26 1478 6796 24 1481 6797 1083 1480 6798 24 1481 6799 1082 1482 6800 1082 1482 6801 24 1481 6802 1080 1483 6803 1080 1483 6804 24 1481 6805 21 1484 6806 1080 1483 6807 21 1484 6808 1079 1485 6809 1079 1485 6810 21 1484 6811 19 1486 6812 1079 1485 6813 19 1486 6814 1077 1487 6815 1077 1487 6816 19 1486 6817 1075 1488 6818 1075 1488 6819 19 1486 6820 17 1489 6821 1075 1488 6822 17 1489 6823 1074 1490 6824 1074 1490 6825 17 1489 6826 15 1491 6827 1074 1490 6828 15 1491 6829 1072 1492 6830 1072 1492 6831 15 1491 6832 1070 1493 6833 1070 1493 6834 15 1491 6835 13 1494 6836 1070 1493 6837 13 1494 6838 1071 1495 6839 1071 1495 6840 13 1494 6841 1063 1496 6842 1063 1496 6843 13 1494 6844 11 1497 6845 1063 1496 6846 11 1497 6847 1100 1498 6848 1100 1498 6849 11 1497 6850 1101 1499 6851 1101 1499 6852 11 1497 6853 1102 1500 6854 1102 1500 6855 11 1497 6856 9 1501 6857 1102 1500 6858 9 1501 6859 1103 1502 6860 1103 1502 6861 9 1501 6862 7 1503 6863 1103 1502 6864 7 1503 6865 1104 1504 6866 1104 1504 6867 7 1503 6868 1105 1505 6869 1105 1505 6870 7 1503 6871 5 1506 6872 1105 1505 6873 5 1506 6874 1106 1507 6875 1106 1507 6876 5 1506 6877 1107 1508 6878 1107 1508 6879 5 1506 6880 3 1509 6881 1107 1508 6882 3 1509 6883 1108 1510 6884 1108 1510 6885 3 1509 6886 1 1511 6887 1108 1510 6888 1 1511 6889 1109 1512 6890 1109 1512 6891 1 1511 6892 79 1513 6893 1109 1512 6894 79 1513 6895 1110 1514 6896 1110 1514 6897 79 1513 6898 1111 1515 6899 1111 1515 6900 79 1513 6901 77 1516 6902 1111 1515 6903 77 1516 6904 1112 1517 6905 1112 1517 6906 77 1516 6907 1113 1518 6908 1113 1518 6909 77 1516 6910 75 1519 6911 1113 1518 6912 75 1519 6913 1114 1520 6914 1114 1520 6915 75 1519 6916 73 1521 6917 1114 1520 6918 73 1521 6919 1115 1522 6920 1115 1522 6921 73 1521 6922 1116 1523 6923 1116 1523 6924 73 1521 6925 82 1524 6926 82 1524 6927 73 1521 6928 71 1525 6929 82 1524 6930 71 1525 6931 80 1526 6932 80 1526 6933 71 1525 6934 86 1527 6935 86 1527 6936 71 1525 6937 69 1528 6938 86 1527 6939 69 1528 6940 87 1529 6941 87 1529 6942 69 1528 6943 89 1530 6944 89 1530 6945 69 1528 6946 67 1531 6947 89 1530 6948 67 1531 6949 91 1532 6950 91 1532 6951 67 1531 6952 65 1533 6953 91 1532 6954 65 1533 6955 92 1534 6956 92 1534 6957 65 1533 6958 94 1535 6959 94 1535 6960 65 1533 6961 62 1536 6962 94 1535 6963 62 1536 6964 96 1537 6965 96 1537 6966 62 1536 6967 60 1538 6968 96 1537 6969 60 1538 6970 97 1539 6971 97 1539 6972 60 1538 6973 99 1540 6974 99 1540 6975 60 1538 6976 58 1541 6977 99 1540 6978 58 1541 6979 101 1542 6980 101 1542 6981 58 1541 6982 102 1543 6983 102 1543 6984 58 1541 6985 56 1544 6986 102 1543 6987 56 1544 6988 104 1545 6989 104 1545 6990 56 1544 6991 54 1546 6992 104 1545 6993 54 1546 6994 106 1547 6995 106 1547 6996 54 1546 6997 107 1548 6998 107 1548 6999 54 1546 7000 52 1549 7001 107 1548 7002 52 1549 7003 109 1550 7004 109 1550 7005 52 1549 7006 1127 1551 7007 1127 1551 7008 52 1549 7009 1128 1552 7010 1128 1552 7011 52 1549 7012 50 1553 7013 1128 1552 7014 50 1553 7015 1129 1554 7016 1129 1554 7017 50 1553 7018 1130 1555 7019 1130 1555 7020 50 1553 7021 48 1556 7022 1130 1555 7023 48 1556 7024 1131 1557 7025 1131 1557 7026 48 1556 7027 46 1558 7028 1131 1557 7029 46 1558 7030 1132 1559 7031 1132 1559 7032 46 1558 7033 1133 1560 7034 1133 1560 7035 46 1558 7036 44 1561 7037 1133 1560 7038 44 1561 7039 1119 1459 7040 1119 1459 7041 44 1561 7042 42 1457 7043 1093 1562 7044 1099 1562 7045 1126 1562 7046 1126 1562 7047 1099 1562 7048 1125 1562 7049 1125 1562 7050 1099 1562 7051 1124 1562 7052 1124 1562 7053 1099 1562 7054 112 1562 7055 1124 1562 7056 112 1562 7057 1123 1562 7058 1123 1562 7059 112 1562 7060 1122 1562 7061 1122 1563 7062 112 1563 7063 1121 1563 7064 1121 1562 7065 112 1562 7066 1120 1562 7067 1120 1564 7068 112 1564 7069 1117 1564 7070 1117 1562 7071 112 1562 7072 1118 1562 7073 1118 1562 7074 112 1562 7075 1119 1562 7076 1119 1562 7077 112 1562 7078 1133 1562 7079 1133 1565 7080 112 1565 7081 1132 1565 7082 1132 1562 7083 112 1562 7084 1131 1562 7085 1131 1562 7086 112 1562 7087 1130 1562 7088 1130 1566 7089 112 1566 7090 1129 1566 7091 1129 1567 7092 112 1567 7093 1128 1567 7094 1128 1568 7095 112 1568 7096 1127 1568 7097 1127 1562 7098 112 1562 7099 109 1562 7100 856 1350 7101 1062 1569 7102 857 1351 7103 857 1351 7104 1062 1569 7105 1061 1570 7106 857 1351 7107 1061 1570 7108 858 1353 7109 858 1353 7110 1061 1570 7111 151 1571 7112 858 1353 7113 151 1571 7114 149 1572 7115 1062 1569 7116 856 1350 7117 1064 1573 7118 1064 1573 7119 856 1350 7120 896 1429 7121 1064 1573 7122 896 1429 7123 1065 1574 7124 1065 1574 7125 896 1429 7126 895 1427 7127 1065 1574 7128 895 1427 7129 1066 1575 7130 1066 1575 7131 895 1427 7132 894 1425 7133 1066 1575 7134 894 1425 7135 1067 1576 7136 1067 1576 7137 894 1425 7138 893 1423 7139 1067 1576 7140 893 1423 7141 1068 1577 7142 1068 1577 7143 893 1423 7144 892 1421 7145 1068 1577 7146 892 1421 7147 1069 1578 7148 1069 1578 7149 892 1421 7150 891 1419 7151 1069 1578 7152 891 1419 7153 1073 1579 7154 1073 1579 7155 891 1419 7156 890 1417 7157 1073 1579 7158 890 1417 7159 1076 1580 7160 1076 1580 7161 890 1417 7162 889 1415 7163 1076 1580 7164 889 1415 7165 1078 1581 7166 1078 1581 7167 889 1415 7168 888 1413 7169 1078 1581 7170 888 1413 7171 1081 1582 7172 1081 1582 7173 888 1413 7174 887 1411 7175 1081 1582 7176 887 1411 7177 1084 1583 7178 1084 1583 7179 887 1411 7180 886 1409 7181 1084 1583 7182 886 1409 7183 1086 1584 7184 1086 1584 7185 886 1409 7186 885 1407 7187 1086 1584 7188 885 1407 7189 1089 1585 7190 1089 1585 7191 885 1407 7192 884 1405 7193 1089 1585 7194 884 1405 7195 1091 1586 7196 1091 1586 7197 884 1405 7198 883 1403 7199 1091 1586 7200 883 1403 7201 1094 1587 7202 1094 1587 7203 883 1403 7204 882 1401 7205 1094 1587 7206 882 1401 7207 1095 1588 7208 1095 1588 7209 882 1401 7210 881 1399 7211 1095 1588 7212 881 1399 7213 1096 1589 7214 1096 1589 7215 881 1399 7216 880 1397 7217 1096 1589 7218 880 1397 7219 1097 1590 7220 1097 1590 7221 880 1397 7222 879 1395 7223 1097 1590 7224 879 1395 7225 1098 1591 7226 1098 1591 7227 879 1395 7228 878 1393 7229 1098 1591 7230 878 1393 7231 1099 1592 7232 1099 1592 7233 878 1393 7234 877 1391 7235 1099 1592 7236 877 1391 7237 112 1593 7238 112 1593 7239 877 1391 7240 115 1594 7241 115 1594 7242 877 1391 7243 876 1389 7244 115 1594 7245 876 1389 7246 117 1595 7247 117 1595 7248 876 1389 7249 875 1387 7250 117 1595 7251 875 1387 7252 119 1596 7253 119 1596 7254 875 1387 7255 874 1385 7256 119 1596 7257 874 1385 7258 121 1597 7259 121 1597 7260 874 1385 7261 873 1383 7262 121 1597 7263 873 1383 7264 123 1598 7265 123 1598 7266 873 1383 7267 872 1381 7268 123 1598 7269 872 1381 7270 125 1599 7271 125 1599 7272 872 1381 7273 871 1379 7274 125 1599 7275 871 1379 7276 127 1600 7277 127 1600 7278 871 1379 7279 870 1377 7280 127 1600 7281 870 1377 7282 128 1601 7283 128 1601 7284 870 1377 7285 869 1375 7286 128 1601 7287 869 1375 7288 130 1602 7289 130 1602 7290 869 1375 7291 868 1373 7292 130 1602 7293 868 1373 7294 132 1603 7295 132 1603 7296 868 1373 7297 867 1371 7298 132 1603 7299 867 1371 7300 134 1604 7301 134 1604 7302 867 1371 7303 866 1369 7304 134 1604 7305 866 1369 7306 136 1605 7307 136 1605 7308 866 1369 7309 865 1367 7310 136 1605 7311 865 1367 7312 138 1606 7313 138 1606 7314 865 1367 7315 864 1365 7316 138 1606 7317 864 1365 7318 140 1607 7319 140 1607 7320 864 1365 7321 863 1363 7322 140 1607 7323 863 1363 7324 141 1608 7325 141 1608 7326 863 1363 7327 862 1361 7328 141 1608 7329 862 1361 7330 143 1609 7331 143 1609 7332 862 1361 7333 861 1359 7334 143 1609 7335 861 1359 7336 145 1610 7337 145 1610 7338 861 1359 7339 860 1357 7340 145 1610 7341 860 1357 7342 147 1611 7343 147 1611 7344 860 1357 7345 859 1355 7346 147 1611 7347 859 1355 7348 149 1572 7349 149 1572 7350 859 1355 7351 858 1353 7352 1061 1570 7353 153 1612 7354 151 1571 7355</p>
        </triangles>
      </mesh>
    </geometry>
  </library_geometries>
  <library_visual_scenes>
    <visual_scene id="Scene" name="Scene">
      <node id="LINK_12_001" name="LINK_12.001" type="NODE">
        <matrix sid="transform">1 0 0 0 0 1 0 0 0 0 1 0 0 0 0 1</matrix>
        <instance_geometry url="#LINK_12_003-mesh" name="LINK_12.001">
          <bind_material>
            <technique_common>
              <instance_material symbol="_54_254_255_003-material" target="#_54_254_255_003-material">
                <bind_vertex_input semantic="LINK_12_001-mesh-map-0" input_semantic="TEXCOORD" input_set="0" />
              </instance_material>
            </technique_common>
          </bind_material>
        </instance_geometry>
      </node>
    </visual_scene>
  </library_visual_scenes>
  <scene>
    <instance_visual_scene url="#Scene" />
  </scene>
</COLLADA>