<?xml version='1.0' encoding='utf-8'?>
<COLLADA xmlns="http://www.collada.org/2005/11/COLLADASchema" version="1.4.1">
  <asset>
    <contributor>
      <author>Blender User</author>
      <authoring_tool>Blender 3.0.1</authoring_tool>
    </contributor>
    <created>2025-06-17T12:01:01</created>
    <modified>2025-06-17T12:01:01</modified>
    <unit name="meter" meter="1" />
    <up_axis>Z_UP</up_axis>
  </asset>
  <library_effects>
    <effect id="_9_69_69_008-effect">
      <profile_COMMON>
        <technique sid="common">
          <lambert>
            <emission>
              <color sid="emission">0 0 0 1</color>
            </emission>
            <diffuse>
              <color sid="diffuse">0.270588 0.270588 0.270588 1</color>
            </diffuse>
            <index_of_refraction>
              <float sid="ior">1.45</float>
            </index_of_refraction>
          </lambert>
        </technique>
      </profile_COMMON>
    </effect>
    </library_effects>
  <library_images />
  <library_materials>
    <material id="_9_69_69_008-material" name="69,69,69.008">
      <instance_effect url="#_9_69_69_008-effect" />
    </material>
    </library_materials>
  <library_geometries>
    <geometry id="LINK_20_003-mesh" name="LINK_20.003">
      <mesh>
        <source id="LINK_20_003-mesh-positions">
          <float_array id="LINK_20_003-mesh-positions-array" count="10641">-0.01932495 0.037 -0.10158 -0.01932495 0.03952896 -0.10158 -0.01982897 0.037 -0.100118 -0.01982998 0.03927797 -0.100105 -0.01999998 0.037 -0.09858 -0.01999998 0.03919196 -0.09858 -0.01982998 0.03927797 -0.09705597 -0.01932495 0.03952896 -0.09557998 -0.01932495 0.037 -0.09557998 -0.01982897 0.037 -0.09704196 -0.03818094 -0.01726895 -0.09747999 -0.03824096 -0.017165 -0.09714895 -0.03824096 -0.017165 -0.09781098 -0.03839397 -0.0169 -0.09798699 -0.03839397 -0.0169 -0.096973 -0.03856694 -0.01659995 -0.09792596 -0.03856694 -0.01659995 -0.09703397 -0.03867995 -0.01640397 -0.09765595 -0.03867995 -0.01640397 -0.09730398 -0.03675597 -0.019737 -0.09802997 -0.036816 -0.01963299 -0.09769898 -0.036816 -0.01963299 -0.09836095 -0.03696894 -0.019369 -0.09853696 -0.03696894 -0.019369 -0.09752297 -0.03714197 -0.019068 -0.09847599 -0.03714197 -0.019068 -0.097584 -0.03725498 -0.01887196 -0.09820598 -0.03725498 -0.01887196 -0.09785395 -0.03735595 -0.01869797 -0.09657996 -0.03741598 -0.01859396 -0.09624898 -0.03741598 -0.01859396 -0.09691095 -0.03756898 -0.01832896 -0.09708696 -0.03756898 -0.01832896 -0.09607297 -0.03774195 -0.01802897 -0.09702599 -0.03774195 -0.01802897 -0.096134 -0.03785496 -0.01783299 -0.09675598 -0.03785496 -0.01783299 -0.09640395 -0.03818094 -0.01726895 -0.09567999 -0.03824096 -0.017165 -0.09534895 -0.03824096 -0.017165 -0.09601098 -0.03839397 -0.0169 -0.09618699 -0.03839397 -0.0169 -0.095173 -0.03856694 -0.01659995 -0.09612596 -0.03856694 -0.01659995 -0.09523397 -0.03867995 -0.01640397 -0.09585601 -0.03867995 -0.01640397 -0.09550398 -0.03675597 -0.019737 -0.09512996 -0.036816 -0.01963299 -0.09479898 -0.036816 -0.01963299 -0.09546101 -0.03696894 -0.019369 -0.09563696 -0.03696894 -0.019369 -0.09462296 -0.03714197 -0.019068 -0.09557598 -0.03714197 -0.019068 -0.094684 -0.03725498 -0.01887196 -0.09530597 -0.03725498 -0.01887196 -0.09495395 -0.03643095 -0.02029997 -0.09657996 -0.03649097 -0.02019596 -0.09624898 -0.03649097 -0.02019596 -0.09691095 -0.03664398 -0.01993197 -0.09708696 -0.03664398 -0.01993197 -0.09607297 -0.03681695 -0.01963096 -0.09702599 -0.03681695 -0.01963096 -0.096134 -0.03692996 -0.01943498 -0.09675598 -0.03692996 -0.01943498 -0.09640395 -0.03753095 -0.01839494 -0.09472995 -0.03759098 -0.01828998 -0.09439897 -0.03759098 -0.01828998 -0.095061 -0.03774398 -0.01802599 -0.09523695 -0.03774398 -0.01802599 -0.09422296 -0.03791695 -0.017726 -0.09517598 -0.03791695 -0.017726 -0.09428399 -0.03802996 -0.01752996 -0.09490597 -0.03802996 -0.01752996 -0.094554 -0.03753095 -0.01839494 -0.09842997 -0.03759098 -0.01828998 -0.09809899 -0.03759098 -0.01828998 -0.09876096 -0.03774398 -0.01802599 -0.09893697 -0.03774398 -0.01802599 -0.09792298 -0.03791695 -0.017726 -0.09887599 -0.03791695 -0.017726 -0.09798395 -0.03802996 -0.01752996 -0.09860599 -0.03802996 -0.01752996 -0.09825396 -0.04173099 -0.01931899 -0.09747999 -0.04179197 -0.01921498 -0.09714895 -0.04194396 -0.01894998 -0.096973 -0.04211795 -0.01864999 -0.09703397 -0.04223096 -0.01845395 -0.09730398 -0.04223096 -0.01845395 -0.09765595 -0.04211795 -0.01864999 -0.09792596 -0.04194396 -0.01894998 -0.09798699 -0.04179197 -0.01921498 -0.09781098 -0.04030597 -0.02178698 -0.09802997 -0.04036694 -0.02168297 -0.09769898 -0.04051899 -0.02141898 -0.09752297 -0.04069298 -0.02111798 -0.097584 -0.04080599 -0.020922 -0.09785395 -0.04080599 -0.020922 -0.09820598 -0.04069298 -0.02111798 -0.09847599 -0.04051899 -0.02141898 -0.09853696 -0.04036694 -0.02168297 -0.09836095 -0.04090595 -0.02074795 -0.09657996 -0.04096698 -0.02064394 -0.09624898 -0.04111897 -0.02037894 -0.09607297 -0.04129296 -0.02007895 -0.096134 -0.04140597 -0.01988297 -0.09640395 -0.04140597 -0.01988297 -0.09675598 -0.04129296 -0.02007895 -0.09702599 -0.04111897 -0.02037894 -0.09708696 -0.04096698 -0.02064394 -0.09691095 -0.04173099 -0.01931899 -0.09567999 -0.04179197 -0.01921498 -0.09534895 -0.04194396 -0.01894998 -0.095173 -0.04211795 -0.01864999 -0.09523397 -0.04223096 -0.01845395 -0.09550398 -0.04223096 -0.01845395 -0.09585601 -0.04211795 -0.01864999 -0.09612596 -0.04194396 -0.01894998 -0.09618699 -0.04179197 -0.01921498 -0.09601098 -0.04030597 -0.02178698 -0.09512996 -0.04036694 -0.02168297 -0.09479898 -0.04051899 -0.02141898 -0.09462296 -0.04069298 -0.02111798 -0.094684 -0.04080599 -0.020922 -0.09495395 -0.04080599 -0.020922 -0.09530597 -0.04069298 -0.02111798 -0.09557598 -0.04051899 -0.02141898 -0.09563696 -0.04036694 -0.02168297 -0.09546101 -0.03998094 -0.02234995 -0.09657996 -0.04004198 -0.022246 -0.09624898 -0.04019397 -0.02198195 -0.09607297 -0.04036796 -0.02168095 -0.096134 -0.04048097 -0.02148497 -0.09640395 -0.04048097 -0.02148497 -0.09675598 -0.04036796 -0.02168095 -0.09702599 -0.04019397 -0.02198195 -0.09708696 -0.04004198 -0.022246 -0.09691095 -0.04108095 -0.02044498 -0.09472995 -0.04114198 -0.02033996 -0.09439897 -0.04129397 -0.02007597 -0.09422296 -0.04146796 -0.01977598 -0.09428399 -0.04158097 -0.01957994 -0.094554 -0.04158097 -0.01957994 -0.09490597 -0.04146796 -0.01977598 -0.09517598 -0.04129397 -0.02007597 -0.09523695 -0.04114198 -0.02033996 -0.095061 -0.04108095 -0.02044498 -0.09842997 -0.04114198 -0.02033996 -0.09809899 -0.04129397 -0.02007597 -0.09792298 -0.04146796 -0.01977598 -0.09798395 -0.04158097 -0.01957994 -0.09825396 -0.04158097 -0.01957994 -0.09860599 -0.04146796 -0.01977598 -0.09887599 -0.04129397 -0.02007597 -0.09893697 -0.04114198 -0.02033996 -0.09876096 -0.04181396 -0.019176 -0.09747999 -0.04185497 -0.01910495 -0.097705 -0.04195898 -0.01892596 -0.09782499 -0.04207599 -0.01872098 -0.09778296 -0.042153 -0.018588 -0.09759998 -0.042153 -0.018588 -0.09735995 -0.04207599 -0.01872098 -0.09717696 -0.04195898 -0.01892596 -0.097135 -0.04185497 -0.01910495 -0.09725499 -0.040389 -0.02164399 -0.09802997 -0.04042994 -0.02157294 -0.09825497 -0.04053395 -0.02139395 -0.09837496 -0.04065096 -0.02118998 -0.098333 -0.04072797 -0.02105599 -0.09814995 -0.04072797 -0.02105599 -0.09790998 -0.04065096 -0.02118998 -0.097727 -0.04053395 -0.02139395 -0.09768497 -0.04042994 -0.02157294 -0.09780496 -0.04098898 -0.02060496 -0.09657996 -0.04102998 -0.02053397 -0.09680497 -0.04113399 -0.02035498 -0.09692496 -0.041251 -0.02015 -0.09688299 -0.04132795 -0.02001696 -0.09669995 -0.04132795 -0.02001696 -0.09645998 -0.041251 -0.02015 -0.09627699 -0.04113399 -0.02035498 -0.09623497 -0.04102998 -0.02053397 -0.09635496 -0.04181396 -0.019176 -0.09567999 -0.04185497 -0.01910495 -0.095905 -0.04195898 -0.01892596 -0.09602499 -0.04207599 -0.01872098 -0.09598296 -0.042153 -0.018588 -0.09579998 -0.042153 -0.018588 -0.09555995 -0.04207599 -0.01872098 -0.09537696 -0.04195898 -0.01892596 -0.095335 -0.04185497 -0.01910495 -0.09545499 -0.040389 -0.02164399 -0.09512996 -0.04042994 -0.02157294 -0.09535497 -0.04053395 -0.02139395 -0.09547495 -0.04065096 -0.02118998 -0.09543299 -0.04072797 -0.02105599 -0.09525001 -0.04072797 -0.02105599 -0.09500998 -0.04065096 -0.02118998 -0.09482699 -0.04053395 -0.02139395 -0.09478497 -0.04042994 -0.02157294 -0.09490495 -0.04006397 -0.02220696 -0.09657996 -0.04010498 -0.02213597 -0.09680497 -0.04020899 -0.02195698 -0.09692496 -0.04032599 -0.02175295 -0.09688299 -0.04040294 -0.02161896 -0.09669995 -0.04040294 -0.02161896 -0.09645998 -0.04032599 -0.02175295 -0.09627699 -0.04020899 -0.02195698 -0.09623497 -0.04010498 -0.02213597 -0.09635496 -0.04116398 -0.02030199 -0.09472995 -0.04120498 -0.02023094 -0.09495496 -0.04130899 -0.020051 -0.09507495 -0.041426 -0.01984697 -0.09503298 -0.04150295 -0.01971399 -0.09485 -0.04150295 -0.01971399 -0.09460997 -0.041426 -0.01984697 -0.09442698 -0.04130899 -0.020051 -0.09438496 -0.04120498 -0.02023094 -0.09450495 -0.04116398 -0.02030199 -0.09842997 -0.04120498 -0.02023094 -0.09865498 -0.04130899 -0.020051 -0.09877496 -0.041426 -0.01984697 -0.098733 -0.04150295 -0.01971399 -0.09854996 -0.04150295 -0.01971399 -0.09830999 -0.041426 -0.01984697 -0.098127 -0.04130899 -0.020051 -0.09808498 -0.04120498 -0.02023094 -0.09820497 -0.04241997 -0.019526 -0.09747999 -0.04246097 -0.01945495 -0.09725499 -0.04256498 -0.01927596 -0.097135 -0.042683 -0.01907098 -0.09717696 -0.04275995 -0.018938 -0.09735995 -0.04275995 -0.018938 -0.09759998 -0.042683 -0.01907098 -0.09778296 -0.04256498 -0.01927596 -0.09782499 -0.04246097 -0.01945495 -0.097705 -0.040995 -0.02199399 -0.09802997 -0.04103595 -0.021923 -0.09780496 -0.04113996 -0.02174395 -0.09768497 -0.04125797 -0.02153998 -0.097727 -0.04133498 -0.02140599 -0.09790998 -0.04133498 -0.02140599 -0.09814995 -0.04125797 -0.02153998 -0.098333 -0.04113996 -0.02174395 -0.09837496 -0.04103595 -0.021923 -0.09825497 -0.04159498 -0.02095496 -0.09657996 -0.04163599 -0.02088397 -0.09635496 -0.04174 -0.02070498 -0.09623497 -0.04185795 -0.0205 -0.09627699 -0.04193496 -0.02036696 -0.09645998 -0.04193496 -0.02036696 -0.09669995 -0.04185795 -0.0205 -0.09688299 -0.04174 -0.02070498 -0.09692496 -0.04163599 -0.02088397 -0.09680497 -0.04241997 -0.019526 -0.09567999 -0.04246097 -0.01945495 -0.09545499 -0.04256498 -0.01927596 -0.095335 -0.042683 -0.01907098 -0.09537696 -0.04275995 -0.018938 -0.09555995 -0.04275995 -0.018938 -0.09579998 -0.042683 -0.01907098 -0.09598296 -0.04256498 -0.01927596 -0.09602499 -0.04246097 -0.01945495 -0.095905 -0.040995 -0.02199399 -0.09512996 -0.04103595 -0.021923 -0.09490495 -0.04113996 -0.02174395 -0.09478497 -0.04125797 -0.02153998 -0.09482699 -0.04133498 -0.02140599 -0.09500998 -0.04133498 -0.02140599 -0.09525001 -0.04125797 -0.02153998 -0.09543299 -0.04113996 -0.02174395 -0.09547495 -0.04103595 -0.021923 -0.09535497 -0.04066997 -0.02255696 -0.09657996 -0.04071098 -0.02248597 -0.09635496 -0.04081499 -0.02230697 -0.09623497 -0.04093295 -0.02210295 -0.09627699 -0.04100996 -0.02196896 -0.09645998 -0.04100996 -0.02196896 -0.09669995 -0.04093295 -0.02210295 -0.09688299 -0.04081499 -0.02230697 -0.09692496 -0.04071098 -0.02248597 -0.09680497 -0.04176998 -0.02065199 -0.09472995 -0.04181098 -0.02058094 -0.09450495 -0.04191499 -0.020401 -0.09438496 -0.04203295 -0.02019697 -0.09442698 -0.04210996 -0.02006399 -0.09460997 -0.04210996 -0.02006399 -0.09485 -0.04203295 -0.02019697 -0.09503298 -0.04191499 -0.020401 -0.09507495 -0.04181098 -0.02058094 -0.09495496 -0.04176998 -0.02065199 -0.09842997 -0.04181098 -0.02058094 -0.09820497 -0.04191499 -0.020401 -0.09808498 -0.04203295 -0.02019697 -0.098127 -0.04210996 -0.02006399 -0.09830999 -0.04210996 -0.02006399 -0.09854996 -0.04203295 -0.02019697 -0.098733 -0.04191499 -0.020401 -0.09877496 -0.04181098 -0.02058094 -0.09865498 -0.04258698 -0.019737 -0.096448 -0.04258698 -0.019737 -0.09690397 -0.04250699 -0.01987498 -0.096744 -0.04230695 -0.02022194 -0.09690397 -0.04238694 -0.02008295 -0.096744 -0.04230695 -0.02022194 -0.09624797 -0.04238694 -0.02008295 -0.09624797 -0.04250699 -0.01987498 -0.096448 -0.04240697 -0.02004897 -0.096704 -0.04240697 -0.02004897 -0.09624797 -0.04248696 -0.01990997 -0.096408 -0.04270696 -0.01952898 -0.09624797 -0.04270696 -0.01952898 -0.096408 -0.04248696 -0.01990997 -0.096704 -0.04250997 -0.01977097 -0.09766799 -0.04250997 -0.01977097 -0.097292 -0.04263097 -0.01956099 -0.09700399 -0.04281598 -0.01923996 -0.09693795 -0.042979 -0.01895797 -0.097126 -0.04304295 -0.01884698 -0.09747999 -0.042979 -0.01895797 -0.09783399 -0.04281598 -0.01923996 -0.09802198 -0.04263097 -0.01956099 -0.097956 -0.041085 -0.02223896 -0.09821796 -0.041085 -0.02223896 -0.09784197 -0.041206 -0.02202898 -0.09755396 -0.04139095 -0.02170795 -0.09748798 -0.04155397 -0.02142596 -0.09767597 -0.04161798 -0.02131497 -0.09802997 -0.04155397 -0.02142596 -0.09838396 -0.04139095 -0.02170795 -0.09857195 -0.041206 -0.02202898 -0.09850597 -0.04168498 -0.0212 -0.09676796 -0.04168498 -0.0212 -0.09639197 -0.04180598 -0.02098995 -0.09610396 -0.04199099 -0.02066898 -0.09603798 -0.04215395 -0.02038699 -0.09622597 -0.04221796 -0.02027595 -0.09657996 -0.04215395 -0.02038699 -0.09693396 -0.04199099 -0.02066898 -0.09712195 -0.04180598 -0.02098995 -0.09705597 -0.04249596 -0.019795 -0.09574997 -0.04251694 -0.01975899 -0.09545695 -0.042611 -0.01959598 -0.09522897 -0.04275095 -0.01935398 -0.09513098 -0.04289597 -0.01910299 -0.09519195 -0.04300397 -0.01891595 -0.09539496 -0.04267299 -0.01948696 -0.09619599 -0.04255294 -0.01969498 -0.09602296 -0.042804 -0.01926195 -0.09622496 -0.04292595 -0.01905 -0.09613096 -0.04301196 -0.01890099 -0.09593397 -0.04304295 -0.01884698 -0.09567999 -0.041085 -0.02223896 -0.09531795 -0.041085 -0.02223896 -0.09494197 -0.041206 -0.02202898 -0.09465396 -0.04139095 -0.02170795 -0.09458798 -0.04155397 -0.02142596 -0.09477597 -0.04161798 -0.02131497 -0.09512996 -0.04155397 -0.02142596 -0.09548395 -0.04139095 -0.02170795 -0.09567195 -0.041206 -0.02202898 -0.09560596 -0.04075998 -0.02280199 -0.09676796 -0.04075998 -0.02280199 -0.09639197 -0.04088097 -0.02259194 -0.09610396 -0.04106599 -0.02227097 -0.09603798 -0.04122895 -0.02198898 -0.09622597 -0.04129296 -0.021878 -0.09657996 -0.04122895 -0.02198898 -0.09693396 -0.04106599 -0.02227097 -0.09712195 -0.04088097 -0.02259194 -0.09705597 -0.04185998 -0.02089595 -0.09491795 -0.04185998 -0.02089595 -0.09454196 -0.04198098 -0.02068698 -0.09425395 -0.04216599 -0.02036595 -0.09418797 -0.04232895 -0.02008396 -0.09437596 -0.04239296 -0.01997298 -0.09472995 -0.04232895 -0.02008396 -0.09508395 -0.04216599 -0.02036595 -0.095272 -0.04198098 -0.02068698 -0.09520596 -0.04185998 -0.02089595 -0.09861797 -0.04185998 -0.02089595 -0.09824198 -0.04198098 -0.02068698 -0.09795397 -0.04216599 -0.02036595 -0.09788799 -0.04232895 -0.02008396 -0.09807598 -0.04239296 -0.01997298 -0.09842997 -0.04232895 -0.02008396 -0.09878396 -0.04216599 -0.02036595 -0.09897196 -0.04198098 -0.02068698 -0.09890598 -0.04246395 -0.01984995 -0.096448 -0.04254394 -0.01971197 -0.096448 -0.04246395 -0.01984995 -0.096744 -0.04234397 -0.02005797 -0.096744 -0.04234397 -0.02005797 -0.09624797 -0.04226398 -0.02019697 -0.09624797 -0.04226398 -0.02019697 -0.09690397 -0.04254394 -0.01971197 -0.09690397 -0.042364 -0.020024 -0.096704 -0.04244399 -0.019885 -0.096704 -0.04244399 -0.019885 -0.096408 -0.04266399 -0.01950395 -0.096408 -0.04266399 -0.01950395 -0.09624797 -0.042364 -0.020024 -0.09624797 -0.04319298 -0.01858699 -0.09597998 -0.04316997 -0.01857298 -0.09608 -0.04308098 -0.018781 -0.09602296 -0.04302299 -0.01882797 -0.09617495 -0.04298096 -0.01895397 -0.096156 -0.04293197 -0.01898497 -0.09642499 -0.04291498 -0.01906895 -0.09635597 -0.04289299 -0.01910597 -0.09657996 -0.04293197 -0.01898497 -0.096735 -0.04291498 -0.01906895 -0.09680396 -0.04298096 -0.01895397 -0.09700399 -0.04302299 -0.01882797 -0.09698498 -0.04308199 -0.018781 -0.09713697 -0.04316997 -0.01857298 -0.09707999 -0.04319298 -0.01858699 -0.09718 -0.04310697 -0.01853698 -0.09615296 -0.04298096 -0.018754 -0.09623497 -0.04290395 -0.01888799 -0.096448 -0.04290395 -0.01888799 -0.09671199 -0.04298096 -0.018754 -0.09692496 -0.04310697 -0.01853698 -0.09700697 -0.04290294 -0.01868999 -0.09690397 -0.04301995 -0.01848697 -0.09697997 -0.04301995 -0.01848697 -0.09617996 -0.04290294 -0.01868999 -0.09625595 -0.04282999 -0.01881599 -0.09645599 -0.04282999 -0.01881599 -0.096704 -0.04322099 -0.01853895 -0.09597998 -0.04296499 -0.01898199 -0.09493297 -0.04322099 -0.01853895 -0.09718 -0.04296499 -0.01898199 -0.09822696 -0.04250794 -0.01977396 -0.09894996 -0.04193896 -0.02075999 -0.09920495 -0.04137098 -0.02174299 -0.09894198 -0.04091596 -0.02253097 -0.09821397 -0.04066395 -0.02296799 -0.09716296 -0.04066395 -0.02296799 -0.09599697 -0.04091596 -0.02253097 -0.09494596 -0.04137098 -0.02174299 -0.09421795 -0.04193896 -0.02075999 -0.09395498 -0.04250794 -0.01977396 -0.09420996 -0.04310995 -0.018332 -0.09697997 -0.04318398 -0.01839196 -0.09700399 -0.04322195 -0.01844996 -0.09705495 -0.04322195 -0.01844996 -0.09610497 -0.04318398 -0.01839196 -0.096156 -0.04310995 -0.018332 -0.09617996 -0.03894996 -0.016137 -0.09697997 -0.03883194 -0.01633995 -0.09690397 -0.03875994 -0.01646596 -0.096704 -0.03875994 -0.01646596 -0.09645599 -0.03883194 -0.01633995 -0.09625595 -0.03894996 -0.016137 -0.09617996 -0.04315894 -0.01824694 -0.09709799 -0.04292994 -0.01864194 -0.09819096 -0.04322695 -0.01831698 -0.097108 -0.043006 -0.01871097 -0.098176 -0.043253 -0.01839697 -0.09713 -0.04303896 -0.01879996 -0.09813398 -0.04262197 -0.01952195 -0.09891498 -0.04208195 -0.02045798 -0.09928596 -0.04151296 -0.02144396 -0.09917998 -0.04101598 -0.02230495 -0.09861797 -0.04067695 -0.02289098 -0.09769695 -0.04055798 -0.02309799 -0.09657996 -0.04067695 -0.02289098 -0.09546297 -0.04101598 -0.02230495 -0.09454196 -0.04151296 -0.02144396 -0.09397995 -0.04208195 -0.02045798 -0.09387397 -0.04262197 -0.01952195 -0.09424495 -0.04303896 -0.01879996 -0.09502595 -0.043253 -0.01839697 -0.09602999 -0.043006 -0.01871097 -0.09498399 -0.04315894 -0.01824694 -0.096062 -0.04292994 -0.01864194 -0.09496897 -0.04249799 -0.019391 -0.094159 -0.04257798 -0.01945298 -0.09418195 -0.04193794 -0.02036195 -0.09377497 -0.042023 -0.02041399 -0.09380197 -0.04134798 -0.02138298 -0.09388399 -0.04143899 -0.02142596 -0.09390997 -0.04083299 -0.02227598 -0.09446698 -0.04092794 -0.02231097 -0.09448695 -0.04048198 -0.02288299 -0.09542196 -0.04058098 -0.02291196 -0.09543299 -0.04035794 -0.02309799 -0.09657996 -0.04045796 -0.02312499 -0.09657996 -0.04048198 -0.02288299 -0.09773796 -0.04058098 -0.02291196 -0.097727 -0.04083299 -0.02227598 -0.09869295 -0.04092794 -0.02231097 -0.09867298 -0.04134798 -0.02138298 -0.099276 -0.04143899 -0.02142596 -0.09924995 -0.04193794 -0.02036195 -0.09938496 -0.042023 -0.02041399 -0.09935796 -0.04249799 -0.019391 -0.09900099 -0.04257798 -0.01945298 -0.09897798 -0.04322695 -0.01831698 -0.09605199 -0.04323798 -0.01843899 -0.09707099 -0.04320996 -0.01837098 -0.097018 -0.04320096 -0.018359 -0.09700995 -0.04322797 -0.01834899 -0.09704297 -0.04321998 -0.01833498 -0.097036 -0.04323399 -0.01832997 -0.09707599 -0.043226 -0.01831495 -0.09707099 -0.04320496 -0.01828598 -0.09706199 -0.04315596 -0.01825195 -0.09704101 -0.04319798 -0.018305 -0.09702396 -0.04313695 -0.01828396 -0.09699696 -0.04317796 -0.01833295 -0.09699696 -0.04325395 -0.01841098 -0.09710997 -0.04324895 -0.01842498 -0.09708899 -0.03903895 -0.01598197 -0.09697997 -0.04323399 -0.01832997 -0.09608399 -0.04325395 -0.01841098 -0.09604996 -0.04320496 -0.01828598 -0.096098 -0.043226 -0.01831495 -0.096089 -0.04322797 -0.01834899 -0.09611696 -0.04324895 -0.01842498 -0.096071 -0.04323798 -0.01843899 -0.096089 -0.04315596 -0.01825195 -0.09611898 -0.04319798 -0.018305 -0.09613597 -0.04321998 -0.01833498 -0.09612399 -0.04320096 -0.018359 -0.09614998 -0.04320996 -0.01837098 -0.09614199 -0.04313695 -0.01828396 -0.09616297 -0.04317796 -0.01833295 -0.09616297 -0.03903895 -0.01598197 -0.09617996 -0.03626799 -0.02078199 -0.09785497 -0.03613197 -0.02101695 -0.09657996 -0.03628695 -0.02074795 -0.09657996 -0.03626799 -0.02078199 -0.09530496 -0.036412 -0.02053296 -0.09542196 -0.03665095 -0.02011895 -0.09424996 -0.03676199 -0.01992595 -0.09446698 -0.03721499 -0.01914095 -0.093598 -0.03727799 -0.01903295 -0.09388399 -0.03786396 -0.01801794 -0.09346199 -0.03786695 -0.01801198 -0.09377497 -0.03848397 -0.01694399 -0.09386497 -0.03842794 -0.01704096 -0.094159 -0.03896796 -0.01610499 -0.09473699 -0.03885996 -0.01629197 -0.09496897 -0.03923296 -0.01564598 -0.09592795 -0.03908795 -0.01589697 -0.096062 -0.03908497 -0.01590198 -0.09611898 -0.03923296 -0.01564598 -0.09723198 -0.03906697 -0.01593399 -0.09616297 -0.03908497 -0.01590198 -0.09704101 -0.03906697 -0.01593399 -0.09699696 -0.03896796 -0.01610499 -0.098423 -0.03885996 -0.01629197 -0.09819096 -0.03908795 -0.01589697 -0.09709799 -0.03842794 -0.01704096 -0.09900099 -0.03848397 -0.01694399 -0.09929496 -0.03786695 -0.01801198 -0.09938496 -0.03786396 -0.01801794 -0.099698 -0.03727799 -0.01903295 -0.099276 -0.03721499 -0.01914095 -0.09956198 -0.03676199 -0.01992595 -0.09869295 -0.03665095 -0.02011895 -0.09890997 -0.036412 -0.02053296 -0.09773796 -0.03951299 -0.01614195 -0.09709799 -0.03928399 -0.01653695 -0.09819096 -0.03885197 -0.017286 -0.09900099 -0.03829199 -0.01825696 -0.09938496 -0.03770196 -0.01927798 -0.099276 -0.03718698 -0.02017098 -0.09869295 -0.03683596 -0.020778 -0.09773796 -0.03671199 -0.02099299 -0.09657996 -0.03683596 -0.020778 -0.09542196 -0.03718698 -0.02017098 -0.09446698 -0.03770196 -0.01927798 -0.09388399 -0.03829199 -0.01825696 -0.09377497 -0.03885197 -0.017286 -0.094159 -0.03928399 -0.01653695 -0.09496897 -0.03951299 -0.01614195 -0.096062 -0.03943496 -0.01609897 -0.09705299 -0.03938597 -0.01606899 -0.097063 -0.03936696 -0.016056 -0.09707599 -0.03935998 -0.01605194 -0.09708595 -0.03935694 -0.01605194 -0.09709799 -0.03948599 -0.01612597 -0.09706395 -0.03950399 -0.01613497 -0.09707695 -0.03951096 -0.01613897 -0.09708595 -0.03935694 -0.01605194 -0.096062 -0.03912895 -0.01644694 -0.09496897 -0.03869599 -0.01719599 -0.094159 -0.038136 -0.01816695 -0.09377497 -0.03754597 -0.01918798 -0.09388399 -0.03703099 -0.02008098 -0.09446698 -0.03667998 -0.02068799 -0.09542196 -0.036556 -0.02090299 -0.09657996 -0.03667998 -0.02068799 -0.09773796 -0.03703099 -0.02008098 -0.09869295 -0.03754597 -0.01918798 -0.099276 -0.038136 -0.01816695 -0.09938496 -0.03869599 -0.01719599 -0.09900099 -0.03912895 -0.01644694 -0.09819096 -0.03942996 -0.01609694 -0.096107 -0.03948098 -0.01612299 -0.096098 -0.03950297 -0.01613396 -0.09608495 -0.03950995 -0.01613897 -0.09607398 -0.03938394 -0.01606696 -0.09609597 -0.03936696 -0.016056 -0.09608298 -0.03935998 -0.01605194 -0.09607297 -0.03706699 -0.01938599 -0.09961098 -0.03708195 -0.01946097 -0.09974896 -0.03769499 -0.01829898 -0.09986096 -0.03773897 -0.01832395 -0.10001 -0.03817099 -0.01747399 -0.09972 -0.03839498 -0.01718795 -0.09974896 -0.03860598 -0.01671999 -0.09930795 -0.03895097 -0.01622396 -0.09900498 -0.03896296 -0.01610195 -0.09866195 -0.03932297 -0.01557999 -0.09789299 -0.03920996 -0.01567399 -0.09783595 -0.03932696 -0.01547098 -0.09690195 -0.03945398 -0.01535397 -0.09657996 -0.03930395 -0.01551198 -0.09593999 -0.03932297 -0.01557999 -0.09526699 -0.03914099 -0.01579296 -0.09503298 -0.03895097 -0.01622396 -0.09415495 -0.03885495 -0.01628994 -0.09425997 -0.038468 -0.01695895 -0.09368598 -0.03839498 -0.01718795 -0.09341096 -0.03801494 -0.017744 -0.09336197 -0.03773897 -0.01832395 -0.09314996 -0.03753399 -0.01857697 -0.093315 -0.03708195 -0.01946097 -0.09341096 -0.03706699 -0.01938599 -0.09354895 -0.03665399 -0.02010196 -0.09404397 -0.03652596 -0.02042496 -0.09415495 -0.03632998 -0.02066195 -0.09475696 -0.03615397 -0.02106899 -0.09526699 -0.036125 -0.02101796 -0.09562796 -0.03602397 -0.02129495 -0.09657996 -0.03605395 -0.02113997 -0.09657996 -0.03617894 -0.02092397 -0.09783595 -0.03615397 -0.02106899 -0.09789299 -0.03653395 -0.02030795 -0.09889996 -0.03652596 -0.02042496 -0.09900498 -0.03927296 -0.01584899 -0.09657996 -0.03916299 -0.01604098 -0.09546595 -0.03884696 -0.01658797 -0.09452199 -0.03837496 -0.01740497 -0.09389096 -0.03781795 -0.01836997 -0.09366899 -0.03726094 -0.01933497 -0.09389096 -0.036789 -0.02015298 -0.09452199 -0.03647297 -0.02069896 -0.09546595 -0.03636294 -0.02089095 -0.09657996 -0.03647297 -0.02069896 -0.09769397 -0.03945398 -0.01606398 -0.09657996 -0.03972995 -0.01611298 -0.09657996 -0.03961896 -0.01630496 -0.09769397 -0.03930395 -0.01685094 -0.09863799 -0.03883099 -0.01766896 -0.09926897 -0.038275 -0.01863396 -0.099491 -0.03771799 -0.01959794 -0.09926897 -0.03724497 -0.02041596 -0.09863799 -0.03692996 -0.02096295 -0.09769397 -0.03681898 -0.02115499 -0.09657996 -0.03692996 -0.02096295 -0.09546595 -0.03681898 -0.02143496 -0.09657996 -0.03693896 -0.021227 -0.09537297 -0.03663897 -0.02164995 -0.09657996 -0.03676897 -0.02142399 -0.09526699 -0.03636294 -0.02169895 -0.09657996 -0.03649997 -0.02146095 -0.09519797 -0.03611999 -0.02155798 -0.09657996 -0.03625696 -0.02131998 -0.09519797 -0.03961896 -0.01630496 -0.09546595 -0.03985297 -0.01617997 -0.09537297 -0.03951096 -0.01677298 -0.09434998 -0.03956598 -0.01657897 -0.09415495 -0.03900998 -0.01754295 -0.09341096 -0.03885895 -0.017376 -0.09324496 -0.03816795 -0.01857197 -0.09296995 -0.037925 -0.01843196 -0.09296995 -0.03723394 -0.01962798 -0.09324496 -0.03930395 -0.01685094 -0.09452199 -0.03899896 -0.01765894 -0.09366595 -0.03835397 -0.01867896 -0.09314996 -0.03747695 -0.01976895 -0.09324496 -0.03664797 -0.02064299 -0.09402698 -0.03883099 -0.01766896 -0.09389096 -0.038396 -0.01870399 -0.09342598 -0.03769695 -0.01981598 -0.09341096 -0.03689098 -0.02078294 -0.09402698 -0.038275 -0.01863396 -0.09366899 -0.03779196 -0.01974898 -0.09366595 -0.03714096 -0.02077996 -0.09415495 -0.03771799 -0.01959794 -0.09389096 -0.03728097 -0.02063494 -0.09434998 -0.03724497 -0.02041596 -0.09452199 -0.03916299 -0.01604098 -0.09769397 -0.03884696 -0.01658797 -0.09863799 -0.03837496 -0.01740497 -0.09926897 -0.03781795 -0.01836997 -0.099491 -0.03726094 -0.01933497 -0.09926897 -0.036789 -0.02015298 -0.09863799 -0.03828698 -0.01864099 -0.100107 -0.03835397 -0.01867896 -0.10001 -0.03900998 -0.01754295 -0.09974896 -0.038396 -0.01870399 -0.099734 -0.03899896 -0.01765894 -0.09949398 -0.03816795 -0.01857197 -0.10019 -0.03747695 -0.01976895 -0.09991496 -0.037925 -0.01843196 -0.10019 -0.03723394 -0.01962798 -0.09991496 -0.038616 -0.01723498 -0.09991496 -0.03920096 -0.01622098 -0.09913295 -0.03959298 -0.01554298 -0.09796196 -0.03972995 -0.01530498 -0.09657996 -0.03959298 -0.01554298 -0.09519797 -0.03920096 -0.01622098 -0.09402698 -0.038616 -0.01723498 -0.09324496 -0.03885895 -0.017376 -0.09991496 -0.03944396 -0.01636099 -0.09913295 -0.03983497 -0.01568299 -0.09796196 -0.03997296 -0.01544499 -0.09657996 -0.03983497 -0.01568299 -0.09519797 -0.03944396 -0.01636099 -0.09402698 -0.03956598 -0.01657897 -0.09900498 -0.03993797 -0.015935 -0.09789299 -0.04006898 -0.01570898 -0.09657996 -0.03993797 -0.015935 -0.09526699 -0.03769695 -0.01981598 -0.09974896 -0.03714096 -0.02077996 -0.09900498 -0.03689098 -0.02078294 -0.09913295 -0.03676897 -0.02142399 -0.09789299 -0.03649997 -0.02146095 -0.09796196 -0.03779196 -0.01974898 -0.09949398 -0.03728097 -0.02063494 -0.09880995 -0.03693896 -0.021227 -0.09778696 -0.03664797 -0.02064299 -0.09913295 -0.03625696 -0.02131998 -0.09796196 -0.03997296 -0.01597297 -0.09657996 -0.03985297 -0.01617997 -0.09778696 -0.03951096 -0.01677298 -0.09880995 -0.03606599 -0.02103197 -0.09561496 -0.03599399 -0.02115595 -0.09657996 -0.03612095 -0.02093696 -0.09785199 -0.03648096 -0.02031296 -0.09893095 -0.03701996 -0.01937896 -0.09965199 -0.03765696 -0.01827698 -0.09990495 -0.03813898 -0.01744097 -0.09976196 -0.03858 -0.01667696 -0.09934496 -0.03894197 -0.01605099 -0.09868896 -0.03919297 -0.01561695 -0.09785199 -0.03931099 -0.01541095 -0.096906 -0.03928697 -0.01545298 -0.09593099 -0.03912299 -0.01573699 -0.09501296 -0.03883194 -0.01624095 -0.09422898 -0.03843998 -0.01691997 -0.09364795 -0.03798097 -0.01771497 -0.09331899 -0.037494 -0.01855897 -0.09327095 -0.03701996 -0.01937896 -0.093508 -0.03660196 -0.02010399 -0.09400999 -0.03627395 -0.02067095 -0.09473299 -0.03941297 -0.01523494 -0.09764599 -0.03949195 -0.01509797 -0.09657996 -0.03945696 -0.01515895 -0.09586399 -0.03935199 -0.01533997 -0.09517496 -0.03918296 -0.01563298 -0.09453999 -0.03895497 -0.016029 -0.093984 -0.03867596 -0.01651096 -0.09352797 -0.03835898 -0.01705998 -0.09318798 -0.03801494 -0.01765698 -0.09297895 -0.03765696 -0.01827698 -0.09290897 -0.03712397 -0.01919996 -0.09306699 -0.03663694 -0.02004295 -0.09352797 -0.03623795 -0.02073496 -0.09425097 -0.03596097 -0.02121394 -0.09517496 -0.03582996 -0.02144098 -0.09621995 -0.03585594 -0.02139496 -0.09729599 -0.03603798 -0.02108097 -0.098311 -0.03635895 -0.02052497 -0.09917598 -0.03679096 -0.01977598 -0.09981799 -0.03729796 -0.01889699 -0.100181 -0.03783595 -0.01796495 -0.100233 -0.03835898 -0.01705998 -0.099972 -0.03882098 -0.01625996 -0.09941798 -0.03918296 -0.01563298 -0.09861999 0.001429975 -0.04999995 -0.09475696 0.001459956 -0.05014997 -0.09494 0.00149995 -0.04999995 -0.09494996 0.001404941 -0.05014997 -0.09510898 0.001429975 -0.04999995 -0.09514296 0.001254975 -0.05014997 -0.09520399 0.001251995 -0.04999995 -0.095245 0.001078963 -0.05014997 -0.09517997 0.001049995 -0.04999995 -0.09520995 9.6e-4 -0.05014997 -0.09504801 9.18e-4 -0.04999995 -0.09505295 9.53e-4 -0.05014997 -0.09487098 9.18e-4 -0.04999995 -0.09484696 0.001060962 -0.05014997 -0.09472995 0.001049995 -0.04999995 -0.09468996 0.001234948 -0.05014997 -0.094693 0.001251995 -0.04999995 -0.09465497 0.001391947 -0.05014997 -0.09477496 0.001349985 -0.05025994 -0.094944 0.00119996 -0.0503 -0.09494996 0.001318991 -0.05025994 -0.09504199 0.001231968 -0.05025994 -0.095097 0.001129984 -0.05025994 -0.09508299 0.001060962 -0.05025994 -0.095007 0.001056969 -0.05025994 -0.094904 0.001119971 -0.05025994 -0.094823 0.001219987 -0.05025994 -0.094801 0.001310944 -0.05025994 -0.09484899 -1.2e-4 -0.04999995 -0.09435695 -9e-5 -0.05014997 -0.09453999 -5e-5 -0.04999995 -0.09454995 -1.45e-4 -0.05014997 -0.09470897 -1.2e-4 -0.04999995 -0.09474295 -2.95e-4 -0.05014997 -0.09480398 -2.98e-4 -0.04999995 -0.09484499 -4.71e-4 -0.05014997 -0.09477996 -5e-4 -0.04999995 -0.09481 -5.9e-4 -0.05014997 -0.094648 -6.32e-4 -0.04999995 -0.09465301 -5.97e-4 -0.05014997 -0.09447097 -6.32e-4 -0.04999995 -0.09444695 -4.89e-4 -0.05014997 -0.09432995 -5e-4 -0.04999995 -0.09428995 -3.15e-4 -0.05014997 -0.09429299 -2.98e-4 -0.04999995 -0.09425497 -1.58e-4 -0.05014997 -0.09437495 -2e-4 -0.05025994 -0.09454399 -3.5e-4 -0.0503 -0.09454995 -2.31e-4 -0.05025994 -0.09464198 -3.18e-4 -0.05025994 -0.09469699 -4.2e-4 -0.05025994 -0.09468299 -4.89e-4 -0.05025994 -0.09460699 -4.93e-4 -0.05025994 -0.09450399 -4.3e-4 -0.05025994 -0.09442299 -3.3e-4 -0.05025994 -0.094401 -2.39e-4 -0.05025994 -0.09444898 -0.001419961 -0.04999995 -0.09530699 -0.00138998 -0.05014997 -0.09548997 -0.001349985 -0.04999995 -0.09549999 -0.001444995 -0.05014997 -0.09565895 -0.001419961 -0.04999995 -0.09569299 -0.00159496 -0.05014997 -0.09575396 -0.00159794 -0.04999995 -0.09579497 -0.001770973 -0.05014997 -0.09573 -0.001799941 -0.04999995 -0.09575998 -0.001889944 -0.05014997 -0.09559798 -0.001931965 -0.04999995 -0.09560298 -0.001896977 -0.05014997 -0.09542095 -0.001931965 -0.04999995 -0.09539699 -0.001788973 -0.05014997 -0.09527999 -0.001799941 -0.04999995 -0.09523999 -0.001614987 -0.05014997 -0.09524297 -0.00159794 -0.04999995 -0.095205 -0.001457989 -0.05014997 -0.09532499 -0.00149995 -0.05025994 -0.09549397 -0.001649975 -0.0503 -0.09549999 -0.001530945 -0.05025994 -0.09559196 -0.001617968 -0.05025994 -0.09564697 -0.001719951 -0.05025994 -0.09563297 -0.001788973 -0.05025994 -0.09555697 -0.001792967 -0.05025994 -0.09545397 -0.001729965 -0.05025994 -0.09537297 -0.001629948 -0.05025994 -0.09535098 -0.001538991 -0.05025994 -0.09539896 0.002079963 -0.04999995 -0.09620696 0.002109944 -0.05014997 -0.09639 0.002149999 -0.04999995 -0.09639996 0.002054989 -0.05014997 -0.09655898 0.002079963 -0.04999995 -0.09659296 0.001904964 -0.05014997 -0.09665399 0.001901984 -0.04999995 -0.096695 0.001728951 -0.05014997 -0.09662997 0.001699984 -0.04999995 -0.09665995 0.001609981 -0.05014997 -0.09649795 0.001567959 -0.04999995 -0.09650295 0.001602947 -0.05014997 -0.09632098 0.001567959 -0.04999995 -0.09629696 0.001710951 -0.05014997 -0.09617996 0.001699984 -0.04999995 -0.09613996 0.001884996 -0.05014997 -0.096143 0.001901984 -0.04999995 -0.09610497 0.002041995 -0.05014997 -0.09622496 0.001999974 -0.05025994 -0.096394 0.001849949 -0.0503 -0.09639996 0.001968979 -0.05025994 -0.09649199 0.001881957 -0.05025994 -0.096547 0.001779973 -0.05025994 -0.096533 0.001710951 -0.05025994 -0.096457 0.001706957 -0.05025994 -0.096354 0.001769959 -0.05025994 -0.096273 0.001869976 -0.05025994 -0.09625101 0.001960992 -0.05025994 -0.09629899 2.3e-4 -0.04999995 -0.09620696 2.6e-4 -0.05014997 -0.09639 3e-4 -0.04999995 -0.09639996 2.05e-4 -0.05014997 -0.09655898 2.3e-4 -0.04999995 -0.09659296 5.5e-5 -0.05014997 -0.09665399 5.2e-5 -0.04999995 -0.096695 -1.21e-4 -0.05014997 -0.09662997 -1.5e-4 -0.04999995 -0.09665995 -2.4e-4 -0.05014997 -0.09649795 -2.82e-4 -0.04999995 -0.09650295 -2.47e-4 -0.05014997 -0.09632098 -2.82e-4 -0.04999995 -0.09629696 -1.39e-4 -0.05014997 -0.09617996 -1.5e-4 -0.04999995 -0.09613996 3.5e-5 -0.05014997 -0.096143 5.2e-5 -0.04999995 -0.09610497 1.92e-4 -0.05014997 -0.09622496 1.5e-4 -0.05025994 -0.096394 0 -0.0503 -0.09639996 1.19e-4 -0.05025994 -0.09649199 3.2e-5 -0.05025994 -0.096547 -7e-5 -0.05025994 -0.096533 -1.39e-4 -0.05025994 -0.096457 -1.43e-4 -0.05025994 -0.096354 -8e-5 -0.05025994 -0.096273 2e-5 -0.05025994 -0.09625101 1.11e-4 -0.05025994 -0.09629899 -0.001419961 -0.04999995 -0.09710699 -0.00138998 -0.05014997 -0.09728997 -0.001349985 -0.04999995 -0.09729999 -0.001444995 -0.05014997 -0.09745895 -0.001419961 -0.04999995 -0.09749299 -0.00159496 -0.05014997 -0.09755396 -0.00159794 -0.04999995 -0.09759497 -0.001770973 -0.05014997 -0.09753 -0.001799941 -0.04999995 -0.09755998 -0.001889944 -0.05014997 -0.09739798 -0.001931965 -0.04999995 -0.09740298 -0.001896977 -0.05014997 -0.09722095 -0.001931965 -0.04999995 -0.09719699 -0.001788973 -0.05014997 -0.09707999 -0.001799941 -0.04999995 -0.09703999 -0.001614987 -0.05014997 -0.09704297 -0.00159794 -0.04999995 -0.097005 -0.001457989 -0.05014997 -0.09712499 -0.00149995 -0.05025994 -0.09729397 -0.001649975 -0.0503 -0.09729999 -0.001530945 -0.05025994 -0.09739196 -0.001617968 -0.05025994 -0.09744697 -0.001719951 -0.05025994 -0.09743297 -0.001788973 -0.05025994 -0.09735697 -0.001792967 -0.05025994 -0.09725397 -0.001729965 -0.05025994 -0.09717297 -0.001629948 -0.05025994 -0.09715098 -0.001538991 -0.05025994 -0.09719896 -1.2e-4 -0.04999995 -0.09805697 -9e-5 -0.05014997 -0.09823995 -5e-5 -0.04999995 -0.09824997 -1.45e-4 -0.05014997 -0.09840899 -1.2e-4 -0.04999995 -0.09844297 -2.95e-4 -0.05014997 -0.098504 -2.98e-4 -0.04999995 -0.09854495 -4.71e-4 -0.05014997 -0.09847998 -5e-4 -0.04999995 -0.09850996 -5.9e-4 -0.05014997 -0.09834796 -6.32e-4 -0.04999995 -0.09835296 -5.97e-4 -0.05014997 -0.09817099 -6.32e-4 -0.04999995 -0.09814697 -4.89e-4 -0.05014997 -0.09802997 -5e-4 -0.04999995 -0.09798997 -3.15e-4 -0.05014997 -0.09799295 -2.98e-4 -0.04999995 -0.09795498 -1.58e-4 -0.05014997 -0.09807497 -2e-4 -0.05025994 -0.09824395 -3.5e-4 -0.0503 -0.09824997 -2.31e-4 -0.05025994 -0.098342 -3.18e-4 -0.05025994 -0.09839695 -4.2e-4 -0.05025994 -0.098383 -4.89e-4 -0.05025994 -0.09830695 -4.93e-4 -0.05025994 -0.09820395 -4.3e-4 -0.05025994 -0.09812295 -3.3e-4 -0.05025994 -0.09810096 -2.39e-4 -0.05025994 -0.098149 0.001429975 -0.04999995 -0.09765696 0.001459956 -0.05014997 -0.09784001 0.00149995 -0.04999995 -0.09784996 0.001404941 -0.05014997 -0.09800899 0.001429975 -0.04999995 -0.09804296 0.001254975 -0.05014997 -0.098104 0.001251995 -0.04999995 -0.098145 0.001078963 -0.05014997 -0.09807997 0.001049995 -0.04999995 -0.09810996 9.6e-4 -0.05014997 -0.09794795 9.18e-4 -0.04999995 -0.09795296 9.53e-4 -0.05014997 -0.09777098 9.18e-4 -0.04999995 -0.09774696 0.001060962 -0.05014997 -0.09762996 0.001049995 -0.04999995 -0.09758996 0.001234948 -0.05014997 -0.097593 0.001251995 -0.04999995 -0.09755498 0.001391947 -0.05014997 -0.09767496 0.001349985 -0.05025994 -0.097844 0.00119996 -0.0503 -0.09784996 0.001318991 -0.05025994 -0.09794199 0.001231968 -0.05025994 -0.097997 0.001129984 -0.05025994 -0.097983 0.001060962 -0.05025994 -0.097907 0.001056969 -0.05025994 -0.097804 0.001119971 -0.05025994 -0.097723 0.001219987 -0.05025994 -0.09770095 0.001310944 -0.05025994 -0.09774899 -0.03954994 -0.01509797 -0.09657996 -0.03946995 -0.01523596 -0.09765398 -0.03923797 -0.01563799 -0.09863597 -0.03887295 -0.01626896 -0.09943997 -0.03840798 -0.01707595 -0.09999799 -0.03788095 -0.01798796 -0.100262 -0.03733897 -0.01892697 -0.1002089 -0.03682798 -0.01981198 -0.09984296 -0.03639197 -0.02056795 -0.09919595 -0.03606796 -0.02112799 -0.098324 -0.03588497 -0.02144497 -0.09730195 -0.03585898 -0.02149099 -0.09621697 -0.03599095 -0.02126199 -0.095164 -0.03626996 -0.02077895 -0.09423297 -0.03667199 -0.02008199 -0.09350395 -0.03716295 -0.01923197 -0.09303897 -0.03769999 -0.01830196 -0.09288001 -0.03806096 -0.01767694 -0.09295099 -0.03840798 -0.01707595 -0.093162 -0.03872799 -0.01652199 -0.09350395 -0.03900796 -0.01603597 -0.09396398 -0.03923797 -0.01563799 -0.09452396 -0.03940898 -0.01534199 -0.095164 -0.039514 -0.01515895 -0.09585797 9.98e-4 -0.04549998 -0.09472799 0.00118798 -0.04549998 -0.09464997 0.00138396 -0.04549998 -0.09471297 0.001492977 -0.04549998 -0.094886 0.001465976 -0.04549998 -0.09508997 0.001313984 -0.04549998 -0.09522795 0.001108944 -0.04549998 -0.095236 9.46e-4 -0.04549998 -0.09510999 9.03e-4 -0.04549998 -0.09490996 -5.52e-4 -0.04549998 -0.09432798 -3.62e-4 -0.04549998 -0.09424996 -1.66e-4 -0.04549998 -0.09431296 -5.7e-5 -0.04549998 -0.09448599 -8.4e-5 -0.04549998 -0.09468996 -2.36e-4 -0.04549998 -0.094828 -4.41e-4 -0.04549998 -0.09483599 -6.04e-4 -0.04549998 -0.09470999 -6.47e-4 -0.04549998 -0.09450995 -0.001851975 -0.04549998 -0.09527796 -0.001661956 -0.04549998 -0.0952 -0.001465976 -0.04549998 -0.095263 -0.001356959 -0.04549998 -0.09543597 -0.00138396 -0.04549998 -0.09564 -0.001535952 -0.04549998 -0.09577798 -0.001740992 -0.04549998 -0.09578597 -0.001903951 -0.04549998 -0.09565997 -0.001946985 -0.04549998 -0.09545999 0.001647949 -0.04549998 -0.09617799 0.001837968 -0.04549998 -0.09609997 0.002033948 -0.04549998 -0.09616297 0.002142965 -0.04549998 -0.096336 0.002115964 -0.04549998 -0.09653997 0.001963973 -0.04549998 -0.09667795 0.001758992 -0.04549998 -0.096686 0.001595973 -0.04549998 -0.09656 0.001552999 -0.04549998 -0.09635996 -2.02e-4 -0.04549998 -0.09617799 -1.2e-5 -0.04549998 -0.09609997 1.84e-4 -0.04549998 -0.09616297 2.93e-4 -0.04549998 -0.096336 2.66e-4 -0.04549998 -0.09653997 1.14e-4 -0.04549998 -0.09667795 -9.1e-5 -0.04549998 -0.096686 -2.54e-4 -0.04549998 -0.09656 -2.97e-4 -0.04549998 -0.09635996 -0.001851975 -0.04549998 -0.09707796 -0.001661956 -0.04549998 -0.097 -0.001465976 -0.04549998 -0.097063 -0.001356959 -0.04549998 -0.09723597 -0.00138396 -0.04549998 -0.09744 -0.001535952 -0.04549998 -0.09757798 -0.001740992 -0.04549998 -0.09758597 -0.001903951 -0.04549998 -0.09745997 -0.001946985 -0.04549998 -0.09725999 -5.52e-4 -0.04549998 -0.098028 -3.62e-4 -0.04549998 -0.09794998 -1.66e-4 -0.04549998 -0.09801298 -5.7e-5 -0.04549998 -0.09818595 -8.4e-5 -0.04549998 -0.09838998 -2.36e-4 -0.04549998 -0.09852796 -4.41e-4 -0.04549998 -0.09853595 -6.04e-4 -0.04549998 -0.09841001 -6.47e-4 -0.04549998 -0.09820997 9.98e-4 -0.04549998 -0.09762799 0.00118798 -0.04549998 -0.09754997 0.00138396 -0.04549998 -0.09761297 0.001492977 -0.04549998 -0.097786 0.001465976 -0.04549998 -0.09798997 0.001313984 -0.04549998 -0.09812796 0.001108944 -0.04549998 -0.098136 9.46e-4 -0.04549998 -0.09801 9.03e-4 -0.04549998 -0.09780997 -0.04003095 -0.01566398 -0.09791696 -0.04015594 -0.01544797 -0.09657996 -0.03967297 -0.01628398 -0.09907299 -0.03913098 -0.01722395 -0.09989196 -0.038477 -0.01835596 -0.100264 -0.03779995 -0.01952898 -0.100139 -0.03719097 -0.02058297 -0.09953296 -0.03673297 -0.02137595 -0.09852796 -0.03648799 -0.02180194 -0.09725999 -0.03648799 -0.02180194 -0.09589999 -0.03673297 -0.02137595 -0.09463196 -0.03719097 -0.02058297 -0.09362697 -0.03779995 -0.01952898 -0.09302097 -0.038477 -0.01835596 -0.09289598 -0.03913098 -0.01722395 -0.09326797 -0.03967297 -0.01628398 -0.094087 -0.04003095 -0.01566398 -0.09524297 -0.002777993 -0.04549998 -0.09674996 -0.002465963 -0.04549998 -0.09772598 -0.002585947 -0.04549998 -0.09674996 -0.002379953 -0.04549998 -0.09668296 -0.002252995 -0.04549998 -0.09650796 -0.002252995 -0.04549998 -0.09629195 -0.001785993 -0.04549998 -0.09855699 -8.42e-4 -0.04549998 -0.09906995 1.75e-4 -0.04549998 -0.099195 0.001167953 -0.04549998 -0.09894496 0.002040982 -0.04549998 -0.09831696 0.002611994 -0.04549998 -0.09740698 0.002799987 -0.04549998 -0.09639996 0.002612948 -0.04549998 -0.095393 0.002040982 -0.04549998 -0.09448295 0.001168966 -0.04549998 -0.09385597 1.76e-4 -0.04549998 -0.09360498 -8.41e-4 -0.04549998 -0.09372895 -0.00178498 -0.04549998 -0.09424299 -0.002465963 -0.04549998 -0.09507399 -0.002585947 -0.04549998 -0.09604996 -0.002379953 -0.04549998 -0.09611696 -0.002777993 -0.04549998 -0.09604996 -0.002827942 -0.04551297 -0.09604996 -0.002742946 -0.04551297 -0.095627 -0.00219196 -0.04551297 -0.09457796 -0.001260995 -0.04551297 -0.09384399 -1.13e-4 -0.04551297 -0.09355199 0.001055955 -0.04551297 -0.09375298 0.002040982 -0.04551297 -0.09441095 0.002673983 -0.04551297 -0.09541296 0.002843976 -0.04551297 -0.09658598 0.002522945 -0.04551297 -0.09772598 0.001764953 -0.04551297 -0.09863799 7.02e-4 -0.04551297 -0.09916198 -4.82e-4 -0.04551297 -0.09920901 -0.001580953 -0.04551297 -0.09877097 -0.002409994 -0.04551297 -0.09792095 -0.002819955 -0.04551297 -0.09680998 -0.002827942 -0.04551297 -0.09674996 -0.002864956 -0.04554998 -0.09674996 -0.002856969 -0.04554998 -0.09681499 -0.002440989 -0.04554998 -0.09794098 -0.001599967 -0.04554998 -0.09880298 -4.88e-4 -0.04554998 -0.09924495 7.11e-4 -0.04554998 -0.09919798 0.00178796 -0.04554998 -0.09866696 0.002554953 -0.04554998 -0.09774297 0.002879977 -0.04554998 -0.09658795 0.002707958 -0.04554998 -0.09539997 0.002066969 -0.04554998 -0.09438496 0.001068949 -0.04554998 -0.093719 -1.14e-4 -0.04554998 -0.09351599 -0.001276969 -0.04554998 -0.09381097 -0.002219974 -0.04554998 -0.09455496 -0.002777993 -0.04554998 -0.09561699 -0.002864956 -0.04554998 -0.09604996 -0.002878963 -0.04559999 -0.09604996 -0.002468943 -0.04559999 -0.09487795 -0.001605987 -0.04559999 -0.09398496 -4.48e-4 -0.04559999 -0.093535 7.91e-4 -0.04559999 -0.09360998 0.001884996 -0.04559999 -0.09419697 0.002633988 -0.04559999 -0.095187 0.002899944 -0.04559999 -0.09639996 0.002633988 -0.04559999 -0.09761297 0.001884996 -0.04559999 -0.09860301 7.91e-4 -0.04559999 -0.09918999 -4.48e-4 -0.04559999 -0.09926497 -0.001605987 -0.04559999 -0.09881496 -0.002878963 -0.04559999 -0.09674996 -0.002468943 -0.04559999 -0.09792196 -0.03641796 -0.02192199 -0.09511697 -0.03628098 -0.02215898 -0.09657996 -0.03641796 -0.02192199 -0.09804296 -0.03680998 -0.02124398 -0.09930795 -0.03740298 -0.02021497 -0.100205 -0.03811895 -0.01897597 -0.1006129 -0.03885996 -0.01769196 -0.100475 -0.03952598 -0.01653796 -0.09981197 -0.04002797 -0.01567 -0.09871196 -0.04029697 -0.01520395 -0.09732395 -0.04029697 -0.01520395 -0.09583598 -0.04002797 -0.01567 -0.09444797 -0.03952598 -0.01653796 -0.09334796 -0.03885996 -0.01769196 -0.09268498 -0.03811895 -0.01897597 -0.09254699 -0.03740298 -0.02021497 -0.09295499 -0.03680998 -0.02124398 -0.09385198 -0.002878963 -0.05035895 -0.09604996 -0.002468943 -0.05035895 -0.09487795 -0.001605987 -0.05035895 -0.09398496 -4.48e-4 -0.05035895 -0.093535 7.91e-4 -0.05035895 -0.09360998 0.001884996 -0.05035895 -0.09419697 0.002633988 -0.05035895 -0.095187 0.002899944 -0.05035895 -0.09639996 0.002633988 -0.05035895 -0.09761297 0.001884996 -0.05035895 -0.09860301 7.91e-4 -0.05035895 -0.09918999 -4.48e-4 -0.05035895 -0.09926497 -0.001605987 -0.05035895 -0.09881496 -0.002468943 -0.05035895 -0.09792196 -0.002878963 -0.05035895 -0.09674996 -0.002585947 -0.05035895 -0.09674996 -0.002585947 -0.05035895 -0.09604996 -0.002379953 -0.05035895 -0.09611696 -0.002252995 -0.05035895 -0.09629195 -0.002252995 -0.05035895 -0.09650796 -0.002379953 -0.05035895 -0.09668296 -0.03757995 -0.02290898 -0.09657996 -0.03771698 -0.02267199 -0.09511697 -0.038109 -0.02199399 -0.09385198 -0.03870195 -0.02096498 -0.09295499 -0.03941798 -0.01972597 -0.09254699 -0.04015898 -0.01844197 -0.09268498 -0.04082494 -0.01728796 -0.09334796 -0.04132699 -0.01641994 -0.09444797 -0.04159599 -0.01595395 -0.09583598 -0.04159599 -0.01595395 -0.09732395 -0.04132699 -0.01641994 -0.09871196 -0.04082494 -0.01728796 -0.09981197 -0.04015898 -0.01844197 -0.100475 -0.03941798 -0.01972597 -0.1006129 -0.03870195 -0.02096498 -0.100205 -0.038109 -0.02199399 -0.09930795 -0.03771698 -0.02267199 -0.09804296 -0.002507984 -0.05042898 -0.09488695 -0.002911984 -0.05042898 -0.09607899 -0.002798974 -0.05039697 -0.09561097 -0.002887964 -0.050399 -0.09605801 -0.002235949 -0.05039697 -0.09454095 -0.001641988 -0.05042898 -0.09397399 -0.001286983 -0.05039697 -0.09379297 -4.72e-4 -0.05042898 -0.09350895 -1.15e-4 -0.05039697 -0.09349495 7.85e-4 -0.05042898 -0.09357798 0.001076996 -0.05039697 -0.09369897 0.001896977 -0.05042898 -0.094168 0.00208199 -0.05039697 -0.09437096 0.002658963 -0.05042898 -0.09517097 0.002727985 -0.05039697 -0.095393 0.002928972 -0.05042898 -0.09639996 0.002900958 -0.05039697 -0.09658998 0.002658963 -0.05042898 -0.09762901 0.002572953 -0.05039697 -0.09775298 0.001896977 -0.05042898 -0.09863197 0.001800954 -0.05039697 -0.09868299 7.85e-4 -0.05042898 -0.099222 7.16e-4 -0.05039697 -0.09921801 -4.72e-4 -0.05042898 -0.09929096 -4.92e-4 -0.05039697 -0.09926599 -0.001641988 -0.05042898 -0.09882599 -0.001611948 -0.05039697 -0.09881997 -0.002458989 -0.05039697 -0.097952 -0.002876996 -0.05039697 -0.09681797 -0.002887964 -0.050399 -0.09674096 -0.002911984 -0.05042898 -0.09672099 -0.002507984 -0.05042898 -0.09791296 -0.002585947 -0.05038398 -0.09674698 -0.002585947 -0.05040895 -0.09673696 -0.002585947 -0.05042898 -0.09672099 -0.002585947 -0.05038398 -0.096053 -0.00238496 -0.05039697 -0.09612298 -0.002259969 -0.05039697 -0.09629398 -0.002259969 -0.05039697 -0.09650599 -0.00238496 -0.05039697 -0.096677 -0.002396941 -0.05042898 -0.096659 -0.002585947 -0.05040895 -0.09606295 -0.002396941 -0.05042898 -0.09614098 -0.00228095 -0.05042898 -0.09630095 -0.00228095 -0.05042898 -0.09649896 -0.002585947 -0.05042898 -0.09607899 -0.03760498 -0.02286595 -0.09657996 -0.03773999 -0.022632 -0.09802496 -0.038127 -0.02196198 -0.09927499 -0.03871399 -0.02094596 -0.100161 -0.03942096 -0.01972198 -0.100563 -0.04015195 -0.01845395 -0.100427 -0.04080998 -0.01731395 -0.09977197 -0.04130595 -0.01645696 -0.09868597 -0.04157096 -0.01599699 -0.09731495 -0.04157096 -0.01599699 -0.09584498 -0.04130595 -0.01645696 -0.09447395 -0.04080998 -0.01731395 -0.09338796 -0.04015195 -0.01845395 -0.09273296 -0.03942096 -0.01972198 -0.092597 -0.03871399 -0.02094596 -0.09299898 -0.038127 -0.02196198 -0.093885 -0.03773999 -0.022632 -0.09513497 -0.002989947 -0.05049997 -0.09614998 -0.002644956 -0.05049997 -0.094985 -0.001866996 -0.05049997 -0.09405195 -7.83e-4 -0.05049997 -0.09350395 4.29e-4 -0.05049997 -0.09343099 0.001571953 -0.05049997 -0.093845 0.002455949 -0.05049997 -0.09467697 0.002937972 -0.05049997 -0.095793 0.002937972 -0.05049997 -0.09700697 0.002455949 -0.05049997 -0.09812295 0.001571953 -0.05049997 -0.09895497 4.29e-4 -0.05049997 -0.09936898 -7.83e-4 -0.05049997 -0.09929597 -0.001866996 -0.05049997 -0.09874796 -0.002644956 -0.05049997 -0.09781497 -0.002989947 -0.05049997 -0.09665 -0.002585947 -0.05049997 -0.09665 -0.002438962 -0.05049997 -0.09660196 -0.002347946 -0.05049997 -0.09647697 -0.002347946 -0.05049997 -0.09632295 -0.002438962 -0.05049997 -0.09619796 -0.002585947 -0.05049997 -0.09614998 -0.03915095 -0.02070796 -0.09985995 -0.03982996 -0.01953196 -0.10013 -0.04050898 -0.01835495 -0.09985995 -0.041085 -0.017358 -0.09908998 -0.04146999 -0.01669096 -0.09793895 -0.04160499 -0.01645696 -0.09657996 -0.04146999 -0.01669096 -0.09522098 -0.041085 -0.017358 -0.09406995 -0.04050898 -0.01835495 -0.09329998 -0.03982996 -0.01953196 -0.09302997 -0.03915095 -0.02070796 -0.09329998 -0.03857499 -0.02170598 -0.09406995 -0.03818994 -0.02237194 -0.09522098 -0.038055 -0.02260595 -0.09657996 -0.03857499 -0.02170598 -0.09908998 -0.03818994 -0.02237194 -0.09793895 -0.001252949 -0.05049997 -0.09358698 0 -0.05049997 -0.09332096 0.001252949 -0.05049997 -0.09358698 0.002287983 -0.05049997 -0.09433895 0.002928972 -0.05049997 -0.09544795 0.003062963 -0.05049997 -0.096722 0.00266695 -0.05049997 -0.09793996 0.001809954 -0.05049997 -0.09889096 6.4e-4 -0.05049997 -0.09941196 -6.4e-4 -0.05049997 -0.09941196 -0.001809954 -0.05049997 -0.09889096 -0.00266695 -0.05049997 -0.09793996 -0.003062963 -0.05049997 -0.096722 -0.002287983 -0.05049997 -0.09433895 -0.002928972 -0.05049997 -0.09544795 -0.04265695 -0.01959598 -0.09329998 -0.041978 -0.02077198 -0.09302997 -0.04129898 -0.02194899 -0.09329998 -0.04072296 -0.022946 -0.09406995 -0.04033797 -0.02361196 -0.09522098 -0.04020297 -0.02384597 -0.09657996 -0.04033797 -0.02361196 -0.09793895 -0.04072296 -0.022946 -0.09908998 -0.04129898 -0.02194899 -0.09985995 -0.041978 -0.02077198 -0.10013 -0.04265695 -0.01959598 -0.09985995 -0.04323297 -0.01859796 -0.09908998 -0.04361796 -0.01793199 -0.09793895 -0.04375296 -0.01769798 -0.09657996 -0.04361796 -0.01793199 -0.09522098 -0.04323297 -0.01859796 -0.09406995 0.001253962 -0.05033195 -0.09942698 1.27e-4 -0.05045199 -0.09960699 0 -0.05033195 -0.09967696 -0.001109957 -0.05045199 -0.09941101 -0.001253962 -0.05033195 -0.09942698 -0.002177953 -0.05045199 -0.09875696 -0.002316951 -0.05033195 -0.09871697 -0.002913951 -0.05045199 -0.09774398 -0.003027975 -0.05033195 -0.09765398 -0.003206968 -0.05045199 -0.09652698 -0.003276944 -0.05033195 -0.09639996 -0.003010988 -0.05045199 -0.09529 -0.003027975 -0.05033195 -0.095146 -0.002356946 -0.05045199 -0.094222 -0.002316951 -0.05033195 -0.09408301 -0.001343965 -0.05045199 -0.09348601 -0.001253962 -0.05033195 -0.09337198 -1.27e-4 -0.05045199 -0.09319299 0 -0.05033195 -0.09312295 0.001109957 -0.05045199 -0.09338897 0.001253962 -0.05033195 -0.09337198 0.002177953 -0.05045199 -0.09404295 0.002316951 -0.05033195 -0.09408301 0.002913951 -0.05045199 -0.09505599 0.003027975 -0.05033195 -0.095146 0.003206968 -0.05045199 -0.096273 0.003276944 -0.05033195 -0.09639996 0.003010988 -0.05045199 -0.09750998 0.003027975 -0.05033195 -0.09765398 0.002356946 -0.05045199 -0.09857797 0.002316951 -0.05033195 -0.09871697 0.001343965 -0.05045199 -0.09931397 -0.04165595 -0.02184998 -0.09273296 -0.04238796 -0.02058196 -0.092597 -0.04309499 -0.01935797 -0.09299898 -0.04368096 -0.01834195 -0.093885 -0.04406797 -0.017672 -0.09513497 -0.04420298 -0.01743799 -0.09657996 -0.04406797 -0.017672 -0.09802496 -0.04099798 -0.02298998 -0.09338796 -0.04050296 -0.02384698 -0.09447395 -0.04023694 -0.02430695 -0.09584498 -0.04023694 -0.02430695 -0.09731495 -0.04050296 -0.02384698 -0.09868597 -0.04099798 -0.02298998 -0.09977197 -0.04165595 -0.02184998 -0.100427 -0.04238796 -0.02058196 -0.100563 -0.04309499 -0.01935797 -0.100161 -0.04368096 -0.01834195 -0.09927499 -0.001319944 -0.04924994 -0.09321296 0 -0.04924994 -0.09294998 0.001319944 -0.04924994 -0.09321296 0.002439975 -0.04924994 -0.09395998 0.003186941 -0.04924994 -0.09507995 0.003449976 -0.04924994 -0.09639996 0.003186941 -0.04924994 -0.09771996 0.002439975 -0.04924994 -0.09883999 0.001319944 -0.04924994 -0.09958696 0 -0.04924994 -0.09984999 -0.001319944 -0.04924994 -0.09958696 -0.002439975 -0.04924994 -0.09883999 -0.003186941 -0.04924994 -0.09771996 -0.003449976 -0.04924994 -0.09639996 -0.003186941 -0.04924994 -0.09507995 -0.002439975 -0.04924994 -0.09395998 -0.04409098 -0.01763099 -0.09511697 -0.04422795 -0.01739495 -0.09657996 -0.04409098 -0.01763099 -0.09804296 -0.04369997 -0.01830995 -0.09930795 -0.04310595 -0.01933896 -0.100205 -0.04238998 -0.02057796 -0.1006129 -0.04164898 -0.02186197 -0.100475 -0.04098296 -0.02301597 -0.09981197 -0.04048198 -0.02388399 -0.09871196 -0.04021298 -0.02434998 -0.09732395 -0.04021298 -0.02434998 -0.09583598 -0.04048198 -0.02388399 -0.09444797 -0.04098296 -0.02301597 -0.09334796 -0.04164898 -0.02186197 -0.09268498 -0.04238998 -0.02057796 -0.09254699 -0.04310595 -0.01933896 -0.09295499 -0.04369997 -0.01830995 -0.09385198 -0.001319944 -0.04874998 -0.09321296 0 -0.04874998 -0.09294998 0.001319944 -0.04874998 -0.09321296 0.002439975 -0.04874998 -0.09395998 0.003186941 -0.04874998 -0.09507995 0.003449976 -0.04874998 -0.09639996 0.003186941 -0.04874998 -0.09771996 0.002439975 -0.04874998 -0.09883999 0.001319944 -0.04874998 -0.09958696 0 -0.04874998 -0.09984999 -0.001319944 -0.04874998 -0.09958696 -0.002439975 -0.04874998 -0.09883999 -0.003186941 -0.04874998 -0.09771996 -0.003449976 -0.04874998 -0.09639996 -0.003186941 -0.04874998 -0.09507995 -0.002439975 -0.04874998 -0.09395998 -0.04181796 -0.02236896 -0.100357 -0.04254996 -0.02110195 -0.10063 -0.04328095 -0.01983499 -0.100357 -0.04391396 -0.01873898 -0.09957295 -0.04436194 -0.01796197 -0.09838497 -0.04456597 -0.017609 -0.09695398 -0.04449695 -0.01772797 -0.09547197 -0.04416596 -0.01830297 -0.09413897 -0.04361599 -0.01925599 -0.09313696 -0.04292196 -0.02045696 -0.09259897 -0.04217797 -0.02174597 -0.09259897 -0.04148399 -0.02294796 -0.09313696 -0.04093396 -0.02390098 -0.09413897 -0.04060196 -0.02447497 -0.09547197 -0.04053294 -0.02459394 -0.09695398 -0.04073697 -0.02424198 -0.09838497 -0.04118496 -0.02346497 -0.09957295 0 -0.0485 -0.09314996 -0.001243948 -0.0485 -0.09339696 -0.002297997 -0.0485 -0.09410196 -0.003002941 -0.0485 -0.09515595 -0.003249943 -0.0485 -0.09639996 -0.003002941 -0.0485 -0.09764397 -0.002297997 -0.0485 -0.09869796 -0.001243948 -0.0485 -0.09940296 0 -0.0485 -0.09964996 0.001243948 -0.0485 -0.09940296 0.002297997 -0.0485 -0.09869796 0.003002941 -0.0485 -0.09764397 0.003249943 -0.0485 -0.09639996 0.003002941 -0.0485 -0.09515595 0.002297997 -0.0485 -0.09410196 0.001243948 -0.0485 -0.09339696 -0.042997 -0.02052795 -0.1006669 -0.04227596 -0.02177596 -0.1006669 -0.04159897 -0.02294898 -0.100174 -0.04104697 -0.02390497 -0.09924799 -0.04068595 -0.02452898 -0.09799897 -0.04056096 -0.024746 -0.09657996 -0.04068595 -0.02452898 -0.09516096 -0.04104697 -0.02390497 -0.093912 -0.04159897 -0.02294898 -0.09298598 -0.04227596 -0.02177596 -0.09249299 -0.042997 -0.02052795 -0.09249299 -0.04367399 -0.01935499 -0.100174 -0.04422599 -0.018399 -0.09924799 -0.044586 -0.01777499 -0.09799897 -0.04471099 -0.01755797 -0.09657996 -0.044586 -0.01777499 -0.09516096 -0.04422599 -0.018399 -0.093912 -0.04367399 -0.01935499 -0.09298598 -0.001360952 -0.04749995 -0.09344899 -1.28e-4 -0.04749995 -0.09315299 0.001123964 -0.04749995 -0.093351 0.002205967 -0.04749995 -0.09401297 0.002950966 -0.04749995 -0.09503901 0.003246963 -0.04749995 -0.09627199 0.003048956 -0.04749995 -0.09752398 0.002386987 -0.04749995 -0.09860599 0.001360952 -0.04749995 -0.09935098 1.28e-4 -0.04749995 -0.09964698 -0.001123964 -0.04749995 -0.09944897 -0.002205967 -0.04749995 -0.098787 -0.002950966 -0.04749995 -0.09776097 -0.003246963 -0.04749995 -0.09652799 -0.003048956 -0.04749995 -0.09527599 -0.002386987 -0.04749995 -0.09419399 -0.04054498 -0.024773 -0.09505796 -0.04041099 -0.02500599 -0.09657996 -0.04093199 -0.02410399 -0.09371995 -0.04152399 -0.02307897 -0.09272599 -0.04224997 -0.02182096 -0.09219795 -0.04302299 -0.02048295 -0.09219795 -0.04374897 -0.019225 -0.09272599 -0.04434096 -0.01819998 -0.09371995 -0.04472696 -0.01753097 -0.09505796 -0.04486095 -0.01729798 -0.09657996 -0.04472696 -0.01753097 -0.09810197 -0.04434096 -0.01819998 -0.09943997 -0.04374897 -0.019225 -0.100434 -0.04302299 -0.02048295 -0.100962 -0.04224997 -0.02182096 -0.100962 -0.04152399 -0.02307897 -0.100434 -0.04093199 -0.02410399 -0.09943997 -0.04054498 -0.024773 -0.09810197 0.001423954 -0.04749995 -0.099487 1.34e-4 -0.04749995 -0.09979701 -0.001175999 -0.04749995 -0.09959 0.002496957 -0.04749995 -0.09870696 0.00318998 -0.04749995 -0.09757596 0.003396987 -0.04749995 -0.09626597 0.003086984 -0.04749995 -0.094976 0.002306997 -0.04749995 -0.093903 0.001175999 -0.04749995 -0.09320998 -1.34e-4 -0.04749995 -0.09300297 -0.001423954 -0.04749995 -0.09331297 -0.002496957 -0.04749995 -0.09409296 -0.00318998 -0.04749995 -0.09522396 -0.003396987 -0.04749995 -0.09653395 -0.003086984 -0.04749995 -0.09782397 -0.002306997 -0.04749995 -0.09889698 -0.002893984 -0.01548194 -0.1231 -0.002893984 0.01548194 -0.1231 0 -0.01574999 -0.1231 0 0.01574999 -0.1231 0.002893984 -0.01548194 -0.1231 0.002893984 0.01548194 -0.1231 0.005689978 -0.01468598 -0.1231 0.005689978 0.01468598 -0.1231 0.008290946 -0.01339095 -0.1231 0.008290946 0.01339095 -0.1231 0.01061099 -0.01163899 -0.1231 0.01061099 0.01163899 -0.1231 0.01256895 -0.009490966 -0.1231 0.01256895 0.009490966 -0.1231 0.014099 -0.007019996 -0.1231 0.014099 0.007019996 -0.1231 0.01514899 -0.004309952 -0.1231 0.01514899 0.004309952 -0.1231 0.01568299 -0.001452982 -0.1231 0.01568299 0.001452982 -0.1231 -0.005689978 0.01468598 -0.1231 -0.005689978 -0.01468598 -0.1231 -0.008290946 0.01339095 -0.1231 -0.008290946 -0.01339095 -0.1231 -0.01061099 0.01163899 -0.1231 -0.01061099 -0.01163899 -0.1231 -0.01256895 0.009490966 -0.1231 -0.01256895 -0.009490966 -0.1231 -0.014099 0.007019996 -0.1231 -0.014099 -0.007019996 -0.1231 -0.01514899 0.004309952 -0.1231 -0.01514899 -0.004309952 -0.1231 -0.01568299 0.001452982 -0.1231 -0.01568299 -0.001452982 -0.1231 -0.03957897 -0.02444696 -0.09735298 -0.03957897 -0.02444696 -0.09580695 -0.03984296 -0.02398896 -0.09435498 -0.04033994 -0.02312898 -0.093171 -0.04100894 -0.02196997 -0.09239798 -0.04176998 -0.02065199 -0.09213 -0.04253095 -0.01933395 -0.09239798 -0.04319995 -0.018175 -0.093171 -0.04369699 -0.01731395 -0.09435498 -0.04396098 -0.01685696 -0.09580695 -0.04396098 -0.01685696 -0.09735298 -0.04369699 -0.01731395 -0.09880501 -0.04319995 -0.018175 -0.09998899 -0.04253095 -0.01933395 -0.100762 -0.04176998 -0.02065199 -0.10103 -0.04100894 -0.02196997 -0.100762 -0.04033994 -0.02312898 -0.09998899 -0.03984296 -0.02398896 -0.09880501 -9.19e-4 -0.04737395 -0.0999 -0.001935958 -0.04715394 -0.0999 -0.003032982 -0.04715394 -0.09900796 -0.003749966 -0.04715394 -0.09779095 -0.003999948 -0.04715394 -0.09639996 -0.003749966 -0.04715394 -0.09500896 -0.003032982 -0.04715394 -0.09379196 -0.001935958 -0.04715394 -0.09289997 -9.19e-4 -0.04737395 -0.09289997 0 -0.04744195 -0.09289997 9.19e-4 -0.04737395 -0.09289997 0.001935958 -0.04715394 -0.09289997 0.003032982 -0.04715394 -0.09379196 0.003749966 -0.04715394 -0.09500896 0.003999948 -0.04715394 -0.09639996 0.003749966 -0.04715394 -0.09779095 0.003032982 -0.04715394 -0.09900796 0.001935958 -0.04715394 -0.0999 9.19e-4 -0.04737395 -0.0999 0 -0.04744195 -0.0999 -0.01876199 -0.01993 -0.1206 -0.01767796 -0.01517796 -0.1206 -0.01767796 -0.02017796 -0.1206 -0.01659297 -0.01542496 -0.1206 -0.01659297 -0.01993 -0.1206 -0.01572299 -0.016119 -0.1206 -0.01572299 -0.01923596 -0.1206 -0.01523995 -0.01712095 -0.1206 -0.01523995 -0.01823395 -0.1206 -0.01876199 -0.01542496 -0.1206 -0.01963198 -0.01923596 -0.1206 -0.01963198 -0.016119 -0.1206 -0.02011495 -0.01823395 -0.1206 -0.02011495 -0.01712095 -0.1206 -0.01876199 0.01542496 -0.1206 -0.01767796 0.02017796 -0.1206 -0.01767796 0.01517796 -0.1206 -0.01659297 0.01993 -0.1206 -0.01659297 0.01542496 -0.1206 -0.01572299 0.01923596 -0.1206 -0.01572299 0.016119 -0.1206 -0.01523995 0.01823395 -0.1206 -0.01523995 0.01712095 -0.1206 -0.01876199 0.01993 -0.1206 -0.01963198 0.016119 -0.1206 -0.01963198 0.01923596 -0.1206 -0.02011495 0.01712095 -0.1206 -0.02011495 0.01823395 -0.1206 0.01659297 0.01542496 -0.1206 0.01767796 0.02017796 -0.1206 0.01767796 0.01517796 -0.1206 0.01876199 0.01993 -0.1206 0.01876199 0.01542496 -0.1206 0.01963198 0.01923596 -0.1206 0.01963198 0.016119 -0.1206 0.02011495 0.01823395 -0.1206 0.02011495 0.01712095 -0.1206 0.01659297 0.01993 -0.1206 0.01572299 0.016119 -0.1206 0.01572299 0.01923596 -0.1206 0.01523995 0.01712095 -0.1206 0.01523995 0.01823395 -0.1206 0.01659297 -0.01993 -0.1206 0.01767796 -0.01517796 -0.1206 0.01767796 -0.02017796 -0.1206 0.01876199 -0.01542496 -0.1206 0.01876199 -0.01993 -0.1206 0.01963198 -0.016119 -0.1206 0.01963198 -0.01923596 -0.1206 0.02011495 -0.01712095 -0.1206 0.02011495 -0.01823395 -0.1206 0.01659297 -0.01542496 -0.1206 0.01572299 -0.01923596 -0.1206 0.01572299 -0.016119 -0.1206 0.01523995 -0.01823395 -0.1206 0.01523995 -0.01712095 -0.1206 0.002893984 0.01548194 -0.1256 0 0.01574999 -0.1256 -0.002893984 0.01548194 -0.1256 -0.005689978 0.01468598 -0.1256 -0.008290946 0.01339095 -0.1256 -0.01061099 0.01163899 -0.1256 -0.01256895 0.009490966 -0.1256 -0.014099 0.007019996 -0.1256 -0.01514899 0.004309952 -0.1256 -0.01568299 0.001452982 -0.1256 -0.01568299 -0.001452982 -0.1256 -0.01514899 -0.004309952 -0.1256 -0.014099 -0.007019996 -0.1256 -0.01256895 -0.009490966 -0.1256 -0.01061099 -0.01163899 -0.1256 -0.008290946 -0.01339095 -0.1256 -0.005689978 -0.01468598 -0.1256 -0.002893984 -0.01548194 -0.1256 0 -0.01574999 -0.1256 0.002893984 -0.01548194 -0.1256 0.005689978 -0.01468598 -0.1256 0.008290946 -0.01339095 -0.1256 0.01061099 -0.01163899 -0.1256 0.01256895 -0.009490966 -0.1256 0.014099 -0.007019996 -0.1256 0.01514899 -0.004309952 -0.1256 0.01568299 -0.001452982 -0.1256 0.01568299 0.001452982 -0.1256 0.01514899 0.004309952 -0.1256 0.014099 0.007019996 -0.1256 0.01256895 0.009490966 -0.1256 0.01061099 0.01163899 -0.1256 0.008290946 0.01339095 -0.1256 0.005689978 0.01468598 -0.1256 0 0.02199995 -0.1206 -0.001219987 0.02225899 -0.1206 0.001219987 0.02225899 -0.1206 -0.002228975 0.02299296 -0.1206 0.002228975 0.02299296 -0.1206 -0.002852976 0.024073 -0.1206 0.002852976 0.024073 -0.1206 -0.002983987 0.02531397 -0.1206 0.002983987 0.02531397 -0.1206 -0.002597987 0.02649998 -0.1206 0.002597987 0.02649998 -0.1206 -0.001762986 0.02742695 -0.1206 0.001762986 0.02742695 -0.1206 -6.24e-4 0.02793395 -0.1206 6.24e-4 0.02793395 -0.1206 -0.04040497 -0.02238094 -0.09207999 -0.038082 -0.02103894 -0.09207999 -0.04116195 -0.02150899 -0.09207999 -0.04174494 -0.02063697 -0.09207999 -0.04026198 -0.01726394 -0.09207999 -0.04220795 -0.01969695 -0.09207999 -0.04258495 -0.01860594 -0.09207999 -0.04258495 -0.01860594 -0.10108 -0.04026198 -0.01726394 -0.10108 -0.04220795 -0.01969695 -0.10108 -0.04174494 -0.02063697 -0.10108 -0.038082 -0.02103894 -0.10108 -0.04116195 -0.02150899 -0.10108 -0.04040497 -0.02238094 -0.10108 -0.03975296 -0.02350997 -0.100166 -0.04323697 -0.01747596 -0.100166 -0.04371297 -0.01665198 -0.09888797 -0.04396295 -0.01621794 -0.09737598 -0.04396295 -0.01621794 -0.095784 -0.04371297 -0.01665198 -0.09427195 -0.04323697 -0.01747596 -0.09299397 -0.03975296 -0.02350997 -0.09299397 -0.03927797 -0.02433395 -0.09427195 -0.03902697 -0.02476799 -0.095784 -0.03902697 -0.02476799 -0.09737598 -0.03927797 -0.02433395 -0.09888797 0.001935958 -0.04399996 -0.09289997 0.003032982 -0.04399996 -0.09379196 0.003749966 -0.04399996 -0.09500896 0.003999948 -0.04399996 -0.09639996 0.003749966 -0.04399996 -0.09779095 0.003032982 -0.04399996 -0.09900796 0.001935958 -0.04399996 -0.0999 -0.001935958 -0.04399996 -0.0999 -0.003032982 -0.04399996 -0.09900796 -0.003749966 -0.04399996 -0.09779095 -0.003999948 -0.04399996 -0.09639996 -0.003749966 -0.04399996 -0.09500896 -0.003032982 -0.04399996 -0.09379196 -0.001935958 -0.04399996 -0.09289997 0.01730996 0.03835099 -0.09915596 0.017174 0.03827399 -0.09961199 0.01730996 0.03759998 -0.09915596 0.01703995 0.03814494 -0.100056 0.01691198 0.03796499 -0.100485 0.01691198 0.03759998 -0.100485 0.016617 0.03798896 -0.100397 0.016321 0.03798896 -0.100308 0.01602596 0.03759998 -0.100219 0.01602596 0.03796499 -0.100219 0.016424 0.03759998 -0.09889 0.01615399 0.03814494 -0.09979099 0.01628798 0.03827399 -0.09934598 0.016424 0.03835099 -0.09889 0.01797395 0.03759998 -0.09694099 0.01797395 0.03796499 -0.09694099 0.01757597 0.03759998 -0.09826999 0.01784598 0.03814494 -0.09736895 0.01771199 0.03827399 -0.09781396 0.01757597 0.03835099 -0.09826999 0.01708799 0.03796499 -0.09667497 0.01738297 0.03798896 -0.09676295 0.01708799 0.03759998 -0.09667497 0.01767897 0.03798896 -0.096852 0.01668995 0.03835099 -0.09800398 0.01682597 0.03827399 -0.097548 0.01668995 0.03759998 -0.09800398 0.01695996 0.03814494 -0.09710395 0.002875983 0.04525196 -0.09538 0.001620948 0.045412 -0.09567797 0 0.04539096 -0.09538 0 0.04548597 -0.09580796 -9.91e-4 0.04545795 -0.09575897 0 0.04557198 -0.09626495 -0.00118196 0.04553699 -0.09621095 0 0.04564297 -0.09672498 -0.001357972 0.04560095 -0.09667199 0 0.04568499 -0.09707099 -0.001473963 0.04563897 -0.09702301 0 0.04571896 -0.09741801 -0.001571953 0.04566794 -0.09737795 0 0.045744 -0.09776598 -0.001647949 0.04569 -0.097736 0 0.04575997 -0.09811496 -0.00169897 0.04570394 -0.09809696 0 0.04576796 -0.09846395 -0.001721978 0.04570996 -0.098459 0 0.04576599 -0.09881299 -0.001717984 0.04570895 -0.09882199 0 0.04575598 -0.09916198 -0.001684963 0.04569995 -0.09918397 0 0.04573696 -0.09950995 -0.001624941 0.04568397 -0.09954398 0 0.04570895 -0.09985798 -0.001541972 0.04565894 -0.09990096 0 0.04567199 -0.100205 -0.001436948 0.04562699 -0.100255 0 0.04557198 -0.100895 -0.00118196 0.04553699 -0.100949 0 0.04539096 -0.1017799 -0.002875983 0.04525196 -0.1017799 0.001932978 0.04547995 -0.09611999 0.003499984 0.04518795 -0.09538 0.00426799 0.04512596 -0.095546 0.004305958 0.04508697 -0.09537899 0.004563987 0.04504996 -0.09537899 0.005017995 0.04497796 -0.09537899 0.004906952 0.04510599 -0.09601998 0.002221941 0.04553198 -0.09658199 0.005725979 0.044851 -0.09537899 0.006218969 0.04478198 -0.09557795 0.006754994 0.04472094 -0.09602898 0.007126986 0.04455399 -0.09547495 0.00773096 0.04442298 -0.09569299 0.007205963 0.04466396 -0.09654498 0.008370995 0.04428297 -0.096098 0.008826971 0.04417997 -0.09655398 0.007555961 0.04461497 -0.09711599 0.009237945 0.04408395 -0.09720098 0.007790982 0.04458099 -0.09772896 0.009461998 0.04402995 -0.09783297 0.007898986 0.04456299 -0.098365 0.009548962 0.04400897 -0.09858 0.007877945 0.04456698 -0.09900796 0.009463965 0.04402995 -0.09932398 0.009237945 0.04408395 -0.09995895 0.007725954 0.04458999 -0.09963899 0.008827984 0.04417896 -0.100605 0.007451951 0.04462999 -0.100239 0.008370995 0.04428297 -0.1010619 0.00773096 0.04442399 -0.101467 0.007066965 0.04468196 -0.100793 0.007126986 0.04455399 -0.101685 0.006584942 0.04474097 -0.101289 0.005725979 0.044851 -0.101781 0.005194962 0.04509198 -0.100871 0.00426799 0.04512596 -0.1016139 0.002351999 0.04555195 -0.100339 0.001932978 0.04547995 -0.10104 0.004305958 0.04508697 -0.101781 0.003499984 0.04518896 -0.1017799 0.002875983 0.04525196 -0.1017799 -0.003499984 0.04518896 -0.1017799 -0.003522992 0.04526698 -0.101382 -0.002357959 0.04543495 -0.101111 -0.002867996 0.04549396 -0.100405 -0.00307697 0.04551297 -0.100031 -0.003243982 0.04552596 -0.09964495 -0.003362953 0.04553395 -0.09924995 -0.003427982 0.04553794 -0.09884899 -0.003437995 0.04553896 -0.09844499 -0.003390967 0.04553598 -0.09804296 -0.003288984 0.04552996 -0.09764599 -0.003136992 0.04551798 -0.09725695 -0.002941966 0.04550099 -0.09687799 -0.002709984 0.04547798 -0.09651297 -0.002357959 0.04543495 -0.09604901 -0.001976966 0.045376 -0.09561395 -0.004099965 0.04515999 -0.101558 -0.004305958 0.04508697 -0.101781 -0.00467199 0.04503798 -0.10176 -0.004563987 0.04504996 -0.101781 -0.005017995 0.04497796 -0.101781 -0.005726993 0.04484999 -0.101781 -0.005686998 0.04497796 -0.101007 -0.004989981 0.04513698 -0.100819 -0.007122993 0.04455494 -0.101686 -0.007726967 0.04442399 -0.101469 -0.006101965 0.04494297 -0.10055 -0.008367955 0.04428297 -0.101064 -0.006433963 0.04491198 -0.100049 -0.009236991 0.04408395 -0.09996098 -0.006669998 0.04488694 -0.099514 -0.009461998 0.04402995 -0.09932899 -0.006800949 0.04487299 -0.098957 -0.009548962 0.04400897 -0.09858 -0.00681895 0.04486995 -0.09839099 -0.009462952 0.04402995 -0.097835 -0.009236991 0.04408395 -0.09719896 -0.008825957 0.04417997 -0.100608 -0.006725966 0.04488098 -0.09782898 -0.008825957 0.04417997 -0.09655195 -0.006522953 0.04490298 -0.09728497 -0.008367955 0.04428297 -0.09609597 -0.00622195 0.04493194 -0.09677296 -0.007726967 0.04442399 -0.09569096 -0.00583297 0.04496598 -0.0963 -0.007122993 0.04455494 -0.095474 -0.005725979 0.044851 -0.09537899 -0.004305958 0.04508697 -0.09537899 -0.004670977 0.04503798 -0.09539896 -0.005370974 0.04499995 -0.09587597 -0.005117952 0.04513198 -0.09648096 -0.00545895 0.04511398 -0.096924 -0.004688978 0.04527199 -0.09705495 -0.004915952 0.04526597 -0.09749597 -0.004098951 0.04515999 -0.09560197 -0.003498971 0.04518896 -0.09538 -0.003522992 0.04526799 -0.09577798 -0.002875983 0.04525196 -0.09538 0.002522945 0.04557698 -0.09997397 0.005572974 0.04506999 -0.100433 0.002658963 0.04559499 -0.09960097 0.005875945 0.04504895 -0.099958 0.002756953 0.04560697 -0.09922099 0.006091952 0.04503095 -0.09945499 0.002810955 0.04561299 -0.09883695 0.006210982 0.04502099 -0.09893298 0.002817988 0.045614 -0.09845095 0.006228983 0.04501897 -0.09840297 0.00277996 0.04560899 -0.09806698 0.006142973 0.04502695 -0.09787696 0.002695977 0.04559999 -0.09768497 0.005957961 0.04504197 -0.09736698 0.002572 0.04558396 -0.09731 0.005682945 0.04506295 -0.09688198 0.002411961 0.04556095 -0.096942 0.005327999 0.04508495 -0.09643 -0.004049956 0.04527699 -0.09624797 -0.004712998 0.04514795 -0.09607499 -0.004396975 0.04527598 -0.09663796 -0.005067944 0.04526096 -0.09795397 -0.005138993 0.04525798 -0.098423 -0.005899965 0.04508399 -0.09789597 -0.005981981 0.04507696 -0.09840798 -0.005124986 0.04525899 -0.098894 -0.005965948 0.04507899 -0.09892296 -0.005026996 0.04526197 -0.09935998 -0.00585097 0.04508697 -0.09943199 -0.004848957 0.04526799 -0.09981298 -0.005643963 0.045102 -0.09992295 -0.004598975 0.04527395 -0.100247 -0.005352973 0.04511898 -0.100388 -0.004286944 0.04527699 -0.100656 -0.005722999 0.04509699 -0.09739798 -0.01659297 -0.01993 -0.1261 -0.01767796 -0.02017796 -0.1261 -0.01876199 -0.01993 -0.1261 -0.01963198 -0.01923596 -0.1261 -0.02011495 -0.01823395 -0.1261 -0.02011495 -0.01712095 -0.1261 -0.01963198 -0.016119 -0.1261 -0.01876199 -0.01542496 -0.1261 -0.01767796 -0.01517796 -0.1261 -0.01659297 -0.01542496 -0.1261 -0.01572299 -0.016119 -0.1261 -0.01523995 -0.01712095 -0.1261 -0.01523995 -0.01823395 -0.1261 -0.01572299 -0.01923596 -0.1261 -0.01659297 0.01542496 -0.1261 -0.01767796 0.01517796 -0.1261 -0.01876199 0.01542496 -0.1261 -0.01963198 0.016119 -0.1261 -0.02011495 0.01712095 -0.1261 -0.02011495 0.01823395 -0.1261 -0.01963198 0.01923596 -0.1261 -0.01876199 0.01993 -0.1261 -0.01767796 0.02017796 -0.1261 -0.01659297 0.01993 -0.1261 -0.01572299 0.01923596 -0.1261 -0.01523995 0.01823395 -0.1261 -0.01523995 0.01712095 -0.1261 -0.01572299 0.016119 -0.1261 0.01876199 0.01542496 -0.1261 0.01767796 0.01517796 -0.1261 0.01659297 0.01542496 -0.1261 0.01572299 0.016119 -0.1261 0.01523995 0.01712095 -0.1261 0.01523995 0.01823395 -0.1261 0.01572299 0.01923596 -0.1261 0.01659297 0.01993 -0.1261 0.01767796 0.02017796 -0.1261 0.01876199 0.01993 -0.1261 0.01963198 0.01923596 -0.1261 0.02011495 0.01823395 -0.1261 0.02011495 0.01712095 -0.1261 0.01963198 0.016119 -0.1261 0.01876199 -0.01993 -0.1261 0.01767796 -0.02017796 -0.1261 0.01659297 -0.01993 -0.1261 0.01572299 -0.01923596 -0.1261 0.01523995 -0.01823395 -0.1261 0.01523995 -0.01712095 -0.1261 0.01572299 -0.016119 -0.1261 0.01659297 -0.01542496 -0.1261 0.01767796 -0.01517796 -0.1261 0.01876199 -0.01542496 -0.1261 0.01963198 -0.016119 -0.1261 0.02011495 -0.01712095 -0.1261 0.02011495 -0.01823395 -0.1261 0.01963198 -0.01923596 -0.1261 -0.001498997 0.01618099 -0.1261 0.001498997 0.01618099 -0.1261 0.004446983 0.01562994 -0.1261 0.007242977 0.01454597 -0.1261 0.009792983 0.012968 -0.1261 0.01200896 0.010948 -0.1261 0.01381599 0.008554995 -0.1261 0.01515299 0.005869984 -0.1261 0.01597297 0.002985954 -0.1261 0.01624995 0 -0.1261 0.01597297 -0.002985954 -0.1261 0.01515299 -0.005869984 -0.1261 0.01381599 -0.008554995 -0.1261 0.01200896 -0.010948 -0.1261 0.009792983 -0.012968 -0.1261 0.007242977 -0.01454597 -0.1261 0.004446983 -0.01562994 -0.1261 0.001498997 -0.01618099 -0.1261 -0.001498997 -0.01618099 -0.1261 -0.004446983 -0.01562994 -0.1261 -0.007242977 -0.01454597 -0.1261 -0.009792983 -0.012968 -0.1261 -0.01200896 -0.010948 -0.1261 -0.01381599 -0.008554995 -0.1261 -0.01515299 -0.005869984 -0.1261 -0.01597297 -0.002985954 -0.1261 -0.01624995 0 -0.1261 -0.01597297 0.002985954 -0.1261 -0.01515299 0.005869984 -0.1261 -0.01381599 0.008554995 -0.1261 -0.01200896 0.010948 -0.1261 -0.009792983 0.012968 -0.1261 -0.007242977 0.01454597 -0.1261 -0.004446983 0.01562994 -0.1261 -0.001219987 0.02225899 -0.1261 0 0.02199995 -0.1261 0.001219987 0.02225899 -0.1261 0.002228975 0.02299296 -0.1261 0.002852976 0.024073 -0.1261 0.002983987 0.02531397 -0.1261 0.002597987 0.02649998 -0.1261 0.001762986 0.02742695 -0.1261 6.24e-4 0.02793395 -0.1261 -6.24e-4 0.02793395 -0.1261 -0.001762986 0.02742695 -0.1261 -0.002597987 0.02649998 -0.1261 -0.002983987 0.02531397 -0.1261 -0.002852976 0.024073 -0.1261 -0.002228975 0.02299296 -0.1261 -0.03954696 -0.01850295 -0.091636 -0.03879797 -0.01979994 -0.091636 -0.03742998 -0.02216899 -0.09299397 -0.03695499 -0.02299296 -0.09427195 -0.036704 -0.02342694 -0.095784 -0.036704 -0.02342694 -0.09737598 -0.03695499 -0.02299296 -0.09888797 -0.03742998 -0.02216899 -0.100166 -0.03954696 -0.01850295 -0.101524 -0.03879797 -0.01979994 -0.101524 -0.04091399 -0.01613497 -0.100166 -0.04139 -0.015311 -0.09888797 -0.04163998 -0.01487696 -0.09737598 -0.04163998 -0.01487696 -0.095784 -0.04139 -0.015311 -0.09427195 -0.04091399 -0.01613497 -0.09299397 0.003535985 -0.04399996 -0.09286397 0.004329979 -0.04399996 -0.09389996 0.004829943 -0.04399996 -0.095106 0.004999995 -0.04399996 -0.09639996 0.004829943 -0.04399996 -0.09769397 0.004329979 -0.04399996 -0.09889996 0.003535985 -0.04399996 -0.099936 0.002499997 -0.04399996 -0.10073 0.001293957 -0.04399996 -0.10123 0 -0.04399996 -0.1014 -0.001293957 -0.04399996 -0.10123 -0.002499997 -0.04399996 -0.10073 -0.003535985 -0.04399996 -0.099936 -0.004329979 -0.04399996 -0.09889996 -0.004829943 -0.04399996 -0.09769397 -0.004999995 -0.04399996 -0.09639996 -0.004829943 -0.04399996 -0.095106 -0.004329979 -0.04399996 -0.09389996 -0.003535985 -0.04399996 -0.09286397 -0.002499997 -0.04399996 -0.09206998 -0.001293957 -0.04399996 -0.09156996 0 -0.04399996 -0.09139996 0.001293957 -0.04399996 -0.09156996 0.002499997 -0.04399996 -0.09206998 0.014503 0.03759998 -0.098315 0.01455098 0.03764694 -0.098329 0.01513695 0.03798496 -0.09850496 0.01576596 0.03822195 -0.09869295 0.01918399 0.03764694 -0.09971696 0.01845097 0.03764694 -0.100569 0.01859796 0.03798496 -0.09954196 0.01779395 0.03795999 -0.100326 0.01796799 0.03822195 -0.09935295 0.01741498 0.03764694 -0.101007 0.01629298 0.03764694 -0.100938 0.01531898 0.03764694 -0.100379 0.01537597 0.03795999 -0.09960198 0.01469498 0.03764694 -0.09944397 0.01923096 0.03759998 -0.09973096 0.01949697 0.03759998 -0.098845 0.019445 0.03759998 -0.09915095 0.01935595 0.03759998 -0.09944796 0.01455497 0.03759998 -0.09800899 0.01464396 0.03759998 -0.09771198 0.01476895 0.03759998 -0.09742897 0.01944899 0.03764694 -0.09883099 0.01886296 0.03798496 -0.09865498 0.01823395 0.03822195 -0.09846699 0.01481598 0.03764694 -0.09744298 0.015549 0.03764694 -0.09659099 0.01540195 0.03798496 -0.09761798 0.01620596 0.03795999 -0.096834 0.01603198 0.03822195 -0.09780699 0.01658499 0.03764694 -0.09615296 0.01770699 0.03764694 -0.09622198 0.01868098 0.03764694 -0.09678095 0.01862394 0.03795999 -0.09755796 0.01930499 0.03764694 -0.09771597 0 0.04533499 -0.101871 0.002921998 0.04517298 -0.10192 0 0.04530894 -0.101974 0.002991974 0.04516696 -0.10208 0 0.04531496 -0.10208 0.005816996 0.04475998 -0.101921 0.003891944 0.04506796 -0.101921 0.003640949 0.045102 -0.10208 0.006531953 0.04461097 -0.101914 0.007236957 0.04446297 -0.101799 0.007902979 0.04432195 -0.101535 0.008497953 0.04419195 -0.101134 0.00899595 0.04408097 -0.1006129 0.009371995 0.04399394 -0.099994 0.009606957 0.04393798 -0.09930497 0.009685993 0.04391795 -0.09858 0.009606957 0.04393798 -0.09785497 0.009372949 0.04399394 -0.097166 0.00899595 0.04408097 -0.096547 0.008497953 0.04419195 -0.096026 0.007902979 0.04432195 -0.09562498 0.007236957 0.04446297 -0.09536099 0.006531953 0.04461097 -0.09524595 0.007403969 0.04444897 -0.09524196 0.005958974 0.044752 -0.09508198 0.005816996 0.04475998 -0.09523898 0.002921998 0.04517298 -0.09523999 0 0.04533499 -0.09528899 0 0.04530894 -0.09518599 0.002991974 0.04516696 -0.09507995 0 0.04531496 -0.09507995 0.008017957 0.04431796 -0.09550398 0.008668959 0.04417496 -0.095959 0.009128987 0.04407 -0.09645301 0.009538948 0.04397296 -0.09713697 0.009762942 0.04391795 -0.09780496 0.009848952 0.04389697 -0.09858 0.009762942 0.04391795 -0.09935295 0.009538948 0.04397296 -0.100023 0.009130001 0.04406899 -0.100706 0.008668959 0.04417496 -0.1012009 0.008016943 0.04431796 -0.101656 0.007403969 0.04444897 -0.101918 0.005958974 0.044752 -0.102078 0.004480957 0.04499799 -0.10208 -0.002930998 0.04517197 -0.10192 -0.002992987 0.04516696 -0.10208 -0.003891944 0.04506796 -0.10192 -0.005958974 0.044752 -0.102078 -0.005816996 0.044761 -0.101921 -0.006531953 0.04461097 -0.101914 -0.007236957 0.04446297 -0.101799 -0.007901966 0.04432195 -0.101535 -0.007408976 0.04444795 -0.101916 -0.00802195 0.04431694 -0.101654 -0.008671998 0.04417395 -0.101198 -0.008501946 0.04419195 -0.101131 -0.00899595 0.04408097 -0.1006129 -0.009374976 0.04399299 -0.09998798 -0.009606957 0.04393798 -0.09930497 -0.009685993 0.04391795 -0.09858 -0.009606957 0.04393798 -0.09785497 -0.009848952 0.04389697 -0.09858 -0.009763956 0.04391795 -0.09780997 -0.009131968 0.04406899 -0.100703 -0.009539961 0.04397296 -0.10002 -0.009762942 0.04391795 -0.09935295 -0.009374976 0.04399299 -0.09717196 -0.009539961 0.04397296 -0.097139 -0.00899595 0.04408097 -0.096547 -0.009131968 0.04406899 -0.09645599 -0.008501946 0.04419195 -0.09602898 -0.008671998 0.04417395 -0.09596198 -0.00802195 0.04431694 -0.09550595 -0.007408976 0.04444795 -0.09524399 -0.007236957 0.04446297 -0.09536099 -0.007901966 0.04432195 -0.09562498 -0.005958974 0.044752 -0.09508198 -0.006531953 0.04461097 -0.09524595 -0.005816996 0.044761 -0.09523898 -0.004480957 0.04499799 -0.09507995 -0.002929985 0.04517197 -0.09523999 -0.003640949 0.045102 -0.09507995 -0.002992987 0.04516696 -0.09507995 -0.004064977 -0.03022795 -0.1261 0 -0.03049999 -0.1261 0.004064977 -0.03022795 -0.1261 0.008057951 -0.02941596 -0.1261 0.01190698 -0.02807998 -0.1261 0.02846199 -0.01096194 -0.1261 0.02674698 -0.01465797 -0.1261 -0.008057951 -0.02941596 -0.1261 -0.01190698 -0.02807998 -0.1261 -0.01554298 -0.02624195 -0.1261 -0.02846199 -0.01096194 -0.1261 -0.02674698 -0.01465797 -0.1261 -0.02455496 -0.01809197 -0.1261 -0.018902 -0.02393597 -0.1261 -0.02192395 -0.02120298 -0.1261 -0.02966898 -0.007070958 -0.1261 -0.03034698 -0.003052949 -0.1261 -0.03048294 0.001018941 -0.1261 -0.03007495 0.005072951 -0.1261 -0.02913099 0.009035944 -0.1261 -0.02766597 0.01283895 -0.1261 -0.02570796 0.01641196 -0.1261 -0.02329099 0.019692 -0.1261 -0.02045899 0.02261996 -0.1261 -0.01726096 0.02514499 -0.1261 -0.01375597 0.02722197 -0.1261 -0.01000499 0.02881199 -0.1261 -0.006074965 0.02988898 -0.1261 -0.002036988 0.03043198 -0.1261 0.002036988 0.03043198 -0.1261 0.006074965 0.02988898 -0.1261 0.01000499 0.02881199 -0.1261 0.01375597 0.02722197 -0.1261 0.01726096 0.02514499 -0.1261 0.02045899 0.02261996 -0.1261 0.02329099 0.019692 -0.1261 0.02570796 0.01641196 -0.1261 0.02766597 0.01283895 -0.1261 0.02913099 0.009035944 -0.1261 0.03007495 0.005072951 -0.1261 0.03048294 0.001018941 -0.1261 0.03034698 -0.003052949 -0.1261 0.02966898 -0.007070958 -0.1261 0.02455496 -0.01809197 -0.1261 0.02192395 -0.02120298 -0.1261 0.018902 -0.02393597 -0.1261 0.01554298 -0.02624195 -0.1261 -0.03667497 -0.02320998 -0.09933 -0.03715795 -0.02210497 -0.101407 -0.03734397 -0.02178299 -0.10166 -0.03753799 -0.02144598 -0.101885 -0.037741 -0.02109497 -0.10208 -0.039056 -0.01908499 -0.10208 -0.04013895 -0.01694095 -0.10208 -0.04034197 -0.01658999 -0.101885 -0.04053598 -0.01625299 -0.10166 -0.04072195 -0.01593095 -0.101407 -0.04143798 -0.01495999 -0.09933 -0.035959 -0.02418094 -0.09725296 -0.03594195 -0.02420997 -0.09680497 -0.03594195 -0.02420997 -0.09635496 -0.035959 -0.02418094 -0.09590697 -0.03667497 -0.02320998 -0.09382998 -0.03715795 -0.02210497 -0.091753 -0.03734397 -0.02178299 -0.09149998 -0.03753799 -0.02144598 -0.09127497 -0.037741 -0.02109497 -0.09108 -0.039056 -0.01908499 -0.09108 -0.04013895 -0.01694095 -0.09108 -0.04034197 -0.01658999 -0.09127497 -0.04053598 -0.01625299 -0.09149998 -0.04072195 -0.01593095 -0.091753 -0.04143798 -0.01495999 -0.09382998 -0.04192095 -0.01385498 -0.09590697 -0.04193794 -0.01382499 -0.09635496 -0.04193794 -0.01382499 -0.09680497 -0.04192095 -0.01385498 -0.09725296 -0.003647983 -0.04395097 -0.09271895 -0.00288695 -0.04379296 -0.09139996 -0.001363992 -0.04395097 -0.09139996 0.003647983 -0.04395097 -0.09271895 0.00288695 -0.04379296 -0.09139996 0.001363992 -0.04395097 -0.09139996 0.005011975 -0.04395097 -0.09771895 0.005773961 -0.04379296 -0.09639996 0.005011975 -0.04395097 -0.09508097 0.001363992 -0.04395097 -0.1014 0.00288695 -0.04379296 -0.1014 0.003647983 -0.04395097 -0.100081 -0.003647983 -0.04395097 -0.100081 -0.00288695 -0.04379296 -0.1014 -0.001363992 -0.04395097 -0.1014 -0.005011975 -0.04395097 -0.09508097 -0.005773961 -0.04379296 -0.09639996 -0.005011975 -0.04395097 -0.09771895 0.01888298 0.03748095 -0.100299 0.018866 0.03757494 -0.100283 0.01944297 0.03748095 -0.099312 0.01941996 0.03757494 -0.09930497 0.01951795 0.03748095 -0.09817999 0.01949495 0.03757494 -0.09818297 0.019095 0.03748095 -0.097126 0.01907598 0.03757494 -0.09713995 0.01825696 0.03748095 -0.09636098 0.01824599 0.03757494 -0.09638196 0.01716995 0.03748095 -0.09603595 0.01716798 0.03757494 -0.09605896 0.01604896 0.03748095 -0.09621399 0.01605796 0.03757494 -0.09623599 0.01511698 0.03748095 -0.096861 0.01513397 0.03757494 -0.09687697 0.014557 0.03748095 -0.09784799 0.01457995 0.03757494 -0.09785497 0.01448196 0.03748095 -0.09898 0.01450496 0.03757494 -0.09897696 0.01490497 0.03748095 -0.1000339 0.01492398 0.03757494 -0.10002 0.01574295 0.03748095 -0.100799 0.01575398 0.03757494 -0.100778 0.01682996 0.03748095 -0.101124 0.01683199 0.03757494 -0.101101 0.01795095 0.03748095 -0.100946 0.01794195 0.03757494 -0.100924 -0.01654899 0.03835099 -0.09810596 -0.01607298 0.03827399 -0.09809499 -0.01654899 0.03759998 -0.09810596 -0.01560896 0.03814494 -0.09808397 -0.01516199 0.03796499 -0.098073 -0.01516199 0.03759998 -0.098073 -0.015154 0.03798896 -0.09838098 -0.01514697 0.03798896 -0.09868997 -0.01513898 0.03759998 -0.09899801 -0.01513898 0.03796499 -0.09899801 -0.01652598 0.03759998 -0.09903097 -0.01558697 0.03814494 -0.09900897 -0.01605099 0.03827399 -0.09902 -0.01652598 0.03835099 -0.09903097 -0.01886099 0.03759998 -0.09816199 -0.01886099 0.03796499 -0.09816199 -0.01747399 0.03759998 -0.09812897 -0.01841294 0.03814494 -0.09815096 -0.01794898 0.03827399 -0.09814 -0.01747399 0.03835099 -0.09812897 -0.01883798 0.03796499 -0.09908699 -0.01884597 0.03798896 -0.09877896 -0.01883798 0.03759998 -0.09908699 -0.01885294 0.03798896 -0.09846997 -0.01745098 0.03835099 -0.09905397 -0.01792699 0.03827399 -0.099065 -0.01745098 0.03759998 -0.09905397 -0.01839095 0.03814494 -0.09907597 -0.003296971 0.04491096 -0.10288 -0.003138959 0.04505997 -0.102423 0 0.04507899 -0.10288 0.002223968 0.04522097 -0.102112 0.003131985 0.04506099 -0.10242 0.003903985 0.045062 -0.102123 0.005010962 0.04478996 -0.102644 0.005982995 0.04469799 -0.102338 0.006569981 0.04447597 -0.102869 0.007370948 0.04431998 -0.102756 -0.004020988 0.04485398 -0.102838 -0.004850983 0.04474896 -0.102879 -0.005015969 0.04478895 -0.102647 -0.006615996 0.044465 -0.10287 -0.005988955 0.04469597 -0.102341 -0.006861984 0.04441899 -0.102847 -0.008134961 0.04416596 -0.102491 -0.008865952 0.04400998 -0.102065 -0.003913998 0.04505997 -0.102127 -0.009453952 0.04387599 -0.101556 -0.01006597 0.04373097 -0.10075 -0.01042395 0.04364097 -0.099958 -0.01059699 0.04359495 -0.09925597 -0.01064997 0.04357999 -0.09869498 -0.009846985 0.04389697 -0.09830898 -0.01058 0.04359894 -0.097804 -0.009728968 0.04392099 -0.09750199 -0.01036 0.04365599 -0.097027 -0.009452998 0.04397797 -0.09673196 -0.009986996 0.04374796 -0.09628099 -0.009031951 0.04406297 -0.09602296 -0.009457945 0.04387497 -0.09560298 -0.008480966 0.04416799 -0.09539896 -0.008868992 0.04400795 -0.09509295 -0.007820963 0.04428398 -0.094877 -0.008178949 0.044155 -0.09468597 -0.007406949 0.044312 -0.09440898 -0.01065194 0.04357999 -0.09861797 -0.01065194 0.04357999 -0.09858 -0.006571948 0.04447394 -0.094289 -0.006813943 0.04443997 -0.09436899 -0.003297984 0.04490995 -0.09427899 -0.004020988 0.04485398 -0.09432196 -0.005014955 0.04478895 -0.09451299 -0.005987942 0.04469597 -0.094819 -0.003139972 0.04505896 -0.09473699 0 0.04507899 -0.09428 0.002223968 0.04522097 -0.09504801 0.003131985 0.04506099 -0.09473997 0.003903985 0.045062 -0.09503698 0.005009949 0.04478996 -0.09451597 0.005981981 0.04469799 -0.09482198 0.006568968 0.04447394 -0.09428799 0.007370948 0.04431998 -0.09440398 0.003296971 0.04491096 -0.09428 0.004016995 0.04485499 -0.094325 0.008135974 0.04416596 -0.09466898 0.008837997 0.044016 -0.09507399 0.009454965 0.04387599 -0.095604 0.009959995 0.04375499 -0.09624397 0.01033598 0.04366195 -0.09697198 0.010571 0.04360198 -0.097759 0.01065099 0.04357999 -0.09858 0.010571 0.04360198 -0.09939998 0.01033598 0.04366195 -0.100188 0.009960949 0.04375594 -0.100916 0.009454965 0.04387599 -0.101556 0.008837997 0.044016 -0.102085 0.008135974 0.04416495 -0.10249 0.004016995 0.04485499 -0.1028349 0.003297984 0.04491096 -0.10288 -0.003913998 0.04505997 -0.09503298 0.004111945 -0.03123098 -0.1251 0 -0.03149998 -0.1251 -0.004111945 -0.03123098 -0.1251 -0.008152961 -0.03042697 -0.1251 -0.01205497 -0.02910196 -0.1251 -0.01574999 -0.02727997 -0.1251 -0.019176 -0.02499097 -0.1251 -0.02227395 -0.02227395 -0.1251 -0.02499097 -0.019176 -0.1251 -0.02727997 -0.01574999 -0.1251 -0.02910196 -0.01205497 -0.1251 -0.03042697 -0.008152961 -0.1251 -0.03123098 -0.004111945 -0.1251 -0.03149998 0 -0.1251 -0.03123098 0.004111945 -0.1251 -0.03042697 0.008152961 -0.1251 -0.02910196 0.01205497 -0.1251 -0.02727997 0.01574999 -0.1251 -0.02499097 0.019176 -0.1251 -0.02227395 0.02227395 -0.1251 -0.019176 0.02499097 -0.1251 -0.01574999 0.02727997 -0.1251 -0.01205497 0.02910196 -0.1251 -0.008152961 0.03042697 -0.1251 -0.004111945 0.03123098 -0.1251 0 0.03149998 -0.1251 0.004111945 0.03123098 -0.1251 0.008152961 0.03042697 -0.1251 0.01205497 0.02910196 -0.1251 0.01574999 0.02727997 -0.1251 0.019176 0.02499097 -0.1251 0.02227395 0.02227395 -0.1251 0.02499097 0.019176 -0.1251 0.02727997 0.01574999 -0.1251 0.02910196 0.01205497 -0.1251 0.03042697 0.008152961 -0.1251 0.03123098 0.004111945 -0.1251 0.03149998 0 -0.1251 0.03123098 -0.004111945 -0.1251 0.03042697 -0.008152961 -0.1251 0.02910196 -0.01205497 -0.1251 0.02727997 -0.01574999 -0.1251 0.02499097 -0.019176 -0.1251 0.02227395 -0.02227395 -0.1251 0.019176 -0.02499097 -0.1251 0.01574999 -0.02727997 -0.1251 0.01205497 -0.02910196 -0.1251 0.008152961 -0.03042697 -0.1251 -0.04065299 -0.01312297 -0.09725296 -0.04066997 -0.01309299 -0.09680497 -0.04066997 -0.01309299 -0.09635496 -0.04065299 -0.01312297 -0.09590697 -0.03993797 -0.01409399 -0.09382998 -0.03945398 -0.01519894 -0.091753 -0.03926795 -0.01552098 -0.09149998 -0.039074 -0.01585799 -0.09127497 -0.03887099 -0.016209 -0.09108 -0.03755599 -0.01821899 -0.09108 -0.03647297 -0.02036297 -0.09108 -0.03627097 -0.02071297 -0.09127497 -0.03607594 -0.02105098 -0.09149998 -0.03588998 -0.02137297 -0.091753 -0.03517496 -0.02234399 -0.09382998 -0.03469097 -0.023449 -0.09590697 -0.03467398 -0.02347797 -0.09635496 -0.03467398 -0.02347797 -0.09680497 -0.03469097 -0.023449 -0.09725296 -0.03517496 -0.02234399 -0.09933 -0.03588998 -0.02137297 -0.101407 -0.03607594 -0.02105098 -0.10166 -0.03627097 -0.02071297 -0.101885 -0.03647297 -0.02036297 -0.10208 -0.03755599 -0.01821899 -0.10208 -0.03887099 -0.016209 -0.10208 -0.039074 -0.01585799 -0.101885 -0.03926795 -0.01552098 -0.10166 -0.03945398 -0.01519894 -0.101407 -0.03993797 -0.01409399 -0.09933 -0.005773961 -0.04170697 -0.09639996 -0.005011975 -0.04154896 -0.09508097 -0.004329979 -0.04149997 -0.09389996 -0.003647983 -0.04154896 -0.09271895 -0.00288695 -0.04170697 -0.09139996 -0.001363992 -0.04154896 -0.09139996 0 -0.04149997 -0.09139996 0.001363992 -0.04154896 -0.09139996 0.00288695 -0.04170697 -0.09139996 0.003647983 -0.04154896 -0.09271895 0.004329979 -0.04149997 -0.09389996 0.005011975 -0.04154896 -0.09508097 0.005773961 -0.04170697 -0.09639996 0.005011975 -0.04154896 -0.09771895 0.004329979 -0.04149997 -0.09889996 0.003647983 -0.04154896 -0.100081 0.00288695 -0.04170697 -0.1014 0.001363992 -0.04154896 -0.1014 0 -0.04149997 -0.1014 -0.001363992 -0.04154896 -0.1014 -0.00288695 -0.04170697 -0.1014 -0.003647983 -0.04154896 -0.100081 -0.004329979 -0.04149997 -0.09889996 -0.005011975 -0.04154896 -0.09771895 0.01888298 0.03719997 -0.100299 0.01944297 0.03719997 -0.099312 0.01951795 0.03719997 -0.09817999 0.019095 0.03719997 -0.097126 0.01825696 0.03719997 -0.09636098 0.01716995 0.03719997 -0.09603595 0.01604896 0.03719997 -0.09621399 0.01511698 0.03719997 -0.096861 0.014557 0.03719997 -0.09784799 0.01448196 0.03719997 -0.09898 0.01490497 0.03719997 -0.1000339 0.01574295 0.03719997 -0.100799 0.01682996 0.03719997 -0.101124 0.01795095 0.03719997 -0.100946 -0.016478 0.03759998 -0.101036 -0.01647895 0.03764694 -0.100986 -0.01649397 0.03798496 -0.1003749 -0.01650995 0.03822195 -0.09971797 -0.01659595 0.03764694 -0.09615099 -0.01555895 0.03764694 -0.09658396 -0.01658099 0.03798496 -0.09676295 -0.01558595 0.03795999 -0.097283 -0.01656496 0.03822195 -0.09741997 -0.01482194 0.03764694 -0.09743297 -0.014539 0.03764694 -0.09852099 -0.01476895 0.03764694 -0.09962099 -0.01552498 0.03795999 -0.09980696 -0.01546394 0.03764694 -0.100504 -0.01659697 0.03759998 -0.09610199 -0.01752197 0.03759998 -0.09612399 -0.01721495 0.03759998 -0.09607797 -0.01690596 0.03759998 -0.096071 -0.01678496 0.03759998 -0.101082 -0.01709395 0.03759998 -0.101089 -0.01740294 0.03759998 -0.101058 -0.01752096 0.03764694 -0.096174 -0.017506 0.03798496 -0.096785 -0.01748996 0.03822195 -0.09744197 -0.01740396 0.03764694 -0.101009 -0.01844096 0.03764694 -0.100576 -0.01741898 0.03798496 -0.100397 -0.01841396 0.03795999 -0.09987699 -0.01743495 0.03822195 -0.09973996 -0.01917797 0.03764694 -0.09972697 -0.01946097 0.03764694 -0.09863895 -0.01923096 0.03764694 -0.097539 -0.01847499 0.03795999 -0.09735298 -0.01853597 0.03764694 -0.09665596 -0.005526959 0.04431396 -0.103366 -0.006087958 0.04423797 -0.103362 -0.005996942 0.04434198 -0.1032299 -0.00642699 0.04418694 -0.103353 -0.006843984 0.04419797 -0.103196 -0.007354974 0.04402196 -0.103247 -0.007670998 0.044043 -0.103032 -0.008243978 0.04384595 -0.102969 -0.008454978 0.04388499 -0.102721 -0.009062945 0.04366695 -0.102527 -0.009169995 0.04372996 -0.102272 -0.00978595 0.04349499 -0.101935 -0.00979495 0.04358398 -0.101701 -0.009945988 0.04345399 -0.101766 -0.010306 0.04345899 -0.101023 -0.01043897 0.04332697 -0.101119 -0.01081496 0.04322499 -0.100397 -0.01068496 0.04336196 -0.100258 -0.01101195 0.04316997 -0.09982496 -0.01091998 0.04329895 -0.09943497 -0.011087 0.04314798 -0.099505 -0.01117795 0.04312294 -0.09857398 -0.01108396 0.04314899 -0.09764295 -0.01091998 0.04329895 -0.09772497 -0.01100099 0.04327595 -0.09858 -0.01068496 0.04336196 -0.09690195 -0.01080995 0.043226 -0.096749 -0.010306 0.04345899 -0.096138 -0.010369 0.04334598 -0.09593397 -0.01004594 0.04342997 -0.09550899 -0.009795963 0.043585 -0.09545797 -0.009778976 0.04349696 -0.09522098 -0.009170949 0.04372996 -0.09488695 -0.009061992 0.04366797 -0.09463095 -0.008454978 0.04388499 -0.09443897 -0.008246958 0.04384499 -0.09419196 -0.007671952 0.044043 -0.09412699 -0.007713973 0.043953 -0.09400397 -0.007356941 0.04402297 -0.09391397 -0.006843984 0.04419898 -0.09396398 -0.006893992 0.04410696 -0.09383898 -0.006555974 0.044164 -0.09381097 -0.006425976 0.04418599 -0.09380698 -0.005145967 0.04446196 -0.09393298 -0.003435969 0.04464399 -0.09393095 -0.00268799 0.04459196 -0.093782 -0.003264963 0.04455095 -0.09378498 -0.004340946 0.04445397 -0.09378796 -0.004850983 0.04439795 -0.09378999 -0.001612961 0.04464596 -0.093777 -0.001372992 0.04465496 -0.09377497 0 0.04467695 -0.09377098 -0.005145967 0.04446196 -0.103229 -0.003434956 0.04464399 -0.103229 -0.004572987 0.044429 -0.103371 -0.003657996 0.04451894 -0.103374 -0.003051996 0.04456698 -0.103376 0 0.04467695 -0.103389 0.007354974 0.04402196 -0.09391295 0.006843984 0.04419797 -0.09396296 0.00642699 0.04418694 -0.09380698 0.005997955 0.04434198 -0.09393 0.006087958 0.04423797 -0.09379798 0.005526959 0.04431396 -0.09379398 0.005145967 0.04446196 -0.09393 0.004571974 0.044429 -0.09378898 0.003435969 0.04464298 -0.09393 0.003659963 0.04451894 -0.093786 0.003051996 0.04456698 -0.09378397 0.007671952 0.044043 -0.09412699 0.008243978 0.04384595 -0.09419095 0.008455991 0.04388499 -0.09443795 0.009062945 0.04366695 -0.09463298 0.009170949 0.04372894 -0.09488695 0.00978595 0.04349499 -0.09522497 0.009795963 0.04358398 -0.09545797 0.009945988 0.04345399 -0.09539395 0.010306 0.04345798 -0.09613698 0.01043897 0.04332697 -0.09604096 0.01081496 0.04322499 -0.09676295 0.01068496 0.04336094 -0.09690195 0.01101195 0.04316997 -0.09733498 0.010921 0.04329794 -0.09772497 0.011087 0.04314798 -0.09765499 0.01117795 0.04312294 -0.09858596 0.01108396 0.04314899 -0.09951698 0.010921 0.04329794 -0.09943497 0.011002 0.04327595 -0.09858 0.01068496 0.04336094 -0.100258 0.01080995 0.043226 -0.1004109 0.010306 0.04345798 -0.101023 0.010369 0.04334598 -0.101226 0.01004594 0.04342997 -0.101651 0.009795963 0.04358398 -0.101702 0.009778976 0.04349696 -0.101939 0.009170949 0.04372894 -0.102273 0.009061992 0.04366797 -0.102529 0.008455991 0.04388397 -0.102721 0.008246958 0.04384499 -0.102968 0.007671952 0.044043 -0.103033 0.007713973 0.043953 -0.103157 0.007356941 0.04402297 -0.103246 0.006843984 0.04419898 -0.103196 0.006893992 0.04410696 -0.103321 0.006555974 0.044164 -0.103349 0.006425976 0.04418599 -0.103353 0.005145967 0.04446196 -0.103228 0.003435969 0.04464298 -0.1032299 0.00268799 0.04459196 -0.1033779 0.003264963 0.04455095 -0.103375 0.004340946 0.04445397 -0.103372 0.004850983 0.04439795 -0.10337 0.001612961 0.04464596 -0.103383 0.001372992 0.04465496 -0.103385 0.04299998 0 -0.08109998 0.04272997 0.004813969 -0.08109998 0.04272997 -0.004813969 -0.08109998 0.04192197 -0.009567975 -0.08109998 0.04192197 0.009567975 -0.08109998 0.04058694 -0.01420199 -0.08109998 0.04058694 0.01420199 -0.08109998 0.03874194 -0.01865696 -0.08109998 0.03874194 0.01865696 -0.08109998 0.03640896 -0.02287697 -0.08109998 0.03640896 0.02287697 -0.08109998 0.03361898 -0.02680999 -0.08109998 0.03361898 0.02680999 -0.08109998 0.03040599 -0.03040599 -0.08109998 0.03040599 0.03040599 -0.08109998 0.02680999 -0.03361898 -0.08109998 0.02680999 0.03361898 -0.08109998 0.02287697 -0.03640896 -0.08109998 0.02287697 0.03640896 -0.08109998 0.01865696 -0.03874194 -0.08109998 0.01865696 0.03874194 -0.08109998 0.01420199 -0.04058694 -0.08109998 0.01420199 0.04058694 -0.08109998 0.009567975 -0.04192197 -0.08109998 0.009567975 0.04192197 -0.08109998 0.004813969 -0.04272997 -0.08109998 0.004813969 0.04272997 -0.08109998 0 -0.04299998 -0.08109998 0 0.04299998 -0.08109998 -0.004813969 -0.04272997 -0.08109998 -0.004813969 0.04272997 -0.08109998 -0.009567975 -0.04192197 -0.08109998 -0.009567975 0.04192197 -0.08109998 -0.01420199 -0.04058694 -0.08109998 -0.01420199 0.04058694 -0.08109998 -0.01865696 -0.03874194 -0.08109998 -0.01865696 0.03874194 -0.08109998 -0.02287697 -0.03640896 -0.08109998 -0.02287697 0.03640896 -0.08109998 -0.02680999 -0.03361898 -0.08109998 -0.02680999 0.03361898 -0.08109998 -0.03040599 -0.03040599 -0.08109998 -0.03040599 0.03040599 -0.08109998 -0.03361898 -0.02680999 -0.08109998 -0.03361898 0.02680999 -0.08109998 -0.03640896 -0.02287697 -0.08109998 -0.03640896 0.02287697 -0.08109998 -0.03874194 -0.01865696 -0.08109998 -0.03874194 0.01865696 -0.08109998 -0.04058694 -0.01420199 -0.08109998 -0.04058694 0.01420199 -0.08109998 -0.04192197 -0.009567975 -0.08109998 -0.04192197 0.009567975 -0.08109998 -0.04272997 -0.004813969 -0.08109998 -0.04272997 0.004813969 -0.08109998 -0.04299998 0 -0.08109998 0.004111945 0.03123098 -0.1206 0 0.03149998 -0.1206 -0.004111945 0.03123098 -0.1206 -0.008152961 0.03042697 -0.1206 -0.01205497 0.02910196 -0.1206 -0.01574999 0.02727997 -0.1206 -0.019176 0.02499097 -0.1206 -0.02227395 0.02227395 -0.1206 -0.02499097 0.019176 -0.1206 -0.02727997 0.01574999 -0.1206 -0.02910196 0.01205497 -0.1206 -0.03042697 0.008152961 -0.1206 -0.03123098 0.004111945 -0.1206 -0.03149998 0 -0.1206 -0.03123098 -0.004111945 -0.1206 -0.03042697 -0.008152961 -0.1206 -0.02910196 -0.01205497 -0.1206 -0.02727997 -0.01574999 -0.1206 -0.02499097 -0.019176 -0.1206 -0.02227395 -0.02227395 -0.1206 -0.019176 -0.02499097 -0.1206 -0.01574999 -0.02727997 -0.1206 -0.01205497 -0.02910196 -0.1206 -0.008152961 -0.03042697 -0.1206 -0.004111945 -0.03123098 -0.1206 0 -0.03149998 -0.1206 0.004111945 -0.03123098 -0.1206 0.008152961 -0.03042697 -0.1206 0.01205497 -0.02910196 -0.1206 0.01574999 -0.02727997 -0.1206 0.019176 -0.02499097 -0.1206 0.02227395 -0.02227395 -0.1206 0.02499097 -0.019176 -0.1206 0.02727997 -0.01574999 -0.1206 0.02910196 -0.01205497 -0.1206 0.03042697 -0.008152961 -0.1206 0.03123098 -0.004111945 -0.1206 0.03149998 0 -0.1206 0.03123098 0.004111945 -0.1206 0.03042697 0.008152961 -0.1206 0.02910196 0.01205497 -0.1206 0.02727997 0.01574999 -0.1206 0.02499097 0.019176 -0.1206 0.02227395 0.02227395 -0.1206 0.019176 0.02499097 -0.1206 0.01574999 0.02727997 -0.1206 0.01205497 0.02910196 -0.1206 0.008152961 0.03042697 -0.1206 -0.03925698 -0.01500499 -0.100015 -0.03860098 -0.01614195 -0.101009 -0.03781896 -0.01749598 -0.101522 -0.03699594 -0.01892095 -0.1015 -0.03622096 -0.02026295 -0.100945 -0.03557795 -0.02137595 -0.09991699 -0.03513699 -0.02213996 -0.09852796 -0.03494596 -0.02247196 -0.09692698 -0.035025 -0.02233499 -0.09528797 -0.03536498 -0.02174496 -0.09378999 -0.03593099 -0.02076596 -0.09259396 -0.03665995 -0.01950299 -0.09182995 -0.03747296 -0.018094 -0.09157997 -0.03828299 -0.01669198 -0.09187299 -0.039716 -0.01420998 -0.09864896 -0.03992897 -0.01384198 -0.09705895 -0.03987097 -0.01394098 -0.09541696 -0.039002 -0.01544696 -0.09267497 -0.03955096 -0.01449596 -0.09390097 -0.004829943 -0.04149997 -0.095106 -0.004999995 -0.04149997 -0.09639996 -0.004829943 -0.04149997 -0.09769397 -0.003535985 -0.04149997 -0.09286397 -0.002499997 -0.04149997 -0.09206998 -0.001293957 -0.04149997 -0.09156996 0.001293957 -0.04149997 -0.09156996 0.002499997 -0.04149997 -0.09206998 0.003535985 -0.04149997 -0.09286397 0.004829943 -0.04149997 -0.095106 0.004999995 -0.04149997 -0.09639996 0.004829943 -0.04149997 -0.09769397 0.001293957 -0.04149997 -0.10123 0.002499997 -0.04149997 -0.10073 0.003535985 -0.04149997 -0.099936 -0.003535985 -0.04149997 -0.099936 -0.002499997 -0.04149997 -0.10073 -0.001293957 -0.04149997 -0.10123 0.01867997 0.037 -0.100223 0.01880896 0.037027 -0.100232 0.01925098 0.037 -0.09925395 0.01934695 0.037027 -0.09928297 0.01941996 0.037027 -0.09819495 0.01941698 0.03709995 -0.09930396 0.01949197 0.03709995 -0.09818398 0.01791399 0.037027 -0.100853 0.01772397 0.037 -0.100816 0.016837 0.037027 -0.101025 0.01660197 0.037 -0.100896 0.01579195 0.037027 -0.100712 0.01557099 0.037 -0.100446 0.01498699 0.037027 -0.09997695 0.01486796 0.037 -0.099568 0.01457995 0.037027 -0.09896498 0.01465296 0.037 -0.09846395 0.01465296 0.037027 -0.09787696 0.01497596 0.037 -0.097386 0.01519095 0.037027 -0.096928 0.01576197 0.037 -0.09658199 0.01608598 0.037027 -0.09630697 0.01683199 0.037 -0.09623599 0.01716297 0.037027 -0.09613496 0.01794099 0.037 -0.09642696 0.01820796 0.037027 -0.096448 0.01883399 0.037 -0.09710997 0.01901298 0.037027 -0.09718298 0.01930695 0.037 -0.098131 0.01907294 0.03709995 -0.09714198 0.01824396 0.03709995 -0.096385 0.01716798 0.03709995 -0.096062 0.01605898 0.03709995 -0.09623897 0.01513695 0.03709995 -0.096879 0.01458299 0.03709995 -0.09785598 0.01450794 0.03709995 -0.09897595 0.01492697 0.03709995 -0.100018 0.01575595 0.03709995 -0.100775 0.01683199 0.03709995 -0.101098 0.01794099 0.03709995 -0.100921 0.01886296 0.03709995 -0.100281 -0.01594895 0.03748095 -0.09625595 -0.01595896 0.03757494 -0.09627795 -0.01706194 0.03748095 -0.09603101 -0.01706099 0.03757494 -0.09605395 -0.01816195 0.03748095 -0.09630995 -0.01815098 0.03757494 -0.096331 -0.01903098 0.03748095 -0.09703898 -0.01901298 0.03757494 -0.09705299 -0.019499 0.03748095 -0.098073 -0.01947599 0.03757494 -0.09807699 -0.019472 0.03748095 -0.09920698 -0.01944899 0.03757494 -0.09920096 -0.01895499 0.03748095 -0.1002179 -0.01893699 0.03757494 -0.100203 -0.01805096 0.03748095 -0.100904 -0.01804095 0.03757494 -0.100882 -0.01693797 0.03748095 -0.101129 -0.01693898 0.03757494 -0.101106 -0.01583796 0.03748095 -0.10085 -0.01584899 0.03757494 -0.100829 -0.01496899 0.03748095 -0.100121 -0.01498699 0.03757494 -0.100107 -0.01450097 0.03748095 -0.09908699 -0.01452398 0.03757494 -0.099083 -0.01452797 0.03748095 -0.09795296 -0.01455098 0.03757494 -0.09795796 -0.01504498 0.03748095 -0.096942 -0.01506298 0.03757494 -0.09695696 0.006392955 0.044007 -0.103516 0.00692898 0.04392099 -0.103485 0.00634998 0.04377394 -0.1035799 0.007970988 0.04349195 -0.10331 0.008279979 0.04366797 -0.103129 0.008967995 0.04329794 -0.10284 0.009472966 0.04341495 -0.102415 0.01009899 0.043051 -0.101886 0.01034396 0.04320597 -0.101504 0.01090699 0.04285699 -0.100637 0.010957 0.04304695 -0.100401 0.01130396 0.04275798 -0.09924197 0.01126796 0.04296398 -0.09916996 0.01125895 0.04296594 -0.09789896 0.01083999 0.043078 -0.09649199 0.01128697 0.04276096 -0.09778797 0.010912 0.04285597 -0.09653699 0.01023399 0.04301995 -0.09543097 0.01003295 0.04328197 -0.09527498 0.009950995 0.04308497 -0.09511095 0.008944988 0.04352998 -0.09437197 0.008979976 0.04329496 -0.09432798 0.007720947 0.04377698 -0.09383296 0.007698953 0.04354298 -0.09376597 0.00634998 0.04377496 -0.09358 0.006392955 0.04400795 -0.093643 0.006071984 0.044128 -0.09368097 0.00604999 0.04398596 -0.09360599 0.006026983 0.04382896 -0.09358 0.003038942 0.04439795 -0.093638 0 0.04450196 -0.09363198 0.001296997 0.04426097 -0.09358 0 0.04428398 -0.09358 0.00259298 0.04419595 -0.09358 0.003886997 0.04409098 -0.09358 0.005175948 0.04394799 -0.09358 0.005388975 0.04391998 -0.09358 0.005601942 0.04389095 -0.09358 0.005813956 0.04385995 -0.09358 -0.003204941 0.04440295 -0.09365099 -0.004800975 0.04424899 -0.09365296 -0.005331993 0.04418599 -0.09365397 -0.006392955 0.044007 -0.09364396 -0.00634998 0.04377394 -0.09358 -0.005174994 0.04394596 -0.09358 -0.003457963 0.04412996 -0.09358 -0.00692898 0.04392099 -0.09367495 -0.007970988 0.04349195 -0.09384995 -0.008279979 0.04366797 -0.09403097 -0.008967995 0.04329794 -0.09431999 -0.009472966 0.04341495 -0.09474498 -0.01009899 0.043051 -0.09527397 -0.01034396 0.04320597 -0.09565597 -0.01090699 0.04285699 -0.09652298 -0.010957 0.04304695 -0.09675896 -0.01130396 0.04275798 -0.09791797 -0.01126796 0.04296398 -0.09798997 -0.01125895 0.04296594 -0.09926098 -0.01083999 0.043078 -0.100668 -0.01128697 0.04276096 -0.09937095 -0.010912 0.04285597 -0.100623 -0.01023399 0.04301995 -0.101729 -0.01003295 0.04328197 -0.101885 -0.009950995 0.04308497 -0.102049 -0.008944988 0.04352998 -0.102788 -0.008979976 0.04329496 -0.102832 -0.007720947 0.04377698 -0.103327 -0.007698953 0.04354298 -0.103394 -0.00634998 0.04377496 -0.1035799 -0.006392955 0.04400795 -0.103517 -0.006071984 0.044128 -0.103479 -0.00604999 0.04398596 -0.103554 -0.006026983 0.04382896 -0.1035799 -0.003038942 0.04439795 -0.103522 0 0.04450196 -0.103529 -0.001296997 0.04426097 -0.1035799 0 0.04428398 -0.1035799 -0.00259298 0.04419595 -0.1035799 -0.003886997 0.04409098 -0.1035799 -0.005175948 0.04394799 -0.1035799 0.003204941 0.04440295 -0.103509 0.004800975 0.04424899 -0.103507 0.005331993 0.04418599 -0.103506 0.005174994 0.04394596 -0.1035799 0.003457963 0.04412996 -0.1035799 0.04297 -0.001607954 -0.07959997 0.04287999 0.003212988 -0.07959997 0.04224997 0.007993996 -0.07959997 0.04108995 0.01267397 -0.07959997 0.03941196 0.01719498 -0.07959997 0.03723895 0.02149999 -0.07959997 0.03459799 0.02553397 -0.07959997 0.03152096 0.02924698 -0.07959997 0.02804797 0.03259295 -0.07959997 0.02422297 0.035528 -0.07959997 0.02009296 0.03801697 -0.07959997 0.01570999 0.04002797 -0.07959997 0.01112896 0.04153496 -0.07959997 0.006408989 0.04251998 -0.07959997 0.001607954 0.04297 -0.07959997 -0.003212988 0.04287999 -0.07959997 -0.007993996 0.04224997 -0.07959997 -0.01267397 0.04108995 -0.07959997 -0.01719498 0.03941196 -0.07959997 -0.02149999 0.03723895 -0.07959997 -0.02553397 0.03459799 -0.07959997 -0.02924698 0.03152096 -0.07959997 -0.03259295 0.02804797 -0.07959997 -0.035528 0.02422297 -0.07959997 -0.03801697 0.02009296 -0.07959997 -0.04002797 0.01570999 -0.07959997 -0.04153496 0.01112896 -0.07959997 -0.04251998 0.006408989 -0.07959997 -0.04297 0.001607954 -0.07959997 -0.04287999 -0.003212988 -0.07959997 -0.04224997 -0.007993996 -0.07959997 -0.04108995 -0.01267397 -0.07959997 -0.03941196 -0.01719498 -0.07959997 -0.03723895 -0.02149999 -0.07959997 -0.03459799 -0.02553397 -0.07959997 -0.03152096 -0.02924698 -0.07959997 -0.02804797 -0.03259295 -0.07959997 -0.02422297 -0.035528 -0.07959997 -0.02009296 -0.03801697 -0.07959997 -0.01570999 -0.04002797 -0.07959997 -0.01112896 -0.04153496 -0.07959997 -0.006408989 -0.04251998 -0.07959997 -0.001607954 -0.04297 -0.07959997 0.003212988 -0.04287999 -0.07959997 0.007993996 -0.04224997 -0.07959997 0.01267397 -0.04108995 -0.07959997 0.01719498 -0.03941196 -0.07959997 0.02149999 -0.03723895 -0.07959997 0.02553397 -0.03459799 -0.07959997 0.02924698 -0.03152096 -0.07959997 0.03259295 -0.02804797 -0.07959997 0.035528 -0.02422297 -0.07959997 0.03801697 -0.02009296 -0.07959997 0.04002797 -0.01570999 -0.07959997 0.04153496 -0.01112896 -0.07959997 0.04251998 -0.006408989 -0.07959997 -0.004869997 0.043226 -0.1206 0 0.04349994 -0.1206 0.004869997 0.043226 -0.1206 -0.009679973 0.042409 -0.1206 -0.01436698 0.04105895 -0.1206 -0.01887398 0.03919196 -0.1206 -0.02314299 0.03683298 -0.1206 -0.02712196 0.03400999 -0.1206 -0.03075897 0.03075897 -0.1206 -0.03400999 0.02712196 -0.1206 -0.03683298 0.02314299 -0.1206 -0.03919196 0.01887398 -0.1206 -0.04105895 0.01436698 -0.1206 -0.042409 0.009679973 -0.1206 -0.043226 0.004869997 -0.1206 -0.04349994 0 -0.1206 -0.043226 -0.004869997 -0.1206 -0.042409 -0.009679973 -0.1206 -0.04105895 -0.01436698 -0.1206 -0.03919196 -0.01887398 -0.1206 -0.03683298 -0.02314299 -0.1206 -0.03400999 -0.02712196 -0.1206 -0.03075897 -0.03075897 -0.1206 -0.02712196 -0.03400999 -0.1206 -0.02314299 -0.03683298 -0.1206 -0.01887398 -0.03919196 -0.1206 -0.01436698 -0.04105895 -0.1206 -0.009679973 -0.042409 -0.1206 -0.004869997 -0.043226 -0.1206 0 -0.04349994 -0.1206 0.004869997 -0.043226 -0.1206 0.009679973 -0.042409 -0.1206 0.01436698 -0.04105895 -0.1206 0.01887398 -0.03919196 -0.1206 0.02314299 -0.03683298 -0.1206 0.02712196 -0.03400999 -0.1206 0.03075897 -0.03075897 -0.1206 0.03400999 -0.02712196 -0.1206 0.03683298 -0.02314299 -0.1206 0.03919196 -0.01887398 -0.1206 0.04105895 -0.01436698 -0.1206 0.042409 -0.009679973 -0.1206 0.043226 -0.004869997 -0.1206 0.04349994 0 -0.1206 0.043226 0.004869997 -0.1206 0.042409 0.009679973 -0.1206 0.04105895 0.01436698 -0.1206 0.03919196 0.01887398 -0.1206 0.03683298 0.02314299 -0.1206 0.03400999 0.02712196 -0.1206 0.03075897 0.03075897 -0.1206 0.02712196 0.03400999 -0.1206 0.02314299 0.03683298 -0.1206 0.01887398 0.03919196 -0.1206 0.01436698 0.04105895 -0.1206 0.009679973 0.042409 -0.1206 -0.04130399 -0.01145994 -0.09865099 -0.04143995 -0.01122397 -0.09657996 -0.04130399 -0.01145994 -0.094509 -0.04090398 -0.01215195 -0.09257996 -0.040268 -0.01325297 -0.09092295 -0.03943997 -0.01468795 -0.089652 -0.03847497 -0.01635897 -0.088853 -0.03744 -0.01815199 -0.08857995 -0.03640496 -0.01994496 -0.088853 -0.03543996 -0.02161598 -0.089652 -0.03461199 -0.02305096 -0.09092295 -0.03397595 -0.02415198 -0.09257996 -0.03357595 -0.02484399 -0.094509 -0.03343999 -0.02507996 -0.09657996 -0.03357595 -0.02484399 -0.09865099 -0.03397595 -0.02415198 -0.10058 -0.03461199 -0.02305096 -0.102237 -0.03543996 -0.02161598 -0.103508 -0.03640496 -0.01994496 -0.104307 -0.03744 -0.01815199 -0.10458 -0.03847497 -0.01635897 -0.104307 -0.03943997 -0.01468795 -0.103508 -0.040268 -0.01325297 -0.102237 -0.04090398 -0.01215195 -0.10058 0 -0.04149997 -0.1041499 -0.002005994 -0.04149997 -0.103886 -0.003874957 -0.04149997 -0.103112 -0.005479991 -0.04149997 -0.10188 -0.006711959 -0.04149997 -0.100275 -0.007485985 -0.04149997 -0.09840595 -0.007749974 -0.04149997 -0.09639996 -0.007485985 -0.04149997 -0.09439396 -0.006711959 -0.04149997 -0.092525 -0.005479991 -0.04149997 -0.09091997 -0.003874957 -0.04149997 -0.089688 -0.002005994 -0.04149997 -0.08891397 0 -0.04149997 -0.08864998 0.002005994 -0.04149997 -0.08891397 0.003874957 -0.04149997 -0.089688 0.005479991 -0.04149997 -0.09091997 0.006711959 -0.04149997 -0.092525 0.007485985 -0.04149997 -0.09439396 0.007749974 -0.04149997 -0.09639996 0.007485985 -0.04149997 -0.09840595 0.006711959 -0.04149997 -0.100275 0.005479991 -0.04149997 -0.10188 0.003874957 -0.04149997 -0.103112 0.002005994 -0.04149997 -0.103886 0.01585197 0.037 -0.101352 0.01699995 0.037 -0.10158 0.01932495 0.037 -0.10158 0.01982897 0.037 -0.100118 0.01999998 0.037 -0.09858 0.01982897 0.037 -0.09704196 0.01932495 0.037 -0.09557998 0.01699995 0.037 -0.09557998 0.01585197 0.037 -0.09580796 0.01487898 0.037 -0.09645897 0.01422798 0.037 -0.09743195 0.01399999 0.037 -0.09858 0.01422798 0.037 -0.09972798 0.01487898 0.037 -0.100701 -0.01594895 0.03719997 -0.09625595 -0.01706194 0.03719997 -0.09603101 -0.01816195 0.03719997 -0.09630995 -0.01903098 0.03719997 -0.09703898 -0.019499 0.03719997 -0.098073 -0.019472 0.03719997 -0.09920698 -0.01895499 0.03719997 -0.1002179 -0.01805096 0.03719997 -0.100904 -0.01693797 0.03719997 -0.101129 -0.01583796 0.03719997 -0.10085 -0.01496899 0.03719997 -0.100121 -0.01450097 0.03719997 -0.09908699 -0.01452797 0.03719997 -0.09795296 -0.01504498 0.03719997 -0.096942 0.005174994 0.04369497 -0.1035799 0.004603981 0.04375898 -0.1035799 0.004030942 0.04381495 -0.1035799 0.003457963 0.04386395 -0.1035799 0.00634998 0.04353898 -0.1035799 0.005958974 0.04359495 -0.1035799 0.005566954 0.04364597 -0.1035799 0.00634998 0.04353898 -0.09358 0.007308959 0.04338794 -0.093674 0.008256971 0.04321795 -0.09395796 0.009128987 0.043042 -0.09442496 0.009874999 0.04287695 -0.095034 0.01048898 0.04273098 -0.09577697 0.01096397 0.04261195 -0.09665298 0.01125395 0.04253697 -0.09761101 0.01134997 0.04251098 -0.09858 0.01125395 0.04253697 -0.09955 0.01096397 0.04261195 -0.100507 0.01048898 0.04273098 -0.101383 0.009874999 0.04287695 -0.102126 0.009130001 0.043042 -0.102735 0.008256971 0.04321795 -0.103202 0.007308959 0.04338794 -0.103486 0.006026983 0.043585 -0.09358 0.006133973 0.04356998 -0.09358 0.006241977 0.04355496 -0.09358 0.005175948 0.04369395 -0.09358 0.005459964 0.04365998 -0.09358 0.005742967 0.04362398 -0.09358 0 0.04399996 -0.09358 0.001728951 0.04396599 -0.09358 0.003454983 0.04386395 -0.09358 -0.003457963 0.04386395 -0.09358 -0.002306997 0.04393899 -0.09358 -0.001153945 0.04398494 -0.09358 -0.005174994 0.04369497 -0.09358 -0.004603981 0.04375797 -0.09358 -0.004030942 0.04381495 -0.09358 -0.00634998 0.04353898 -0.09358 -0.005958974 0.04359495 -0.09358 -0.005566954 0.04364597 -0.09358 -0.00634998 0.04353898 -0.1035799 -0.007308959 0.04338794 -0.103486 -0.008257985 0.04321795 -0.103202 -0.009130001 0.043042 -0.102734 -0.009875953 0.04287695 -0.102125 -0.01048898 0.04273098 -0.101382 -0.01096397 0.04261195 -0.100506 -0.01125395 0.04253697 -0.09954899 -0.01134997 0.04251098 -0.09858 -0.01125395 0.04253697 -0.09761101 -0.01096397 0.04261195 -0.09665298 -0.01048898 0.04273098 -0.09577697 -0.009874999 0.04287695 -0.095034 -0.009130001 0.043042 -0.09442496 -0.008256971 0.04321795 -0.09395796 -0.007308959 0.04338794 -0.093674 -0.006026983 0.043585 -0.1035799 -0.006134986 0.04356998 -0.1035799 -0.006241977 0.04355496 -0.1035799 -0.005175948 0.04369395 -0.1035799 -0.005459964 0.04365998 -0.1035799 -0.00574398 0.04362398 -0.1035799 5.78e-4 0.04399597 -0.1035799 -0.002303957 0.04393994 -0.1035799 0.01699995 0.04058295 -0.10158 0.01589 0.041031 -0.1013669 0.01491498 0.04139494 -0.100737 0.01424294 0.04163098 -0.09976196 0.01399999 0.04171299 -0.09858 0.01424294 0.04163098 -0.09739696 0.01491498 0.04139494 -0.09642297 0.01589 0.041031 -0.095793 0.01699995 0.04058295 -0.09557998 0.01932495 0.03952896 -0.10158 0.01855695 0.03989595 -0.10158 0.01778197 0.04024696 -0.10158 0.01778197 0.04024696 -0.09557998 0.01855695 0.03989595 -0.09557998 0.01932495 0.03952896 -0.09557998 0.03964298 0.01909095 -0.07959997 0.037256 0.02340894 -0.07959997 0.03440099 0.02743399 -0.07959997 0.03111296 0.03111296 -0.07959997 0.02743399 0.03440099 -0.07959997 0.02340894 0.037256 -0.07959997 0.01909095 0.03964298 -0.07959997 0.01453197 0.04153096 -0.07959997 0.009790956 0.04289698 -0.07959997 0.004925966 0.04372298 -0.07959997 0 0.04399996 -0.07959997 -0.004925966 0.04372298 -0.07959997 -0.009790956 0.04289698 -0.07959997 -0.01453197 0.04153096 -0.07959997 -0.01909095 0.03964298 -0.07959997 -0.02340894 0.037256 -0.07959997 -0.02743399 0.03440099 -0.07959997 -0.03111296 0.03111296 -0.07959997 -0.03440099 0.02743399 -0.07959997 -0.037256 0.02340894 -0.07959997 -0.03964298 0.01909095 -0.07959997 -0.04153096 0.01453197 -0.07959997 -0.04289698 0.009790956 -0.07959997 -0.04372298 0.004925966 -0.07959997 -0.04399996 0 -0.07959997 -0.04372298 -0.004925966 -0.07959997 -0.04289698 -0.009790956 -0.07959997 -0.04153096 -0.01453197 -0.07959997 -0.03964298 -0.01909095 -0.07959997 -0.037256 -0.02340894 -0.07959997 -0.03440099 -0.02743399 -0.07959997 -0.03111296 -0.03111296 -0.07959997 -0.02743399 -0.03440099 -0.07959997 -0.02340894 -0.037256 -0.07959997 -0.01909095 -0.03964298 -0.07959997 -0.01453197 -0.04153096 -0.07959997 -0.009790956 -0.04289698 -0.07959997 -0.004925966 -0.04372298 -0.07959997 0 -0.04399996 -0.07959997 0.004925966 -0.04372298 -0.07959997 0.009790956 -0.04289698 -0.07959997 0.01453197 -0.04153096 -0.07959997 0.01909095 -0.03964298 -0.07959997 0.02340894 -0.037256 -0.07959997 0.02743399 -0.03440099 -0.07959997 0.03111296 -0.03111296 -0.07959997 0.03440099 -0.02743399 -0.07959997 0.037256 -0.02340894 -0.07959997 0.03964298 -0.01909095 -0.07959997 0.04153096 -0.01453197 -0.07959997 0.04289698 -0.009790956 -0.07959997 0.04372298 -0.004925966 -0.07959997 0.04399996 0 -0.07959997 0.04372298 0.004925966 -0.07959997 0.04289698 0.009790956 -0.07959997 0.04153096 0.01453197 -0.07959997 -0.004925966 -0.04372298 -0.1201 0 -0.04399996 -0.1201 0.004925966 -0.04372298 -0.1201 0.009790956 -0.04289698 -0.1201 0.01453197 -0.04153096 -0.1201 0.01909095 -0.03964298 -0.1201 0.02340894 -0.037256 -0.1201 0.02743399 -0.03440099 -0.1201 0.03111296 -0.03111296 -0.1201 0.03440099 -0.02743399 -0.1201 0.037256 -0.02340894 -0.1201 0.03964298 -0.01909095 -0.1201 0.04153096 -0.01453197 -0.1201 0.04289698 -0.009790956 -0.1201 0.04372298 -0.004925966 -0.1201 0.04399996 0 -0.1201 0.04372298 0.004925966 -0.1201 0.04289698 0.009790956 -0.1201 0.04153096 0.01453197 -0.1201 0.03964298 0.01909095 -0.1201 0.037256 0.02340894 -0.1201 0.03440099 0.02743399 -0.1201 0.03111296 0.03111296 -0.1201 0.02743399 0.03440099 -0.1201 0.02340894 0.037256 -0.1201 0.01909095 0.03964298 -0.1201 0.01453197 0.04153096 -0.1201 0.009790956 0.04289698 -0.1201 0.004925966 0.04372298 -0.1201 0 0.04399996 -0.1201 -0.004925966 0.04372298 -0.1201 -0.009790956 0.04289698 -0.1201 -0.01453197 0.04153096 -0.1201 -0.01909095 0.03964298 -0.1201 -0.02340894 0.037256 -0.1201 -0.02743399 0.03440099 -0.1201 -0.03111296 0.03111296 -0.1201 -0.03440099 0.02743399 -0.1201 -0.037256 0.02340894 -0.1201 -0.03964298 0.01909095 -0.1201 -0.04153096 0.01453197 -0.1201 -0.04289698 0.009790956 -0.1201 -0.04372298 0.004925966 -0.1201 -0.04399996 0 -0.1201 -0.04372298 -0.004925966 -0.1201 -0.04289698 -0.009790956 -0.1201 -0.04153096 -0.01453197 -0.1201 -0.03964298 -0.01909095 -0.1201 -0.037256 -0.02340894 -0.1201 -0.03440099 -0.02743399 -0.1201 -0.03111296 -0.03111296 -0.1201 -0.02743399 -0.03440099 -0.1201 -0.02340894 -0.037256 -0.1201 -0.01909095 -0.03964298 -0.1201 -0.01453197 -0.04153096 -0.1201 -0.009790956 -0.04289698 -0.1201 -0.04235297 -0.01192599 -0.09503901 -0.04239499 -0.01177495 -0.09657996 -0.04235297 -0.01192599 -0.09812098 -0.04222196 -0.01238 -0.09351599 -0.04199898 -0.01311898 -0.09211897 -0.041691 -0.01406699 -0.09092998 -0.04128998 -0.01520299 -0.089953 -0.04078197 -0.01651698 -0.08919996 -0.04018396 -0.01792198 -0.08873796 -0.03953099 -0.01932096 -0.08857995 -0.03882896 -0.02069395 -0.08872497 -0.03808695 -0.02203094 -0.08917796 -0.03736197 -0.023238 -0.08992999 -0.03671395 -0.02425098 -0.09091097 -0.03615999 -0.02506798 -0.09210598 -0.03572195 -0.02568995 -0.09350895 -0.03544998 -0.02606397 -0.09503698 -0.03535795 -0.02618795 -0.09657996 -0.03544998 -0.02606397 -0.09812295 -0.03572195 -0.02568995 -0.09965097 -0.03615999 -0.02506798 -0.101054 -0.03671395 -0.02425098 -0.102249 -0.03736197 -0.023238 -0.1032299 -0.03808695 -0.02203094 -0.103982 -0.03882896 -0.02069395 -0.104435 -0.03953099 -0.01932096 -0.10458 -0.04018396 -0.01792198 -0.104422 -0.04078197 -0.01651698 -0.10396 -0.04128998 -0.01520299 -0.103207 -0.041691 -0.01406699 -0.10223 -0.04199898 -0.01311898 -0.101041 -0.04222196 -0.01238 -0.099644 0.001491963 -0.04397398 -0.08879697 0 -0.04399996 -0.08864998 -0.001491963 -0.04397398 -0.08879697 0.002968966 -0.04389995 -0.08924096 0.004324972 -0.043787 -0.089971 0.005479991 -0.043657 -0.09091997 0.006428956 -0.04352796 -0.09207499 0.007158994 -0.04341399 -0.09343099 0.007602989 -0.043338 -0.09490799 0.007749974 -0.04331195 -0.09639996 0.007602989 -0.043338 -0.09789198 0.007158994 -0.04341399 -0.09936898 0.006428956 -0.04352796 -0.100725 0.005479991 -0.043657 -0.10188 0.004324972 -0.043787 -0.102829 0.002968966 -0.04389995 -0.103559 0.001491963 -0.04397398 -0.104003 0 -0.04399996 -0.1041499 -0.001491963 -0.04397398 -0.104003 -0.002968966 -0.04389995 -0.103559 -0.004324972 -0.043787 -0.102829 -0.005479991 -0.043657 -0.10188 -0.006428956 -0.04352796 -0.100725 -0.007158994 -0.04341399 -0.09936898 -0.007602989 -0.043338 -0.09789198 -0.007749974 -0.04331195 -0.09639996 -0.007602989 -0.043338 -0.09490799 -0.007158994 -0.04341399 -0.09343099 -0.006428956 -0.04352796 -0.09207499 -0.005479991 -0.043657 -0.09091997 -0.004324972 -0.043787 -0.089971 -0.002968966 -0.04389995 -0.08924096 0.01982998 0.03927898 -0.097054 0.01999998 0.03919196 -0.09857797 0.01982998 0.03927797 -0.100103 -0.01595795 0.037 -0.09647297 -0.01599097 0.037027 -0.09634798 -0.017057 0.037 -0.09623098 -0.01705896 0.037027 -0.09613096 -0.01811599 0.037027 -0.096399 -0.01706099 0.03709995 -0.09605801 -0.01814895 0.03709995 -0.09633398 -0.01512199 0.037027 -0.09700697 -0.01509898 0.037 -0.09719896 -0.01462495 0.037027 -0.09797698 -0.01467496 0.037 -0.09824097 -0.01459896 0.037027 -0.09906697 -0.01478296 0.037 -0.09935998 -0.01504796 0.037027 -0.1000609 -0.01539999 0.037 -0.100301 -0.01588398 0.037027 -0.1007609 -0.01638299 0.037 -0.100847 -0.01694095 0.037027 -0.101029 -0.01750695 0.037 -0.100875 -0.01800894 0.037027 -0.100812 -0.01851499 0.037 -0.100376 -0.01887798 0.037027 -0.100153 -0.01917695 0.037 -0.09946596 -0.01937496 0.037027 -0.09918296 -0.01933896 0.037 -0.09835296 -0.01940095 0.037027 -0.09809297 -0.01896595 0.037 -0.097292 -0.01895195 0.037027 -0.097099 -0.01814198 0.037 -0.09652596 -0.01900994 0.03709995 -0.09705495 -0.01947295 0.03709995 -0.09807795 -0.01944595 0.03709995 -0.09920096 -0.01893395 0.03709995 -0.1001999 -0.01804 0.03709995 -0.100879 -0.01693898 0.03709995 -0.101102 -0.01585096 0.03709995 -0.100826 -0.01498997 0.03709995 -0.100105 -0.01452696 0.03709995 -0.09908199 -0.01455396 0.03709995 -0.09795898 -0.01506596 0.03709995 -0.09696 -0.01595997 0.03709995 -0.09628099 -0.01699995 0.037 -0.09557998 -0.01699995 0.04058295 -0.09557998 -0.01585197 0.037 -0.09580796 -0.01589 0.041031 -0.095793 -0.01491498 0.04139494 -0.09642297 -0.01487898 0.037 -0.09645897 -0.01424294 0.04163098 -0.09739696 -0.01422798 0.037 -0.09743195 -0.01399999 0.04171299 -0.09858 -0.01399999 0.037 -0.09858 -0.01422798 0.037 -0.09972798 -0.01424294 0.04163098 -0.09976196 -0.01487898 0.037 -0.100701 -0.01491498 0.04139494 -0.100737 -0.01585197 0.037 -0.101352 -0.01589 0.041031 -0.1013669 -0.01699995 0.037 -0.10158 -0.01699995 0.04058295 -0.10158 -0.01778197 0.04024696 -0.09557998 -0.01855695 0.03989595 -0.09557998 -0.01855695 0.03989595 -0.10158 -0.01778197 0.04024696 -0.10158</float_array>
          <technique_common>
            <accessor source="#LINK_20_003-mesh-positions-array" count="3547" stride="3">
              <param name="X" type="float" />
              <param name="Y" type="float" />
              <param name="Z" type="float" />
            </accessor>
          </technique_common>
        </source>
        <source id="LINK_20_003-mesh-normals">
          <float_array id="LINK_20_003-mesh-normals-array" count="17268">0.9035114 0 0.4285641 0.9035062 4.2934e-6 0.428575 0.9755695 1.25529e-4 0.2196914 0.9759893 2.75939e-6 0.2178189 1 -1.37085e-4 -1.3141e-5 1 0 -3.688e-5 0.9759869 8.3365e-7 -0.2178292 0.9034981 9.6885e-7 -0.4285925 0.9035015 -9.75113e-4 -0.4285841 0.975584 6.73576e-5 -0.2196267 -0.8660233 -0.5000039 0 -0.8660504 -0.4999568 0 -0.8660557 -0.4999477 0 -0.8659389 -0.5001501 0 -0.8660014 -0.5000419 0 -0.8659717 -0.5000931 0 -0.8660521 -0.4999539 0 -0.8660188 -0.5000116 0 -0.8660799 -0.4999057 0 -0.8659455 -0.5001383 0 -0.8660414 -0.4999724 0 -0.8660231 -0.5000039 0 -0.866227 -0.4996505 0 -0.8659873 -0.5000662 0 -0.8660399 -0.4999749 0 -0.8660193 -0.5000106 0 -0.8660128 -0.5000221 0 -0.8660631 -0.4999347 0 -0.8660433 -0.4999692 0 -0.8660548 -0.4999492 0 -0.8660043 -0.5000366 0 -0.8659989 -0.5000458 0 -0.866011 -0.5000252 0 -0.8660558 -0.4999474 0 -0.8660069 -0.5000323 0 -0.865994 -0.5000547 0 -0.8659455 -0.5001383 0 -0.8660497 -0.4999582 0 -0.8660548 -0.4999491 0 -0.8658923 -0.5002306 0 -0.8661695 -0.4997504 0 -0.8660643 -0.4999328 0 -0.8660527 -0.4999527 0 -0.8659595 -0.5001143 0 -0.8660532 -0.4999518 0 -0.8660034 -0.5000382 0 -0.865992 -0.5000581 0 -0.8660557 -0.4999476 0 -0.8659849 -0.5000703 0 -0.86599 -0.5000615 0 -0.8660163 -0.5000157 0 -0.8660411 -0.499973 0 -0.866006 -0.5000337 0 -0.8659954 -0.500052 0 -0.8660374 -0.4999793 0 -0.8659858 -0.5000687 0 -0.8659957 -0.5000516 0 -0.865989 -0.5000631 0 -0.8660041 -0.500037 0 -0.8660376 -0.4999788 0 -0.8660534 -0.4999517 0 -0.8660227 -0.5000049 2.61236e-7 -0.8660639 -0.4999334 0 -0.866019 -0.5000112 0 -0.8661451 -0.4997928 0 -0.8659864 -0.5000678 0 -0.8660495 -0.4999583 0 -0.8659676 -0.5001001 0 -0.8661601 -0.4997666 0 -0.866064 -0.4999334 0 -0.8660669 -0.4999282 0 -0.8660558 -0.4999476 0 -0.8660599 -0.4999403 0 -0.8660561 -0.4999468 0 -0.8660185 -0.5000122 0 -0.8660432 -0.4999694 0 -0.8660616 -0.4999373 0 -0.3830643 0.6635349 0.6426376 -0.5000168 0.8660158 -2.77229e-5 -0.5000283 0.8660091 -4.46199e-5 -0.3830111 0.6633914 -0.6428176 -0.3830417 0.6634559 -0.6427329 -0.08690506 0.1504864 -0.984785 -0.08684813 0.1504309 -0.9847984 0.2499179 -0.432878 -0.8661164 0.2499107 -0.4328224 -0.8661463 0.4698657 -0.8139044 -0.3417397 0.4698374 -0.813757 -0.3421295 0.4698429 -0.8137878 0.3420487 0.4698306 -0.8137263 0.3422117 0.2499289 -0.4328778 0.8661135 0.2501429 -0.4332821 0.8658494 -0.08687865 0.1505257 0.9847813 -0.08684545 0.1504403 0.9847973 -0.3829928 0.663364 0.6428567 -0.3830025 0.6633871 0.6428271 -0.5000176 0.8660154 -4.70384e-5 -0.5000279 0.8660093 -2.72845e-5 -0.3830179 0.6633447 -0.6428616 -0.3830315 0.6634249 -0.6427708 -0.08683991 0.1504129 -0.984802 -0.08685636 0.1503947 -0.9848033 0.2499756 -0.432986 -0.8660459 0.2501156 -0.4332556 -0.8658705 0.4698669 -0.8139045 -0.3417379 0.4698758 -0.8139329 -0.3416578 0.469843 -0.8137847 0.342056 0.4698516 -0.8138162 0.3419689 0.2499566 -0.4329748 0.8660569 0.2499864 -0.4329829 0.8660444 -0.08680707 0.1503573 0.9848134 -0.08682709 0.1504258 0.9848011 -0.3829753 0.6633286 0.6429037 -0.383065 0.6635371 0.642635 -0.5000253 0.8660109 -3.1332e-5 -0.5000205 0.8660137 -4.19157e-5 -0.3830124 0.663392 -0.6428163 -0.3829258 0.6632702 -0.6429933 -0.08671617 0.1502223 -0.9848419 -0.0868051 0.1503496 -0.9848147 0.2499939 -0.4330006 -0.8660333 0.2499391 -0.4328937 -0.8661025 0.4698442 -0.8137853 -0.3420529 0.4698504 -0.8138155 -0.3419721 0.4698279 -0.8137289 0.3422092 0.4698504 -0.8138157 0.3419717 0.2501283 -0.4332688 0.8658603 0.249937 -0.4328953 0.8661023 -0.08688354 0.1505197 0.9847818 -0.08688807 0.1505155 0.984782 -0.3829928 0.6633648 0.6428558 -0.3830641 0.6635351 0.6426377 -0.500024 0.8660117 -2.88318e-5 -0.5000284 0.8660091 -4.45997e-5 -0.3830592 0.6634902 -0.642687 -0.3829412 0.6632596 -0.6429951 -0.0869044 0.1504919 -0.9847843 -0.08680814 0.1503534 -0.9848138 0.2499201 -0.4328768 -0.8661164 0.2500057 -0.4330239 -0.8660182 0.4698679 -0.8139041 -0.3417373 0.4698522 -0.8138158 -0.341969 0.4698318 -0.8137242 0.3422151 0.4698504 -0.8138123 0.3419799 0.2501254 -0.4332644 0.8658633 0.2499323 -0.4328901 0.8661062 -0.08688247 0.1505219 0.9847816 -0.08684533 0.1504403 0.9847973 -0.3830477 0.6634584 0.6427266 -0.3830053 0.6633929 0.6428195 -0.5000224 0.8660125 -4.80666e-5 -0.500032 0.8660069 -3.17242e-5 -0.383015 0.6633383 -0.64287 -0.3830239 0.6634208 -0.6427796 -0.08684033 0.1504139 -0.9848018 -0.0868473 0.1503964 -0.9848039 0.2499633 -0.4329791 -0.8660529 0.249986 -0.4329867 -0.8660424 0.4698445 -0.8137844 -0.342054 0.4698528 -0.8138138 -0.3419731 0.469856 -0.8139082 0.3417437 0.4698531 -0.8138149 0.3419699 0.249951 -0.4329774 0.8660572 0.250124 -0.433238 0.865877 -0.08680397 0.150351 0.9848146 -0.08684682 0.1504245 0.9847996 -0.3829676 0.6633333 0.6429034 -0.3829432 0.6633096 0.6429426 -0.5000241 0.8660115 -3.19166e-5 -0.5000286 0.8660089 -4.06239e-5 -0.3830186 0.6633438 -0.6428622 -0.3830228 0.6634182 -0.6427829 -0.08680319 0.1503457 -0.9848154 -0.08684724 0.1503951 -0.984804 0.2499541 -0.4329755 -0.8660573 0.2499877 -0.4329881 -0.8660413 0.4698358 -0.8137212 -0.3422167 0.4698843 -0.8139294 -0.3416545 0.4698435 -0.8137851 0.342054 0.469851 -0.8138138 0.3419755 0.2499564 -0.432986 0.8660514 0.2501313 -0.4332439 0.8658719 -0.0868082 0.1503589 0.984813 -0.08682525 0.1504231 0.9848017 -0.3829748 0.6633337 0.6428987 -0.3830202 0.66341 0.6427929 -0.5000312 0.8660075 -3.40932e-5 -0.5000277 0.8660095 -4.00969e-5 -0.3830252 0.6634196 -0.64278 -0.3830626 0.6634857 -0.6426895 -0.08693647 0.1506075 -0.9847637 -0.08683359 0.1503541 -0.9848116 0.2499238 -0.432874 -0.8661168 0.2500049 -0.433023 -0.866019 0.4698427 -0.8137868 -0.3420512 0.4698329 -0.813725 -0.3422117 0.4698424 -0.813782 0.342063 0.469837 -0.8137549 0.3421348 0.2499282 -0.4328652 0.8661199 0.2499372 -0.4328912 0.8661044 -0.08668738 0.1501934 0.9848489 -0.08680146 0.1503815 0.9848102 -0.3830123 0.6633961 0.642812 -0.3830177 0.6634052 0.6427994 -0.5000314 0.8660074 -3.32651e-5 -0.5000122 0.8660185 -3.99759e-5 -0.3830261 0.6634216 -0.6427775 -0.3830358 0.6634371 -0.6427556 -0.08678621 0.1503099 -0.9848225 -0.08684325 0.1503537 -0.9848107 0.249998 -0.4330042 -0.8660302 0.2499411 -0.4328888 -0.8661044 0.4698438 -0.8137872 -0.3420489 0.4698836 -0.8139296 -0.3416548 0.4698445 -0.8137844 0.3420546 0.4698231 -0.8137331 0.3422057 0.2501186 -0.4332593 0.8658679 0.2500006 -0.4330223 0.8660205 -0.08668833 0.1501934 0.9848488 -0.08681207 0.1503822 0.9848091 -0.3830358 0.6634377 0.6427551 0.866033 0.499987 6.96199e-6 0.866037 0.49998 -1.34984e-7 0.8660328 0.499987 0 0.8660195 0.5000103 5.43857e-6 0.8660037 0.5000378 8.39355e-7 0.8660239 0.5000028 -3.6051e-5 0.8660252 0.5000002 -1.14394e-5 0.8660197 0.5000101 -1.01496e-5 0.8660246 0.5000016 -1.93273e-6 0.8660452 0.4999659 1.64348e-5 0.8660331 0.4999868 6.70762e-6 0.8660315 0.4999896 -5.34789e-6 0.8660222 0.5000057 2.71609e-6 0.8660232 0.5000039 4.77862e-6 0.8660216 0.5000066 6.52485e-6 0.8660238 0.5000027 3.42792e-5 0.8660252 0.5000005 8.22591e-6 0.8660205 0.5000086 -2.52563e-7 0.8660087 0.5000291 -3.42789e-5 0.8660383 0.4999778 1.37778e-7 0.8660397 0.4999753 0 0.8660128 0.5000221 2.57907e-5 0.8660393 0.499976 -1.39544e-5 0.8660247 0.5000014 -2.48211e-5 0.8660234 0.5000035 4.40532e-5 0.8660274 0.4999967 2.4881e-5 0.8660266 0.499998 4.68129e-6 0.8660231 0.500004 -2.20339e-6 0.8660222 0.5000057 -2.9091e-6 0.8660441 0.4999678 -1.63666e-5 0.8660212 0.5000073 3.90271e-6 0.8660294 0.4999931 -1.5592e-5 0.8660274 0.4999966 -2.55469e-5 0.8660248 0.5000013 2.62483e-5 0.8660232 0.500004 -4.51158e-5 0.8660115 0.5000241 -1.4145e-5 0.8660194 0.5000107 -5.72193e-6 0.8660425 0.4999706 0 0.866043 0.4999696 0 0.8660144 0.5000193 1.0013e-5 0.8660244 0.5000019 0 0.8660242 0.5000023 -3.10803e-5 0.866025 0.5000008 -1.14422e-5 0.8660221 0.5000059 -5.77397e-6 0.866025 0.5000008 -9.2038e-7 0.8660303 0.4999915 4.24334e-6 0.8660214 0.500007 -3.40759e-6 0.866029 0.4999938 -3.00934e-6 0.8660387 0.4999768 -1.11919e-5 0.866039 0.4999766 -2.94372e-5 0.8660229 0.5000044 4.28082e-6 0.866026 0.4999991 -1.42675e-5 0.8660252 0.5000004 1.34842e-5 0.8660328 0.4999871 3.01166e-7 0.8660328 0.4999872 0 0.8660538 0.499951 0 0.8660181 0.5000127 6.71658e-6 0.8660048 0.5000358 8.1904e-7 0.8660238 0.5000029 -3.49665e-5 0.8660252 0.5000004 -1.11246e-5 0.8660267 0.4999978 2.32155e-6 0.8660286 0.4999947 6.86036e-6 0.8660392 0.4999762 1.13423e-5 0.8660236 0.5000033 -1.64285e-6 0.8660235 0.5000035 1.83797e-6 0.8660175 0.5000138 6.77654e-6 0.8660227 0.500005 6.31437e-6 0.8660241 0.5000024 2.41702e-6 0.866024 0.5000027 3.38531e-5 0.8660253 0.5000002 7.92509e-6 0.8660078 0.5000307 -3.62678e-5 0.8660394 0.4999758 0 0.8660657 0.4999303 0 0.8660112 0.5000247 2.88505e-5 0.8660416 0.4999721 -1.60877e-5 0.8660235 0.5000035 -7.29839e-5 0.8660232 0.500004 4.68574e-5 0.8660241 0.5000025 -1.94061e-5 0.8660304 0.4999915 1.94107e-5 0.8660178 0.5000131 -6.81484e-6 0.8660371 0.4999798 1.03161e-5 0.8660441 0.4999678 -1.63666e-5 0.8660219 0.5000062 3.27325e-6 0.8660277 0.4999961 -8.92393e-6 0.8660274 0.4999966 -2.49221e-5 0.8660261 0.499999 -2.18402e-5 0.8660257 0.4999996 4.47896e-6 0.866031 0.4999902 5.72007e-6 0.8660265 0.4999982 2.26428e-6 0.8660328 0.4999872 0 0.8660554 0.499948 0 0.8660222 0.5000056 6.60703e-6 0.8660345 0.4999845 -9.10804e-6 0.8660243 0.5000022 -3.33495e-5 0.8660243 0.500002 2.54179e-5 0.8660276 0.4999964 3.06347e-5 0.8660207 0.5000081 -1.85018e-5 0.8660118 0.5000236 -1.22915e-5 0.8660091 0.5000284 -1.42705e-5 0.8660354 0.4999828 -8.58842e-6 0.8660154 0.5000175 9.14256e-6 0.8660208 0.5000081 1.84318e-5 0.8660275 0.4999964 -3.20415e-5 0.8660261 0.4999988 -1.48128e-5 0.8660246 0.5000014 -2.11238e-5 0.8660194 0.5000104 -6.03287e-6 0.8660272 0.4999969 6.94e-6 0.8660376 0.499979 -1.37952e-7 0.8660195 0.5000103 0 0.8660259 0.4999993 -1.46759e-6 0.866039 0.4999765 -9.63854e-5 0.8660249 0.5000008 -3.86859e-5 0.8660284 0.499995 2.189e-5 0.8660196 0.5000104 -1.0774e-5 0.8660267 0.4999977 2.89432e-6 0.8660195 0.5000103 -5.00167e-6 0.8660234 0.5000038 -1.89268e-6 0.866048 0.4999609 -1.95834e-5 0.8660426 0.4999704 -1.41305e-5 0.8660285 0.4999947 -6.64825e-6 0.8660168 0.5000148 1.54048e-5 0.8660256 0.4999998 -1.04571e-5 0.866028 0.4999957 -1.91538e-5 0.8660262 0.4999986 5.89731e-6 0.8660274 0.4999966 7.52085e-6 0.8660177 0.5000132 1.3283e-7 0.8660206 0.5000083 0 0.8660286 0.4999946 -1.23189e-5 0.8660326 0.4999876 -5.29988e-5 0.8660264 0.4999985 5.75779e-5 0.8660271 0.4999971 1.37575e-5 0.866023 0.5000042 -4.43705e-6 0.8660338 0.4999856 1.82111e-5 0.866045 0.4999663 1.62728e-5 0.8660084 0.5000297 -1.47743e-5 0.8660253 0.5000004 1.98837e-7 0.8660151 0.5000178 8.57818e-6 0.8660178 0.5000132 1.40439e-5 0.866025 0.500001 3.74939e-5 0.866028 0.4999957 -1.91317e-5 0.8660389 0.4999767 9.66584e-5 -0.3830129 0.6634032 0.6428043 -0.5001311 0.8659498 -3.38238e-6 -0.4997091 0.8661934 -1.07108e-6 -0.3829891 0.6633896 -0.6428326 -0.3830648 0.6634644 -0.6427103 -0.08692866 0.1505191 -0.9847779 -0.08685052 0.1504874 -0.9847896 0.249999 -0.4329693 -0.8660475 0.2499904 -0.4329681 -0.8660505 0.4698753 -0.8137826 -0.3420163 0.4697499 -0.8138284 -0.3420798 0.4699993 -0.8137181 0.3419994 0.4699264 -0.813772 0.3419713 0.2499983 -0.4330319 0.8660164 0.2499973 -0.4330024 0.8660315 -0.08667254 0.1503049 0.9848333 -0.08686113 0.1504537 0.9847939 -0.382991 0.6633906 0.6428303 -0.3830106 0.6634001 0.6428089 -0.4998465 0.8661141 -8.80705e-6 -0.5001274 0.8659518 -2.83706e-6 -0.38299 0.6633912 -0.6428304 -0.38301 0.6633995 -0.64281 -0.08687144 0.1504725 -0.9847901 -0.08674865 0.1501029 -0.9848573 0.2499716 -0.4329918 -0.8660441 0.2501841 -0.4329786 -0.8659893 0.4698368 -0.8137946 -0.3420405 0.469855 -0.8137997 -0.3420034 0.4698567 -0.813801 0.3419979 0.4698539 -0.8137994 0.3420057 0.2500429 -0.4330394 0.8659997 0.2502266 -0.4330165 0.8659581 -0.08679503 0.150292 0.9848244 -0.08682417 0.1503839 0.9848078 -0.3829867 0.6633864 0.6428373 -0.3830341 0.6634266 0.6427675 -0.5001294 0.8659507 -3.63482e-6 -0.5001448 0.8659418 4.7756e-6 -0.3829869 0.6633896 -0.6428338 -0.3830348 0.6634281 -0.6427655 -0.08672845 0.1502534 -0.9848362 -0.08684599 0.15066 -0.9847636 0.249994 -0.4328509 -0.866108 0.2499913 -0.432967 -0.8660507 0.4698985 -0.8137709 -0.3420125 0.4699468 -0.8137648 -0.3419604 0.4698293 -0.8138065 0.3420226 0.4699233 -0.8137727 0.341974 0.2499978 -0.4330301 0.8660174 0.2499958 -0.4329968 0.8660347 -0.08696717 0.1504579 0.9847838 -0.0868557 0.1504705 0.9847918 -0.3829862 0.6633827 0.6428414 -0.3830311 0.6634238 0.6427722 -0.5001405 0.8659443 -3.57422e-6 -0.49971 0.8661929 -1.40748e-6 -0.3829867 0.6633869 -0.6428367 -0.3830119 0.6634016 -0.6428065 -0.08673059 0.150251 -0.9848363 -0.08678692 0.1501677 -0.984844 0.2500061 -0.4331914 -0.8659343 0.2499852 -0.4329269 -0.8660726 0.4698962 -0.8137719 -0.3420133 0.4698044 -0.8138112 -0.3420459 0.4698109 -0.813816 0.3420254 0.4698197 -0.8138062 0.3420363 0.2499965 -0.4330363 0.8660146 0.2499786 -0.4329313 0.8660724 -0.08667737 0.1503123 0.9848316 -0.3829923 0.6633926 0.6428276 -0.3830218 0.6634134 0.6427885 -0.5001332 0.8659486 1.00968e-5 -0.5001457 0.8659413 -6.38086e-6 -0.3832621 0.6635876 -0.6424654 -0.3830131 0.6634036 -0.6428038 -0.0867927 0.1503263 -0.9848193 -0.0868318 0.1504245 -0.9848009 0.2499792 -0.4329966 -0.8660395 0.2497028 -0.4330676 -0.8660837 0.4698913 -0.8138124 -0.3419237 0.4698375 -0.8137955 -0.3420374 0.4698218 -0.8137893 0.342074 0.46985 -0.8137986 0.3420131 0.2500346 -0.4330361 0.8660037 0.2500383 -0.4330118 0.8660149 -0.08687168 0.1505217 0.9847825 -0.08689057 0.150551 0.9847763 -0.3829935 0.6633896 0.6428298 -0.3830301 0.6634233 0.6427733 -0.5001394 0.8659449 6.30033e-6 -0.4998382 0.8661189 4.63498e-6 -0.3829943 0.6633954 -0.6428235 -0.3830294 0.6634224 -0.6427748 -0.08690756 0.1505598 -0.9847735 -0.08675014 0.1501036 -0.984857 0.2500551 -0.4330522 -0.8659898 0.2500215 -0.4330092 -0.8660211 0.469852 -0.8137996 -0.3420078 0.46989 -0.8138081 -0.3419353 0.4698361 -0.8137944 0.342042 0.469837 -0.8137955 0.3420385 0.2500101 -0.4330191 0.8660194 0.2500795 -0.4330168 0.8660005 -0.08686655 0.1505312 0.9847815 -0.0868259 0.1503871 0.9848071 -0.3832653 0.6635876 0.6424634 -0.3830473 0.6632323 0.6429601 -0.4997089 0.8661935 3.27237e-5 -0.5001379 0.8659458 1.56697e-5 -0.3830175 0.6634567 -0.6427463 -0.3829604 0.6636025 -0.6426298 -0.08684313 0.1504197 -0.9848006 -0.08682304 0.1503814 -0.9848083 0.2499938 -0.4329903 -0.8660385 0.2499961 -0.432995 -0.8660354 0.4698385 -0.8138018 -0.3420213 0.4699108 -0.8137766 -0.341982 0.4700246 -0.8137066 0.3419921 0.4699075 -0.8137779 0.3419832 0.249989 -0.432965 0.8660525 0.2499819 -0.4329462 0.8660639 -0.08682286 0.1503811 0.9848083 -0.08682036 0.150377 0.9848091 -0.3829806 0.6635849 0.642636 -0.3830057 0.6634707 0.6427389 -0.5001248 0.8659534 -1.42566e-5 -0.4998518 0.866111 -9.28072e-6 -0.3830365 0.6632204 -0.6429789 -0.3830481 0.6632415 -0.6429503 -0.08682525 0.1503861 -0.9848073 -0.08681625 0.1503685 -0.9848108 0.2500218 -0.4330945 -0.8659782 0.2499969 -0.4329994 -0.866033 0.4698811 -0.8137797 -0.3420153 0.46992 -0.8137739 -0.3419755 0.4696768 -0.8138859 0.3420432 0.4698215 -0.8138056 0.3420354 0.2499905 -0.4329718 0.8660486 0.2500125 -0.4330595 0.8659985 -0.08687567 0.1504881 0.9847873 -0.08684283 0.1504184 0.9848009 -0.3830006 0.6635864 0.6426225 -0.8660253 -0.5000001 0 -0.8660396 -0.4999755 -2.90143e-5 -0.866028 -0.4999957 -4.97192e-6 -0.8660004 -0.5000436 -4.53946e-5 -0.8660417 -0.4999716 1.9437e-5 -0.8659901 -0.5000612 0 -0.8659927 -0.5000569 0 -0.8660208 -0.5000081 0 -0.8660422 -0.499971 0 -0.8659989 -0.5000461 3.26294e-5 -0.8660135 -0.5000206 1.28035e-5 -0.8660361 -0.4999815 -2.31266e-4 -0.8659881 -0.5000647 0 -0.8660286 -0.4999945 0 -0.8832113 0.1155481 0.4545177 -0.9446027 0.2218918 0.2418464 -0.9659269 0.2588155 4.44241e-7 -0.9446045 0.2218858 -0.2418453 -0.8832136 0.1155434 -0.4545148 -0.7891517 -0.04737025 -0.612369 -0.6737704 -0.2472196 -0.6963591 -0.5509765 -0.4598909 -0.6963658 -0.4356091 -0.6597413 -0.6123611 -0.3415229 -0.8226597 -0.4545251 -0.2801357 -0.9289965 -0.2418463 -0.2588283 -0.9659234 -1.54041e-6 -0.2801364 -0.9289962 0.2418465 -0.3415239 -0.8226602 0.4545236 -0.4356142 -0.6597411 0.6123577 -0.550978 -0.4598913 0.6963643 -0.6737702 -0.2472199 0.6963592 -0.789152 -0.04736995 0.6123686 -0.8832138 0.1155406 0.4545148 -0.9446013 0.2218967 0.2418476 -0.9659237 0.2588272 -5.70435e-7 -0.9446045 0.221887 -0.2418441 -0.8832154 0.1155377 -0.4545125 -0.7891559 -0.047378 -0.6123632 -0.6737661 -0.2472161 -0.6963645 -0.550983 -0.4598932 -0.6963591 -0.435594 -0.659739 -0.6123744 -0.34152 -0.8226597 -0.4545276 -0.2801216 -0.9289997 -0.24185 -0.2588303 -0.9659228 1.5432e-6 -0.2801535 -0.9289923 0.2418417 -0.3415241 -0.8226598 0.4545241 -0.4355975 -0.659739 0.6123719 -0.5509899 -0.4598947 0.6963527 -0.6737717 -0.2472212 0.6963572 -0.7891573 -0.04737865 0.6123611 -0.8832167 0.1155356 0.4545106 -0.9446012 0.2218983 0.2418466 -0.9659253 0.2588211 -5.5274e-7 -0.9446018 0.2218968 -0.2418458 -0.883216 0.1155354 -0.4545121 -0.7891407 -0.04735338 -0.6123844 -0.6737585 -0.2472111 -0.6963735 -0.5509674 -0.4598875 -0.6963753 -0.4355826 -0.6597384 -0.6123831 -0.3415231 -0.8226599 -0.4545248 -0.2801322 -0.9289972 -0.2418478 -0.2588235 -0.9659247 1.2042e-6 -0.2801337 -0.928997 0.2418469 -0.3415247 -0.8226597 0.4545239 -0.4355814 -0.6597384 0.612384 -0.5509704 -0.4598888 0.696372 -0.6737627 -0.2472137 0.6963685 -0.7891461 -0.04736393 0.6123768 -0.8832075 0.1155555 0.4545235 -0.9630228 0.2537838 0.09044814 -0.9659224 0.2588322 -3.24426e-6 -0.9356737 0.2064189 -0.2861926 -0.8832097 0.1155524 -0.4545201 -0.8146619 -0.003186702 -0.5799276 -0.6737629 -0.2472092 -0.69637 -0.6350374 -0.3142965 -0.7056524 -0.435613 -0.6597375 -0.6123625 -0.4488332 -0.6368092 -0.6269153 -0.310039 -0.8772174 -0.366559 -0.6737554 -0.2472078 0.6963778 -0.7344468 -0.1421169 0.6636195 -0.888785 0.1251987 0.4408928 -0.5671269 -0.4319087 0.7013002 -0.4355812 -0.6597346 0.6123882 -0.4100861 -0.7039361 0.5799169 -0.2989045 -0.8964922 0.3270443 -0.2801321 -0.9289978 0.2418454 -0.2588176 -0.9659262 -1.65263e-6 -0.2801619 -0.9289903 -0.2418396 -0.8832145 0.1155396 0.4545139 -0.9446058 0.2218818 0.2418439 -0.965927 0.2588146 -3.36673e-7 -0.944603 0.2218919 -0.2418456 -0.8832107 0.1155491 -0.4545187 -0.7891451 -0.04736036 -0.6123783 -0.6737688 -0.247217 -0.6963615 -0.550982 -0.4598926 -0.6963604 -0.4356088 -0.6597399 -0.6123629 -0.341526 -0.8226597 -0.454523 -0.2801629 -0.9289899 -0.2418398 -0.2588292 -0.9659232 -1.38022e-6 -0.280161 -0.9289903 0.2418403 -0.3415132 -0.822661 0.4545302 -0.4355993 -0.659739 0.6123706 -0.5509869 -0.4598949 0.696355 -0.673754 -0.2472072 0.6963794 -0.7891572 -0.04737794 0.6123614 -0.883211 0.1155489 0.4545183 -0.9446051 0.2218859 0.2418428 -0.9659277 0.2588122 4.25614e-7 -0.9446039 0.2218887 -0.2418451 -0.8832091 0.1155532 -0.454521 -0.7891421 -0.04735535 -0.6123825 -0.6737638 -0.247213 -0.6963678 -0.5509847 -0.4598941 -0.6963572 -0.4355794 -0.6597388 -0.612385 -0.3415271 -0.8226594 -0.4545228 -0.2801583 -0.9289909 -0.2418414 -0.2588288 -0.9659233 1.20327e-6 -0.2801237 -0.9289996 0.2418482 -0.3415327 -0.8226575 0.4545218 -0.4356061 -0.6597404 0.6123644 -0.5509671 -0.4598852 0.696377 -0.6737697 -0.2472196 0.6963598 -0.7891498 -0.0473659 0.6123719 -0.8832148 0.1155394 0.4545132 -0.9446085 0.2218729 0.2418414 -0.9659248 0.258823 2.59373e-7 -0.9446105 0.2218669 -0.2418391 -0.8832139 0.1155428 -0.4545143 -0.7891545 -0.04737496 -0.6123651 -0.6737682 -0.2472185 -0.6963616 -0.5509921 -0.4598949 -0.6963508 -0.4355823 -0.659738 -0.6123837 -0.3415487 -0.8226566 -0.4545117 -0.2801553 -0.9289919 -0.2418412 -0.2588313 -0.9659225 -5.53671e-7 -0.2801519 -0.928993 0.2418411 -0.3415176 -0.8226609 0.4545271 -0.4355904 -0.6597391 0.6123768 -0.55099 -0.4598944 0.6963528 -0.673772 -0.247221 0.696357 -0.7891554 -0.04737937 0.6123634 -0.8832165 0.1155357 0.454511 -0.9446082 0.2218741 0.2418412 -0.9659245 0.2588244 -2.92901e-7 -0.9446074 0.2218768 -0.2418425 -0.8832144 0.1155404 -0.4545139 -0.7891393 -0.04735195 -0.6123864 -0.6737577 -0.2472081 -0.6963754 -0.5509771 -0.4598898 -0.6963661 -0.4355953 -0.6597402 -0.6123722 -0.3415167 -0.8226605 -0.4545285 -0.2801512 -0.9289928 -0.2418423 -0.2588327 -0.9659222 -1.53948e-6 -0.2801572 -0.9289917 0.2418394 -0.3415492 -0.8226559 0.4545124 -0.4355838 -0.6597387 0.612382 -0.5509802 -0.4598928 0.6963617 -0.6737707 -0.2472187 0.696359 0 0 1 4.41011e-5 0 1 1.85173e-4 0 1 2.29272e-4 0 1 0.4999928 -0.8660296 -1.42659e-7 0.4999994 -0.8660258 1.44273e-7 0.4999985 -0.8660263 0 0.5000051 -0.8660225 0 -0.4999414 0.8660593 0 -0.5000015 0.8660247 0 -0.499987 0.8660329 1.44275e-7 -0.5000056 0.8660222 -1.47257e-7 -1.07548e-4 0 1 1.4083e-4 0 1 -1.40856e-4 0 1 2.51334e-4 0 1 0.4999716 -0.8660419 -1.49557e-7 0.4999938 -0.8660291 1.41986e-7 0.5000079 -0.8660209 0 0.4999886 -0.866032 0 2.18182e-4 0 -1 1.08539e-4 0 -1 9.63791e-5 0 -1 1.30598e-4 0 -1 -0.5000108 0.8660193 0 -0.4999552 0.8660513 0 -0.4999682 0.8660439 1.46564e-7 -0.4999957 0.866028 -1.44959e-7 2.2805e-4 0 -1 -9.47258e-5 0 -1 1.51765e-4 0 -1 1.64554e-4 0 -1 -0.4999989 0.8660261 0 -0.4999443 0.8660576 0 -0.5000292 0.8660086 1.46562e-7 -0.4999744 0.8660402 -1.4496e-7 0 0 -1 -1.92937e-5 0 -1 -1.48703e-6 0 -1 -2.07807e-5 0 -1 -0.4999936 0.8660292 0 -0.4999963 0.8660276 0 -0.4999745 0.8660402 1.46564e-7 -0.5000186 0.8660146 -1.4036e-7 -2.43687e-4 0 1 -2.18088e-4 0 1 2.18059e-4 0 1 2.43657e-4 0 1 0.4999826 -0.8660356 -1.49559e-7 0.5000006 -0.8660252 1.44276e-7 0.5000193 -0.8660144 0 0.4999958 -0.8660279 0 -0.8660298 -0.4999926 1.67223e-5 -0.7499883 -0.4330279 -0.5000045 -0.8660375 -0.4999791 -7.45729e-5 -0.8969441 -0.1784939 -0.4045137 -0.8660628 -0.4999352 -6.09308e-5 -0.9877638 -0.02118176 -0.1545127 -0.8660497 -0.4999579 -1.35601e-5 -0.8660506 -0.4999566 8.20495e-6 -0.9877634 -0.02119308 0.1545137 -0.866067 -0.4999279 2.37282e-5 -0.8660521 -0.4999538 5.52311e-5 -0.8969447 -0.1784823 0.4045172 -0.8660389 -0.4999767 7.31125e-5 -0.7500014 -0.4330096 0.5000007 -0.8660278 -0.499996 -3.41237e-6 -0.4330111 -0.2500016 -0.8660258 -0.6875431 0.1908273 -0.7006208 -0.8448291 0.4632988 -0.2676156 -0.8448368 0.4632835 0.2676177 -0.6875317 0.1908413 0.7006281 -0.4330063 -0.2500219 0.8660224 -0.2938897 0.5090284 0.8090234 1.2368e-6 2.38419e-7 1 3.42727e-7 -1.11628e-5 -1 -0.2938839 0.5089859 -0.8090523 -0.4755159 0.823646 -0.3090181 -0.4755091 0.8236456 0.3090295 -0.866024 -0.5000025 -3.5438e-6 -0.866033 -0.4999868 -1.8172e-5 -0.8660361 -0.4999814 1.16455e-5 -0.8660289 -0.4999939 9.98378e-6 -0.8660143 -0.5000195 -5.34817e-5 -0.86603 -0.4999921 3.58939e-5 -0.86605 -0.4999575 -2.64024e-5 -0.8660237 -0.5000031 1.37952e-6 -0.8660229 -0.5000045 7.23603e-6 -0.8659856 -0.5000691 7.77896e-5 -0.8659545 -0.5001229 -4.42463e-5 -0.8660066 -0.5000326 6.51577e-6 -0.8660153 -0.5000175 9.93842e-6 -0.8660741 -0.4999159 2.564e-5 -0.8660144 -0.5000193 -2.76044e-6 -0.8660485 -0.4999599 -2.61274e-4 -0.8660182 -0.5000126 1.20662e-5 -0.8660911 -0.4998862 -4.45241e-5 -0.8660338 -0.4999855 -1.09151e-5 -0.8660036 -0.5000379 4.62847e-5 -0.8659516 -0.500128 -1.57681e-6 -0.8660708 -0.4999216 8.91903e-5 -0.8660177 -0.5000135 -1.05798e-5 -0.8660282 -0.4999953 -7.32355e-5 -0.8659628 -0.5001086 -1.58626e-4 -0.866023 -0.5000043 3.10242e-5 -0.8660213 -0.5000073 1.90979e-5 -0.8660193 -0.5000107 -6.19208e-5 -0.866017 -0.5000147 1.68234e-5 -0.8659678 -0.5000998 -1.7971e-4 -0.8660441 -0.4999679 -1.59406e-4 -0.8661202 -0.4998359 -2.26434e-4 -0.8660361 -0.4999816 1.07745e-5 -0.866166 -0.4997565 -5.6722e-5 -0.8660175 -0.500014 3.11214e-6 -0.8660412 -0.4999728 2.89203e-5 -0.8660363 -0.4999811 7.37677e-6 -0.8660128 -0.5000219 -4.17605e-6 -0.8660264 -0.4999982 -6.5683e-7 -0.8659973 -0.5000489 -1.17727e-5 -0.8660187 -0.5000116 -1.87634e-5 -0.8660622 -0.4999365 1.40345e-5 -0.8660382 -0.499978 -2.30619e-5 -0.866018 -0.5000128 2.2963e-5 -0.8660238 -0.5000029 -6.78003e-6 -0.8660332 -0.4999865 5.83455e-5 -0.8659659 -0.5001032 -1.4171e-4 -0.86605 -0.4999577 1.13324e-4 -0.8660656 -0.4999305 -9.13849e-5 -0.8660325 -0.4999878 1.50204e-5 -0.8660205 -0.5000088 6.84584e-5 -0.8660266 -0.499998 2.93819e-5 -0.8660259 -0.4999994 -1.37091e-6 -0.8659578 -0.5001172 1.59288e-4 -0.866032 -0.4999886 -2.64852e-6 -0.8659784 -0.5000815 2.81058e-5 -0.8660262 -0.4999985 2.38884e-6 -0.8660133 -0.500021 3.49805e-6 -0.8660356 -0.4999826 -8.07107e-6 -0.8660007 -0.500043 4.44766e-5 -0.8660328 -0.4999873 1.19716e-5 -0.8660272 -0.499997 4.1551e-6 -0.8660176 -0.5000135 1.53121e-5 -0.8660371 -0.4999799 -2.10241e-5 -0.866023 -0.5000044 1.02548e-5 -0.8660215 -0.5000068 9.54187e-6 -0.8660262 -0.4999988 -1.1751e-4 -0.8660501 -0.4999572 -3.29996e-6 -0.8659598 -0.5001137 -7.57753e-5 -0.8660259 -0.499999 5.80074e-6 -0.8660256 -0.4999998 -1.56369e-6 -0.8660663 -0.4999291 3.20094e-5 -0.8659728 -0.5000912 -5.43859e-5 -0.8660843 -0.4998981 -7.92763e-6 -0.8659968 -0.5000495 3.86663e-5 -0.8660082 -0.5000299 3.96214e-6 -0.8660149 -0.5000182 0 -0.8660014 -0.5000416 -4.70775e-6 -0.8660207 -0.5000082 5.6322e-6 -0.8659172 -0.5001875 -1.34215e-5 -0.8661329 -0.4998137 1.74769e-4 -0.8660509 -0.499956 -3.24778e-5 -0.8660465 -0.4999635 -2.75008e-5 -0.8659659 -0.5001032 2.65351e-4 -0.8658869 -0.5002398 1.5884e-5 -0.866047 -0.4999627 -7.55771e-5 -0.8660143 -0.5000194 5.27476e-5 -0.8659698 -0.5000963 3.47551e-5 -0.8660532 -0.4999519 -5.30065e-6 -0.8661662 -0.4997562 1.66398e-4 -0.8659159 -0.5001898 1.3943e-5 -0.8659496 -0.5001314 1.15342e-4 -0.8660479 -0.4999612 2.80845e-5 -0.8660477 -0.4999615 2.93574e-5 -0.8660653 -0.499931 1.67631e-4 -0.8658852 -0.5002428 -1.58046e-5 -0.8660118 -0.5000238 -4.73994e-5 -0.8659952 -0.5000523 -1.38017e-4 -0.8658516 -0.5003008 -2.65349e-4 -0.8660837 -0.4998992 6.76539e-5 -0.8660201 -0.5000092 -1.2572e-5 -0.8658806 -0.5002508 1.73174e-4 -0.8661007 -0.4998698 0 2.46763e-5 -8.83639e-6 1 -0.4086428 -0.2359168 0.881677 -0.6776384 -0.3912584 0.6226742 -0.6776354 -0.391251 -0.6226822 -0.4086498 -0.2359018 -0.8816778 -3.8743e-7 8.6613e-6 -1 -4.54229e-6 2.15897e-5 1 -0.2937887 0.5089011 0.8091402 -0.4755288 0.8236464 0.3089968 -0.4755543 0.8236336 -0.3089915 -0.2937722 0.5088627 -0.8091704 4.07457e-4 2.10702e-4 -0.9999999 -0.4915139 0.8513197 -0.183491 -0.4106752 0.7113475 -0.5703777 -0.8415846 0.5138949 -0.1662753 -0.7886691 0.3660503 -0.493972 -0.9826995 0.1370677 -0.1245561 -0.9553438 -0.07736551 -0.2851895 -0.8788309 -0.2098734 -0.4284966 -0.7796695 -0.3816173 -0.4964714 -0.6752882 -0.5624176 -0.4771502 -0.5840286 -0.7204669 -0.3739492 -0.5219663 -0.8279669 -0.2049932 -0.4999895 -0.8660315 3.67523e-7 -0.5219389 -0.8279839 0.2049937 -0.5840345 -0.720463 0.3739476 -0.6752837 -0.5624222 0.4771513 -0.7796657 -0.3816403 0.4964598 -0.8788331 -0.2098637 0.4284971 -0.9553444 -0.07735568 0.2851898 -0.9826954 0.1370821 0.1245723 -0.7886772 0.3660399 0.4939669 -0.4915106 0.851325 0.183475 -0.4106803 0.7113355 0.570389 -0.2576471 0.446296 0.8569935 -0.6561682 0.1364845 0.7421694 -0.05932515 0.1027816 0.9929333 -0.4844139 -0.1610062 0.8598955 0.149415 -0.2588068 0.9543031 -0.3036139 -0.4741382 0.8264451 0.3319054 -0.5748987 0.7478839 -0.1455777 -0.7478697 0.6476867 0.456031 -0.7899042 0.4099846 -0.03806501 -0.9340694 0.355057 0.5000104 -0.8660194 9.48738e-6 -4.94342e-6 -1 -7.21918e-7 0.4560226 -0.7899037 -0.4099946 -0.03805649 -0.9340694 -0.355058 0.3319318 -0.5748732 -0.7478918 -0.1455551 -0.7478677 -0.6476942 0.149435 -0.2588102 -0.954299 -0.303608 -0.4741347 -0.8264493 -0.05932182 0.102774 -0.9929342 -0.4844146 -0.1610063 -0.859895 -0.2576826 0.4462702 -0.8569964 -0.6561487 0.1365027 -0.7421832 -0.8415609 0.513929 0.1662898 -0.8369036 -0.2788795 0.4709761 -0.6688696 -0.0327664 0.7426573 -0.6171853 0.02440613 0.7864392 -0.8522062 0.1895593 0.4876596 -0.8093998 0.2644329 0.5243543 -0.9093878 0.3837537 0.1604587 -0.8694394 0.4613581 0.1767029 -0.7542641 0.6229556 0.2073935 -0.4605251 0.7974057 0.38995 -0.6834012 0.4284065 0.5911267 -0.2762755 0.4782258 0.8336498 -0.4825838 0.1524188 0.8624855 -0.9968631 -0.001803398 0.07912415 -0.9476983 -0.1450724 0.2842922 3.18192e-6 -2.88978e-6 1 -0.9093793 0.383773 -0.1604602 -0.9968637 -0.001820027 -0.07911735 -0.7542716 0.6229393 -0.2074151 -0.8694508 0.4613392 -0.1766958 -0.8522026 0.1895585 -0.4876663 -0.9477013 -0.1450613 -0.284288 -0.836905 -0.2788808 -0.4709729 -0.4605376 0.7973991 -0.3899487 -0.6833774 0.4284304 -0.5911368 -0.8093986 0.2644391 -0.5243529 -0.6171741 0.02443176 -0.7864473 -0.6688868 -0.03278565 -0.742641 -0.2762905 0.478212 -0.8336527 -0.4826087 0.1524128 -0.8624727 -3.04833e-4 -1.77652e-4 -1 -0.8660579 -0.4999437 -1.0572e-5 -0.8660102 -0.5000266 0 -0.8660089 -0.5000286 0 -0.8660529 -0.4999524 8.7973e-6 -0.8660368 -0.4999802 4.98393e-6 -0.8660081 -0.5000303 2.08148e-5 -0.8659921 -0.5000578 3.39848e-5 -0.8660227 -0.5000049 1.06245e-5 -0.866026 -0.499999 -1.95776e-6 -0.8660253 -0.5000001 3.60747e-5 -0.8660252 -0.5000004 1.58753e-5 -0.8660017 -0.5000411 -1.00748e-4 -0.8660299 -0.4999921 -1.28335e-5 -0.8660025 -0.5000398 1.54275e-4 -0.866027 -0.4999973 -1.58878e-4 -0.8658905 -0.5002335 -1.56078e-4 -0.8660258 -0.4999993 -3.41612e-6 -0.866032 -0.4999887 1.18019e-6 -0.8659197 -0.5001831 6.38143e-5 -0.8660257 -0.4999994 2.69152e-7 -0.8659999 -0.5000442 -4.05044e-6 -0.8660197 -0.50001 0 -0.8660528 -0.4999527 1.67638e-4 -0.8660291 -0.4999936 1.59142e-4 -0.8660222 -0.5000058 -2.13378e-5 -0.8660354 -0.4999828 1.38408e-5 -0.8660058 -0.500034 1.01758e-4 -0.8660252 -0.5000004 -1.45939e-5 -0.8660254 -0.5 -3.49506e-5 -0.8660374 -0.4999794 4.13462e-5 -0.866033 -0.4999868 2.85315e-5 -0.8660534 -0.4999516 2.87866e-5 -0.8660062 -0.5000334 -2.31427e-5 -0.8660418 -0.4999717 -7.25436e-6 -0.8660378 -0.4999786 0 -0.8660264 -0.4999984 0 -0.8659874 -0.500066 0 -0.8660461 -0.4999644 0 -0.8660496 -0.4999583 0 -0.8660303 -0.4999915 0 -0.8660349 -0.4999835 0 -0.8660133 -0.5000212 0 -0.4914904 0.8513365 -0.1834756 -0.4107111 0.7113783 -0.5703134 -0.2576919 0.4463415 -0.8569564 -0.05932605 0.1027638 -0.9929351 0.1494013 -0.2587693 -0.9543154 0.3319682 -0.5749976 -0.7477801 0.4560888 -0.7899786 -0.4097769 0.4999973 -0.8660269 3.1044e-7 0.4560903 -0.7899781 0.4097758 0.331973 -0.5749967 0.7477785 0.1494004 -0.2587693 0.9543156 -0.05933117 0.1027643 0.9929348 -0.2576959 0.4463416 0.8569551 -0.4107127 0.711378 0.5703126 -0.4915115 0.8513225 0.1834847 -0.276144 0.4782954 0.8336535 -0.460394 0.7974784 0.3899559 -0.4812988 0.8336375 0.2709248 -0.4925241 0.8530384 0.172469 -0.4996607 0.8654328 0.03695029 -0.4915114 0.8513244 -0.1834759 -0.4989907 0.8642748 -0.06354153 -0.4915145 0.8513259 -0.1834607 -0.4933273 0.8544672 0.1628313 -0.4997471 0.8655901 0.03173059 -0.498945 0.8641996 -0.06490635 -0.4915108 0.8513249 0.1834751 -0.4915111 0.851325 0.1834741 -0.4106494 0.7113735 0.5703639 -0.4107696 0.7112445 0.5704382 -0.2575437 0.4463975 0.8569718 -0.2576947 0.446226 0.8570156 -0.05920213 0.1026664 0.9929526 -0.05927652 0.1028957 0.9929244 0.1494776 -0.2585058 0.9543749 0.1495312 -0.2587055 0.9543123 0.3319303 -0.5748579 0.7479043 0.3319537 -0.5748406 0.7479071 0.4561296 -0.7898479 0.4099831 0.4561123 -0.7898607 0.4099775 0.5000307 -0.8660076 8.2838e-6 0.4999431 -0.8660583 -1.54456e-5 0.4560986 -0.7898795 -0.4099568 0.4562258 -0.7898455 -0.4098806 0.3318904 -0.574912 -0.7478805 0.331878 -0.5749093 -0.7478879 0.1495116 -0.2586141 -0.9543402 0.1496585 -0.2587606 -0.9542774 -0.05913251 0.102658 -0.9929575 -0.05930387 0.1028327 -0.9929293 -0.2574547 0.4463457 -0.8570255 -0.2576246 0.4463242 -0.8569856 -0.4106607 0.7113592 -0.5703737 -0.4107701 0.7112661 -0.5704109 -0.276165 0.4783294 -0.8336269 -0.4604145 0.797469 -0.389951 -0.4813604 0.8337409 -0.270496 -0.4913846 0.8511005 -0.1848489 -0.4994152 0.8650125 -0.04835236 -0.499212 0.8646586 0.05615133 -0.4934329 0.8546441 -0.1615778 -0.4997548 0.8656029 -0.03125584 -0.4989417 0.8641764 0.06524217 0.8840668 0.4499115 -0.1265133 0.84567 0.2673003 -0.4619448 0.8578686 0.4952911 -0.1369245 0.7499955 0.4330142 -0.5000054 0.8379966 0.5297098 -0.1310313 0.6543329 0.5987259 -0.4619262 0.8198363 0.5611635 -0.1138598 0.5732073 0.7392024 -0.3535721 0.804943 0.5869588 -0.0868681 0.5190167 0.8330737 -0.1913374 0.7946073 0.6048582 -0.05240166 0.7897497 0.6132823 -0.0134297 0.5000045 0.8660228 5.81145e-6 0.7907088 0.6116091 0.02672135 0.5190179 0.8330709 0.1913465 0.7974903 0.5998692 0.06454664 0.5732054 0.7392094 0.3535607 0.8094643 0.5791323 0.09681606 0.8256073 0.5511748 0.1207431 0.6543174 0.5987207 0.4619548 0.8445129 0.5184305 0.1342675 0.7500017 0.4330229 0.4999887 0.8645787 0.4836679 0.1362689 0.8456683 0.2672986 0.4619487 0.8840643 0.4499221 0.1264931 0.9013083 0.4200454 0.1058558 0.9267715 0.1268154 0.3535712 0.9147953 0.3966873 0.07608461 0.9809697 0.03297966 0.1913395 0.9233889 0.381803 0.03974348 1 4.90993e-6 -4.17046e-6 0.9263375 0.3766946 -8.93697e-6 0.9211124 0.3857546 -0.05239695 0.9809857 0.03293734 -0.1912648 0.9062752 0.4114535 -0.09680598 0.9267498 0.1268455 -0.3536171 0.6642813 -0.7266469 -0.1752566 0.9396985 -0.3420041 -2.10106e-6 0.6696208 -0.7208114 -0.178994 0.9105403 -0.2915114 -0.2931513 0.5907742 -0.584232 -0.5564699 0.8275007 -0.1477232 -0.5416833 0.4414876 -0.3256468 -0.8360879 0.7032421 0.06751173 -0.7077378 0.2480072 0.009487211 -0.9687118 0.5566765 0.3214082 -0.766034 0.04432505 0.3622538 -0.931025 0.410099 0.5752859 -0.7077181 -0.1337339 0.6706223 -0.7296444 0.285842 0.790504 -0.5416621 -0.254835 0.8803804 -0.3999871 0.2028286 0.9343065 -0.2931419 -0.2977006 0.9546594 8.53092e-6 0.1736535 0.9848069 -9.56013e-7 0.2027845 0.9343087 0.2931649 0.7351502 0.6779043 -1.6503e-5 0.7446287 0.6614778 0.08930426 0.6505926 -0.73953 -0.1726986 0.6118482 -0.7725284 -0.1698285 0.5017974 -0.8485157 -0.1679897 0.5000045 -0.8660229 2.80747e-6 0.3764084 -0.9108309 -0.1694225 0.3196375 -0.9317483 -0.1722702 0.2983812 -0.9382633 -0.1750161 -0.1736729 -0.9848034 -4.34974e-6 0.3637703 -0.9158758 0.1698315 0.3152758 -0.9331594 0.17267 0.2972117 -0.9385889 0.1752604 0.2894133 -0.9403144 0.1790223 -0.2028011 -0.9343082 0.2931554 0.2105644 -0.8037449 0.5564681 -0.2858241 -0.7904983 0.54168 0.06125962 -0.5451699 0.8360844 -0.4101021 -0.5752676 0.7077312 -0.1322122 -0.210017 0.9687171 -0.5566862 -0.3213889 0.7660352 -0.3358669 0.1427519 0.9310292 -0.7032559 -0.06750988 0.7077242 -0.5139189 0.4511146 0.7296458 -0.8274963 0.147718 0.5416913 -0.6350347 0.6608597 0.3999943 -0.910533 0.2915282 0.2931572 -0.677895 0.7351589 9.74909e-6 -0.939691 0.3420248 -6.13034e-5 -0.910533 0.2915348 -0.2931504 -0.9396981 -0.3420053 1.49943e-7 -0.933093 -0.3534519 -0.06640368 -0.5000156 -0.8660165 -2.43075e-7 -0.5190662 -0.8330218 0.1914291 0.1736667 -0.9848045 0 0.1379044 -0.9228595 0.3596008 0.7660452 -0.6427868 -2.4226e-7 0.7302921 -0.5808273 0.3596014 0.2894217 -0.9403141 -0.1790096 -0.2027934 -0.9343101 -0.2931547 -0.7726643 -0.6313278 -0.06644654 -0.7914701 -0.5987467 -0.1227912 -0.9267733 -0.1268125 0.3535675 -0.8456636 -0.2672927 0.4619609 -0.4759989 0.1404178 0.8681635 -0.2962033 -0.1710124 0.9396906 0.296177 0.1709964 0.9397017 0.4760181 -0.1404027 0.8681555 0.2105736 -0.8037422 -0.5564686 -0.285843 -0.7904905 -0.5416814 -0.819646 -0.5499504 -0.1604216 -0.7499904 -0.4330093 0.5000175 -0.1164107 -0.4824423 0.8681578 0.6284382 -0.4044234 0.66446 0.06126952 -0.5451681 -0.8360848 -0.4100804 -0.5752791 -0.7077345 -0.8528699 -0.492403 -0.1736442 -0.6543132 -0.5987222 0.461959 0.03605186 -0.7464463 0.6644684 -0.1322218 -0.210024 -0.9687143 -0.5566616 -0.3213782 -0.7660576 -0.8860946 -0.4348505 -0.1604421 -0.5732422 -0.7391924 0.3535366 -0.3358685 0.1427486 -0.9310292 -0.7032507 -0.06752079 -0.7077284 -0.91426 -0.3860745 -0.1227816 -0.5139326 0.4511051 -0.7296422 -0.8275163 0.1477063 -0.5416639 -0.635039 0.6608579 -0.3999903 0.4900107 -0.8553715 0.1680153 0.6068448 -0.7765074 0.1696341 0.6494766 -0.7405417 0.1725636 0.6640937 -0.7268259 0.1752248 0.6696195 -0.7208119 0.1789972 0.9105417 -0.2915014 0.2931567 0.9522623 0.3018481 0.04565393 0.933704 0.3339907 0.1290243 0.8275021 -0.1477157 0.541683 0.899784 0.3927533 0.1900884 0.7032381 0.06750965 0.707742 0.8563753 0.4679328 0.2183126 0.5566816 0.3214045 0.7660319 0.8109873 0.5465431 0.2087832 0.4101068 0.5752749 0.7077226 0.771466 0.6150017 0.1631358 0.2858473 0.7905012 0.5416632 0.5907855 -0.5842248 0.5564657 0.4414667 -0.325652 0.8360968 0.2480077 0.009487807 0.9687117 0.04433685 0.362259 0.9310225 -0.1337312 0.6706243 0.7296432 -0.2548096 0.8803867 0.3999891 0.952258 0.3018621 -0.0456528 0.9336963 0.3340038 -0.1290456 0.8997808 0.3927604 -0.1900894 0.8563789 0.4679203 -0.2183251 0.8109854 0.5465566 -0.2087548 0.771457 0.6150103 -0.1631453 0.744637 0.6614689 -0.08930081 -0.5860508 -0.3385403 -0.7361623 -0.7500115 -0.4330195 -0.4999769 -0.8456713 -0.2673136 -0.4619345 -0.852867 -0.4924054 0.1736517 -0.8196498 -0.5499493 0.1604056 -0.2961798 -0.1709924 -0.9397016 -0.1164123 -0.4824389 -0.8681595 0.2962077 0.1710156 -0.9396886 0.4760065 -0.1404139 -0.86816 0.116394 0.4824368 -0.8681631 -0.03602558 0.7464545 -0.6644606 -0.1378735 0.9228855 -0.3595458 -0.1736608 0.9848056 -1.22938e-4 -0.1378465 0.9228078 0.3597558 -0.03602701 0.7464531 0.6644622 0.116347 0.4825039 0.8681322 -0.4759976 0.1404221 -0.8681637 -0.6284177 0.4044442 -0.6644667 -0.7302786 0.5808415 -0.3596059 -0.7660592 0.6427701 2.26406e-7 -0.730288 0.5808317 0.3596025 -0.6284165 0.404444 0.6644681 -0.9267795 -0.1268395 -0.3535417 -0.980969 -0.03294819 -0.191349 -1 -8.13896e-6 4.83869e-6 -0.9809699 -0.0329535 0.1913433 -0.6543343 -0.5987196 -0.4619323 -0.5732119 -0.7392041 -0.3535612 0.03601914 -0.7464556 -0.6644597 -0.5190269 -0.8330661 -0.1913424 0.1378974 -0.9229108 -0.359472 -0.8860928 -0.4348605 0.1604241 -0.9142664 -0.386053 0.1228016 -0.9330879 -0.3534554 0.06645596 0.6284505 -0.4044122 -0.6644552 0.7302883 -0.5808317 -0.3596021 -0.7660459 -0.6427859 -1.83191e-6 -0.7726503 -0.6313444 0.06645143 -0.7914668 -0.5987488 0.1228023 -0.2740396 -0.9395581 0.2052628 -0.2588178 -0.9659262 -2.64803e-5 -0.2588202 -0.9659255 8.94441e-6 -0.2857576 -0.9193078 -0.2705841 -0.2857608 -0.9193038 -0.2705944 -0.3623934 -0.7865654 -0.499986 -0.3623856 -0.7865647 -0.4999927 -0.4770498 -0.5878975 -0.6532994 -0.4770732 -0.587898 -0.6532818 -0.6123726 -0.3535529 -0.707107 -0.6123637 -0.35357 -0.7071061 -0.7149907 -0.1757722 -0.6766775 -0.7149865 -0.1757706 -0.6766824 -0.808813 -0.01336562 -0.5879141 -0.8088218 -0.01343435 -0.5879005 -0.8856799 0.1198012 -0.4485744 -0.885675 0.1198108 -0.4485814 -0.9390134 0.2122045 -0.2705979 -0.9390177 0.212192 -0.2705928 -0.9642127 0.2559118 -0.0693047 -0.9642195 0.2558843 -0.0693106 -0.9591301 0.247061 0.1379504 -0.9591356 0.2470419 0.1379471 -0.9241713 0.1865363 0.3333343 -0.9241688 0.186535 0.3333418 -0.8623651 0.07947432 0.5000103 -0.8623661 0.0794726 0.5000091 -0.7790313 -0.06487524 0.6236197 -0.7790352 -0.06488138 0.6236143 -0.681352 -0.2340931 0.6935127 -0.6813451 -0.2340844 0.6935225 -0.5777065 -0.4135721 0.7037139 -0.5776921 -0.4135653 0.7037298 -0.4770531 -0.5878983 0.6532962 -0.4770672 -0.5878966 0.6532875 -0.3880629 -0.7420397 0.5466117 -0.3880691 -0.742038 0.5466095 -0.318402 -0.8627229 0.392848 -0.3184174 -0.86272 0.3928417 -0.2740312 -0.9395605 0.2052633 -0.8661438 -0.4997949 7.46859e-5 -0.8659865 -0.5000674 2.35067e-5 -0.8660075 -0.5000312 -9.07062e-6 -0.8659541 -0.5001237 6.17301e-6 -0.8660693 -0.4999241 -5.05697e-6 -0.8661487 -0.4997864 1.75996e-4 -0.8661847 -0.4997242 6.00973e-5 -0.8660421 -0.499971 -2.0381e-4 -0.8660634 -0.4999341 6.97398e-5 -0.8660352 -0.499983 1.81277e-5 -0.866113 -0.4998484 -2.56162e-4 -0.866002 -0.5000408 -9.72606e-5 -0.8661133 -0.4998477 8.87216e-5 -0.8660276 -0.4999962 -2.92833e-5 -0.8660255 -0.5 -1.14273e-6 -0.8660279 -0.4999957 -3.12313e-5 -0.8660258 -0.4999994 -2.25171e-5 -0.8660263 -0.4999985 5.41098e-5 -0.8660224 -0.5000054 2.54322e-5 -0.8659772 -0.5000837 -1.93613e-5 -0.8659772 -0.5000836 -1.67236e-5 -0.8660135 -0.5000207 3.07157e-5 -0.8660035 -0.5000382 4.14003e-5 -0.865997 -0.5000493 1.1105e-5 -0.8660808 -0.4999042 -1.29957e-5 -0.8660047 -0.5000362 2.05076e-5 -0.8660691 -0.4999245 -3.99504e-5 -0.8660434 -0.4999688 -1.5971e-5 -0.8658959 -0.5002241 3.14095e-4 -0.8659784 -0.5000815 -8.4254e-5 -0.8659943 -0.5000541 -4.08993e-5 -0.8659886 -0.500064 -5.09126e-5 -0.8660085 -0.5000293 -1.4632e-5 -0.8659442 -0.5001407 1.46166e-4 -0.866033 -0.499987 4.09761e-5 -0.8660256 -0.4999995 -1.85438e-5 -0.8660249 -0.5000011 4.9877e-6 -0.8660263 -0.4999986 2.68538e-5 -0.8659762 -0.5000854 4.47521e-5 -0.8659973 -0.5000488 3.71669e-5 -0.8658851 -0.5002429 -1.34114e-4 -0.8660437 -0.4999685 -4.40548e-5 -0.8660125 -0.5000224 2.5846e-5 -0.8660439 -0.4999681 -1.52682e-5 0.766042 7.91252e-6 0.6427906 0.8653424 -0.500014 0.03418749 1 -2.18749e-5 7.85198e-6 0.6848798 -0.4999861 -0.5300505 0.7660375 -2.11373e-5 -0.642796 0.1839344 -0.5000128 -0.8462597 0.1736376 1.44616e-5 -0.9848096 -0.4030725 -0.4999825 -0.7665181 -0.4999976 -2.00421e-5 -0.8660268 -0.8014587 -0.5000219 -0.3280887 -0.9396889 1.06245e-5 -0.3420305 -0.8248442 -0.50002 0.2638411 -0.9396922 -2.50414e-5 0.3420215 -0.4622883 -0.4999828 0.7323297 -0.5000031 -5.93066e-6 0.8660237 0.1165988 -0.5000232 0.8581268 0.1736553 1.82018e-5 0.9848065 0.6409179 -0.5000159 0.5824161 0.4996221 -0.8660133 0.0199691 -1.0538e-5 -1 1.58728e-4 0.395424 -0.8660159 -0.3060335 0.1061955 -0.8660277 -0.4885883 -0.2327213 -0.8660126 -0.442564 -0.4627192 -0.8660366 -0.1893982 -0.4762378 -0.8660216 0.1523293 -0.2669131 -0.8660134 0.4228219 0.06731516 -0.8660338 0.4954333 0.3700227 -0.8660354 0.3362529 0.7660428 8.05408e-6 0.6427897 0.8653346 -0.5000274 0.03418874 1 -2.55033e-5 -2.55741e-6 0.6848626 -0.5000192 -0.5300415 0.7660456 -1.77175e-5 -0.6427863 0.1839373 -0.5000008 -0.8462662 0.1736565 5.86361e-6 -0.9848063 -0.4030612 -0.5000236 -0.7664973 -0.4999918 -2.04816e-5 -0.8660302 -0.8014622 -0.5000157 -0.3280895 -0.9396914 1.41859e-5 -0.3420239 -0.8248491 -0.5000122 0.2638407 -0.9396948 -2.39983e-5 0.3420144 -0.4622774 -0.5000182 0.7323125 -0.4999935 -3.94881e-7 0.8660293 0.1165959 -0.5000206 0.8581287 0.1736374 1.69203e-5 0.9848098 0.6409177 -0.5000166 0.5824156 0.4995829 -0.8660351 0.02000564 -1.03733e-5 -1 1.73912e-4 0.3954185 -0.8660187 -0.3060327 0.1061958 -0.8660188 -0.4886043 -0.2327042 -0.8660323 -0.4425347 -0.4627267 -0.8660252 -0.1894323 -0.4762418 -0.8660185 0.1523342 -0.2668981 -0.866023 0.4228117 0.06731808 -0.8660162 0.4954637 0.3700316 -0.8660278 0.3362627 0.7660489 8.57562e-6 0.6427825 0.8653368 -0.5000234 0.0341897 1 -2.50638e-5 6.8685e-6 0.6848793 -0.4999873 -0.5300502 0.7660437 -2.03401e-5 -0.6427886 0.1839346 -0.5000125 -0.8462598 0.1736539 9.06736e-6 -0.9848068 -0.4030711 -0.4999766 -0.7665227 -0.4999947 -2.11373e-5 -0.8660285 -0.8014617 -0.5000177 -0.3280878 -0.9396948 9.93907e-6 -0.3420141 -0.8248429 -0.5000209 0.2638436 -0.9396924 -2.44081e-5 0.3420208 -0.4622846 -0.499993 0.7323251 -0.4999951 -1.58474e-5 0.8660283 0.1165979 -0.5000199 0.8581289 0.1736416 1.71289e-5 0.9848089 0.6409168 -0.500016 0.582417 0.499577 -0.8660387 0.01999348 -1.0492e-5 -1 1.62899e-4 0.3953981 -0.8660343 -0.306015 0.1061975 -0.8660199 -0.4886017 -0.2327004 -0.8660385 -0.4425244 -0.4627233 -0.866037 -0.1893865 -0.4762241 -0.8660293 0.1523286 -0.2668898 -0.8660392 0.4227837 0.06731969 -0.8660162 0.4954635 0.3700284 -0.8660334 0.3362517 0.7660464 8.84384e-6 0.6427854 0.865337 -0.5000232 0.03418749 1 -2.59653e-5 1.13067e-5 0.6848763 -0.4999928 -0.5300487 0.7660422 -2.0951e-5 -0.6427904 0.1839322 -0.5000121 -0.8462606 0.1736574 1.13025e-5 -0.9848062 -0.4030712 -0.4999763 -0.7665228 -0.5000022 -2.17035e-5 -0.8660242 -0.8014616 -0.5000178 -0.3280878 -0.9396948 9.89437e-6 -0.3420141 -0.8248426 -0.5000214 0.2638434 -0.9396924 -2.49147e-5 0.3420208 -0.4622845 -0.4999931 0.732325 -0.4999951 -1.58697e-5 0.8660283 0.1165978 -0.50002 0.8581288 0.1736417 1.71736e-5 0.9848089 0.6409173 -0.5000153 0.5824172 0.4996144 -0.8660171 0.01999586 -9.74105e-6 -1 1.63645e-4 0.395401 -0.866032 -0.3060174 0.1062008 -0.8660189 -0.4886028 -0.2327238 -0.866011 -0.4425661 -0.4627338 -0.8660315 -0.1893858 -0.4762249 -0.8660287 0.1523292 -0.2669099 -0.8660144 0.4228218 0.06731939 -0.866016 0.4954639 0.3700482 -0.8660142 0.3362796 0.7660472 8.22544e-6 0.6427844 0.865337 -0.5000234 0.03418612 1 -2.5034e-5 -1.07549e-5 0.6848753 -0.4999958 -0.5300474 0.7660461 -2.27019e-5 -0.6427857 0.1839364 -0.5000059 -0.8462633 0.173656 1.21593e-5 -0.9848064 -0.4030729 -0.4999787 -0.7665205 -0.5000039 -2.20463e-5 -0.8660233 -0.8014601 -0.5000205 -0.3280874 -0.9396944 1.05351e-5 -0.3420156 -0.824842 -0.5000239 0.2638404 -0.9396909 -2.39536e-5 0.342025 -0.4622853 -0.4999906 0.7323262 -0.4999958 -1.75387e-5 0.8660279 0.116596 -0.5000214 0.8581283 0.1736461 1.51992e-5 0.9848082 0.6409175 -0.5000167 0.5824158 0.4996138 -0.8660174 0.02000647 1.0131e-5 -1 -1.67556e-4 0.3954061 -0.8660295 -0.3060179 0.1061917 -0.8660383 -0.4885704 -0.2327007 -0.8660382 -0.4425249 -0.462731 -0.8660297 -0.1894012 -0.4762283 -0.8660272 0.1523272 -0.2669112 -0.8660155 0.4228185 0.06731706 -0.8660147 0.4954665 0.3700267 -0.8660327 0.3362553 0.7660455 8.79913e-6 0.6427863 0.8653424 -0.5000139 0.03418779 1 -2.48104e-5 -1.15368e-5 0.6848774 -0.4999935 -0.5300467 0.7660508 -1.97217e-5 -0.6427801 0.1839321 -0.5000124 -0.8462604 0.1736477 1.16602e-5 -0.9848079 -0.5000022 -2.17557e-5 -0.8660242 0.1165959 -0.5000099 0.8581349 0.6409177 -0.5000121 0.5824195 0.4995741 -0.8660405 0.0199927 1.15912e-5 -1 -1.73743e-4 0.3953916 -0.8660394 -0.3060085 0.1062012 -0.8660185 -0.4886034 -0.4627339 -0.8660314 -0.1893859 -0.4762241 -0.8660291 0.1523292 -0.2668896 -0.8660371 0.4227879 0.067312 -0.866038 0.4954265 0.3700487 -0.8660136 0.3362803 0.766052 8.03173e-6 0.6427786 0.8653647 -0.4999752 0.03418916 1 2.70456e-5 8.58167e-6 0.6848875 -0.499974 -0.5300521 0.7660441 2.49445e-5 -0.6427879 0.1839331 -0.5000051 -0.8462646 0.1736459 1.06916e-5 -0.9848082 -0.4030652 -0.5000134 -0.766502 -0.4999915 -6.87689e-6 -0.8660303 -0.8014625 -0.5000136 -0.3280918 -0.9396947 1.19954e-5 -0.3420146 -0.8248478 -0.5000141 0.2638409 -0.9396922 1.923e-5 0.3420214 -0.4622933 -0.4999763 0.7323309 -0.500007 -1.76504e-5 0.8660214 0.1165971 -0.500015 0.8581318 0.1736375 1.67564e-5 0.9848096 0.6409156 -0.5000151 0.5824192 0.4995982 -0.8660261 0.02001756 -1.04039e-5 -1 1.68292e-4 0.3954029 -0.866032 -0.3060149 0.1062016 -0.8660187 -0.4886032 -0.2327048 -0.8660341 -0.4425308 -0.4627476 -0.8660175 -0.1894156 -0.4762212 -0.8660309 0.1523283 -0.2669118 -0.8660157 0.4228181 0.0673111 -0.8660383 0.4954259 0.3700369 -0.8660238 0.3362672 0.7660481 6.66827e-6 0.6427834 0.865341 -0.5000162 0.03418982 1 2.75523e-5 5.16418e-6 0.6848815 -0.4999862 -0.5300484 0.7660486 -2.68146e-5 -0.6427828 0.1839342 -0.500007 -0.8462631 0.1736474 1.88127e-5 -0.984808 -0.403065 -0.5000117 -0.7665032 -0.5000054 -8.88109e-6 -0.8660224 -0.8014612 -0.5000171 -0.32809 -0.9396948 1.42306e-5 -0.3420141 -0.8248699 -0.4999788 0.2638393 -0.939689 -2.75224e-5 0.3420301 -0.4622877 -0.4999924 0.7323235 -0.5000041 -2.38717e-5 0.8660231 0.116598 -0.4999819 0.858151 0.1736552 0 0.9848066 0.6409156 -0.500016 0.5824183 0.4996115 -0.866019 0.01998627 1.26384e-5 -1 -1.81286e-4 0.3953946 -0.8660382 -0.3060086 0.1062008 -0.8660189 -0.4886029 -0.2327005 -0.8660386 -0.4425244 -0.4627315 -0.866034 -0.1893798 -0.4762238 -0.8660294 0.1523295 -0.2668893 -0.8660355 0.4227916 0.06731873 -0.866029 0.4954411 0.3700505 -0.8660136 0.3362786 -0.008309841 -0.9855888 -0.1689553 7.02916e-7 -1 -1.52511e-7 -1.37486e-7 -1 -2.19995e-6 -0.01871597 -0.9676823 0.2514772 -0.01874554 -0.9677333 0.2512786 -0.07299065 -0.8736037 0.4811331 -0.07297241 -0.8736024 0.4811382 -0.158334 -0.7258098 0.6694256 -0.1583138 -0.725797 0.6694442 -0.2673175 -0.5370158 0.8000972 -0.2673181 -0.5370157 0.8000971 -0.3905844 -0.3235448 0.8618369 -0.3906053 -0.3235133 0.8618392 -0.5174776 -0.1036744 0.8493931 -0.5174971 -0.1036875 0.8493797 -0.6371438 0.1035385 0.7637589 -0.6371336 0.1035482 0.7637662 -0.7391818 0.2803727 0.6123736 -0.7391769 0.2803432 0.6123932 -0.8149087 0.4114238 0.4082332 -0.8148976 0.4114369 0.408242 -0.8577039 0.4855914 0.1689536 -0.8577098 0.4855815 0.1689517 -0.8638782 0.496522 -0.0847373 -0.8638484 0.4965513 -0.08487063 -0.8330888 0.4428713 -0.3314034 -0.8330584 0.4429188 -0.3314161 -0.7677186 0.3297842 -0.5494093 -0.7677283 0.3297682 -0.5494054 -0.6735824 0.166677 -0.7200733 -0.6735925 0.1666647 -0.7200668 -0.5587328 -0.03230851 -0.8287183 -0.558727 -0.03229928 -0.8287225 -0.4330177 -0.2499952 -0.8660243 -0.4330179 -0.2499939 -0.8660246 -0.348522 -0.3963128 -0.8493931 -0.3485683 -0.3963323 -0.8493651 -0.2673035 -0.5370113 -0.8001048 -0.2672827 -0.5370059 -0.8001154 -0.1924239 -0.6666796 -0.7200773 -0.1923934 -0.6666601 -0.7201036 -0.1269201 -0.7803468 -0.6123317 -0.1269418 -0.7802993 -0.6123878 -0.07298403 -0.873603 -0.4811353 -0.07296967 -0.8736019 -0.4811395 -0.03289133 -0.9429088 -0.3314231 -0.03290301 -0.9429084 -0.3314234 -0.008334875 -0.9855892 -0.1689513 -0.6725296 3.46685e-6 0.7400702 -0.03947752 3.62983e-6 0.9992206 0.6120494 1.8042e-5 0.7908197 0.9771833 2.08488e-5 0.2123981 0.8850899 3.74578e-6 -0.4654201 0.3788496 5.99655e-6 -0.9254583 -0.3046552 3.56387e-5 -0.9524628 -0.8456131 1.27591e-5 -0.5337965 -0.9908959 3.636e-5 0.1346303 -0.6725364 1.99939e-5 0.7400641 -0.03947746 5.54766e-6 0.9992205 0.6120451 1.30059e-6 0.790823 0.9771823 3.2597e-5 0.2124028 0.8850854 -1.96758e-5 -0.4654288 0.3788464 2.50472e-5 -0.9254596 -0.3046558 3.36915e-5 -0.9524626 -0.8456133 1.4463e-5 -0.5337961 -0.9908959 3.36042e-5 0.1346309 -0.6725343 1.50353e-5 0.7400661 -0.0394774 4.02145e-6 0.9992206 0.612044 -3.12179e-6 0.7908238 0.9771829 2.58405e-5 0.2124 0.8850899 3.59165e-6 -0.4654202 0.3788497 5.51925e-6 -0.9254583 -0.304655 3.65088e-5 -0.9524628 -0.8456189 6.10922e-5 -0.533787 -0.9908958 3.19311e-5 0.1346311 -0.6725343 1.50821e-5 0.7400661 -0.03948116 -4.92069e-5 0.9992203 0.6120453 1.42027e-6 0.7908228 0.9771833 2.06812e-5 0.2123983 0.8850901 4.35812e-6 -0.46542 0.3788498 5.96908e-6 -0.9254582 -0.3046553 3.55362e-5 -0.9524627 -0.8456133 1.43985e-5 -0.5337962 -0.9908958 3.19784e-5 0.1346311 -0.6725343 1.5035e-5 0.740066 -0.03948116 -4.92185e-5 0.9992203 0.6120452 1.45612e-6 0.7908228 0.9771833 2.05515e-5 0.212398 0.88509 4.40562e-6 -0.46542 0.3788498 5.94696e-6 -0.9254582 -0.3046554 3.55204e-5 -0.9524627 -0.8456133 1.43293e-5 -0.5337961 -0.9908958 3.19574e-5 0.1346313 0.6120452 1.36578e-6 0.7908229 0.9771833 2.0535e-5 0.212398 0.8850885 -4.08362e-6 -0.4654231 0.3788561 -4.30639e-5 -0.9254556 -0.3046551 3.60783e-5 -0.9524627 -0.8456133 1.43524e-5 -0.5337962 -0.6725415 3.22508e-5 0.7400594 -0.0394774 2.70689e-6 0.9992205 0.612047 9.18261e-6 0.7908214 0.9771833 2.04593e-5 0.212398 0.8850884 -4.1367e-6 -0.4654229 0.3788561 -4.30455e-5 -0.9254556 -0.3046551 3.6448e-5 -0.9524627 -0.8456124 8.4436e-6 -0.5337974 -0.990895 -1.91815e-5 0.1346369 -0.6725247 -8.89367e-6 0.7400747 -0.0394774 5.61308e-6 0.9992206 0.6120495 1.81731e-5 0.7908195 0.9771833 2.05003e-5 0.2123981 0.8850869 -1.21852e-5 -0.4654259 0.3788555 -3.51376e-5 -0.9254559 -0.3046555 3.43444e-5 -0.9524626 -0.8456132 1.37622e-5 -0.5337964 -0.9908959 3.53716e-5 0.1346303 0.4662246 -0.8075518 0.3612409 0.4784809 -0.8287357 0.2902642 0.4999846 -0.8660343 -7.0681e-6 0.5000007 -0.866025 -8.17359e-6 0.4904115 -0.8493744 -0.1950888 0.4157332 -0.7200745 0.5555706 0.369494 -0.6400058 0.6736965 0.3171923 -0.5494069 0.773008 0.2228621 -0.3860262 0.8951627 0.1913406 -0.331393 0.9238871 0.04612392 -0.07991153 0.9957343 0.049003 -0.08487671 0.9951857 -0.09753048 0.1689428 0.9807886 -0.1368263 0.2370022 0.9618257 -0.2356834 0.4082441 0.8819241 -0.3013309 0.5218898 0.7980169 -0.3535451 0.6123853 0.7070997 -0.4250892 0.7363218 0.5264308 -0.4409614 0.7637599 0.4714061 -0.4914817 0.8512823 0.1837507 -0.490391 0.8493847 0.195096 -0.4975945 0.8618534 -0.09802335 -0.4914909 0.8512775 -0.1837486 -0.4619463 0.8000982 -0.3826858 -0.4251246 0.7363006 -0.5264319 -0.3865168 0.6694464 -0.6343866 -0.3013175 0.5218968 -0.7980172 -0.2777724 0.4811275 -0.8314799 -0.136844 0.2369897 -0.9618262 -0.14514 0.2513865 -0.9569427 -2.10479e-7 1.42725e-5 -1 0.04613685 -0.07990515 -0.9957342 0.09753143 -0.1689525 -0.9807868 0.2228842 -0.3860123 -0.8951632 0.1913415 -0.3314117 -0.9238803 0.2777832 -0.4811393 -0.8314695 0.3695089 -0.6399963 -0.6736972 0.353554 -0.6123658 -0.7071123 0.4157345 -0.7200738 -0.5555704 0.4662313 -0.8075475 -0.3612416 0.4619395 -0.8001031 -0.3826839 -3.46702e-6 -1 5.80214e-6 1.18226e-4 -1 6.8225e-5 0 -1 -3.82787e-6 0 -1 6.48896e-7 0 -1 0 0 -1 -6.76917e-7 0 -1 -3.74364e-6 0 -1 -9.20028e-7 0 -1 -1.4268e-6 5.6982e-5 -1 1.20765e-4 0 -1 9.87403e-7 0 -1 5.16351e-6 5.53392e-5 -1 1.57054e-4 0 -1 -3.26146e-5 0 -1 -2.23452e-5 0 -1 2.98038e-6 0 -1 4.38496e-7 0 -1 -4.89793e-7 0 -1 1.27134e-5 0 -1 -3.71991e-6 0 -1 -7.16017e-6 0 -1 -2.35497e-6 0 -1 -4.01431e-6 0 -1 -6.36581e-6 0 -1 -6.45772e-6 1.31726e-5 -1 5.81741e-5 0 -1 1.14864e-6 3.51816e-5 -1 8.53538e-5 0 -1 -5.66785e-6 -1.43833e-4 -1 6.06477e-5 -1.23426e-4 -1 4.36008e-5 0 -1 3.49674e-7 0 -1 -1.29284e-6 0 -1 -5.05233e-6 -1.45589e-4 -1 -3.42727e-7 0 -1 1.59805e-6 -8.60877e-5 -1 -4.6201e-5 0 -1 -3.25304e-6 0 -1 -4.6561e-7 -1.08689e-4 -1 -1.15883e-4 0 -1 -1.9444e-6 -2.15024e-5 -1 -1.06696e-4 0 -1 -3.65152e-6 0 -1 1.15854e-5 0 -1 6.23225e-6 0 -1 -4.81811e-6 0 -1 3.18462e-5 0 -1 -4.45656e-6 0 -1 1.30717e-5 0 -1 -4.41038e-6 0 -1 4.41788e-7 0 -1 -7.6983e-6 0 -1 -1.35557e-6 0 -1 2.39697e-5 4.27514e-5 -1 -1.39812e-4 0 -1 -1.01063e-5 0 -1 -7.00838e-6 7.66516e-5 -1 -1.33067e-4 0 -1 2.48672e-6 1.29104e-4 -1 -9.48012e-5 0 -1 1.78627e-6 0 -1 -1.13305e-6 0 -1 -4.52596e-6 1.90988e-4 -1 -1.00881e-4 0 -1 1.78262e-6 0 -1 2.27673e-6 0 -1 -1.08094e-5 1.67638e-5 -1 2.19606e-6 0 -1 -4.38036e-6 0 -1 1.79962e-6 0 -1 9.22832e-6 0 -1 2.57549e-6 0 -1 1.17505e-5 0 -1 4.43091e-6 0 -1 5.59019e-7 0 -1 -5.6842e-7 0 -1 1.71825e-5 0 -1 1.0238e-5 0 -1 -1.07064e-5 0 -1 -2.60027e-5 0 -1 -3.48275e-6 0 -1 2.22384e-7 0.4961763 -0.8660489 -0.06138926 0.4812453 -0.8660303 -0.1356272 0.384499 -0.8660185 -0.3196446 0.2212484 -0.8660156 -0.448404 0.01973277 -0.866023 -0.4996147 -0.1851747 -0.8660239 -0.4644491 -0.3580741 -0.866027 -0.3489704 -0.4690676 -0.8660198 -0.1731627 -0.4989319 -0.8660286 0.03258103 -0.4425467 -0.866024 0.232712 -0.3096258 -0.8660311 0.3925837 -0.1231843 -0.8660216 0.4845949 0.08456563 -0.8660293 0.49279 0.277415 -0.8660207 0.4159916 0.4227828 -0.8660331 0.2669111 0.4948081 -0.8660253 0.07186853 0.4961835 -0.8660441 0.06139874 0.8596025 -0.5000576 0.1050058 0.8570381 -0.4999955 0.1244605 0.7323208 -0.5000149 0.4622677 0.4799965 -0.500003 0.7208332 0.1464688 -0.5000033 0.8535477 -0.2133681 -0.4999974 0.839331 -0.5363123 -0.5000057 0.6799731 -0.7665035 -0.5000049 0.4030725 -0.8641761 -0.5000132 0.05645024 -0.8124366 -0.5000016 -0.2999085 -0.6202052 -0.4999856 -0.6044501 -0.3207223 -0.4999954 -0.8044513 0.03420805 -0.499983 -0.8653594 0.383201 -0.5000034 -0.7766298 0.6659674 -0.5000009 -0.5536123 0.8335407 -0.5000209 -0.2349234 0.8595995 -0.5000638 -0.1049994 0.9926923 1.66167e-5 -0.1206732 0.8512107 1.32024e-5 -0.5248243 0.5536834 5.99027e-6 -0.8327273 0.1546252 1.75536e-5 -0.9879732 -0.2727804 1.65403e-5 -0.9620764 -0.6501565 7.36117e-6 -0.7598003 -0.9083291 2.65241e-6 -0.4182562 -1 -4.94719e-6 9.89623e-6 -0.9083358 2.22325e-5 0.4182419 -0.6501454 -1.70618e-5 0.7598098 -0.2727394 1.31726e-5 0.962088 0.1546323 -1.08182e-5 0.9879721 0.5536904 -6.13183e-6 0.8327227 0.9926896 -1.02222e-5 0.120696 0.8512196 1.97887e-5 0.5248097 -0.8660238 -0.5000028 4.24252e-6 -0.8660261 -0.499999 -2.38302e-7 -0.8660235 -0.5000034 0 -0.8660208 -0.5000082 -1.64728e-6 -0.8659952 -0.5000523 -7.87006e-5 -0.8660089 -0.5000288 -2.8289e-5 -0.866014 -0.5000198 -2.08978e-5 -0.8660323 -0.4999881 -4.13912e-6 -0.8660417 -0.4999718 5.11522e-5 -0.8660372 -0.4999796 4.56821e-5 -0.8660253 -0.5000003 1.17114e-4 -0.8660433 -0.499969 -1.13178e-4 -0.8660266 -0.499998 -1.13541e-5 -0.8660189 -0.5000113 2.27463e-5 -0.8660176 -0.5000135 1.52764e-5 -0.8660752 -0.4999138 7.09727e-5 -0.8660166 -0.5000152 8.21683e-6 -0.8660336 -0.4999857 -6.24273e-6 -0.8659849 -0.5000704 1.35424e-6 -0.8660363 -0.4999812 0 -0.8660308 -0.4999908 1.8323e-7 -0.8660358 -0.499982 7.91071e-6 -0.8659974 -0.5000487 -2.63997e-5 -0.8660755 -0.4999133 -7.15988e-5 -0.8660176 -0.5000137 -1.54554e-5 -0.8660188 -0.5000117 -2.36554e-5 -0.8660221 -0.500006 -3.59971e-5 -0.8660145 -0.5000191 -7.15273e-5 -0.8660256 -0.4999999 -1.17114e-4 -0.8660259 -0.4999992 -2.05217e-6 -0.8660284 -0.4999948 -9.56422e-6 -0.8659828 -0.500074 -2.64093e-5 -0.8660134 -0.5000211 2.22785e-5 -0.8660436 -0.4999684 -3.13126e-5 0.99269 -7.76297e-6 -0.1206918 0.8512126 -7.21216e-6 -0.5248211 0.553678 -5.54323e-6 -0.832731 0.1546381 1.055e-5 -0.9879712 -0.2727612 -1.04308e-6 -0.9620819 -0.6501376 -4.17232e-6 -0.7598165 -0.9083238 -5.45382e-6 -0.4182677 -1 4.81307e-6 -7.8911e-6 -0.9083397 9.045e-6 0.418233 -0.6501373 -4.06057e-6 0.7598168 -0.2727597 5.27129e-6 0.9620823 0.1546484 -2.24263e-6 0.9879696 0.5536903 3.7998e-7 0.8327226 0.8512101 8.41916e-6 0.5248252 0.9926889 -3.14415e-6 0.1207019 -3.44983e-5 0 -1 -3.47197e-6 1.00806e-5 -1 1.57163e-5 0 -1 1.73125e-5 0 -1 -1.72555e-5 -5.40769e-5 -1 1.04159e-5 4.414e-6 -1 -1.94758e-5 0 1 1.10418e-5 -2.40188e-6 1 0.5877329 0 0.8090552 0.5877847 -2.38866e-5 0.8090175 0.950991 0 0.3092188 0.9511103 2.20612e-5 0.3088515 0.9509961 0 -0.3092033 0.9513298 2.39834e-5 -0.3081749 0.5877251 -2.32162e-7 -0.8090608 0.5877843 -2.69413e-5 -0.8090177 1.71363e-6 7.65314e-6 1 -3.92649e-5 0 1 -4.66384e-5 0 1 -0.4662392 0.8075262 0.361279 -0.5000118 0.8660186 -7.33432e-7 -0.5000088 0.8660203 -1.00859e-6 -0.4662325 0.8075116 -0.3613202 -0.4662382 0.807528 -0.3612764 -0.3695406 0.6400435 -0.673635 -0.3695268 0.6400199 -0.6736651 -0.2228566 0.3860006 -0.8951752 -0.2230107 0.3862441 -0.8950317 -0.04616194 0.07995122 -0.9957294 -0.04617255 0.07996988 -0.9957274 0.1368592 -0.2370398 -0.9618117 0.1368817 -0.2370763 -0.9617996 0.3012853 -0.5218248 -0.7980766 0.3012698 -0.5217984 -0.7980996 0.4251024 -0.7362737 -0.5264874 0.4250853 -0.7362493 -0.5265355 0.4914878 -0.8512549 -0.1838607 0.4914838 -0.8513323 -0.1835132 0.4914802 -0.8513337 0.1835163 0.4914895 -0.8512547 0.1838572 0.4251025 -0.7362734 0.5264878 0.4250857 -0.7362493 0.526535 0.3012824 -0.521825 0.7980775 0.3012672 -0.521799 0.7981002 0.1368512 -0.2370404 0.9618127 0.13688 -0.2370766 0.9617998 -0.046162 0.07995074 0.9957295 -0.04616755 0.0799691 0.9957277 -0.2230206 0.3862698 0.8950182 -0.222718 0.3857731 0.8953077 -0.3695388 0.640044 0.6736356 -0.3695239 0.6400206 0.6736659 -0.466232 0.8075104 0.3613238 0.6054481 -0.7071195 -0.3652597 0.7028455 -0.7071177 -0.077412 0.8892397 -0.3826882 -0.2506048 0.9093161 -0.4019749 -0.1075195 0.7104613 -0.3826922 -0.5905857 0.3962389 -0.7071093 -0.5856545 0.4088276 -0.3826828 -0.828501 0.1138514 -0.7071149 -0.6978727 0.03645932 -0.3826729 -0.9231643 -0.1895709 -0.7071152 -0.6812129 -0.3421407 -0.382698 -0.8581854 -0.4579866 -0.7071022 -0.538753 -0.6616317 -0.3826627 -0.6448356 -0.6418147 -0.7071092 -0.2967671 -0.8667055 -0.3826689 -0.3199781 -0.7071198 -0.7070938 1.49123e-5 -0.9219125 -0.3826896 0.06021642 -0.6417973 -0.7071232 0.2967709 -0.8177143 -0.3826807 0.4299986 -0.4579728 -0.7071019 0.5387652 -0.5721102 -0.3826824 0.7254269 -0.1895532 -0.7071086 0.6812247 -0.2276263 -0.3826851 0.8953985 0.113871 -0.7070913 0.6978935 0.156259 -0.3826842 0.910569 0.3962479 -0.707094 0.5856669 0.5123215 -0.3826832 0.7688176 0.7812374 -0.3826852 0.4931736 0.914287 -0.3826891 0.1327715 0.907859 -0.4053102 0.1073119 0.7028628 -0.7071002 0.07741618 0.6054458 -0.7071196 0.3652634 -5.6033e-6 -0.2588173 -0.9659264 7.93487e-7 -0.4052999 -0.9141839 -1.41194e-5 -0.4999997 -0.8660257 1.46776e-6 -0.7070948 -0.7071189 1.08033e-6 -0.7071024 -0.7071112 -1.64678e-5 -0.2588143 0.9659271 0.5430504 -0.3826628 0.7474394 0.8786671 -0.382668 0.2854986 0.8786626 -0.3826804 -0.2854959 0.5430433 -0.3826816 -0.7474349 0.4156313 -0.7070886 -0.5720807 2.08083e-5 -0.4999936 0.8660291 0.4156275 -0.7071083 0.5720592 0.6725148 -0.707088 0.2185188 0.6725054 -0.7070982 -0.2185148 3.03611e-6 -0.7071053 0.7071082 -2.2538e-6 -0.4019932 0.9156427 1.17347e-6 -0.7071211 0.7070925 0.8660255 0.4999998 0 0.8660287 0.4999943 0 0.8660266 0.4999979 0 0.8660272 0.4999969 -1.7148e-6 0.8660161 0.5000163 8.75231e-6 0.8660272 0.4999968 -3.46219e-6 0.8660175 0.5000138 1.38353e-5 0.8660223 0.5000056 1.41002e-5 0.8660292 0.4999934 -1.4103e-5 0.8660261 0.4999989 -1.43312e-5 0.8660262 0.4999988 -2.3338e-5 0.866025 0.5000007 -5.44579e-6 0.8660272 0.4999971 2.63924e-5 0.8660399 0.499975 -9.30316e-5 0.8660333 0.4999864 -1.45956e-4 0.8660291 0.4999936 4.37256e-6 0.866027 0.4999974 1.81701e-6 0.8660308 0.4999907 2.00816e-6 0.8660336 0.4999859 3.02412e-6 0.8660299 0.4999922 -1.61084e-6 0.8660271 0.4999971 -7.35454e-7 0.8660262 0.4999986 -7.89761e-7 0.8660286 0.4999943 -4.22471e-6 0.8660212 0.5000074 4.67741e-5 0.8660237 0.500003 1.15609e-4 0.8660222 0.5000056 3.25321e-5 0.8660236 0.5000032 1.76462e-5 0.8660248 0.5000012 -2.12621e-5 0.8660249 0.5000008 -1.20969e-5 0.8660256 0.4999998 -1.11014e-6 0.8660292 0.4999936 1.32378e-5 0.8660293 0.4999933 6.43125e-6 0.8660212 0.5000073 -6.86059e-6 0.8660138 0.5000202 -1.04928e-5 0.7046428 -0.7071098 -0.05894422 0.6235094 -0.7071056 -0.3335232 0.4401355 -0.7070986 -0.5534369 0.1845847 -0.7071071 -0.6825892 -0.1012173 -0.7071173 -0.6998144 -0.3704527 -0.7071046 -0.6023023 -0.578918 -0.707099 -0.4060357 -0.6924656 -0.7071046 -0.1431593 -0.6924656 -0.7071046 0.1431593 -0.578918 -0.707099 0.4060356 -0.3704527 -0.7071046 0.6023023 -0.1012173 -0.7071175 0.6998142 0.1845844 -0.7071073 0.6825891 0.4401347 -0.7070981 0.5534382 0.6235105 -0.7071062 0.3335198 0.7046437 -0.7071088 0.05894458 -2.34917e-5 -0.7068874 -0.7073262 0 -0.7071537 -0.7070599 0.4156271 -0.7071067 -0.5720616 0.6725136 -0.7070924 -0.2185085 0.6725053 -0.7070996 0.2185102 0.4156084 -0.7071383 0.572036 -2.25338e-5 -0.7071036 0.7071101 0 -0.7071537 0.7070599 0.6543255 0.5987256 0.4619371 0.7269334 0.4729648 0.4978677 0.7499965 0.4330219 0.4999973 0.8184124 0.3145296 0.4809079 0.8456712 0.2673037 0.4619405 0.9006564 0.1720843 0.3990053 0.9267781 0.1268083 0.353556 0.962554 0.06486243 0.2632161 0.9809696 0.0329678 0.1913418 0.9957432 0.007394909 0.09187352 1 -1.06003e-5 6.36559e-7 0.9957433 0.007395386 -0.09187358 0.9809697 0.03297019 -0.1913412 0.9625539 0.06486684 -0.2632155 0.9267776 0.126811 -0.3535568 0.9006611 0.1720426 -0.3990126 0.8456713 0.2673033 -0.4619404 0.8184129 0.3145279 -0.4809082 0.7499973 0.433021 -0.4999971 0.7269334 0.472965 -0.4978676 0.6543266 0.5987236 -0.461938 0.6385658 0.6260223 -0.4475821 0.5732292 0.7391921 -0.3535582 0.5652427 0.7530218 -0.3368366 0.5190341 0.8330613 -0.1913442 0.5168815 0.836786 -0.1806173 0.5000131 0.8660179 1.50525e-7 0.4999968 0.8660272 0 0.5168815 0.8367858 0.1806187 0.6385654 0.6260239 0.4475807 0.5732331 0.7391875 0.3535615 0.5652441 0.7530191 0.3368402 0.5190359 0.8330598 0.1913454 -3.87803e-6 -1 2.33352e-5 5.43147e-6 -1 2.41399e-6 0 -1 -2.01944e-6 5.86361e-6 -1 -1.61678e-5 0 -1 9.98469e-5 3.8296e-6 -1 -1.54078e-5 0 -1 -2.32474e-4 8.56817e-6 -1 -1.24276e-5 1.2368e-5 -1 9.86643e-6 0 -1 3.91744e-5 -1.11461e-5 -1 -4.448e-6 0 -1 1.68634e-6 1.24425e-5 -1 5.85616e-6 0 -1 7.13699e-6 -1.74865e-5 -1 -9.26852e-6 -1.55608e-5 -1 8.13603e-6 0 -1 9.49579e-5 -1.95876e-5 -1 1.17421e-5 0 -1 -1.48592e-6 3.47197e-6 -1 2.95043e-6 0 -1 -1.51328e-5 -1.64062e-5 -1 9.14186e-6 0 -1 -3.42778e-5 0 -1 1.67741e-6 1.30832e-5 -1 3.50177e-6 0 -1 -1.28525e-4 -1.87755e-5 -1 2.1331e-5 0.1913796 -0.3313869 -0.9238814 0.1914948 -0.3314908 -0.9238202 3.3432e-5 -1.25044e-5 -1 -3.34707e-5 1.23883e-5 -1 -0.1914945 0.3314901 -0.9238205 -0.1913796 0.3313872 -0.9238812 -0.3535965 0.6123781 -0.7070804 -0.3535109 0.6123755 -0.7071255 -0.461894 0.8001221 -0.382699 -0.4619025 0.800133 -0.3826662 -0.4999527 0.8660528 -2.99842e-7 -0.499956 0.8660508 1.35403e-7 -0.4618937 0.8001227 0.3826984 -0.4619013 0.8001339 0.3826655 -0.3535547 0.6124475 0.7070411 -0.3535917 0.6123756 0.707085 -0.1914196 0.3314499 0.9238504 -0.1913839 0.3313023 0.9239108 -8.21059e-6 -3.54922e-5 1 6.81314e-6 3.5792e-5 1 0.1912636 -0.331624 0.9238202 0.1914176 -0.3314495 0.923851 0.3535902 -0.6123755 0.7070857 0.3535847 -0.6123031 0.7071512 0.4620758 -0.7999885 0.3827589 0.4621308 -0.7998884 0.3829018 0.5002559 -0.8658776 -5.4159e-7 0.5002559 -0.8658776 -3.28872e-7 0.4621734 -0.7999683 -0.3826835 0.4620618 -0.7999653 -0.3828245 0.3535645 -0.6122744 -0.7071862 0.3535121 -0.6122341 -0.7072473 0.3778659 -0.1579887 -0.9122813 0.02561664 -0.7609155 -0.6483452 -9.93628e-6 -0.1580126 -0.9874371 -0.2244477 -0.7609251 -0.6087825 -0.3778881 -0.1579719 -0.9122748 -0.4403309 -0.7609055 -0.4765834 -0.6982382 -0.157973 -0.6982178 -0.5891847 -0.760921 -0.2717733 -0.9122721 -0.157977 -0.3778929 -0.6483321 -0.760927 -0.02560913 -0.9874424 -0.1579801 -3.01842e-6 -0.6087965 -0.7609148 0.2244453 -0.9122668 -0.1580101 0.3778916 -0.4765483 -0.7609292 0.4403279 -0.6982344 -0.1579976 0.6982159 -0.2717752 -0.7609205 0.5891844 -0.377867 -0.1579956 0.9122796 -0.02561706 -0.7609153 0.6483454 -4.99096e-6 -0.1579882 0.987441 0.2244459 -0.7609143 0.6087967 0.3778676 -0.1580089 0.912277 0.440335 -0.7609184 0.4765588 0.698215 -0.1579917 0.6982367 0.5891873 -0.7609099 0.2717992 0.912272 -0.1579771 0.3778929 0.6483423 -0.7609182 0.02561223 0.9874423 -0.1579803 3.01376e-6 0.608811 -0.7609078 -0.2244291 0.9122669 -0.1580098 -0.3778916 0.4765505 -0.7609218 -0.4403382 0.6982336 -0.1579643 -0.6982243 0.271784 -0.7609127 -0.5891904 -0.8456708 -0.2673051 -0.4619404 -0.8184135 -0.3145241 -0.4809097 -0.749997 -0.4330231 -0.4999955 -0.726934 -0.4729636 -0.4978678 -0.6543328 -0.5987128 -0.4619433 -0.6385599 -0.6260352 -0.4475727 -0.5732185 -0.7392051 -0.3535484 -0.565244 -0.7530199 -0.3368389 -0.5190328 -0.8330623 -0.1913435 -0.5168811 -0.8367867 -0.1806162 -0.4999781 -0.8660381 0 -0.5002824 -0.8658624 0 -0.5168815 -0.8367862 0.1806173 -0.9006569 -0.1720789 -0.3990065 -0.9267753 -0.126846 -0.3535502 -0.9625551 -0.06484395 -0.2632167 -0.9809703 -0.03294336 -0.191343 -0.9957434 -0.007369101 -0.09187489 -1 1.13016e-5 -7.89529e-7 -0.9957433 -0.007369041 0.09187525 -0.9809703 -0.03294259 0.1913429 -0.9625552 -0.06484192 0.2632167 -0.9267757 -0.1268407 0.3535512 -0.9006578 -0.1720726 0.3990068 -0.8456706 -0.267307 0.4619396 -0.8184126 -0.3145276 0.4809089 -0.7499971 -0.4330227 0.4999958 -0.7269343 -0.4729627 0.4978683 -0.6543326 -0.5987126 0.4619438 -0.6385595 -0.626035 0.4475733 -0.5732183 -0.7392052 0.3535484 -0.5652431 -0.7530209 0.336838 -0.519034 -0.8330613 0.1913443 -0.3778867 -0.1580097 0.9122689 6.95633e-5 -0.1581084 0.9874218 0.3778921 -0.1579295 0.9122806 0.698392 -0.1577651 0.6981108 0.9122362 -0.1580969 0.3779292 0.9874219 -0.1581073 -7.20802e-5 0.9122667 -0.1581284 -0.3778423 0.6982182 -0.1579162 -0.6982506 0.3776497 -0.1579239 -0.912382 -2.7801e-5 -0.1579148 -0.9874528 -0.3777659 -0.158127 -0.9122986 -0.698392 -0.1577651 -0.6981108 -0.9122694 -0.1580088 -0.3778862 -0.9874221 -0.1581068 7.24255e-5 -0.9122807 -0.1579267 0.3778932 -0.6981698 -0.1578781 0.6983076 -0.8660204 -0.5000088 -3.1942e-6 -0.8660117 -0.5000239 0 -0.8660318 -0.4999892 0 -0.8660236 -0.5000035 1.24751e-6 -0.8660347 -0.499984 -6.53625e-6 -0.8660277 -0.4999962 -4.28967e-6 -0.8660178 -0.5000132 1.31084e-5 -0.8660172 -0.5000143 2.20213e-5 -0.8660362 -0.4999814 -2.75268e-5 -0.8660264 -0.4999983 -1.94875e-5 -0.866025 -0.5000007 8.81124e-6 -0.8660259 -0.4999992 7.45e-6 -0.8660262 -0.4999986 1.44046e-5 -0.8661032 -0.4998652 1.01474e-4 -0.8659995 -0.500045 -3.85218e-5 -0.8660256 -0.4999998 0 -0.8660303 -0.4999916 6.47502e-6 -0.8660241 -0.5000023 -6.53788e-7 -0.8660135 -0.5000206 -4.36278e-6 -0.8660275 -0.4999964 -5.49015e-7 -0.8660133 -0.5000212 4.98258e-6 -0.8660185 -0.5000119 8.96351e-6 -0.8660138 -0.50002 1.45934e-5 -0.8659743 -0.5000888 5.11919e-5 -0.8660008 -0.5000428 1.93115e-5 -0.8660351 -0.4999833 -9.23181e-5 -0.8660245 -0.5000016 8.845e-6 -0.8660244 -0.5000017 -2.35448e-5 -0.8660252 -0.5000004 -4.10667e-6 -0.8660454 -0.4999655 7.17932e-5 -0.865983 -0.5000736 -1.49086e-4 -0.8660325 -0.4999879 1.20346e-5 -0.8660243 -0.500002 -2.43681e-6 -0.8660317 -0.4999892 4.57279e-6 -0.3824439 0 0.9239787 1.64196e-6 0 1 1.61778e-6 0 1 0.3824429 0 0.9239792 0.3824424 0 0.9239794 0.7071068 0 0.7071067 0.7071076 0 0.7071061 0.9239802 0 0.3824404 0.9239805 0 0.3824397 1 0 -2.27312e-7 1 0 2.27312e-7 0.9239788 0 -0.3824439 0.9239792 0 -0.3824427 0.7071093 0 -0.7071044 0.7071099 0 -0.7071036 0.3824444 0 -0.9239785 0.3824439 0 -0.9239787 -1.64196e-6 0 -1 -1.61778e-6 0 -1 -0.3824429 0 -0.9239792 -0.3824424 0 -0.9239794 -0.7071068 0 -0.7071067 -0.7071076 0 -0.7071061 -0.9239802 0 -0.3824404 -0.9239805 0 -0.3824397 -1 0 2.27312e-7 -1 0 -2.27312e-7 -0.9239788 0 0.3824439 -0.9239792 0 0.3824427 -0.7071093 0 0.7071044 -0.7071099 0 0.7071036 -0.3824444 0 0.9239785 -0.1806411 0.3128457 0.9324679 -0.1368277 0.2369982 0.9618265 5.40726e-6 -3.05846e-6 1 0.04612177 -0.07990586 0.9957349 0.1806319 -0.3128451 0.93247 0.2228571 -0.3860177 0.8951677 0.3368536 -0.583438 0.739006 0.3694952 -0.6399988 0.6737024 0.4475745 -0.7752343 0.4457454 0.4662442 -0.8075423 0.3612365 0.4978699 -0.8623297 0.09226602 0.5000041 -0.8660232 -6.98121e-6 0.4809075 -0.8329707 -0.2736563 0.4662285 -0.8075537 -0.3612312 0.3990107 -0.6910997 -0.6026374 0.3695102 -0.6399919 -0.6737006 0.2632188 -0.4558977 -0.8502195 0.222863 -0.3860357 -0.8951584 0.09187453 -0.1591322 -0.9829731 0.04612869 -0.07991784 -0.9957336 -0.09187257 0.1591432 -0.9829714 -0.1368372 0.2369834 -0.9618288 -0.263221 0.4558882 -0.8502238 -0.301312 0.5219036 -0.7980148 -0.3990111 0.6910996 -0.6026372 -0.4251106 0.7363058 -0.5264359 -0.4809108 0.8329679 -0.2736591 -0.4914878 0.8512787 -0.1837509 -0.4978716 0.8623288 0.0922656 -0.4914953 0.8512768 0.1837396 -0.4475806 0.7752344 0.445739 -0.4251064 0.7363104 0.5264329 -0.3368652 0.5834405 0.7389987 -0.3013162 0.5218985 0.7980167 0.2988262 0.6246851 0.7214371 -1.39759e-4 0.6247706 0.7808085 1.95966e-4 0.6245507 0.7809844 -0.2988311 0.6246845 0.7214356 -0.2988281 0.6246887 0.7214332 -0.5521531 0.6247006 0.552156 -0.5521551 0.6246984 0.5521565 -0.7214741 0.6246404 0.2988303 -0.7214766 0.6246383 0.2988286 -0.7808127 0.6247652 -1.51354e-4 -0.7808287 0.6247452 -7.91753e-5 -0.7214638 0.6246412 -0.2988534 -0.7214359 0.6246848 -0.2988297 -0.5521566 0.6246985 -0.5521549 -0.552143 0.6247367 -0.5521253 -0.2988294 0.62465 -0.7214662 -0.2988262 0.6246851 -0.7214371 1.39759e-4 0.6247706 -0.7808085 -1.95966e-4 0.6245507 -0.7809844 0.2988311 0.6246845 -0.7214356 0.2988281 0.6246887 -0.7214332 0.5521531 0.6247006 -0.552156 0.5521551 0.6246984 -0.5521565 0.7214741 0.6246404 -0.2988303 0.7214763 0.6246386 -0.2988287 0.7807639 0.6248262 2.83072e-4 0.7807686 0.6248202 1.9894e-4 0.7214629 0.6246426 0.2988528 0.721463 0.6246461 0.2988454 0.5521568 0.6246978 0.5521553 0.5521434 0.6247357 0.5521259 0.2988294 0.62465 0.7214662 -0.4846414 -0.5747654 0.659369 -0.5509846 -0.4598932 0.6963579 -0.61237 -0.3535626 0.7071043 -0.6737693 -0.2472193 0.6963602 -0.7400916 -0.1323601 0.6593523 -0.7891409 -0.04735463 0.6123841 -0.85057 0.05898898 0.5225427 -0.8832132 0.1155415 0.4545158 -0.9288691 0.1946092 0.3151661 -0.9446033 0.2218924 0.2418442 -0.9644176 0.256209 0.06523573 -0.9659252 0.2588215 4.71063e-6 -0.9524317 0.2354307 -0.1935102 -0.9446066 0.2218825 -0.2418403 -0.8945175 0.1351213 -0.426123 -0.8832073 0.1155712 -0.4545198 -0.7984961 -0.0311684 -0.6011927 -0.7891494 -0.04738724 -0.6123706 -0.6773319 -0.241042 -0.6950686 -0.67377 -0.2472035 -0.6963651 -0.5509874 -0.4598793 -0.6963648 -0.4356105 -0.6597413 0.6123602 -0.374206 -0.7660995 0.5225529 -0.3415285 -0.8226579 0.4545243 -0.2958788 -0.9017298 0.3151811 -0.2801542 -0.928992 0.2418418 -0.2603354 -0.9633111 0.06524771 -0.2588004 -0.9659309 3.91528e-6 -0.2722969 -0.9425537 -0.1935126 -0.2801323 -0.9289973 -0.2418469 -0.3302469 -0.8422328 -0.4261232 -0.3415172 -0.822667 -0.4545163 -0.4262518 -0.6759248 -0.6011947 -0.4356039 -0.6597361 -0.6123704 -0.5474015 -0.4660828 -0.6950673 -0.4188545 -9.45386e-6 0.9080534 -0.3826794 -9.89437e-6 0.9238812 -0.03948605 2.18423e-5 0.9992201 8.57327e-6 -1.81617e-5 1 0.3459135 -2.80514e-6 0.9382664 0.3826943 -2.73697e-5 0.9238751 0.6786459 -1.86628e-5 0.7344657 0.7071007 1.93464e-5 0.7071129 0.908053 -7.70856e-6 0.4188555 0.9238806 -7.1004e-6 0.382681 0.9992201 2.20444e-5 0.03948557 1 -1.92421e-5 -9.02245e-6 0.9382663 -3.86313e-6 -0.345914 0.923883 2.11969e-5 -0.3826751 0.7344788 3.28356e-5 -0.6786317 0.7071138 2.35979e-5 -0.7070998 0.4188566 -3.89758e-6 -0.9080524 0.3826817 -4.69759e-6 -0.9238802 0.03948676 2.40346e-5 -0.9992201 -8.57327e-6 -1.81617e-5 -1 -0.3459135 -2.80514e-6 -0.9382664 -0.3826943 -2.73697e-5 -0.9238751 -0.6786459 -1.86628e-5 -0.7344657 -0.7071007 1.93464e-5 -0.7071129 -0.908053 -7.70856e-6 -0.4188555 -0.9238806 -7.1004e-6 -0.382681 -0.9992201 2.19904e-5 -0.03948616 -1 -1.93808e-5 8.9647e-6 -0.9382663 -4.30085e-6 0.3459136 -0.9238753 -2.73334e-5 0.3826937 -0.7344669 -1.49673e-5 0.6786446 -0.7070994 -2.47164e-5 0.7071142 -0.8659952 -0.5000523 8.49037e-6 -0.8658485 -0.5003064 3.8775e-5 -0.8659753 -0.5000869 0 -0.8661849 -0.4997238 0 -0.8660908 -0.4998867 1.50751e-5 -0.8660705 -0.499922 -3.13664e-6 -0.8660767 -0.4999113 2.68055e-6 -0.8660646 -0.4999322 -1.00471e-4 -0.8660685 -0.4999254 -1.11935e-4 -0.8659882 -0.5000647 3.23456e-5 -0.8659854 -0.5000694 3.79195e-5 -0.8659852 -0.5000696 -4.60355e-5 -0.8659825 -0.5000743 -5.78574e-5 -0.8659738 -0.5000897 -1.5399e-4 -0.8659302 -0.5001649 -2.84358e-4 -0.8661196 -0.4998369 1.98253e-4 -0.8660723 -0.4999189 1.03231e-4 -0.8659937 -0.5000551 -7.87308e-5 -0.8660449 -0.4999665 5.17742e-5 -0.8661319 -0.4998156 0 -0.8660033 -0.5000382 0 -0.8660036 -0.5000377 5.97433e-5 -0.8660701 -0.4999228 -1.1393e-4 -0.8660264 -0.4999985 -2.08052e-6 -0.8660395 -0.4999755 -3.18782e-5 -0.8660623 -0.4999362 -1.13122e-4 -0.8660675 -0.4999271 -1.23863e-4 -0.8659885 -0.5000641 4.59894e-5 -0.8659866 -0.5000674 5.78561e-5 -0.86599 -0.5000613 -3.89536e-5 -0.8659922 -0.5000575 -3.33685e-5 -0.8660633 -0.4999346 1.13317e-4 -0.8659664 -0.5001024 -1.77256e-4 -0.8660879 -0.499892 -3.15122e-6 -0.8660818 -0.4999022 4.49349e-6 -0.8660724 -0.4999189 1.38479e-5 0 -1 -1.79367e-5 0 -1 -1.82413e-5 0 -1 1.78897e-5 0 -1 1.94761e-5 0 -1 -7.36445e-6 0 -1 -1.24628e-6 0 -1 -1.53175e-6 0 -1 -1.98543e-5 0 -1 -2.08428e-5 0 -1 0 0 -1 2.23695e-6 0 -1 2.91048e-6 0 -1 6.73068e-6 0 -1 7.28664e-6 0 -1 -1.11655e-6 0 -1 3.13941e-7 0 -1 4.04569e-6 0 -1 4.44335e-6 0 -1 1.82418e-5 0 -1 1.79376e-5 0 -1 1.24627e-6 0 -1 1.53175e-6 0 -1 1.98543e-5 0 -1 2.08428e-5 0 -1 0 0 -1 -2.23695e-6 0 -1 -2.91048e-6 0 -1 -6.73068e-6 2.84074e-7 0 -1 1.15857e-6 0 -1 4.91014e-6 0 -1 -2.33536e-6 0 -1 2.79528e-7 0 -1 1.17751e-6 0 -1 -2.97765e-6 0 -1 2.59576e-6 0 -1 -1.56635e-7 0 -1 -3.14369e-6 0 -1 0 0 -1 1.15095e-6 0 -1 -2.95738e-6 0 -1 1.61819e-6 0 -1 -1.13845e-5 0 -1 4.02955e-6 0 -1 1.39111e-5 0 -1 -1.20583e-5 0 -1 2.97765e-6 0 -1 -2.59576e-6 0 -1 1.56635e-7 0 -1 3.14369e-6 0 -1 0 0 -1 -1.15095e-6 0 -1 2.95738e-6 0 -1 -1.61819e-6 0 -1 1.13845e-5 0 -1 -4.02955e-6 0 -1 -1.39111e-5 0 -1 1.20583e-5 0 -1 0.4698507 -0.8137953 -0.34202 0.492395 -0.8528736 -0.1736485 0.500026 -0.8660105 0 0.4923923 -0.8528753 0.1736479 0.469848 -0.8137966 0.3420206 0.4330225 -0.7499944 0.5 0.3830364 -0.6634058 0.6427876 0.3214063 -0.5566632 0.7660444 0.2499951 -0.4330155 0.8660255 0.1710093 -0.2961986 0.9396927 0.08681672 -0.1503873 0.9848079 5.36721e-6 2.72179e-6 1 -0.08681589 0.1503885 0.9848079 -0.171002 0.2962026 0.9396927 -0.2499754 0.433027 0.8660253 -0.321375 0.5566818 0.7660441 -0.3830112 0.6634203 0.6427876 -0.4330252 0.7499925 0.5000004 -0.4698574 0.8137913 0.3420203 -0.4924415 0.8528469 0.1736482 -0.4999948 0.8660284 3.25123e-7 -0.4923967 0.8528727 -0.1736482 -0.4698558 0.813792 -0.3420205 -0.4330247 0.749993 -0.5000003 -0.3830117 0.6634199 -0.6427878 -0.3213758 0.5566806 -0.7660447 -0.2500218 0.4330008 -0.8660252 -0.171007 0.2962 -0.9396926 -0.08681923 0.1503861 -0.9848079 1.53668e-6 5.52274e-7 -1 0.08681166 -0.1503905 -0.9848079 0.1710025 -0.2962024 -0.9396927 0.249993 -0.433017 -0.8660253 0.3214054 -0.5566642 -0.766044 0.383032 -0.6634082 -0.6427877 0.4330204 -0.7499958 -0.4999997 -0.1269873 -0.8660219 -0.4836117 -0.1729562 -0.8660241 -0.4691361 -0.2420707 -0.8660295 -0.437487 -0.3393122 -0.8660287 -0.367235 -0.3790977 -0.8660277 -0.3260081 -0.4540508 -0.8660139 -0.2094225 -0.4688012 -0.8660253 -0.1738551 -0.4996107 -0.8660251 -0.01973873 -0.5000002 -0.8660254 -3.12741e-6 -0.4691522 -0.8660138 0.1729633 -0.4687115 -0.8660603 0.1739228 -0.3791043 -0.8660268 0.3260023 -0.3672585 -0.8660113 0.3393311 -0.2420419 -0.8660222 0.4375172 -0.2094285 -0.8660186 0.4540392 -0.1269872 -0.8660202 0.4836149 -0.01975679 -0.8660228 0.4996141 -1.15638e-5 -0.866016 0.5000166 0.1729552 -0.8660249 0.469135 0.1269893 -0.8660197 0.4836152 0.2420717 -0.8660301 0.4374852 0.3393122 -0.8660287 0.367235 0.3790977 -0.8660277 0.3260081 0.4540508 -0.8660139 0.2094225 0.4688012 -0.8660253 0.1738551 0.4996107 -0.8660251 0.01973873 0.5000002 -0.8660254 3.12741e-6 0.4691522 -0.8660138 -0.1729633 0.4687115 -0.8660603 -0.1739228 0.3791043 -0.8660268 -0.3260023 0.3672585 -0.8660113 -0.3393311 0.2420409 -0.8660225 -0.4375174 0.2094282 -0.8660186 -0.4540393 0.1269836 -0.8660206 -0.4836151 0.01971286 -0.8660293 -0.4996045 1.39636e-5 -0.8660159 -0.5000165 -3.71175e-6 0 -1 1.34129e-6 0 -1 2.23632e-7 0 -1 5.27777e-6 0 -1 9.28319e-7 0 -1 9.96469e-6 0 -1 -3.71009e-6 0 -1 4.34515e-6 0 -1 -5.41389e-5 0 -1 -9.28553e-7 0 -1 -9.9647e-6 0 -1 3.71006e-6 0 -1 -4.34521e-6 0 -1 5.41387e-5 0 -1 -3.71296e-6 0 -1 -3.35323e-6 0 -1 -5.58829e-7 0 -1 -2.0011e-7 0 -1 9.28622e-7 0 -1 9.9647e-6 0 -1 -3.71007e-6 0 -1 4.34518e-6 0 -1 -5.41387e-5 0 -1 -9.2825e-7 0 -1 -9.96469e-6 0 -1 3.71008e-6 0 -1 -4.34518e-6 0 -1 5.41389e-5 0 -1 -3.71323e-6 0 -1 -3.35582e-6 0 -1 -5.58847e-7 0 -1 -2.04701e-7 0 -1 9.28553e-7 0 -1 9.9647e-6 0 -1 -3.71006e-6 0 -1 4.34521e-6 0 -1 -9.28319e-7 0 -1 -9.96469e-6 0 -1 3.71009e-6 0 -1 -4.34515e-6 0 -1 -3.71203e-6 0 -1 1.34233e-6 0 -1 2.23639e-7 0 -1 5.27922e-6 0 -1 9.2825e-7 0 -1 9.96469e-6 0 -1 -3.71008e-6 0 -1 4.34518e-6 0 -1 -9.28622e-7 0 -1 -9.9647e-6 0 -1 3.71007e-6 0 -1 -4.34518e-6 0 -1 -0.1837974 -0.9829642 0 -0.1837978 -0.9829641 0 0.1837968 -0.9829643 0 0.1837972 -0.9829643 0 0.361294 -0.932452 0 0.3612937 -0.9324521 0 0.5264144 -0.8502281 0 0.5264145 -0.8502281 0 0.6737108 -0.7389952 0 0.6737123 -0.7389937 0 0.7980264 -0.6026226 0 0.7980278 -0.6026206 0 0.8951517 -0.4457616 0 0.895152 -0.445761 0 0.9618224 -0.2736744 0 0.9618222 -0.2736753 0 0.9957352 -0.09225744 0 0.9957352 -0.09225791 0 0.9957352 0.09225791 0 0.9957352 0.09225744 0 0.9618222 0.2736753 0 0.9618224 0.2736744 0 0.8951512 0.4457629 0 0.8951517 0.4457618 0 0.7980263 0.6026226 0 0.7980275 0.6026211 0 0.6737114 0.7389946 0 0.6737127 0.7389934 0 0.5264161 0.8502271 0 0.526416 0.8502272 0 0.3612927 0.9324524 0 0.3612923 0.9324526 0 0.1837974 0.9829642 0 0.1837978 0.9829641 0 0 1 0 -0.1837968 0.9829643 0 -0.1837972 0.9829643 0 -0.361294 0.932452 0 -0.3612937 0.9324521 0 -0.5264144 0.8502281 0 -0.5264145 0.8502281 0 -0.6737108 0.7389952 0 -0.6737123 0.7389937 0 -0.7980264 0.6026226 0 -0.7980278 0.6026206 0 -0.8951517 0.4457616 0 -0.895152 0.445761 0 -0.9618224 0.2736744 0 -0.9618222 0.2736753 0 -0.9957352 0.09225744 0 -0.9957352 0.09225791 0 -0.9957352 -0.09225791 0 -0.9957352 -0.09225744 0 -0.9618222 -0.2736753 0 -0.9618224 -0.2736744 0 -0.8951512 -0.4457629 0 -0.8951517 -0.4457618 0 -0.7980263 -0.6026226 0 -0.7980275 -0.6026211 0 -0.6737114 -0.7389946 0 -0.6737127 -0.7389934 0 -0.5264161 -0.8502271 0 -0.526416 -0.8502272 0 -0.3612927 -0.9324524 0 -0.3612923 -0.9324526 0 4.78437e-6 0 1 7.26237e-7 0 1 0 0 1 -3.56461e-6 0 1 -1.63257e-6 0 1 -6.55848e-6 0 1 -0.5757904 -0.7347568 -0.3586055 -0.5893065 -0.7113428 -0.3830266 -0.6410266 -0.6217586 -0.4500012 -0.6644948 -0.5811121 -0.4698463 -0.6933792 -0.531063 -0.4870291 -0.7499932 -0.4330093 -0.5000132 -0.7500067 -0.4330188 -0.4999849 -0.8066045 -0.3349582 -0.4870239 -0.8355017 -0.2849133 -0.4698526 -0.8589718 -0.2442678 -0.4500008 -0.9106926 -0.1546877 -0.3830283 -0.9241999 -0.1312855 -0.3586347 -0.9665077 -0.05800485 -0.2499968 -0.9717635 -0.04890882 -0.2308329 -0.9962019 -0.006576597 -0.08682417 -0.9968068 -0.005527436 -0.07966071 -0.9962019 -0.006562411 0.08682543 -0.9968076 -0.005528092 0.07964968 -0.9717641 -0.04890781 0.2308304 -0.9665085 -0.05800139 0.2499949 -0.9242011 -0.1312842 0.358632 -0.9106936 -0.1546858 0.383027 -0.8589715 -0.2442665 0.450002 -0.8355053 -0.2849138 0.4698457 -0.8066072 -0.3349627 0.4870163 -0.7499917 -0.4330071 0.5000174 -0.7500038 -0.4330159 0.4999915 -0.6934022 -0.5310631 0.4869964 -0.6644982 -0.581115 0.4698378 -0.6410273 -0.6217583 0.4500007 -0.5893083 -0.7113408 0.3830276 -0.5757902 -0.7347565 0.3586066 -0.5334764 -0.8080272 0.2499905 -0.5282394 -0.817114 0.230842 -0.5038369 -0.8594244 0.08682233 -0.5031903 -0.8604963 0.07966083 -0.5038244 -0.8594318 -0.08682292 -0.5031867 -0.8604948 -0.07969927 -0.5282395 -0.8171138 -0.2308422 -0.5334745 -0.8080289 -0.249989 0.4841297 -8.4666e-6 0.8749964 0.4841283 8.42665e-6 0.874997 0.758197 0 0.6520258 0.7581945 0 0.6520285 0.9376063 0 0.3476988 0.9376052 0 0.3477019 1 0 0 1 0 0 0.9376055 0 -0.347701 0.9376061 0 -0.3476995 0.7581954 0 -0.6520275 0.7581961 0 -0.6520266 0.4841292 -8.42665e-6 -0.8749966 0.4841278 8.4666e-6 -0.8749974 -1.46798e-6 0 -1 1.04521e-6 0 -1 5.97116e-6 0 -1 -2.26834e-6 0 -1 -6.77577e-6 0 -1 -0.4841297 -8.4666e-6 -0.8749964 -0.4841283 8.42665e-6 -0.874997 -0.758197 0 -0.6520258 -0.7581945 0 -0.6520285 -0.9376063 0 -0.3476988 -0.9376052 0 -0.3477019 -1 0 0 -1 0 0 -0.9376055 0 0.347701 -0.9376061 0 0.3476995 -0.7581954 0 0.6520275 -0.7581961 0 0.6520266 -0.4841292 -8.42665e-6 0.8749966 -0.4841278 8.4666e-6 0.8749974 0 0 1 -1.1408e-6 0 1 -2.39871e-6 0 1 -5.67084e-6 0 1 3.87187e-7 0 1 -0.9579018 0 0.2870962 -0.9579411 -8.12563e-5 0.2869651 -0.9578906 -2.05887e-4 0.2871337 -0.9579334 2.47517e-4 0.2869908 -0.9579171 1.02743e-4 0.2870451 -0.9578014 0 0.2874309 0.2870924 0 0.9579029 0.2869755 -7.32746e-5 0.957938 0.2870039 -1.02003e-4 0.9579294 0.2868984 -9.24864e-5 0.9579611 0.2869219 -4.1623e-5 0.957954 0.2869305 1.29188e-7 0.9579515 0.957828 0 -0.2873424 0.9578872 -1.74229e-4 -0.2871449 0.957888 1.77954e-4 -0.2871422 0.9579147 3.75217e-6 -0.2870534 0.9579365 1.07925e-4 -0.2869804 0.9578866 0 -0.2871468 -0.9578268 0 0.2873463 -0.9578873 -1.76959e-4 0.2871447 -0.9578876 1.7861e-4 0.2871437 -0.9579135 5.64677e-6 0.2870569 -0.9579411 2.06392e-4 0.2869651 -0.9579312 0 0.2869979 -0.2870653 0 -0.9579111 -0.2869722 -1.3121e-4 -0.9579389 -0.2870142 -8.90853e-5 -0.9579263 -0.2869378 -3.21293e-5 -0.9579492 -0.2868888 -5.23862e-5 -0.957964 -0.2869514 1.32336e-7 -0.9579452 0.9579018 0 -0.2870962 0.9579399 -7.17277e-5 -0.2869689 0.9578914 -2.05077e-4 -0.287131 0.9579327 1.4964e-4 -0.2869933 0.9579052 1.87449e-4 -0.2870844 0.9578278 0 -0.287343 0.08879739 0.9699151 0.2266711 0.0544607 0.9759972 0.2108639 1.83121e-5 0.9725368 0.2327496 2.84365e-5 0.9794686 0.2015969 -0.03448247 0.9780778 0.2053654 4.24335e-5 0.9857234 0.1683726 -0.04187428 0.9843814 0.1709966 1.12359e-5 0.9908568 0.134918 -0.04965651 0.9893501 0.1368239 7.55474e-6 0.9939591 0.1097517 -0.0549978 0.9922541 0.1113864 4.9629e-6 0.9964231 0.08450454 -0.0595842 0.9945195 0.08591181 -1.09611e-6 0.9982455 0.05921089 -0.06315588 0.996187 0.06019055 2.87532e-5 0.9994267 0.03385555 -0.06547039 0.9972681 0.03420722 -5.78826e-6 0.9999642 0.008468508 -0.06646776 0.9977506 0.008712589 2.41518e-6 0.9998569 -0.01692169 -0.06642204 0.997644 -0.01716572 -3.49729e-6 0.9991045 -0.04231119 -0.06499952 0.99696 -0.04296469 -2.11177e-7 0.9977095 -0.06764566 -0.06186634 0.9957175 -0.06869733 -8.36328e-6 0.9956712 -0.09294658 -0.05808937 0.9938414 -0.09436666 1.70051e-5 0.9929948 -0.1181589 -0.05329173 0.9913594 -0.1198601 1.06253e-5 0.9857251 -0.1683629 -0.04187136 0.9843846 -0.1709792 1.4774e-5 0.9725422 -0.2327265 -0.08879095 0.969918 -0.2266613 0.06698566 0.9823572 0.1746063 0.1080951 0.9703596 0.2161428 0.1380046 0.9724485 0.1878792 0.1355484 0.9705279 0.1992546 0.1448432 0.9703876 0.1933091 0.161624 0.9697744 0.1827988 0.1691875 0.97439 0.1481213 0.07999986 0.9870011 0.1393879 0.1879837 0.9677351 0.1677824 0.2097921 0.9662424 0.1495419 0.2356837 0.9640947 0.1223711 0.2411674 0.9605224 0.1386907 0.2659577 0.9562575 0.1218124 0.257521 0.9615641 0.09527635 0.2931979 0.9508664 0.09943902 0.313124 0.9464465 0.07869321 0.2745273 0.9592127 0.06742209 0.3314477 0.9420431 0.05193608 0.2861344 0.9574229 0.03832238 0.341671 0.9394301 0.02706062 0.2916238 0.9564886 0.009236335 0.3456273 0.938372 1.24115e-5 0.2904191 0.956717 -0.01869153 0.341677 0.939431 -0.02694928 0.331453 0.9420406 -0.05194664 0.2828482 0.9579585 -0.04808789 0.3131854 0.9464299 -0.07864707 0.2694746 0.9599382 -0.07682567 0.2932117 0.950859 -0.09947013 0.2659386 0.9562638 -0.1218041 0.2507525 0.962413 -0.1043291 0.2411721 0.9605244 -0.1386689 0.2275029 0.9648815 -0.1313244 0.1879882 0.9677388 -0.1677561 0.1830544 0.9744715 -0.1299861 0.1380192 0.9724587 -0.1878162 0.08602559 0.9887667 -0.1222293 0.06698387 0.9823589 -0.1745973 0.1355421 0.9705343 -0.1992275 0.1080908 0.9703623 -0.2161334 0.08877921 0.969909 -0.2267047 -0.1080979 0.9703615 -0.2161329 -0.1163249 0.9760436 -0.1838682 -0.08065718 0.9809026 -0.1769877 -0.1041498 0.9868473 -0.1236343 -0.1139468 0.9886868 -0.09754407 -0.1219089 0.9899807 -0.07124954 -0.1277706 0.9907998 -0.04461556 -0.1308298 0.9912474 -0.01767235 -0.131385 0.9912928 0.008751928 -0.128945 0.9910079 0.03572851 -0.1241366 0.9902954 0.0624935 -0.1167125 0.989184 0.08884352 -0.1075907 0.9875296 0.114933 -0.09662598 0.9852792 0.1410266 -0.08063971 0.9808951 0.1770373 -0.0649625 0.9745302 0.2146413 -0.1332086 0.9732777 -0.1870459 -0.135558 0.9705341 -0.1992175 -0.1492794 0.9704878 -0.1893918 -0.1448713 0.9703845 -0.1933035 -0.161635 0.9697725 -0.1827996 -0.1879957 0.9677351 -0.1677691 -0.199023 0.9712283 -0.1307886 -0.1762935 0.9757761 -0.129544 -0.2410074 0.960554 -0.1387495 -0.2658009 0.9562867 -0.1219248 -0.2191967 0.9701473 -0.1037642 -0.2930842 0.9508903 -0.09954559 -0.2353561 0.9689154 -0.07622629 -0.3313932 0.942058 -0.05201441 -0.247002 0.9678369 -0.04776734 -0.3416262 0.9394436 -0.02715271 -0.2535045 0.9671536 -0.01869511 -0.3456057 0.9383799 1.53575e-5 -0.2544559 0.9670402 0.009256899 -0.3416874 0.939426 0.02699047 -0.3313971 0.9420568 0.05200952 -0.3130778 0.9464551 -0.07877182 -0.2497788 0.9675554 0.03804105 -0.3130548 0.9464632 0.0787661 -0.2397582 0.9685255 0.0668919 -0.2930799 0.9508923 0.09953898 -0.2250203 0.9697441 0.09466928 -0.2657876 0.9562934 0.1219018 -0.2061318 0.9709119 0.1218186 -0.2410042 0.9605541 0.1387551 -0.1879979 0.9677351 0.1677665 -0.1355489 0.9705291 0.1992479 -0.1492677 0.9704822 0.1894297 -0.1838203 0.9716091 0.148949 -0.1824982 0.9757732 0.1206702 -0.1990267 0.9755573 0.09314703 -0.1720985 0.9807643 0.09210616 -0.1830629 0.9809575 0.06488764 -0.1331887 0.9732721 0.1870891 -0.108093 0.9703602 0.216141 -0.1163087 0.9760434 0.1838793 -0.08879762 0.9699171 0.2266623 0.09404247 0.9908978 -0.09631973 0.201384 0.9740796 -0.1030213 0.1005221 0.9924498 -0.07027626 0.2161406 0.9734299 -0.07561492 0.1051325 0.9934857 -0.0439707 0.2267409 0.9728028 -0.04736524 0.107759 0.9940233 -0.01748228 0.2326776 0.9723765 -0.01857531 0.1081391 0.9940975 0.008723676 0.2335129 0.9723101 0.009207606 0.1062775 0.9937154 0.03514176 0.2292698 0.9726311 0.0377379 0.1023175 0.9928452 0.0615592 0.2201318 0.9732128 0.06632417 0.09640204 0.9914746 0.08766263 0.2067226 0.9738762 0.09397292 0.08885771 0.9895491 0.1135649 0.1894904 0.974395 0.1210277 -0.1413828 0.9791913 0.1455866 -0.1629914 0.9755235 0.1476067 -0.1580089 0.9802564 0.1188724 -0.1905361 0.9809845 0.03695452 -0.1940644 0.9809469 0.0090667 -0.2205868 0.9746404 0.0376507 -0.225142 0.9742828 0.009172737 -0.1933301 0.980964 -0.01825267 -0.2238712 0.9744436 -0.01848018 -0.1884496 0.980989 -0.04633933 -0.218141 0.974783 -0.04703956 -0.1798108 0.9809124 -0.07402104 -0.2080041 0.9752264 -0.07528495 -0.1677135 0.9806438 -0.1010447 -0.1938451 0.9756518 -0.1026046 -0.1527014 0.979982 -0.1277409 -0.2118632 0.9750773 0.06586706 -0.4340863 0.9008714 0 -0.4340867 0.9008712 0 1.00388e-4 1 0 9.99497e-5 1 0 0.4341766 0.9008277 0 0.4337389 0.9010387 0 0.7817581 0.6235819 0 0.7817584 0.6235815 0 0.9748864 0.2227031 0 0.9748864 0.2227026 0 0.9748864 -0.2227031 0 0.9748865 -0.2227028 0 0.7817581 -0.6235818 0 0.7817584 -0.6235815 0 0.433782 -0.9010179 0 0.433782 -0.9010179 0 9.95989e-5 -1 0 9.99978e-5 -1 0 -0.4336922 -0.9010612 0 -0.4336918 -0.9010613 0 -0.7817581 -0.6235819 0 -0.7817584 -0.6235815 0 -0.9748864 -0.2227031 0 -0.9748864 -0.2227026 0 -0.9748864 0.2227031 0 -0.9748865 0.2227028 0 -0.7817581 0.6235818 0 -0.7817584 0.6235815 0 -0.4336918 0.9010613 0 -0.4336922 0.9010612 0 9.99978e-5 1 0 9.95989e-5 1 0 0.433782 0.9010179 0 0.433782 0.9010179 0 0.4337389 -0.9010387 0 0.4341766 -0.9008277 0 9.99497e-5 -1 0 1.00388e-4 -1 0 -0.4340867 -0.9008712 0 -0.4340863 -0.9008714 0 -0.433782 0.9010179 0 -0.433782 0.9010179 0 -9.95989e-5 1 0 -9.99978e-5 1 0 0.4336922 0.9010612 0 0.4336918 0.9010613 0 0.4340863 -0.9008714 0 0.4340867 -0.9008712 0 -1.00388e-4 -1 0 -9.99497e-5 -1 0 -0.4341766 -0.9008277 0 -0.4337389 -0.9010387 0 -0.4337389 0.9010387 0 -0.4341766 0.9008277 0 -9.99497e-5 1 0 -1.00388e-4 1 0 0.4340867 0.9008712 0 0.4340863 0.9008714 0 0.4336918 -0.9010613 0 0.4336922 -0.9010612 0 -9.99978e-5 -1 0 -9.95989e-5 -1 0 -0.433782 -0.9010179 0 -0.433782 -0.9010179 0 0.1299286 -0.6950622 -0.7071118 0.06524401 -0.7041012 -0.707096 1.65799e-6 -0.707099 -0.7071147 -0.06524401 -0.7041012 -0.707096 -0.1299281 -0.6950623 -0.7071118 -0.1935084 -0.6801145 -0.707106 -0.2554336 -0.6593484 -0.7071163 -0.3151814 -0.6329682 -0.7071152 -0.3722357 -0.6011842 -0.7071196 -0.4261316 -0.5642882 -0.7071003 -0.4763643 -0.5225464 -0.7071226 -0.522564 -0.4763807 -0.7070986 -0.5642818 -0.4261241 -0.7071099 -0.6012092 -0.3722531 -0.7070893 -0.6329784 -0.3151865 -0.7071039 -0.6593707 -0.255441 -0.7070928 -0.6801241 -0.1935134 -0.7070953 -0.6950772 -0.1299325 -0.7070963 -0.7041016 -0.06524544 -0.7070955 -0.7070972 -1.16811e-6 -0.7071164 -0.7041016 0.06524544 -0.7070955 -0.6950773 0.1299326 -0.7070963 -0.6801241 0.1935134 -0.7070953 -0.6593707 0.2554409 -0.7070929 -0.6329789 0.3151863 -0.7071035 -0.6011829 0.3722367 -0.7071202 -0.5642805 0.4261265 -0.7071095 -0.5225641 0.4763808 -0.7070984 -0.4763639 0.5225465 -0.7071228 -0.4261314 0.5642873 -0.7071011 -0.3722362 0.6011841 -0.7071195 -0.3151816 0.6329693 -0.7071142 -0.2554318 0.6593495 -0.7071159 -0.1935084 0.6801148 -0.7071056 -0.1299286 0.6950622 -0.7071118 -0.06524401 0.7041012 -0.707096 -1.65799e-6 0.707099 -0.7071147 0.06524401 0.7041012 -0.707096 0.1299281 0.6950623 -0.7071118 0.1935084 0.6801145 -0.707106 0.2554336 0.6593484 -0.7071163 0.3151814 0.6329682 -0.7071152 0.3722357 0.6011842 -0.7071196 0.4261316 0.5642882 -0.7071003 0.4763643 0.5225464 -0.7071226 0.522564 0.4763807 -0.7070986 0.5642818 0.4261241 -0.7071099 0.6012092 0.3722531 -0.7070893 0.6329784 0.3151865 -0.7071039 0.6593707 0.255441 -0.7070928 0.6801241 0.1935134 -0.7070953 0.6950772 0.1299325 -0.7070963 0.7041016 0.06524544 -0.7070955 0.7070972 1.16811e-6 -0.7071164 0.7041016 -0.06524544 -0.7070955 0.6950773 -0.1299326 -0.7070963 0.6801241 -0.1935134 -0.7070953 0.6593707 -0.2554409 -0.7070929 0.6329789 -0.3151863 -0.7071035 0.6011829 -0.3722367 -0.7071202 0.5642805 -0.4261265 -0.7071095 0.5225641 -0.4763808 -0.7070984 0.4763639 -0.5225465 -0.7071228 0.4261314 -0.5642873 -0.7071011 0.3722362 -0.6011841 -0.7071195 0.3151816 -0.6329693 -0.7071142 0.2554318 -0.6593495 -0.7071159 0.1935084 -0.6801148 -0.7071056 0.4068948 0.913475 0 0 1 0 0 1 0 -0.4068951 0.913475 0 -0.4068947 0.9134752 0 -0.743237 0.6690283 0 -0.743237 0.6690282 0 -0.9510471 0.309046 -1.73378e-7 -0.9511157 0.3088349 0 -0.9945198 -0.1045487 0 -0.9945198 -0.1045488 0 -0.8658543 -0.5002964 0 -0.8660985 -0.4998736 0 -0.5876726 -0.8090988 0 -0.20787 -0.9781566 0 -0.2078699 -0.9781566 0 0.2078699 -0.9781566 0 0.20787 -0.9781566 0 0.5876726 -0.8090988 0 0.8660985 -0.4998736 0 0.8658543 -0.5002964 0 0.9945198 -0.1045491 0 0.9945198 -0.1045486 0 0.9510883 0.3089191 0 0.9511157 0.3088351 0 0.743237 0.6690282 0 0.743237 0.6690283 0 0.4068952 0.9134749 0 -0.8660219 -0.5000061 -7.0953e-5 -0.8660292 -0.4999936 7.51227e-5 -0.866029 -0.4999939 7.24773e-5 -0.8660245 -0.5000016 -1.73126e-5 0.2179321 -0.3774836 0.9000066 0.2179441 -0.3774794 0.9000054 0.3484756 -0.603541 0.7171493 0.3484728 -0.603659 0.7170513 0.4434535 -0.7681933 0.4617663 0.4434588 -0.7681962 0.4617563 0.4935547 -0.8549843 0.1593917 0.4937045 -0.8549531 0.1590945 0.4938053 -0.8549219 -0.1589499 0.4937716 -0.8549399 -0.1589573 0.4434552 -0.7681915 -0.4617677 0.4434553 -0.7681977 -0.4617573 0.3483994 -0.6035375 -0.7171892 0.3483522 -0.6033907 -0.7173356 0.2179887 -0.3774658 -0.9000003 0.2179492 -0.3775016 -0.8999949 -0.8660216 -0.5000067 7.17172e-5 -0.8660242 -0.5000022 2.35634e-5 -0.8660312 -0.4999902 -1.23662e-4 -0.8660249 -0.500001 1.51942e-5 -0.2179449 0.3775018 -0.8999959 -0.2179874 0.3774649 -0.900001 -0.348451 0.6034983 -0.7171971 -0.3483635 0.6034766 -0.7172579 -0.4434624 0.7682061 -0.4617365 -0.4434599 0.7682014 -0.4617468 -0.4935697 0.8550036 -0.1592419 -0.4935642 0.855001 -0.1592727 -0.4935721 0.8550019 0.1592427 -0.4935646 0.8550009 0.1592725 -0.4434656 0.7682047 0.4617358 -0.4434577 0.7682029 0.4617465 -0.3484175 0.6035634 0.7171586 -0.3484408 0.6034796 0.7172178 -0.217944 0.3774784 0.9000058 -0.2179327 0.3774815 0.9000074 0 -1 2.31193e-6 0 -1 1.9138e-6 0 -1 1.67414e-6 0 -1 4.58807e-7 0 -1 4.65931e-7 0 -1 1.60855e-6 0 -1 2.81142e-6 0 -1 9.02962e-7 0 -1 -4.58807e-7 0 -1 -8.37071e-7 0 -1 -9.56902e-7 0 -1 -1.15597e-6 0 -1 1.09039e-6 0 -1 6.74503e-6 0 -1 2.48499e-6 0 -1 5.45195e-7 0 -1 3.37252e-6 0 -1 -2.31193e-6 0 -1 -1.9138e-6 0 -1 -1.67414e-6 0 -1 -4.65931e-7 0 -1 -1.60855e-6 0 -1 -2.81142e-6 0 -1 -9.02962e-7 0 -1 8.37071e-7 0 -1 9.56902e-7 0 -1 1.15597e-6 0 -1 -1.09039e-6 0 -1 -6.74503e-6 0 -1 -2.48499e-6 0 -1 -5.45195e-7 0 -1 -3.37252e-6 0.2869952 -1.47871e-5 0.9579321 0.287203 8.26964e-6 0.9578698 0.2869964 1.61163e-5 0.9579317 0.287009 -9.3562e-5 0.957928 0.2871443 9.33288e-5 0.9578874 0.2872751 0 0.9578481 0.4962793 0.8288124 -0.2584123 0.3296851 0.8288041 -0.452097 0.3631733 0.9057286 -0.2185426 0.1805319 0.899949 -0.3968631 0.2200345 0.9595469 -0.1756551 0.03950929 0.9713272 -0.2344412 0.07053476 0.9888876 -0.1308671 0.09442865 0.8288031 -0.5515151 -0.01998525 0.9012097 -0.4329225 0.009183108 0.9419844 -0.3355314 -0.1605747 0.8288073 -0.5359985 -0.08703482 0.9066362 -0.4128386 -0.2213469 0.9012118 -0.3725895 -0.1542829 0.9066365 -0.3926922 -0.3820597 0.8288209 -0.408762 -0.3690097 0.89995 -0.232211 -0.1921759 0.9419827 -0.2752039 -0.1619111 0.971327 -0.1740943 -0.2803692 0.9595477 -0.0257191 -0.1308344 0.9888927 -0.07052314 -0.523977 0.8287998 -0.1963137 -0.423506 0.9057307 0.01716732 -0.5566205 0.8288078 0.05702042 0.287009 -6.00234e-5 0.957928 0.2870181 -1.03796e-4 0.9579252 0.2869184 8.11092e-5 0.9579551 0.2870084 -7.50171e-5 0.9579281 0.2869514 1.56302e-4 0.9579452 0.2872752 0 0.9578481 0 1 -1.88895e-6 0 1 -2.01527e-6 0 1 3.55905e-6 0 1 1.2357e-6 0 1 -1.41737e-6 0 1 -2.54035e-6 0 1 -5.91053e-6 0 1 -7.77165e-6 0 1 -8.45516e-6 0 1 3.69194e-6 0 1 -8.86558e-6 0 1 -2.12246e-6 -0.2869964 -5.02402e-6 -0.9579317 -0.2872949 1.16941e-5 -0.9578422 -0.2869974 3.41067e-5 -0.9579313 -0.2870082 -8.86283e-5 -0.9579282 -0.287144 9.33001e-5 -0.9578874 -0.2872751 0 -0.9578481 -0.4962697 0.828821 0.258403 -0.3296601 0.8288259 0.4520751 -0.3631678 0.9057319 0.2185379 -0.1805332 0.8999493 0.3968613 -0.2200406 0.9595456 0.1756547 -0.03951221 0.9713268 0.2344422 -0.07053226 0.9888867 0.1308757 -0.09436017 0.8288227 0.5514971 0.01998567 0.9012106 0.4329204 -0.009179294 0.9419837 0.3355332 0.1605669 0.8288295 0.5359663 0.08703553 0.9066321 0.4128474 0.2213487 0.901211 0.3725903 0.1542804 0.9066439 0.392676 0.3820551 0.8288188 0.4087707 0.3689887 0.8999463 0.2322589 0.1921757 0.9419828 0.2752036 0.1619096 0.9713272 0.1740945 0.2803696 0.9595476 0.02571892 0.1308781 0.9888869 0.07052421 0.5239804 0.8288002 0.1963032 0.4235067 0.9057303 -0.01716715 0.5566117 0.8288134 -0.05702501 -0.2870147 -9.05594e-5 -0.9579263 -0.2870049 -4.33652e-5 -0.9579291 -0.2869049 8.10711e-5 -0.9579591 -0.287009 -7.44156e-5 -0.957928 -0.2869532 1.57489e-4 -0.9579447 -0.287433 0 -0.9578008 2.14651e-5 0.7621738 -0.6473725 0.06755161 0.7424123 -0.6665289 7.93915e-5 0.9215409 -0.3882815 0.08857363 0.9665896 -0.2405396 -1.86507e-5 0.995635 -0.09333235 0.08621704 0.9660152 0.243683 -1.72336e-4 0.977646 0.2102578 0.08234399 0.7389852 -0.6686706 0.1029208 0.7367255 -0.6683135 0.141184 0.7247332 -0.6744101 0.1918389 0.9662381 -0.1719942 0.1197617 0.9679675 -0.2206724 0.1049391 0.9575607 0.2684499 0.2111492 0.9635874 -0.1640596 0.3071795 0.7100723 -0.6335915 0.2413387 0.9593952 -0.1460017 0.4254981 0.7068457 -0.5650846 0.2705261 0.9544714 -0.1256983 0.5362034 0.7013328 -0.4697002 0.2970156 0.9492109 -0.103829 0.6149333 0.6960738 -0.3705919 0.3196015 0.9441841 -0.07982033 0.6796243 0.6901926 -0.2484853 0.3368684 0.9399829 -0.05433118 0.7134893 0.6885768 -0.1295958 0.3478929 0.9371563 -0.02661919 0.7283049 0.6852532 1.9585e-4 0.3515775 0.9361588 3.89211e-5 0.714321 0.6876004 0.1301971 0.3478767 0.9371635 0.02658355 0.6795446 0.6901931 0.2487019 0.336849 0.9399895 0.05433952 0.6148427 0.6960169 0.3708491 0.3195844 0.9441893 0.07982677 0.536207 0.7013557 0.4696618 0.2970054 0.9492158 0.1038128 0.4255357 0.7068738 0.5650211 0.270525 0.9544745 0.1256772 0.307222 0.7100862 0.6335554 0.2413306 0.9593985 0.1459942 0.2111554 0.9635936 0.1640144 0.08105289 0.9257569 -0.3693301 0.1785489 0.9055993 -0.3847211 0.191845 0.9662353 0.1720018 0.08861792 0.9666007 0.2404785 0.1029129 0.7367231 0.6683173 0.06755805 0.7424413 0.666496 0.08235341 0.7389933 0.6686605 0.1411942 0.7247532 0.6743864 0.1219398 0.7322608 0.6700186 0.1096951 0.7350845 0.6690425 -2.61467e-4 0.7621801 0.6473652 -5.31025e-5 0.9215378 0.3882889 1.29479e-4 0.9956351 0.09333121 0.08624887 0.9659714 -0.2438452 1.52556e-5 0.9776551 -0.2102152 0.02371454 0.9436914 -0.3299764 -0.0267226 0.9605712 -0.2767473 -0.05939882 0.9742205 -0.2176383 -0.08329486 0.9857721 -0.1459984 -0.09544879 0.9924579 -0.07692158 -0.09978199 0.9950093 -9.26852e-5 -0.09560245 0.9924459 0.07688528 -0.08333581 0.9857878 0.1458684 -0.05949431 0.9742285 0.2175764 -0.02667391 0.960568 0.2767627 0.02378875 0.9437255 0.3298733 0.0810588 0.9257373 0.3693781 0.1785607 0.9055868 0.384745 0.1304408 0.9426445 0.3072566 -0.08887088 0.966529 -0.2406733 -0.08625763 0.9659742 0.2438312 -0.1197603 0.967889 -0.2210173 -0.178557 0.9056091 0.3846941 -0.1918454 0.9661694 -0.1723721 -0.2111641 0.9635176 -0.1644501 -0.1412014 0.7247633 -0.6743739 -0.306384 0.7100611 -0.633989 -0.2414278 0.9593186 -0.146358 -0.2706766 0.9543861 -0.1260212 -0.08052539 0.9258896 0.369113 -0.02333354 0.943805 0.3296784 0.02694457 0.9606618 0.2764111 -0.2973976 0.949082 -0.1039137 -0.5357157 0.7013763 -0.4701914 -0.3198431 0.9440858 -0.08001583 -0.6145653 0.6960628 -0.3712226 -0.6794117 0.690176 -0.2491123 -0.3372476 0.9398517 -0.05424863 -0.7141693 0.687685 -0.1305813 -0.3481426 0.9370625 -0.02665907 -0.7283256 0.6852313 -1.65045e-4 -0.3518712 0.9360485 8.817e-6 -0.348168 0.9370527 0.02667337 0.09980499 0.995007 1.38169e-4 0.09563726 0.9924619 -0.07663524 0.05960786 0.9742823 0.2173039 0.08339649 0.9857978 0.145766 0.09538209 0.9924777 0.07674896 -0.3372642 0.9398472 0.0542249 0.08341497 0.9858115 -0.1456629 -0.3198157 0.9440945 0.08002245 0.05960261 0.9742833 -0.2173005 -0.2973969 0.9490854 0.1038846 0.02691078 0.9606456 -0.2764706 -0.02333253 0.9438025 -0.3296855 -0.08053469 0.9258919 -0.3691049 -0.2414045 0.9593175 0.1464034 -0.2706784 0.9543877 0.1260054 -0.5357085 0.7013837 0.4701887 -0.6145883 0.6960451 0.3712177 -0.1785441 0.9055833 -0.3847609 -0.2111655 0.9635235 0.1644136 -0.3063264 0.7100869 0.633988 -0.1411982 0.7247406 0.6743992 -0.1918178 0.9661713 0.1723918 -0.1029273 0.7367119 0.6683275 -0.1304585 0.9426356 -0.3072766 -0.08888453 0.9665312 0.2406596 -0.1049414 0.9575532 -0.2684759 -0.08625787 0.9659903 -0.243767 -0.0675525 0.7424224 0.6665176 -0.08232432 0.73898 0.6686788 -0.4248492 0.7068596 0.5655553 -0.6794576 0.6902171 0.2488733 -0.713043 0.6890159 0.1297178 -0.4248827 0.706814 -0.565587 -0.1219586 0.7322871 -0.6699864 -0.1097 0.735125 -0.6689972 -0.1029243 0.7367165 -0.6683229 -0.08233952 0.7389831 -0.6686735 -0.06756687 0.7424429 -0.6664933 -7.85054e-7 0 -1 9.65295e-7 0 -1 1.40208e-7 0 -1 1.91892e-6 0 -1 -1.99614e-6 0 -1 -1.68976e-6 0 -1 1.71854e-6 0 -1 -5.91368e-6 0 -1 -2.97232e-6 0 -1 7.50727e-7 0 -1 -3.10473e-6 0 -1 -2.16291e-7 0 -1 -3.51288e-7 0 -1 2.97059e-6 0 -1 -1.36701e-5 0 -1 9.83881e-7 0 -1 -5.0455e-6 0 -1 -9.23343e-7 0 -1 -2.00486e-6 0 -1 -2.13456e-6 0 -1 8.61657e-7 0 -1 1.75936e-6 0 -1 -8.28757e-7 0 -1 1.60191e-5 0 -1 4.10022e-6 0 -1 -2.77515e-6 0 -1 -2.27929e-7 0 -1 -2.07461e-6 0 -1 1.83385e-6 0 -1 5.40363e-7 0 -1 2.3848e-7 0 -1 -6.05709e-6 0 -1 1.36032e-5 0 -1 -2.32584e-6 0 -1 6.08397e-6 0 -1 1.78264e-7 0 -1 1.3671e-6 0 -1 -2.54177e-6 0 -1 1.6832e-6 0 -1 -2.32901e-6 0 -1 2.52392e-6 0 -1 -5.93685e-7 0 -1 -1.69963e-6 0 -1 1.42143e-6 0 -1 7.77091e-7 0 -1 0 0 -1 4.18531e-7 0 -1 -9.8129e-7 0 -1 -5.77857e-7 0 -1 0 0 -1 -1.49006e-6 0 -1 2.67972e-7 0 -1 6.18469e-6 0 -1 -4.14617e-7 0 -1 1.61589e-6 0 -1 -1.29067e-6 0 -1 1.90689e-7 0 -1 8.28752e-7 0 -1 6.49569e-7 0 -1 -1.4537e-7 0 -1 9.27442e-6 0 -1 3.57202e-6 0 -1 -1.0681e-6 0 -1 1.46125e-5 0 -1 8.88603e-7 0 -1 8.71757e-6 0 -1 6.07701e-6 0 -1 -1.53815e-6 0 -1 2.97232e-6 0 -1 -7.50727e-7 0 -1 3.10473e-6 0 -1 2.16291e-7 0 -1 3.51288e-7 0 -1 -2.97059e-6 0 -1 1.36701e-5 0 -1 2.56997e-7 0 -1 3.19799e-7 0 -1 6.0185e-7 0 -1 -6.0185e-7 0 -1 -3.19799e-7 0 -1 -2.56997e-7 0 -1 -3.69655e-6 0 -1 1.65672e-6 0 -1 5.50524e-6 0 -1 -5.49276e-7 0 -1 1.88915e-6 0 -1 1.71409e-6 0 -1 1.0681e-6 0 -1 -8.21955e-6 0 -1 -1.58915e-6 0 -1 -3.57202e-6 0 -1 1.4537e-7 0 -1 -9.27442e-6 0 -1 6.45333e-7 0 -1 -1.68679e-6 0 -1 0 0 -1 -2.67972e-7 0 -1 -6.18469e-6 0 -1 8.71638e-7 0 -1 -1.36701e-5 0 -1 2.97059e-6 0 -1 -2.16291e-7 0 -1 3.92944e-7 0 -1 1.13283e-6 0 -1 2.74795e-7 0 -1 1.02793e-6 0 -1 0 0 -1 0 0 -1 -5.88219e-7 0 -1 -1.87323e-6 0 -1 4.021e-6 0 -1 -1.62268e-6 0 -1 2.60691e-6 0 -1 -2.20843e-6 0 -1 1.69963e-6 0 -1 5.93685e-7 0 -1 2.41768e-6 0 -1 -1.80614e-5 0 -1 1.53724e-6 0 -1 3.54907e-6 0 -1 -2.6618e-6 0 -1 -5.61929e-7 0 -1 -4.57029e-6 0 -1 2.17575e-5 0 -1 -1.30412e-5 0 -1 -0.724453 -0.6770697 -0.1294009 -0.7463346 -0.6391585 -0.1856374 -0.7596443 -0.6161077 -0.2082111 -0.7801029 -0.5806686 -0.2329454 -0.7676618 -0.6022295 -0.2191231 -0.7760575 -0.5876814 -0.2288352 -0.7847951 -0.572547 -0.237248 -0.8171241 -0.5165389 -0.255922 -0.8365139 -0.4829618 -0.2588288 -0.8559001 -0.4493979 -0.2558841 -0.8882249 -0.3933986 -0.2372637 -0.8929232 -0.3852766 -0.2329168 -0.8969655 -0.3782516 -0.2288641 -0.9053784 -0.363701 -0.2191156 -0.9134003 -0.3498012 -0.2081803 -0.9266996 -0.3267485 -0.1856426 -0.9485899 -0.2888407 -0.1294152 -0.9513139 -0.2841224 -0.1194842 -0.9642738 -0.2616823 -0.0412141 -0.7079256 -0.7056905 -0.0290243 -0.7087619 -0.7042435 -0.04120415 -0.7217204 -0.6817931 -0.1194903 -0.7072039 -0.7069431 -0.009696602 -0.7071975 -0.7069495 0.009699881 -0.7087618 -0.7042436 0.04120498 -0.7079251 -0.705691 0.02902382 -0.7244499 -0.6770725 0.1294038 -0.7596443 -0.6161075 0.2082117 -0.7463361 -0.6391568 0.1856372 -0.7217167 -0.6817978 0.1194864 -0.7801244 -0.5806533 0.2329121 -0.767662 -0.6022293 0.2191232 -0.7760723 -0.5876976 0.2287429 -0.7847952 -0.5725473 0.2372471 -0.8171247 -0.5165385 0.2559205 -0.8365143 -0.4829618 0.2588278 -0.8558998 -0.4493991 0.2558829 -0.8882231 -0.3934012 0.2372667 -0.8929231 -0.3852775 0.2329161 -0.8969801 -0.3782417 0.2288236 -0.9053781 -0.3637017 0.2191159 -0.913401 -0.3498005 0.2081783 -0.9267005 -0.3267464 0.1856424 -0.9485895 -0.2888429 0.1294134 -0.9513124 -0.2841264 0.1194869 -0.9642739 -0.2616817 0.04121273 -0.9651081 -0.2602344 0.02905887 -0.965834 -0.25898 0.00969851 -0.9658347 -0.2589776 -0.009699642 -0.9651081 -0.2602346 -0.02905905 -0.224144 -0.9659264 0.1294052 -0.1830348 -0.9659227 0.1830074 -0.1821705 -0.9659255 0.1838529 -0.1294438 -0.9659065 0.2242076 -0.1293916 -0.9659367 0.2241074 -0.06812274 -0.9659259 0.2496929 -0.06700831 -0.9659282 0.2499855 -9.62063e-6 -0.9659257 0.2588195 0.224144 -0.9659264 0.1294052 0.1821702 -0.9659256 0.183853 0.1830348 -0.9659227 0.1830074 0.1294013 -0.9659305 0.2241286 0.1292483 -0.9660231 0.2238175 0.06812167 -0.9659259 0.2496929 1.13969e-5 -0.9659263 0.2588176 0.06700551 -0.9659279 0.2499874 0.2241443 -0.9659253 -0.1294127 0.2503069 -0.9659258 -0.06583338 0.2499992 -0.9659265 -0.06698113 0.2588847 -0.9659083 0 0.2589235 -0.9658979 0 0.2503069 -0.9659258 0.06583338 0.224143 -0.9659262 0.1294086 0.2499995 -0.9659264 0.06698191 1.13995e-5 -0.9659262 -0.2588175 0.06812196 -0.9659259 -0.249693 0.06700551 -0.9659279 -0.2499874 0.1293566 -0.9659558 -0.2240456 0.1292483 -0.9660231 -0.2238175 0.1821699 -0.9659256 -0.183853 0.224144 -0.9659264 -0.1294052 0.1830348 -0.9659227 -0.1830074 -0.224144 -0.9659264 -0.1294052 -0.1821699 -0.9659256 -0.183853 -0.1830348 -0.9659227 -0.1830074 -0.1293566 -0.9659558 -0.2240457 -0.1292483 -0.9660231 -0.2238175 -0.06812196 -0.9659259 -0.2496929 -1.13969e-5 -0.9659263 -0.2588176 -0.06700551 -0.9659279 -0.2499874 -0.224143 -0.9659262 0.1294086 -0.2503069 -0.9659258 0.06583279 -0.2499992 -0.9659265 0.06698131 -0.2588847 -0.9659083 0 -0.2589235 -0.9658979 0 -0.2503069 -0.9659258 -0.06583404 -0.2241443 -0.9659253 -0.1294127 -0.2499995 -0.9659264 -0.06698173 0.7385383 -8.64218e-6 -0.6742116 0.6521583 0.4693065 -0.5953494 0.9579351 5.39422e-6 -0.2869851 0.8458907 0.4692997 -0.25343 0.9875894 -1.80081e-5 0.1570584 0.8720716 0.4693154 0.1386884 0.8216401 4.04567e-6 0.5700067 0.7255416 0.4692924 0.5033429 0.4929668 -1.64807e-5 0.8700481 0.4360001 0.4692718 0.7679115 0.06663209 1.74269e-5 0.9977776 0.05799329 0.469274 0.8811463 -0.3728707 -8.43406e-6 0.9278834 -0.3292661 0.4692917 0.8193591 -0.7385395 -9.55164e-6 0.6742103 -0.6521598 0.469312 0.5953436 -0.9579318 4.82798e-6 0.2869958 -0.8458865 0.4693064 0.2534317 -0.9875879 -1.74046e-5 -0.1570677 -0.8720945 0.4692741 -0.138683 -0.821637 2.77162e-6 -0.5700112 -0.7255489 0.4692881 -0.5033364 -0.4929615 -1.83731e-5 -0.8700513 -0.4360119 0.4692761 -0.7679021 -0.06664645 2.56971e-5 -0.9977768 -0.05798524 0.4692917 -0.8811374 0.3728888 -8.9109e-6 -0.9278761 0.3292707 0.4692846 -0.8193612 -0.7142944 0.5949127 0.3685952 -0.7542887 0.594896 0.2777541 -0.7827535 0.5949007 0.1827294 -0.7992966 0.5949109 0.08488833 0.7143212 0.5949094 -0.3685486 0.7542704 0.5949094 -0.2777749 0.7827621 0.5948839 -0.1827477 0.7992948 0.5949147 -0.08487796 0.02417725 0 -0.9997077 0.02414953 5.57501e-6 -0.9997085 0.0241146 -8.47568e-6 -0.9997093 0.02414423 8.15333e-5 -0.9997086 0.02423274 1.6722e-4 -0.9997064 0.0241146 0 -0.9997093 -0.9997096 0 -0.02409815 -0.9997088 -3.37232e-6 -0.02413266 -0.9997067 3.13882e-5 -0.02422153 -0.9997124 -6.84653e-7 -0.023983 -0.9997098 1.63941e-5 -0.02409237 -0.9997085 0 -0.02414542 -0.0241146 0 0.9997093 -0.02414822 -2.44348e-5 0.9997085 -0.02423 -4.63923e-5 0.9997065 -0.02413582 -2.348e-5 0.9997088 -0.02409362 1.10192e-5 0.9997097 -0.02422547 0 0.9997066 0.0241146 0 -0.9997093 0.02414554 -2.07684e-5 -0.9997085 0.02415603 -1.19859e-5 -0.9997083 0.02413332 -8.95478e-6 -0.9997088 0.02418226 -1.46428e-5 -0.9997076 0.02416324 0 -0.9997081 0.9997085 0 0.02414268 0.9997078 -3.34137e-7 0.02417439 0.9997098 -1.63564e-5 0.02409267 0.9997088 3.14263e-7 0.02413076 0.9997085 3.6197e-5 0.02414262 0.9997085 0 0.02414399 -0.0242179 0 0.9997068 -0.0240674 -2.0939e-5 0.9997104 -0.024127 -2.33811e-6 0.999709 -0.0241394 4.95572e-5 0.9997087 -0.02418756 9.07183e-5 0.9997075 -0.0241146 0 0.9997093 -0.0850901 0.9543313 -0.2863762 -0.0866701 0.9582152 -0.2726022 6.17051e-6 0.9498476 -0.3127133 1.07064e-5 0.9670581 -0.254556 0.06880533 0.9635352 -0.2585842 0.0873335 0.9639317 -0.2514132 0.08651345 0.958254 -0.2725155 0.1053928 0.9651198 -0.2396584 0.1125438 0.9650166 -0.2368057 0.1337674 0.96689 -0.2173251 0.1337224 0.9608759 -0.2425609 0.1842018 0.9642448 -0.19053 0.1923817 0.9607669 -0.199791 0.2300571 0.9579171 -0.1716639 0.1902422 0.965559 -0.1774935 0.2476021 0.9583453 -0.1423643 -0.09891974 0.9552497 -0.2787704 -0.1185457 0.9571859 -0.264087 -0.1338112 0.9608634 -0.2425614 -0.1944274 0.9606617 -0.1983109 -0.1843748 0.9642179 -0.1904994 -0.2060137 0.9600508 -0.1893701 -0.2651405 0.9528835 -0.1473557 -0.2981936 0.9464579 -0.123685 -0.2478194 0.9583144 -0.1421945 -0.1902496 0.9655594 -0.1774829 -0.112766 0.9649769 -0.2368619 -0.2737711 0.9537775 -0.1239268 -0.3248243 0.9402923 -0.1016839 -0.302027 0.9479936 -0.1004389 -0.3224592 0.9432723 -0.07910448 -0.3527316 0.9329652 -0.07180756 -0.3408822 0.9386575 -0.05216747 -0.3693642 0.9282227 -0.04441696 -0.3511543 0.93593 -0.02694225 -0.3774802 0.9257814 -0.02091789 -0.3550905 0.934832 1.86592e-5 -0.3799145 0.9250153 -0.0034042 -0.3548473 0.9348797 0.009138464 -0.3766844 0.9260269 0.02414524 -0.3511963 0.9359181 0.02680653 -0.3488548 0.9364058 0.03800451 -0.3408463 0.9386718 0.05214428 -0.3663884 0.9290955 0.05040925 -0.3353019 0.9397284 0.06695717 -0.349116 0.9339618 0.07637768 -0.3224171 0.9432854 0.07912027 -0.3149172 0.9444242 0.09428721 -0.3020285 0.9479955 0.100416 -0.3249464 0.9402527 0.1016601 -0.288586 0.9498249 0.1206274 -0.2982692 0.9464363 0.1236687 -0.2569279 0.9551863 0.1469938 -0.2670711 0.952544 0.1460587 -0.2316461 0.9577311 0.1705615 -0.3799897 0.9249901 -0.001096308 -0.3799738 0.9249972 1.20886e-5 -0.1924045 0.9607541 0.1998304 -0.2056356 0.9603386 0.1883186 -0.1902378 0.9655594 0.1774958 -0.2477862 0.958315 0.1422472 -0.08511781 0.9543304 0.2863715 -0.09893786 0.9552405 0.2787955 -0.1338019 0.960872 0.2425329 -0.1843439 0.9642158 0.1905393 -0.1337704 0.9668896 0.2173252 -0.08666259 0.9582144 0.2726076 3.54362e-6 0.9498336 0.312756 1.73572e-6 0.9670557 0.2545649 0.0688219 0.9635344 0.2585828 0.08732557 0.9639436 0.2513704 0.08652395 0.9582444 0.272546 0.1125675 0.9650222 0.2367718 0.1337122 0.9608853 0.2425295 0.1841581 0.9642452 0.1905707 0.1922307 0.9607554 0.1999911 0.2300388 0.9579231 0.1716552 0.08510899 0.9543418 0.286336 0.09886139 0.9552642 0.2787417 0.2651448 0.9528809 0.1473648 0.2475979 0.9583456 0.1423698 0.1901967 0.965566 0.1775032 0.2969359 0.9467254 0.1246601 0.2735835 0.9538152 0.1240509 0.3248803 0.9402722 0.1016912 0.3019076 0.9480197 0.1005519 0.3223454 0.9432973 0.0792703 0.3479267 0.9342923 0.07774907 0.3408246 0.9386745 0.05223846 0.3653038 0.9294173 0.05231267 0.3511323 0.9359371 0.02698105 0.3762637 0.9261584 0.0256192 0.3551003 0.9348282 1.29242e-5 0.3799617 0.9250023 1.81666e-5 0.3762447 0.9261661 -0.02562111 0.3511704 0.9359244 -0.02692443 0.3653239 0.9294091 -0.05231815 0.3408126 0.9386786 -0.05224317 0.3479362 0.9342917 -0.07771342 0.3223639 0.943297 -0.07919824 0.3248547 0.9402837 -0.101666 0.3019129 0.9480127 -0.1006006 0.2969241 0.9467353 -0.1246136 0.2735833 0.9538105 -0.1240879 0.2651543 0.952883 -0.1473336 0.09887385 0.9552652 -0.2787336 0.08511918 0.9543456 -0.2863201 -0.08732277 0.9639348 0.251405 -0.1054143 0.9651283 0.2396146 -0.1127566 0.9649793 0.2368566 -0.2737713 0.9537765 0.1239342 -0.0873304 0.9639374 -0.2513924 0.09227579 -0.7010598 -0.707107 -1.24748e-6 -0.7071081 -0.7071055 2.14834e-7 -0.7072126 -0.7070009 -0.09227609 -0.7010598 -0.707107 -0.09427696 -0.7007564 -0.7071438 -0.1830158 -0.6830118 -0.707107 -0.1867842 -0.6820126 -0.707086 -0.2705996 -0.6532806 -0.707107 -0.2760592 -0.6509874 -0.7071116 -0.3535716 -0.6123605 -0.707108 -0.3603727 -0.6083751 -0.7071148 -0.4304728 -0.5609754 -0.7071067 -0.4382398 -0.5549242 -0.7071105 -0.4999877 -0.5000113 -0.7071075 -0.5082885 -0.4915708 -0.7071075 -0.5609916 -0.4304525 -0.7071062 -0.5692731 -0.4194378 -0.7071069 -0.6123729 -0.3535532 -0.7071065 -0.6201031 -0.3398134 -0.7071061 -0.6532857 -0.2705914 -0.7071054 -0.6598425 -0.2541682 -0.7071114 -0.6830112 -0.1830155 -0.7071075 -0.6878557 -0.1638972 -0.7071014 -0.7010653 -0.09228026 -0.707101 -0.703563 -0.07076013 -0.7071013 -0.7071008 -1.42315e-5 -0.7071128 -0.7067079 0.02361649 -0.7071112 -0.7010547 0.09228909 -0.7071105 -0.6972585 0.1176176 -0.7071045 -0.6830082 0.1829987 -0.7071148 -0.6753538 0.2094781 -0.7071182 -0.6532852 0.270611 -0.7070984 -0.6414107 0.2976471 -0.7071058 -0.6123683 0.3535332 -0.7071205 -0.5960144 0.38048 -0.7071081 -0.5609898 0.4304809 -0.7070903 -0.5399848 0.4565374 -0.7070997 -0.5000013 0.5000086 -0.7070998 -0.4743171 0.5244371 -0.707099 -0.4304621 0.561002 -0.7070921 -0.4001861 0.5829798 -0.7070966 -0.3535528 0.6123656 -0.707113 -0.3189122 0.6311007 -0.7071117 -0.2705972 0.6532666 -0.7071209 -0.2319494 0.6680017 -0.7070879 -0.1830126 0.6830031 -0.7071161 -0.1408458 0.6929278 -0.7071163 -0.09229606 0.7010601 -0.7071042 -0.04722958 0.7055189 -0.7071156 -3.77302e-7 0.707119 -0.7070946 0.04722958 0.7055189 -0.7071156 0.09229606 0.7010601 -0.7071042 0.1408458 0.6929278 -0.7071164 0.1830126 0.6830031 -0.7071161 0.2319498 0.6680016 -0.7070878 0.2705998 0.6533018 -0.7070873 0.3189119 0.6311008 -0.7071118 0.3535529 0.6123657 -0.7071129 0.4001857 0.58298 -0.7070968 0.4304562 0.5609657 -0.7071245 0.4743174 0.5244371 -0.7070989 0.5000011 0.5000088 -0.7070997 0.5399852 0.4565374 -0.7070996 0.5609897 0.4304808 -0.7070904 0.5960144 0.3804799 -0.7071081 0.6123682 0.3535332 -0.7071205 0.6414106 0.2976471 -0.7071058 0.6532852 0.270611 -0.7070984 0.6753649 0.2095199 -0.7070953 0.6830082 0.1829987 -0.7071148 0.6972584 0.1176179 -0.7071045 0.7010549 0.09228932 -0.7071101 0.7067077 0.02361619 -0.7071114 0.7071005 -1.52528e-5 -0.7071131 0.703545 -0.07080447 -0.7071148 0.7010649 -0.09228152 -0.7071014 0.687856 -0.1638968 -0.7071012 0.6830118 -0.1830142 -0.7071072 0.6598429 -0.2541671 -0.7071113 0.6532866 -0.2705904 -0.7071049 0.6201035 -0.3398134 -0.7071058 0.6123726 -0.3535531 -0.7071068 0.569273 -0.4194378 -0.707107 0.5609915 -0.4304524 -0.7071063 0.5082886 -0.4915707 -0.7071075 0.4999878 -0.5000114 -0.7071074 0.4382396 -0.5549243 -0.7071104 0.4304727 -0.5609754 -0.7071067 0.3603729 -0.6083751 -0.7071147 0.3535718 -0.6123605 -0.707108 0.2760236 -0.6510178 -0.7070975 0.2705996 -0.6532806 -0.707107 0.1868153 -0.6819818 -0.7071074 0.1830154 -0.6830119 -0.7071069 0.09432208 -0.7006918 -0.7072018 -0.4968414 0.860553 -0.1122375 -0.4968257 0.8605614 -0.1122428 -0.4996524 0.8654174 -0.0374189 -0.4996485 0.865417 -0.03748148 -0.4996511 0.8654175 0.03743541 -0.4996526 0.8654174 0.03741866 -0.4968421 0.8605517 0.1122442 -0.4968408 0.860553 0.1122395 -0.4329845 0.7498874 0.5001934 -0.4330422 0.7500851 0.4998468 -0.433001 0.7499638 0.5000646 -0.4330412 0.7500856 0.4998471 -0.4330072 0.7500474 0.4999336 -0.4329956 0.7500493 0.499941 -0.2970172 0.5144435 0.8044432 -0.2970066 0.5144492 0.8044434 -0.2659969 0.460766 0.8467233 -0.2659836 0.4607524 0.846735 -0.233717 0.4048396 0.8840144 -0.2337014 0.4048348 0.8840206 -0.1998334 0.3461221 0.9166604 -0.1998341 0.3461278 0.9166581 4.14437e-6 0 1 2.50458e-6 0 1 7.27655e-7 0 1 1.45531e-6 0 1 5.00914e-6 0 1 8.28872e-6 0 1 0.1998233 -0.3461049 0.9166691 0.1998205 -0.3460943 0.9166736 0.233515 -0.4046303 0.8841636 0.233865 -0.4046235 0.8840742 0.2660734 -0.4608954 0.8466289 0.2659962 -0.4607661 0.8467236 0.2970134 -0.5144468 0.8044425 0.2970021 -0.5144568 0.8044401 0.4330046 -0.7499577 0.5000705 0.4329872 -0.7499235 0.5001369 0.4330503 -0.7501265 0.4997776 0.4330424 -0.7500844 0.4998479 0.4330089 -0.7500473 0.4999325 0.4329991 -0.7500483 0.4999393 0.49684 -0.8605539 0.1122375 0.4968417 -0.8605528 0.1122373 0.4996048 -0.8654445 0.03743076 0.4996124 -0.8654396 0.03744262 0.4996078 -0.8654428 -0.03743004 0.4996085 -0.8654418 -0.03744232 0.4968422 -0.8605526 -0.1122366 0.4968401 -0.860554 -0.112236 0.4329922 -0.7500506 -0.4999419 0.433004 -0.7500485 -0.4999349 0.4330406 -0.7500844 -0.499849 0.4330408 -0.7500846 -0.4998487 0.4329789 -0.749893 -0.5001898 0.4330035 -0.7499585 -0.5000703 0.2970175 -0.5144516 -0.8044378 0.2970152 -0.5144447 -0.8044431 0.2660435 -0.4608014 -0.8466894 0.2660457 -0.4608673 -0.8466529 0.2337464 -0.4047216 -0.8840606 0.2336326 -0.4046031 -0.8841449 0.1998288 -0.3461164 -0.9166635 0.1998235 -0.346122 -0.9166625 -7.27654e-7 0 -1 -2.50458e-6 0 -1 -4.14437e-6 0 -1 -0.199836 0.3461262 -0.9166582 -0.2337029 0.4048396 -0.884018 -0.199819 0.3460965 -0.9166732 -0.2337003 0.4048501 -0.8840139 -0.265991 0.4607678 -0.8467243 -0.26599 0.4607505 -0.8467339 -0.2970073 0.5144547 -0.8044396 -0.2970147 0.5144438 -0.8044438 -0.4329923 0.7500509 -0.4999415 -0.4330064 0.7500479 -0.4999336 -0.433042 0.7500848 -0.4998475 -0.4330434 0.7500843 -0.499847 -0.433052 0.7501263 -0.4997767 -0.4329873 0.7498856 -0.5001935 -0.8658897 0 0.500235 -0.8661764 0 0.4997385 -0.8661292 0 0.4998202 -0.8661756 0 0.49974 -0.8659785 0 0.5000813 -0.8659768 0 0.5000842 -0.8660718 0 0.4999197 -0.8660729 0 0.4999179 -0.8661756 0 0.4997398 -0.8661757 0 0.4997398 3.52147e-6 0 1 -3.58185e-6 0 1 6.66747e-7 0 1 -6.66747e-7 0 1 3.58185e-6 0 1 -3.52147e-6 0 1 0.8661757 0 0.4997398 0.8660729 0 0.4999179 0.8661756 0 0.4997398 0.8660718 0 0.4999197 0.8659769 0 0.5000841 0.865978 0 0.5000824 0.8661755 0 0.4997401 0.8661057 0 0.4998612 0.8661296 0 0.4998196 0.8658897 0 0.500235 0.8660599 0 -0.4999405 0.8661759 0 -0.4997393 0.8660582 0 -0.4999433 0.866176 0 -0.4997392 0.8659769 0 -0.5000841 0.865979 0 -0.5000805 0.8660717 0 -0.4999199 0.8660731 0 -0.4999175 0.8661756 0 -0.4997398 0.8661757 0 -0.4997398 -3.91732e-6 0 -1 4.86362e-6 0 -1 -4.61803e-6 0 -1 9.87439e-6 0 -1 -3.48425e-6 0 -1 4.06409e-6 0 -1 -1.9208e-6 0 -1 -0.8661757 0 -0.4997398 -0.8660729 0 -0.4999179 -0.8661756 0 -0.4997398 -0.8660718 0 -0.4999197 -0.8659781 0 -0.5000822 -0.8659768 0 -0.5000844 -0.8661757 0 -0.4997398 -0.8659362 0 -0.5001546 -0.8658908 0 -0.5002331 -0.8660599 0 -0.4999405 0.7385647 7.18236e-6 -0.6741825 0.9579322 -1.2964e-6 -0.2869948 0.9875885 4.36604e-6 0.1570638 0.8216391 1.35899e-5 0.570008 0.4929522 1.92672e-5 0.8700565 0.06665134 -1.45435e-5 0.9977763 -0.3728786 -2.47359e-6 0.9278801 -0.7385386 1.04606e-5 0.6742112 -0.9579317 -7.83801e-6 0.2869963 -0.9875882 -1.63913e-7 -0.1570658 -0.8216397 -1.19209e-5 -0.5700071 -0.4929553 -1.38432e-5 -0.8700547 -0.06664735 9.6038e-6 -0.9977767 0.3728721 -4.97699e-6 -0.9278828 -0.9997089 2.00095e-6 -0.02413141 -0.9997091 -7.46644e-6 -0.02412027 -0.9997088 -5.77313e-5 -0.02413463 -0.9997091 -1.11916e-4 -0.02412146 -0.9997076 9.12209e-5 -0.02418261 -0.9997085 0 -0.02414637 0.09184062 0.8288062 0.5519471 0.3276011 0.8288037 0.45361 0.09518736 0.9057304 0.4130278 0.3213341 0.8999492 0.2946795 0.09876 0.9595497 0.2636493 0.2106468 0.9713304 0.1102059 0.1025553 0.988887 0.1076335 0.4950473 0.8288226 0.2607321 0.4177911 0.9012069 0.1152254 0.3161544 0.9419832 0.1127574 0.5593603 0.8288153 0.01346629 0.419465 0.9066432 0.0452466 0.4228573 0.9012105 -0.09492903 0.4211901 0.9066283 -0.0249834 0.5070716 0.8288023 -0.2365697 0.3351777 0.8999491 -0.2788327 0.3212303 0.9419819 -0.09737277 0.2157136 0.9713272 -0.09995549 0.1113784 0.9595475 -0.25858 0.1076198 0.988889 -0.1025508 0.3491216 0.8288021 -0.4372656 0.1149819 0.9057331 -0.4079545 0.118363 0.8288055 -0.5468746 -0.9997088 2.78051e-5 -0.02413326 -0.9997089 -4.39212e-6 -0.02413129 -0.9997067 -5.88576e-5 -0.0242204 -0.9997087 -4.47095e-5 -0.02413588 -0.9997074 -1.12394e-4 -0.02419298 -0.9997077 0 -0.02418124 0 1 2.65567e-7 0 1 1.23823e-6 0 1 4.38454e-7 0 1 3.54523e-6 0 1 5.66778e-6 0 1 -1.64091e-6 0 1 -1.07815e-6 0 1 2.9034e-7 0.9997089 1.96137e-6 0.02413117 0.9997072 4.54292e-5 0.02420061 0.9997088 -8.94407e-6 0.02413225 0.999709 -1.0843e-4 0.02412182 0.9997065 1.73632e-4 0.02422821 0.9997085 0 0.02414703 -0.09182333 0.8288134 -0.5519391 -0.3276232 0.8288011 -0.4535989 -0.09518837 0.9057302 -0.4130281 -0.321336 0.899949 -0.2946782 -0.09875786 0.9595499 -0.2636497 -0.2106438 0.9713308 -0.1102069 -0.1025567 0.9888867 -0.1076353 -0.4950724 0.8288185 -0.260698 -0.4177927 0.9012058 -0.1152274 -0.3161565 0.9419825 -0.1127573 -0.559378 0.8288028 -0.01350075 -0.4195042 0.9066252 -0.04524528 -0.4228556 0.9012115 0.09492659 -0.4211636 0.9066405 0.0249862 -0.5070617 0.8288281 0.2365006 -0.3351761 0.8999494 0.2788338 -0.3212289 0.9419825 0.09737092 -0.2157203 0.9713258 0.0999552 -0.1113784 0.9595475 0.25858 -0.1076153 0.9888894 0.1025518 -0.3490856 0.8288212 0.4372584 -0.1149801 0.9057331 0.4079548 -0.1183637 0.8288046 0.5468757 0.9997088 9.02324e-6 0.02413219 0.9997089 -3.97144e-5 0.02412915 0.9997047 -1.11486e-4 0.02429997 0.9997087 -5.43573e-5 0.02413684 0.9997074 -1.10909e-4 0.02419185 0.9997076 0 0.02417993 -0.1103071 0.8120425 -0.5730787 -0.1255913 0.8163312 -0.5637643 -0.125894 0.8175633 -0.5619083 -0.1539335 0.8231989 -0.5464871 -0.2042403 0.8236069 -0.5291101 -0.2595444 0.8228608 -0.5055068 -0.3031077 0.8175511 -0.4896282 -0.3617107 0.8130481 -0.4561997 -0.3925982 0.8076845 -0.4399007 -0.449099 0.8008617 -0.3961446 -0.4700685 0.79566 -0.3820484 -0.5229731 0.7862414 -0.3291259 -0.5352988 0.782774 -0.3173642 -0.539101 0.7827249 -0.3109853 -0.5880126 0.771696 -0.2423358 -0.5876018 0.7720768 -0.2421194 -0.6222702 0.7639348 -0.1708317 -0.6252706 0.7628496 -0.1646127 -0.6405439 0.7589996 -0.1167187 -0.6479294 0.7570577 -0.08397144 -0.6472699 0.7573282 -0.08657956 -0.656495 0.75433 7.05034e-4 -0.6486964 0.7559487 0.08794653 -0.647936 0.757052 0.08397156 -0.6557341 0.7549919 -1.09625e-4 -0.6555806 0.755021 -0.01253843 -0.6500776 0.7563509 -0.07302355 -0.6252812 0.7628415 0.1646097 -0.6216521 0.7642078 0.171858 -0.5881776 0.7717227 0.2418493 -0.5800056 0.7744732 0.2525566 -0.549039 0.781313 0.2968271 -0.5357132 0.7830608 0.3159543 -0.5224862 0.7867797 0.328612 -0.4691258 0.7956396 0.3832476 -0.4484269 0.8007026 0.3972263 -0.3924987 0.8076615 0.4400317 -0.3617908 0.813355 0.4555886 -0.3045023 0.8177563 0.4884191 -0.3045614 0.8192117 0.4859371 -0.2619455 0.8230532 0.5039524 -0.2017393 0.8247034 0.5283614 -0.2043562 0.826403 0.5246874 -0.1648146 0.8250817 0.540441 -0.1528356 0.8232705 0.5466873 -0.1066778 0.8096721 0.5771057 -0.1762793 0.8195137 0.5452734 -0.0712946 0.8055519 0.5882204 -0.07007789 0.8053768 0.5886064 -0.05414766 0.8010692 0.5961178 -0.06513619 0.8043163 0.5906206 -0.0852425 0.8077676 0.5833054 -0.09694463 0.8094611 0.5791152 -0.03320693 0.7941386 0.6068289 -5.43497e-4 0.7848395 0.619699 -0.02849155 0.7925657 0.6091207 4.62334e-4 0.7852756 0.6191463 -0.2888752 0.8137396 0.50436 -0.3817341 0.8043828 0.4552444 -0.4606682 0.7931994 0.3982708 -0.5278443 0.7818359 0.3318331 -0.5863941 0.7705808 0.2496941 -0.6255624 0.7620585 0.1671482 -0.6483944 0.7566792 0.08379399 -0.6557413 0.7549856 -1.22882e-4 -0.6557232 0.7549901 -0.004163384 -0.6322474 0.7604702 -0.1481498 -0.5946159 0.7688045 -0.2353118 -0.5274692 0.7815044 -0.3332074 -0.461386 0.7931593 -0.3975191 -0.3773501 0.8049911 -0.457817 -0.2197857 0.8178624 -0.5317851 -0.1884347 0.8190004 -0.5419692 -0.09994 0.8097877 -0.5781488 -0.1026923 0.8102225 -0.5770561 -0.06976169 0.8055123 -0.5884584 -0.09011954 0.8086395 -0.5813611 -0.07240337 0.805828 -0.5877066 -0.06085807 0.8031886 -0.592608 5.54409e-4 0.7848373 -0.6197018 -4.64549e-4 0.7852697 -0.6191536 -0.07121598 0.8056879 -0.5880437 0.2595396 0.8228777 0.5054818 0.2042675 0.8236033 0.5291054 0.1539314 0.8232252 0.546448 0.1258723 0.8175689 0.5619049 0.1222514 0.816849 0.5637485 0.1103149 0.8120676 0.5730418 0.1026913 0.810207 0.5770782 0.0901255 0.8086318 0.5813708 0.06978225 0.8055068 0.5884636 0.07242745 0.8058462 0.5876786 0.06085896 0.8032178 0.5925685 0.303128 0.8175673 0.4895887 0.3617112 0.8130535 0.4561898 0.3926268 0.8076781 0.4398868 0.449074 0.800876 0.3961444 0.4700726 0.7956703 0.3820219 0.5229781 0.7862353 0.3291326 0.5353082 0.782768 0.3173636 0.5390869 0.7827343 0.3109862 0.5880418 0.7716886 0.2422882 0.587615 0.77207 0.2421088 0.6222897 0.763919 0.1708315 0.6252562 0.7628569 0.1646337 0.6405487 0.7589914 0.1167454 0.6479308 0.7570596 0.08394306 0.6472609 0.7573371 0.08656793 0.6564687 0.754353 -6.92096e-4 0.6487203 0.7559263 -0.08796244 0.6479133 0.757066 -0.08402115 0.655787 0.7549461 5.77986e-5 0.6474096 0.756984 0.08852177 0.6232739 0.7625727 0.1732416 0.6252509 0.7628583 -0.164647 0.6216534 0.7642029 -0.1718754 0.588171 0.7717317 -0.2418372 0.5799945 0.7744764 -0.2525728 0.5490375 0.7813126 -0.2968308 0.5357123 0.7830759 -0.3159186 0.5225075 0.7867669 -0.3286091 0.4691282 0.795657 -0.3832085 0.4484038 0.8007301 -0.3971973 0.392509 0.8076791 -0.4399901 0.3617966 0.8133465 -0.4555993 0.304524 0.8177571 -0.4884042 0.3045444 0.819217 -0.4859385 0.2619228 0.8230566 -0.5039587 0.201771 0.8247097 -0.5283395 0.204354 0.826402 -0.5246897 0.1647997 0.8250808 -0.5404468 0.1528501 0.8232839 -0.5466632 0.1066632 0.8096814 -0.5770956 0.1760944 0.8194631 -0.545409 0.0713036 0.8055512 -0.5882204 0.07001304 0.8053903 -0.5885955 0.05415868 0.8010792 -0.5961033 0.06513923 0.8043155 -0.5906214 0.08524149 0.8077647 -0.5833097 0.09693759 0.8094557 -0.579124 0.0332058 0.7941416 -0.606825 0.02854794 0.7925533 -0.6091341 0.2845299 0.8140257 -0.5063645 0.3769025 0.8049275 -0.4582971 0.4574007 0.7936939 -0.4010419 0.5277582 0.781854 -0.3319271 0.5838021 0.7710913 -0.2541525 0.6232988 0.7625587 -0.1732136 0.6474062 0.7569786 -0.08859241 0.6557413 0.7549857 1.09675e-4 0.5836881 0.7710453 0.2545534 0.5274759 0.7815155 0.3331707 0.4581851 0.7936823 0.4001687 0.3773564 0.8050001 0.4577959 0.2830902 0.8137609 0.5075954 0.182305 0.8191366 0.5438567 0.07125943 0.8056944 0.5880296 7.25042e-6 0 1 -1.70755e-5 0 1 2.92346e-6 0 1 -1.29327e-6 0 1 1.78737e-6 0 1 0 0 1 6.83702e-7 0 1 0 0 1 -8.60179e-7 0 1 0 0 1 2.54284e-6 0 1 0 0 1 -1.10104e-6 0 1 -2.59244e-6 0 1 1.55888e-6 0 1 1.09517e-6 0 1 -1.0836e-6 0 1 9.49207e-7 0 1 -7.02615e-7 0 1 1.52641e-6 0 1 -1.62554e-6 0 1 9.47629e-7 0 1 -1.2446e-6 0 1 0 0 1 9.80145e-7 0 1 -1.09451e-6 0 1 1.0736e-6 0 1 -1.15497e-6 0 1 2.02617e-7 0 1 1.01553e-6 0 1 -7.53694e-7 0 1 1.39177e-6 0 1 -1.22667e-6 0 1 9.88048e-7 0 1 -1.29144e-6 0 1 8.27675e-7 0 1 -8.01427e-7 0 1 -1.15502e-6 0 1 2.19017e-6 0 1 1.68118e-6 0 1 -7.98476e-7 0 1 -3.68242e-6 0 1 1.32949e-6 0 1 0 0 1 1.04084e-6 0 1 0 0 1 -8.28779e-7 0 1 0 0 1 -1.00316e-6 0 1 2.53177e-7 0 1 1.29112e-5 0 1 0.1304876 0.99145 0 0.1304875 0.9914501 0 0 1 0 0 1 0 -0.1304875 0.9914501 0 -0.1304874 0.9914501 0 -0.2588912 0.9659065 0 -0.2588913 0.9659066 0 -0.3827134 0.9238672 0 -0.3827137 0.923867 0 -0.4999676 0.8660441 0 -0.4999679 0.866044 0 -0.6087561 0.7933575 0 -0.6087561 0.7933574 0 -0.7071065 0.7071071 0 -0.7071071 0.7071065 0 -0.7933578 0.6087558 0 -0.7933579 0.6087557 0 -0.8660442 0.4999676 0 -0.8660439 0.4999679 0 -0.9238672 0.3827134 0 -0.9238671 0.3827137 0 -0.9659065 0.2588914 0 -0.9659066 0.2588914 0 -0.99145 0.1304876 0 -0.9914501 0.1304873 0 -1 0 0 -1 0 0 -0.9914501 -0.1304873 0 -0.99145 -0.1304876 0 -0.9659067 -0.2588909 0 -0.9659065 -0.2588915 0 -0.9238674 -0.382713 0 -0.923867 -0.3827139 0 -0.8660445 -0.4999672 0 -0.8660438 -0.4999682 0 -0.7933573 -0.6087565 0 -0.7933573 -0.6087563 0 -0.707107 -0.7071067 0 -0.7071073 -0.7071063 0 -0.6087561 -0.7933574 0 -0.6087561 -0.7933575 0 -0.4999673 -0.8660444 0 -0.4999677 -0.8660441 0 -0.3827137 -0.923867 0 -0.3827142 -0.9238669 0 -0.2588913 -0.9659066 0 -0.2588912 -0.9659065 0 -0.1304876 -0.99145 0 -0.1304875 -0.9914501 0 0 -1 0 0 -1 0 0.1304875 -0.9914501 0 0.1304874 -0.9914501 0 0.2588912 -0.9659065 0 0.2588913 -0.9659066 0 0.3827134 -0.9238672 0 0.3827137 -0.923867 0 0.4999676 -0.8660441 0 0.4999679 -0.866044 0 0.6087561 -0.7933575 0 0.6087561 -0.7933574 0 0.7071065 -0.7071071 0 0.7071071 -0.7071065 0 0.7933578 -0.6087558 0 0.7933579 -0.6087557 0 0.8660442 -0.4999676 0 0.8660439 -0.4999679 0 0.9238672 -0.3827134 0 0.9238671 -0.3827137 0 0.9659065 -0.2588914 0 0.9659066 -0.2588914 0 0.99145 -0.1304876 0 0.9914501 -0.1304873 0 1 0 0 1 0 0 0.9914501 0.1304873 0 0.99145 0.1304876 0 0.9659067 0.2588909 0 0.9659065 0.2588915 0 0.9238674 0.382713 0 0.923867 0.3827139 0 0.8660445 0.4999672 0 0.8660438 0.4999682 0 0.7933573 0.6087565 0 0.7933573 0.6087563 0 0.707107 0.7071067 0 0.7071073 0.7071063 0 0.6087561 0.7933574 0 0.6087561 0.7933575 0 0.4999673 0.8660444 0 0.4999677 0.8660441 0 0.3827137 0.923867 0 0.3827142 0.9238669 0 0.2588913 0.9659066 0 0.2588912 0.9659065 0 0.7244396 0.6770775 -0.1294347 0.7424691 0.6458504 -0.1778115 0.7596381 0.6161237 -0.2081863 0.7764476 0.5870124 -0.2292284 0.7676628 0.60223 -0.219119 0.7762002 0.5875786 -0.2286151 0.7847947 0.5725475 -0.2372483 0.8169054 0.5169209 -0.2558482 0.8364955 0.4829871 -0.2588413 0.8595095 0.4431406 -0.254696 0.8882223 0.3934062 -0.2372608 0.8996136 0.3736795 -0.2259625 0.8970044 0.3781867 -0.2288185 0.9053899 0.3636956 -0.2190768 0.9133872 0.3498181 -0.2082099 0.932879 0.3160648 -0.1727418 0.9485864 0.2888409 -0.129441 0.9557117 0.2764998 -0.1008118 0.9651084 0.2602356 -0.02903819 0.96561 0.2593749 -0.01795119 0.9658295 0.2589975 -0.009684562 0.9658381 0.2589653 0.009696185 0.9651091 0.2602327 0.02904105 0.9615349 0.2664198 0.06686812 0.9485922 0.2888364 0.1294081 0.9439058 0.2969654 0.1444074 0.9133945 0.3498051 0.2081995 0.9146352 0.3476539 0.2063478 0.9053755 0.3636964 0.2191352 0.8969754 0.378242 0.2288409 0.8769111 0.4130004 0.2458811 0.8882353 0.3933829 0.2372507 0.8365204 0.4829666 0.2587991 0.8347867 0.4859545 0.2588036 0.792877 0.5585473 0.2436617 0.7187169 0.6870038 -0.1071066 0.7079249 0.7056905 -0.0290395 0.7076927 0.7060855 -0.02478885 0.7071872 0.7069598 -0.00970596 0.7072101 0.7069368 0.009703516 0.7106491 0.7009654 0.0602113 0.707928 0.7056867 0.02905857 0.7244461 0.6770755 0.1294088 0.75964 0.616116 0.208202 0.7556836 0.6229693 0.2021182 0.7272467 0.6722183 0.1386902 0.7676695 0.6022197 0.2191238 0.7760595 0.5876806 0.2288302 0.7848037 0.5725311 0.2372581 -0.2241508 0.965925 0.1294039 -0.2500001 0.9659258 0.06698751 -0.2503072 0.9659257 0.06583273 -0.2587963 0.965932 0 -0.2588346 0.9659218 0 -0.2503079 0.9659255 -0.0658316 -0.2499998 0.965926 -0.06698554 -0.2241511 0.9659254 -0.1294001 -0.2241469 0.9659253 0.129409 -0.1821523 0.9659245 0.1838762 -0.183036 0.9659224 0.1830074 -0.1294424 0.9659069 0.2242067 -0.1292513 0.9660258 0.2238044 -0.06811857 0.965926 0.2496935 -2.32011e-5 0.9659253 0.2588209 -0.06698709 0.9659259 0.2500003 2.32062e-5 0.9659253 0.2588209 0.06812161 0.9659259 0.2496931 0.06699353 0.9659266 0.2499958 0.1293546 0.9659575 0.2240388 0.1292513 0.9660258 0.2238044 0.1821523 0.9659245 0.1838762 0.2241469 0.9659252 0.129409 0.183036 0.9659224 0.1830074 0.2241508 0.965925 0.1294039 0.2503072 0.9659258 0.06583213 0.2499947 0.9659306 0.06693875 0.2587964 0.965932 0 0.2588346 0.9659218 0 0.2503072 0.9659257 -0.06583273 0.2241508 0.965925 -0.1294039 0.2500001 0.9659258 -0.06698751 2.32011e-5 0.9659253 -0.2588209 0.06698709 0.9659259 -0.2500003 0.06811875 0.9659261 -0.2496934 0.1293552 0.9659571 -0.2240408 0.1292504 0.9660255 -0.223806 0.182181 0.9659263 -0.1838384 0.1830343 0.9659227 -0.1830078 0.2241436 0.965926 -0.1294094 -0.2241433 0.9659261 -0.1294092 -0.1830341 0.9659228 -0.1830077 -0.1821513 0.9659244 -0.1838776 -0.1294002 0.9659312 -0.2241263 -0.1292499 0.9660248 -0.2238093 -0.06811976 0.9659259 -0.2496938 -0.06699079 0.9659262 -0.2499976 -2.14415e-5 0.9659258 -0.2588194 -3.8594e-6 -1 1.055e-5 0.3692612 -0.8660315 -0.3370989 1.73599e-5 -1 3.1516e-6 0.4789364 -0.8660235 -0.1436084 0.4937898 -0.8660281 0.07852995 0.8295928 -0.5000011 -0.2485455 0.8552297 -0.5000212 0.1362386 0.1864546 -0.8660174 -0.4639492 -5.08316e-6 -1 -4.44055e-6 -0.03333109 -0.8660318 -0.4988767 1.24127e-5 -1 1.73151e-5 -0.246479 -0.8660253 -0.435027 -1.7792e-5 -1 -1.27852e-5 -0.4108331 -0.8660291 -0.2849736 2.08616e-7 -1 7.46548e-6 -0.4938021 -0.866022 -0.07851964 -2.16067e-5 -1 1.82241e-5 -0.4789949 -0.8660083 0.1435053 -1.61827e-5 -1 3.8147e-6 -0.3693028 -0.8660153 0.337095 -2.78652e-6 -1 4.94719e-6 -0.1864258 -0.8660265 0.4639435 1.81273e-5 -1 -1.81794e-5 0.03333163 -0.8660231 0.4988917 2.07126e-6 -1 8.64267e-7 0.2464632 -0.8660337 0.435019 1.14739e-5 -1 8.10623e-6 0.4108161 -0.8660286 0.2849994 3.03984e-6 -1 3.553e-6 0.7115553 -0.5000183 0.4936304 0.4269165 -0.4999948 0.7534903 0.05771243 -0.4999989 0.8641009 -0.3229255 -0.499984 0.8035765 -0.6395988 -0.4999991 0.5838788 -0.8296051 -0.4999788 0.2485494 -0.8552677 -0.500018 -0.1360127 -0.7115582 -0.5000119 -0.4936326 -0.4269214 -0.4999847 -0.7534942 -0.05771213 -0.4999786 -0.8641127 0.3229193 -0.5000128 -0.8035612 0.6395977 -0.5 -0.5838792 0.4120233 -2.11957e-5 0.9111734 0.3638221 0.4693139 0.8045981 -0.02414107 6.33299e-7 0.9997086 -0.02130734 0.4693198 0.8827712 -0.4555029 -1.57729e-5 0.8902344 -0.4022294 0.4692879 0.7861174 -0.7966485 1.42604e-5 0.604443 -0.70347 0.4693125 0.5337375 -0.9800118 -1.60262e-5 0.1989395 -0.8651765 0.4692985 0.176716 -0.9692766 1.56462e-7 -0.2459734 -0.8556549 0.4692788 -0.2182483 -0.7665548 -1.27554e-5 -0.642179 -0.6769151 0.4692764 -0.5670676 -0.4120209 1.05947e-5 -0.9111745 -0.3638252 0.4692873 -0.8046122 0.02413856 3.33786e-6 -0.9997087 0.02130502 0.4693092 -0.8827769 0.4555043 -1.35824e-5 -0.8902336 0.4022343 0.469282 -0.7861183 0.7966511 2.16812e-5 -0.6044396 0.703468 0.4693201 -0.5337336 0.9800148 -8.58307e-6 -0.1989251 0.8651739 0.4692994 -0.1767266 0.9692749 -1.65328e-5 0.2459801 0.8557069 0.4692708 0.2180608 0.7665516 -2.17408e-5 0.6421828 0.6769148 0.4692783 0.5670664 -0.1289737 0.5948918 -0.7933911 -0.03025132 0.5948966 -0.8032328 0.06894582 0.5949066 -0.8008325 0.1670697 0.5948798 -0.7862606 0.1289346 0.5949068 0.7933864 0.03022032 0.5949096 0.8032244 -0.06896471 0.5949188 0.8008219 -0.1670927 0.5949049 0.7862368 0.08711487 0.4677515 -0.8795565 0.179633 0.471117 -0.8635861 2.76636e-4 0.001501917 -0.9999988 0.3242071 8.09431e-5 -0.9459862 0.4203292 0.4609388 -0.7815746 0.5236862 4.26322e-5 -0.8519113 0.6230154 0.4458301 -0.6427188 0.7498397 5.71012e-5 -0.6616196 0.7614898 0.4324645 -0.4828125 0.911567 -7.17342e-4 -0.4111512 0.8577194 0.4213106 -0.2946437 0.9911885 0.001181006 -0.1324539 0.904609 0.4153856 -0.09559071 0.902719 0.4161647 0.109112 0.8394385 0.423396 0.3407035 0.9874364 -1.91966e-4 0.1580177 0.9126321 4.42788e-5 0.4087819 0.776668 -2.35237e-4 0.6299102 0.7122884 0.437045 0.5492149 0.7202259 -9.86308e-5 0.6937397 0.5347196 0.4533559 0.7131223 0.5260081 1.9934e-4 0.8504796 0.3229263 0.4653503 0.8241164 0.2698307 -4.38467e-5 0.9629079 -1.36487e-4 -4.49166e-4 0.9999999 0.0827285 0.4681364 0.8797752 0.1355441 0.8142148 0.5645192 0.09393787 0.5922345 0.8002712 0.1374242 0.8254511 0.5474898 0.04604113 0.3125919 0.9487711 -1.42592e-4 -5.50836e-4 1 0.03514403 0.464892 0.8846696 3.85496e-4 0.4352354 0.9003167 2.22027e-5 3.92497e-4 1 -1.26569e-5 0.001821577 0.9999983 -1.73114e-5 -2.15553e-4 1 -2.88635e-5 -2.88889e-4 1 6.20838e-5 5.4802e-4 0.9999999 6.22515e-5 4.77269e-4 0.9999999 4.01325e-5 2.2693e-4 1 -2.13999e-5 -1.97474e-4 1 -0.03985369 0.4962568 0.8672606 -0.05998992 0.5011115 0.8633009 -0.06338566 0.5030838 0.8619101 -0.08711177 0.4677543 0.8795552 -2.82109e-4 0.001503944 0.9999989 -4.12017e-5 3.69743e-4 1 -2.06408e-4 0.002283036 0.9999974 -0.1796503 0.4711279 0.8635765 -0.3241919 8.31336e-5 0.9459914 -0.4203311 0.4609569 0.781563 -0.5237045 4.67897e-5 0.8519 -0.623017 0.4458325 0.6427156 -0.7498381 5.13047e-5 0.6616213 -0.7614868 0.4324675 0.4828144 -0.9115706 -6.86906e-4 0.4111433 -0.85772 0.4213101 0.294643 -0.9911881 0.00115633 0.1324579 -0.9046088 0.415386 0.09559077 -0.9027244 0.4161556 -0.109102 -0.8394433 0.4233618 -0.3407344 -0.9874368 -1.82202e-4 -0.1580147 -0.9126345 2.08616e-5 -0.4087768 -0.7766638 -2.19189e-4 -0.6299154 -0.7122873 0.4370044 -0.5492487 -0.7202319 -1.27658e-4 -0.6937335 -0.5347223 0.4533575 -0.7131193 -0.5260159 2.00435e-4 -0.8504747 -0.322926 0.4653527 -0.824115 -0.269833 -7.18832e-5 -0.9629071 1.33898e-4 -4.63977e-4 -0.9999999 -0.08271831 0.4681233 -0.8797831 -0.0938304 0.5922737 -0.800255 -0.1374154 0.825434 -0.5475179 -0.05092805 0.3127934 -0.948455 1.29995e-4 -4.87082e-4 -1 -0.03511196 0.4648484 -0.8846939 -4.11657e-4 0.4352747 -0.9002977 -1.89217e-5 4.65795e-4 -1 1.19819e-5 0.002197802 -0.9999977 8.10623e-6 -1.69456e-4 -1 3.34866e-5 -3.57293e-4 -1 -6.49826e-5 4.56356e-4 -1 0.03985756 0.4962912 -0.8672407 0.05998373 0.5011003 -0.8633079 0.06338673 0.5030815 -0.8619114 6.70776e-5 3.68487e-4 -1 2.3413e-4 0.00259608 -0.9999967 -0.9937124 0.1119627 -2.79583e-6 -0.9993012 0.03738021 -1.87857e-5 -1 -5.51259e-6 -8.33254e-6 -0.9972046 -0.07471925 1.84905e-5 -0.9937119 -0.1119679 -5.0487e-6 -0.9825666 -0.185911 1.43424e-7 -0.9749241 -0.222538 -2.85823e-5 -0.9555699 -0.2947646 -1.62628e-5 -0.9438834 -0.3302789 -2.38419e-7 -0.9165636 -0.3998891 4.14625e-6 -0.9009647 -0.4338926 -1.72379e-5 -0.8660202 -0.500009 -1.77128e-5 -0.8467193 -0.53204 -1.52569e-5 -0.8045988 -0.593819 3.4133e-6 -0.781836 -0.6234843 1.12476e-5 -0.7330539 -0.6801705 3.78862e-6 -0.7071106 -0.707103 9.15304e-6 -0.6522815 -0.757977 -1.34008e-5 -0.6234896 -0.7818316 1.43424e-7 -0.5633197 -0.826239 -1.4063e-6 -0.5320376 -0.8467208 1.12113e-5 -0.4672725 -0.8841134 6.86478e-6 -0.4338776 -0.9009718 -1.20867e-5 -0.3653355 -0.9308759 -9.12603e-6 -0.3302842 -0.9438816 8.12951e-6 -0.2588226 -0.9659249 7.07526e-6 -0.2225226 -0.9749276 2.17184e-6 -0.149049 -0.9888299 1.20169e-5 -0.1119612 -0.9937127 -4.71156e-6 -0.0373798 -0.9993011 -1.8701e-5 4.72671e-6 -1 -6.63847e-6 0.07471919 -0.9972047 1.80341e-5 0.111967 -0.993712 -3.79421e-6 0.1859117 -0.9825665 9.0804e-7 0.2225136 -0.9749296 1.2598e-5 0.2947645 -0.95557 -1.48686e-5 0.3302772 -0.943884 3.91994e-6 0.399889 -0.9165636 5.26477e-6 0.433892 -0.9009649 -1.55447e-5 0.5000086 -0.8660205 -1.66334e-5 0.5320404 -0.846719 -1.54385e-5 0.5938202 -0.8045978 7.62753e-7 0.6234843 -0.781836 1.13091e-5 0.6801699 -0.7330545 4.97047e-6 0.707102 -0.7071116 1.16238e-5 0.7579773 -0.6522812 -1.42595e-5 0.7818318 -0.6234895 3.89293e-7 0.8262396 -0.563319 -1.50874e-6 0.8467207 -0.5320377 1.11386e-5 0.8841138 -0.4672717 5.67734e-6 0.900972 -0.4338775 -1.03945e-5 0.9308757 -0.3653361 -9.78634e-6 0.9438818 -0.3302835 7.1954e-6 0.9659248 -0.2588233 7.13021e-6 0.9749275 -0.222523 3.26894e-6 0.9888299 -0.1490491 1.19973e-5 0.9937124 -0.1119627 -2.79583e-6 0.9993012 -0.03738021 -1.87857e-5 1 5.51259e-6 -8.33254e-6 0.9972046 0.07471925 1.84905e-5 0.9937119 0.1119679 -5.0487e-6 0.9825666 0.185911 1.43424e-7 0.9749241 0.222538 -2.85823e-5 0.9555699 0.2947646 -1.62628e-5 0.9438834 0.3302789 -2.38419e-7 0.9165636 0.3998891 4.14625e-6 0.9009647 0.4338926 -1.72379e-5 0.8660202 0.500009 -1.77128e-5 0.8467193 0.53204 -1.52569e-5 0.8045988 0.593819 3.4133e-6 0.781836 0.6234843 1.12476e-5 0.7330539 0.6801705 3.78862e-6 0.7071106 0.707103 9.15304e-6 0.6522815 0.757977 -1.34008e-5 0.6234896 0.7818316 1.43424e-7 0.5633197 0.826239 -1.4063e-6 0.5320376 0.8467208 1.12113e-5 0.4672725 0.8841134 6.86478e-6 0.4338776 0.9009718 -1.20867e-5 0.3653355 0.9308759 -9.12603e-6 0.3302842 0.9438816 8.12951e-6 0.2588226 0.9659249 7.07526e-6 0.2225226 0.9749276 2.17184e-6 0.149049 0.9888299 1.20169e-5 0.1119612 0.9937127 -4.71156e-6 0.0373798 0.9993011 -1.8701e-5 -4.72671e-6 1 -6.63847e-6 -0.07471919 0.9972047 1.80341e-5 -0.111967 0.993712 -3.79421e-6 -0.1859117 0.9825665 9.0804e-7 -0.2225136 0.9749296 1.2598e-5 -0.2947645 0.95557 -1.48686e-5 -0.3302772 0.943884 3.91994e-6 -0.399889 0.9165636 5.26477e-6 -0.433892 0.9009649 -1.55447e-5 -0.5000086 0.8660205 -1.66334e-5 -0.5320404 0.846719 -1.54385e-5 -0.5938202 0.8045978 7.62753e-7 -0.6234843 0.781836 1.13091e-5 -0.6801699 0.7330545 4.97047e-6 -0.707102 0.7071116 1.16238e-5 -0.7579773 0.6522812 -1.42595e-5 -0.7818318 0.6234895 3.89293e-7 -0.8262396 0.563319 -1.50874e-6 -0.8467207 0.5320377 1.11386e-5 -0.8841138 0.4672717 5.67734e-6 -0.900972 0.4338775 -1.03945e-5 -0.9308757 0.3653361 -9.78634e-6 -0.9438818 0.3302835 7.1954e-6 -0.9659248 0.2588233 7.13021e-6 -0.9749275 0.222523 3.26894e-6 -0.9888299 0.1490491 1.19973e-5 -2.23392e-6 0 -1 1.46937e-6 0 -1 -1.67344e-7 0 -1 -1.51745e-6 0 -1 1.5531e-6 0 -1 1.96933e-7 0 -1 -1.61191e-6 0 -1 1.81691e-6 0 -1 -1.41612e-6 0 -1 -1.43536e-7 0 -1 -3.89358e-7 0 -1 8.50577e-7 0 -1 -1.10882e-6 0 -1 1.5453e-6 0 -1 -9.95946e-7 0 -1 8.10843e-7 0 -1 4.67503e-7 0 -1 -3.37857e-7 0 -1 4.14929e-7 0 -1 -8.88387e-7 0 -1 3.89939e-7 0 -1 -3.21359e-7 0 -1 4.89828e-7 0 -1 -2.10363e-7 0 -1 0 0 -1 -2.41447e-7 0 -1 1.30591e-7 0 -1 5.13188e-7 0 -1 -8.72838e-7 0 -1 2.92075e-7 0 -1 -8.05501e-7 0 -1 1.62169e-6 0 -1 1.78491e-6 0 -1 0 0 -1 -1.10882e-6 0 -1 -1.41612e-6 0 -1 1.81691e-6 0 -1 -1.61191e-6 0 -1 1.5531e-6 0 -1 -2.02268e-6 0 -1 1.46677e-6 0 -1 -1.46677e-6 0 -1 2.02268e-6 0 -1 -1.5531e-6 0 -1 -1.96933e-7 0 -1 1.61191e-6 0 -1 -1.81691e-6 0 -1 1.41612e-6 0 -1 1.43536e-7 0 -1 3.89358e-7 0 -1 -8.50577e-7 0 -1 1.10882e-6 0 -1 -1.5453e-6 0 -1 9.95946e-7 0 -1 -8.10843e-7 0 -1 -4.67503e-7 0 -1 3.37857e-7 0 -1 -4.14929e-7 0 -1 8.88387e-7 0 -1 -3.89939e-7 0 -1 3.21359e-7 0 -1 -4.89828e-7 0 -1 2.10363e-7 0 -1 0 0 -1 2.41447e-7 0 -1 -1.30591e-7 0 -1 -5.13188e-7 0 -1 8.72838e-7 0 -1 -2.92075e-7 0 -1 8.05501e-7 0 -1 -1.62169e-6 0 -1 -1.78491e-6 0 -1 0 0 -1 1.10882e-6 0 -1 1.41612e-6 0 -1 -1.81691e-6 0 -1 1.61191e-6 0 -1 -1.5531e-6 0 -1 -0.866028 -0.4999956 -8.56563e-5 -0.8660397 -0.4999753 1.08003e-4 -0.8660334 -0.4999863 7.26253e-5 -0.8660315 -0.4999895 9.64674e-5 -0.8659342 -0.500158 1.85217e-6 -0.8660036 -0.500038 1.02135e-4 -0.8659301 -0.5001652 9.44421e-6 -0.8660964 -0.499877 8.45236e-5 -0.8660717 -0.4999199 7.4416e-5 -0.8660548 -0.4999493 4.3873e-5 -0.8659438 -0.5001415 9.51141e-5 -0.8659939 -0.5000548 6.18012e-6 -0.8660349 -0.4999835 -1.94055e-5 -0.8659818 -0.5000758 1.52565e-4 -0.8660464 -0.4999636 -8.39892e-5 -0.8659213 -0.5001804 -2.48498e-5 -0.8660492 -0.4999589 4.48257e-5 -0.8660205 -0.5000087 -9.43546e-5 -0.8660637 -0.4999337 -1.18484e-4 -0.8660748 -0.4999146 -9.00263e-5 -0.8659953 -0.5000522 1.89858e-4 -0.866038 -0.4999781 8.39983e-5 -0.8659609 -0.5001119 -1.23872e-5 -0.8659817 -0.5000758 -9.98769e-7 -0.8660094 -0.5000277 -1.2355e-4 -0.8660212 -0.5000074 -1.53248e-5 -0.8660774 -0.4999102 -7.15435e-5 -0.8660774 -0.4999098 2.16684e-4 -0.8660774 -0.4999099 2.45785e-4 -0.865943 -0.5001429 -1.98075e-4 -0.8660203 -0.5000088 -1.85607e-4 -0.8660594 -0.499941 1.07922e-5 -0.8660256 -0.4999997 6.56348e-5 -0.8659894 -0.5000624 3.3342e-5 -0.8660482 -0.4999606 -3.53048e-5 -0.8659866 -0.5000673 -1.09169e-4 -0.8660307 -0.4999908 -1.45709e-4 -0.866073 -0.4999176 -8.62446e-5 -0.8660838 -0.4998989 -7.7259e-5 -0.8659345 -0.5001576 4.59644e-5 -0.866092 -0.4998846 -8.0803e-5 -0.8660143 -0.5000194 -1.56657e-4 -0.8660111 -0.500025 -1.50984e-4 0 -1 -2.63144e-7 0 -1 -7.02717e-7 0 -1 -1.31572e-7 0 -1 -3.29732e-7 0 -1 -1.53282e-6 0 -1 -4.44187e-7 0 -1 -1.30481e-6 0 -1 0 0 -1 0 0 -1 1.30481e-6 0 -1 -2.15154e-7 0 -1 1.26965e-6 0 -1 -4.68412e-7 0 -1 6.59464e-7 0 -1 2.63144e-7 0 -1 4.68478e-7 0 -1 6.1448e-7 0 -1 2.96142e-7 0 -1 1.02256e-6 0 -1 1.53282e-6 0 -1 4.44187e-7 0 -1 2.15154e-7 0 -1 -1.26965e-6 0 -1 4.68412e-7 0 -1 -6.59464e-7 0 1 1.35221e-6 0 1 1.12122e-6 0 1 7.53829e-7 0 1 1.19523e-6 0 1 1.55217e-6 0 1 2.64628e-6 0 1 1.26809e-6 0 1 1.31544e-6 0 1 -6.08007e-7 0 1 -1.39699e-6 0 1 -7.02446e-7 0 1 -3.29912e-6 0 1 -4.4735e-6 0 1 -2.77352e-6 0 1 1.07403e-6 0 1 -2.54151e-7 0 1 1.27415e-6 0 1 2.42724e-6 0 1 3.65928e-6 0 1 3.45089e-6 0 1 2.68284e-6 0.4116169 1.29193e-5 0.9113571 -0.02413362 -5.75185e-6 0.9997088 -0.4555013 -3.03984e-6 0.8902351 -0.7966433 -1.19507e-5 0.6044496 -0.9800151 -8.47876e-6 0.1989235 -0.9692743 -9.045e-6 -0.2459824 -0.7665528 3.8892e-6 -0.6421813 -0.4120156 -7.82311e-6 -0.9111769 0.02413576 -8.37445e-6 -0.9997087 0.4555011 -2.48104e-5 -0.8902352 0.7966426 3.17395e-6 -0.6044507 0.9800152 -8.43406e-6 -0.1989225 0.9692746 -1.32322e-5 0.245981 0.7665513 3.8743e-6 0.6421831 1.987e-5 0 -1 -1.50929e-5 6.18864e-7 -1 -8.26439e-6 0 -1 5.27976e-6 0 -1 -6.13263e-5 2.13645e-6 1 0.1918414 1.97291e-5 0.981426 0.3814676 2.25455e-5 0.9243823 0.556061 1.07996e-5 0.8311415 0.7051025 -1.58045e-6 0.7091055 0.8280163 -1.44467e-5 0.5607042 0.9227699 -5.83008e-6 0.3853517 0.9810111 -2.88337e-6 0.1939519 1 -4.03821e-6 1.27824e-6 0.98101 1.41412e-5 -0.1939572 0.9227739 -3.63588e-6 -0.3853421 0.8280285 2.27094e-5 -0.5606862 0.7051109 -8.69483e-6 -0.7090971 0.5560709 1.72853e-5 -0.8311349 0.381476 2.1778e-5 -0.9243788 0.1918472 -1.81794e-5 -0.9814248 -2.99346e-6 0 1 2.55976e-6 0 1 2.68026e-5 0 1 -5.64237e-6 0 1 -5.15688e-7 0 1 1.64809e-5 0 1 -2.22323e-6 0 1 5.38228e-7 0 1 -7.02004e-7 0 1 -8.78405e-6 0 1 5.3154e-6 0 1 4.79229e-7 0 1 1.48944e-5 0 1 -5.6038e-6 0 1 -1.22722e-6 0 1 1.07212e-5 6.09551e-7 1 -8.26439e-6 0 1 3.72613e-6 0 1 5.19297e-5 2.13273e-6 -1 -0.1918923 -1.7263e-5 -0.9814161 -0.3815671 -1.84774e-5 -0.9243412 -0.5561769 1.98931e-6 -0.8310641 -0.705099 9.53488e-6 -0.709109 -0.8281064 1.49086e-5 -0.560571 -0.9228135 -1.5568e-5 -0.3852471 -0.9810174 9.64105e-6 -0.1939199 -1 -1.03414e-5 -2.20025e-6 -0.9810125 -1.25244e-5 0.1939447 -0.9227688 -1.37091e-5 0.3853543 -0.8280231 2.44379e-5 0.5606941 -0.7051045 4.73857e-6 0.7091035 -0.5560739 1.45063e-5 0.831133 -0.3814716 1.59256e-5 0.9243806 -0.191857 -1.90288e-5 0.9814229 -6.00939e-6 0 -1 5.18077e-6 0 -1 -3.45891e-6 0 -1 -3.19142e-6 0 -1 0 0 -1 9.17075e-7 0 -1 2.33762e-6 2.75672e-6 1 0.369953 1.36252e-6 0.9290505 9.03755e-6 3.6828e-7 1 0.3826839 2.43079e-5 0.9238794 0.694972 8.69855e-7 0.7190369 0.7071058 -8.27783e-6 0.7071079 0.9190291 -2.49241e-4 0.3941898 0.9239054 1.31215e-4 0.3826211 1 3.64042e-6 -1.19369e-7 1 0 0 0.9238877 4.03576e-5 -0.3826639 0.9190292 2.4878e-6 -0.3941895 0.7071061 -6.93172e-6 -0.7071075 0.6949642 1.03936e-6 -0.7190443 0.3826842 2.47512e-5 -0.9238793 0.369941 1.43331e-6 -0.9290553 2.05934e-5 7.41549e-4 -0.9999998 -2.19624e-5 2.52202e-6 -1 2.99689e-5 0 1 -4.73366e-7 0 1 4.94572e-6 0 1 -8.0771e-6 0 1 6.92323e-6 0 -1 4.41397e-6 0 -1 -1.85465e-6 0 -1 -1.12383e-5 0 -1 1.15938e-6 0 1 1.01031e-5 0 1 5.17716e-6 0 1 -8.51635e-6 0 1 -2.13097e-6 0 1 5.14763e-7 0 1 2.09953e-6 0 1 2.77071e-7 0 1 -2.57378e-7 0 1 -1.05087e-6 0 1 0 0 1 1.80686e-7 0 1 0 0 1 -5.25499e-7 0 1 0 0 1 -2.17419e-7 0 1 -1.18726e-6 0 1 1.63011e-6 0 1 -2.90352e-7 0 1 -1.33261e-7 0 1 2.89912e-7 0 1 2.26911e-6 0 1 0 0 1 -3.50438e-6 0 1 3.13472e-6 0 1 5.54236e-7 0 1 1.02953e-6 0 1 4.19909e-6 0 1 5.54146e-7 0 1 -1.15938e-6 0 1 -9.0752e-6 0 1 -2.1324e-6 0 1 -1.15957e-6 0 1 -9.07835e-6 0 1 -3.29159e-6 0 1 -9.08063e-6 0 1 -2.13218e-6 0 1 -1.15938e-6 0 1 -1.01031e-5 0 1 -5.17716e-6 0 1 8.51635e-6 0 1 2.13097e-6 0 1 -5.14763e-7 0 1 -2.09953e-6 0 1 -2.77071e-7 0 1 2.57378e-7 0 1 1.05087e-6 0 1 0 0 1 -1.80686e-7 0 1 0 0 1 5.25499e-7 0 1 0 0 1 2.17419e-7 0 1 1.18726e-6 0 1 -1.63011e-6 0 1 2.90352e-7 0 1 1.33261e-7 0 1 -2.89912e-7 0 1 -2.26911e-6 0 1 0 0 1 3.50438e-6 0 1 -3.13472e-6 0 1 -5.54236e-7 0 1 -1.02953e-6 0 1 -4.19909e-6 0 1 -5.54146e-7 0 1 1.15938e-6 0 1 9.0752e-6 0 1 2.1324e-6 0 1 1.15957e-6 0 1 9.07835e-6 0 1 3.29159e-6 0 1 9.08063e-6 0 1 2.13218e-6 0 1 -0.07915538 -0.7025644 -0.7072042 9.17705e-6 -0.7070965 -0.7071171 8.63004e-6 -0.7070968 -0.7071168 0.07916766 -0.702565 -0.7072023 0.07918745 -0.7028944 -0.7068727 0.1573801 -0.6894637 -0.7070158 0.1573565 -0.6893999 -0.7070833 0.2335577 -0.6673991 -0.7071275 0.2335456 -0.6674011 -0.7071296 0.3068085 -0.6370908 -0.7070955 0.3066135 -0.6368159 -0.7074275 0.3761221 -0.5986044 -0.7072517 0.3761196 -0.5986174 -0.707242 0.4409415 -0.5529078 -0.7070103 0.4407598 -0.5527071 -0.7072805 0.5000364 -0.5000324 -0.7070581 0.5000375 -0.5000337 -0.7070565 0.5528924 -0.4409198 -0.707036 0.5529969 -0.4410041 -0.7069016 0.5986914 -0.3761966 -0.7071384 0.5989195 -0.3762569 -0.7069132 0.6371023 -0.3068089 -0.7070848 0.6370958 -0.3068075 -0.7070913 0.6674163 -0.2334976 -0.7071311 0.6674228 -0.2334893 -0.7071277 0.6890782 -0.1572771 -0.7074146 0.6894117 -0.1573567 -0.7070717 0.7027822 -0.07918763 -0.7069841 0.7028992 -0.07921087 -0.7068652 0.7070969 9.55568e-6 -0.7071167 0.7070977 8.87521e-6 -0.7071159 0.7025677 0.07916891 -0.7071994 0.7025526 0.07916367 -0.707215 0.6893949 0.1573524 -0.707089 0.689396 0.1573542 -0.7070876 0.6673978 0.2335585 -0.7071285 0.6674001 0.2335456 -0.7071306 0.6370889 0.3068069 -0.7070978 0.6370114 0.3067547 -0.7071902 0.5986033 0.3761201 -0.7072538 0.5986158 0.3761186 -0.707244 0.552733 0.440777 -0.7072495 0.5528914 0.4409193 -0.7070371 0.4999401 0.4999327 -0.7071968 0.499941 0.4999336 -0.7071955 0.4407657 0.5527042 -0.7072792 0.4409944 0.5530027 -0.7069032 0.3761979 0.5986993 -0.707131 0.376162 0.598587 -0.7072452 0.3067756 0.637002 -0.7071897 0.3068065 0.6370926 -0.7070947 0.2334981 0.6674173 -0.7071301 0.2334915 0.6674218 -0.7071279 0.1573519 0.6894052 -0.7070792 0.1573534 0.6894025 -0.7070814 0.07918751 0.7027879 -0.7069784 0.07915538 0.7025644 -0.7072042 -9.17705e-6 0.7070965 -0.7071171 -8.63004e-6 0.7070968 -0.7071168 -0.07916766 0.702565 -0.7072023 -0.07918745 0.7028944 -0.7068727 -0.1573801 0.6894637 -0.7070158 -0.1573565 0.6893999 -0.7070833 -0.2335577 0.6673991 -0.7071275 -0.2335456 0.6674011 -0.7071296 -0.3068085 0.6370908 -0.7070955 -0.3066135 0.6368159 -0.7074275 -0.3761221 0.5986044 -0.7072517 -0.3761196 0.5986174 -0.707242 -0.4409415 0.5529078 -0.7070103 -0.4407598 0.5527071 -0.7072805 -0.5000364 0.5000324 -0.7070581 -0.5000375 0.5000337 -0.7070565 -0.5528924 0.4409198 -0.707036 -0.5529969 0.4410041 -0.7069016 -0.5986914 0.3761966 -0.7071384 -0.5989195 0.3762569 -0.7069132 -0.6371023 0.3068089 -0.7070848 -0.6370958 0.3068075 -0.7070913 -0.6674163 0.2334976 -0.7071311 -0.6674228 0.2334893 -0.7071277 -0.6890782 0.1572771 -0.7074146 -0.6894117 0.1573567 -0.7070717 -0.7027822 0.07918763 -0.7069841 -0.7028992 0.07921087 -0.7068652 -0.7070969 -9.55568e-6 -0.7071167 -0.7070977 -8.87521e-6 -0.7071159 -0.7025677 -0.07916891 -0.7071994 -0.7025526 -0.07916367 -0.707215 -0.6893949 -0.1573524 -0.707089 -0.689396 -0.1573542 -0.7070876 -0.6673978 -0.2335585 -0.7071285 -0.6674001 -0.2335456 -0.7071306 -0.6370889 -0.3068069 -0.7070978 -0.6370114 -0.3067547 -0.7071902 -0.5986033 -0.3761201 -0.7072538 -0.5986158 -0.3761186 -0.707244 -0.552733 -0.440777 -0.7072495 -0.5528914 -0.4409193 -0.7070371 -0.4999401 -0.4999327 -0.7071968 -0.499941 -0.4999336 -0.7071955 -0.4407657 -0.5527042 -0.7072792 -0.4409944 -0.5530027 -0.7069032 -0.3761979 -0.5986993 -0.707131 -0.376162 -0.598587 -0.7072452 -0.3067756 -0.637002 -0.7071897 -0.3068065 -0.6370926 -0.7070947 -0.2334981 -0.6674173 -0.7071301 -0.2334915 -0.6674218 -0.7071279 -0.1573519 -0.6894052 -0.7070792 -0.1573534 -0.6894025 -0.7070814 -0.07918751 -0.7027879 -0.7069784 0.4829602 -0.8365182 -0.2588184 0.4906172 -0.8497996 -0.1927055 0.5000015 -0.8660246 7.36836e-7 0.5000666 -0.865987 0 0.4906387 -0.8497791 0.1927413 0.4618532 -0.799971 -0.383064 0.4330152 -0.7499991 -0.4999994 0.4149892 -0.7187731 -0.5578075 0.3535279 -0.6123851 -0.7071086 0.3539677 -0.6130907 -0.7062766 0.2799537 -0.484897 -0.8285536 0.2499934 -0.4330165 -0.8660255 0.192958 -0.3342081 -0.9225357 0.1294122 -0.2241432 -0.9659256 0.09818941 -0.1700698 -0.980528 -4.71901e-6 -3.50596e-6 -1 0.002050459 -0.003551661 -0.9999916 -0.094289 0.1631981 -0.9820774 -0.1293995 0.2241514 -0.9659254 -0.189733 0.3286765 -0.9251882 -0.2500193 0.4330036 -0.8660244 -0.2778093 0.4811985 -0.8314265 -0.3535678 0.6123636 -0.7071073 -0.352796 0.6110617 -0.7086174 -0.4144613 0.7178654 -0.5593668 -0.4330259 0.7499912 -0.5000017 -0.4617171 0.7996927 -0.3838084 -0.4829489 0.8365237 -0.2588214 -0.4906071 0.8497565 -0.1929217 -0.4999917 0.8660303 -3.64098e-7 -0.4997798 0.8661526 0 -0.4906069 0.8497567 0.1929209 -0.4829521 0.8365221 0.2588204 -0.4617165 0.799693 0.3838087 -0.4330269 0.7499909 0.5000014 -0.4144603 0.7178646 0.5593686 -0.3535643 0.612366 0.7071068 -0.3527958 0.6110614 0.7086178 -0.2778092 0.4812009 0.8314251 -0.2500137 0.4330066 0.8660246 -0.1897312 0.3286778 0.9251881 -0.1293926 0.2241556 0.9659254 -0.09424 0.163185 0.9820843 -1.76672e-6 -1.48173e-6 1 0.00207138 -0.003587484 0.9999915 0.09818935 -0.1700684 0.9805282 0.12941 -0.224144 0.9659258 0.1929582 -0.3342081 0.9225358 0.2499908 -0.4330178 0.8660255 0.2799537 -0.4848969 0.8285536 0.35353 -0.6123844 0.7071081 0.353968 -0.6130918 0.7062755 0.4149892 -0.718773 0.5578078 0.4330151 -0.7499989 0.4999994 0.4618534 -0.7999709 0.3830642 0.4829601 -0.836518 0.2588192 -0.2588213 1.62236e-5 -0.9659252 -0.1925879 -1.88942e-7 -0.9812797 2.35628e-7 2.16998e-6 -1 0.192588 -1.82772e-7 -0.9812797 -0.3830626 -1.16564e-5 -0.9237225 -0.4999999 -1.25915e-6 -0.8660255 -0.5581834 -4.35208e-5 -0.8297177 -0.707107 9.65781e-7 -0.7071067 -0.707102 -2.52971e-7 -0.7071117 -0.8297437 -7.63684e-7 -0.5581446 -0.8660246 -7.42823e-6 -0.5000016 -0.9237372 -1.17847e-5 -0.3830272 -0.9659264 -9.50694e-6 -0.2588174 -0.9812796 0 -0.1925888 -1 1.5432e-5 4.97243e-7 -1 0 -5.32694e-7 -0.9812796 0 0.1925885 -0.9659264 -9.50694e-6 0.2588174 -0.9237375 -1.2744e-5 0.3830265 -0.866025 -7.49901e-6 0.5000008 -0.8297445 -8.68109e-7 0.5581433 -0.7071072 9.94652e-7 0.7071064 -0.7071318 2.06783e-7 0.7070818 -0.5581834 -4.39236e-5 0.8297176 -0.5000001 -1.37091e-6 0.8660254 -0.3830621 -1.06774e-5 0.9237226 -0.2588211 1.5812e-5 0.9659253 -0.1925838 9.19332e-7 0.9812806 -2.35634e-7 2.17371e-6 1 0.1925837 9.05944e-7 0.9812806 0.2588209 1.58288e-5 0.9659254 0.383062 -1.06841e-5 0.9237227 0.4999998 -1.4063e-6 0.8660255 0.5581834 -4.39245e-5 0.8297176 0.7071072 9.97446e-7 0.7071065 0.7071318 -2.02999e-7 0.7070818 0.8297448 -8.22707e-7 0.5581431 0.866025 -7.46362e-6 0.5000007 0.9237375 -1.26937e-5 0.3830263 0.9659264 -9.50694e-6 0.2588174 0.9812709 -8.08854e-7 0.1926336 1 1.5432e-5 4.88853e-7 1 0 -5.32694e-7 0.9812796 0 -0.1925888 0.9659264 -9.50694e-6 -0.2588174 0.923737 -1.18401e-5 -0.3830274 0.8660252 -7.65733e-6 -0.5000004 0.8297437 -8.07748e-7 -0.5581448 0.7071069 9.76026e-7 -0.7071068 0.707102 0 -0.7071117 0.5581834 -4.35211e-5 -0.8297177 0.4999998 -1.26846e-6 -0.8660255 0.3830627 -1.16457e-5 -0.9237225 0.2588216 1.6192e-5 -0.9659252 -0.9035124 0 -0.428562 -0.9035047 -3.4105e-6 -0.4285783 -0.9755877 -2.26982e-4 -0.2196102 -0.9759349 -1.95263e-6 -0.2180624 -1 -7.79233e-5 -5.36845e-5 -1 -5.96453e-5 1.17741e-4 -0.9760142 -4.69328e-7 0.217707 -0.9755833 5.7519e-5 0.2196303 -0.903513 -0.001062929 0.4285594 -0.9035059 -5.50841e-6 0.4285757 8.01682e-6 -1 1.43945e-5 0.2060071 -0.8660266 0.4555864 -1.0211e-5 -1 -1.14292e-5 -0.01200234 -0.8660142 0.4998756 -0.2277485 -0.866024 0.4451215 -0.02090013 -0.4999877 0.8657804 -0.3944734 -0.500007 0.7709629 0.3832772 -0.8660276 0.321084 2.11597e-6 -1 1.5296e-5 0.4846456 -0.866018 0.12301 -1.72257e-5 -1 -1.06022e-5 0.4899999 -0.8660274 -0.09948194 -1.15037e-5 -1 -8.29995e-6 0.398308 -0.8660273 -0.3022378 1.18166e-5 -1 -3.33786e-6 0.2277432 -0.8660197 -0.4451326 -3.96185e-6 -1 4.55976e-6 0.01206696 -0.8660123 -0.4998772 9.58145e-6 -1 7.30157e-6 -0.2060093 -0.8660101 -0.455617 -9.38773e-6 -1 -2.14726e-5 -0.3832779 -0.8660254 -0.3210888 1.73151e-5 -1 1.51619e-5 -0.484643 -0.8660233 -0.1229833 -6.4671e-6 -1 1.05277e-5 -0.4899979 -0.8660326 0.09944665 7.83801e-6 -1 7.13766e-6 -0.3983199 -0.8660314 0.3022105 0 -1 1.42157e-5 -0.6899162 -0.5000043 0.5234611 -0.8487144 -0.500005 0.1722757 -0.8394169 -0.4999983 -0.2130282 -0.6638557 -0.5000058 -0.5561385 -0.3568181 -0.4999911 -0.789107 0.02089881 -0.5000112 -0.8657669 0.3944761 -0.4999957 -0.770969 0.6899155 -0.5000051 -0.523461 0.8487072 -0.500017 -0.1722766 0.8394177 -0.4999973 0.2130279 0.6638547 -0.5000097 0.5561361 0.3568186 -0.4999896 0.7891077 -1.38208e-5 0 -1 -1.16043e-6 -1.78441e-6 -1 -0.3826693 2.94353e-5 -0.9238855 -0.3699308 -1.72015e-6 -0.9290593 -0.6949642 1.04588e-6 -0.7190443 -0.707106 -6.88585e-6 -0.7071076 -0.9190226 -2.21407e-4 -0.394205 -0.9238877 4.03588e-5 -0.3826639 -1 3.64112e-6 0 -1 0 0 -0.9239054 1.31314e-4 0.382621 -0.9190365 -6.22123e-7 0.3941724 -0.7071056 -8.18039e-6 0.7071079 -0.694972 8.73581e-7 0.7190369 -0.3826841 2.42954e-5 0.9238794 -0.369953 1.3914e-6 0.9290505 -5.92321e-6 7.41553e-4 0.9999997 -2.33389e-6 3.07336e-6 1 0.4041184 0.9147068 -1.35143e-5 0.4338867 0.9009675 -1.58527e-5 0.3863701 0.9223439 5.67664e-6 0.3302808 0.9438827 1.96937e-5 0.3611159 0.9325209 -2.12661e-5 0.339037 0.9407731 1.3524e-6 0.323683 0.9461656 -7.21542e-7 0.3181884 0.9480276 6.72881e-7 0.255774 0.9667366 0 0.2579632 0.9661548 -1.16439e-6 0.4217584 0.9067084 1.02393e-4 0.4392073 0.8983858 -3.90981e-7 0.4507066 0.8926721 -2.40118e-6 0.5320127 0.8467365 3.39717e-5 0.4545658 0.8907132 -1.78907e-6 0.5320441 0.8467168 2.04975e-5 0.4506762 0.8926874 1.57487e-6 0.4338926 0.9009646 4.64926e-5 0.4393648 0.8983088 2.47682e-5 0.421669 0.9067499 2.65464e-4 0.4041271 0.914703 2.02446e-7 0.3863379 0.9223574 2.61767e-5 0.3302817 0.9438825 -2.76167e-5 0.3611527 0.9325067 -1.30178e-5 0.339009 0.9407832 -7.52509e-7 0.3236995 0.94616 2.03901e-7 0.2557519 0.9667425 -1.50315e-6 -0.4041271 0.9147029 3.33879e-7 -0.4338853 0.9009682 9.51812e-6 -0.3863379 0.9223574 2.61595e-5 -0.3302795 0.9438832 -4.40166e-6 -0.3611527 0.9325067 -1.30158e-5 -0.3390541 0.940767 -2.01724e-6 -0.3237004 0.9461597 1.312e-7 -0.3181949 0.9480254 1.10455e-6 -0.2579645 0.9661544 -1.26893e-6 -0.3302779 0.9438838 -1.19456e-5 -0.2225224 0.9749276 -1.44171e-5 -0.2557847 0.9667338 -3.93763e-6 -0.249161 0.9684622 7.00145e-6 -0.421669 0.9067499 2.65464e-4 -0.4391568 0.8984106 -1.40059e-6 -0.4506689 0.8926912 -1.52597e-6 -0.454544 0.8907243 1.68569e-6 -0.5320268 0.8467276 -8.87702e-6 -0.5319868 0.8467527 7.8454e-5 -0.6234467 0.7818658 0 -0.6234465 0.7818662 0 -0.707107 0.7071066 0 -0.7071064 0.7071072 0 -0.7818663 0.6234462 0 -0.7818657 0.623447 0 -0.8467385 0.5320094 0 -0.9009648 0.4338921 0 -0.9009649 0.4338921 0 -0.9438913 0.3302563 0 -0.943891 0.3302573 0 -0.9749383 0.2224757 0 -0.974938 0.2224767 0 -0.9937148 0.1119418 0 -0.9937149 0.1119408 0 -1 1.06653e-6 0 -1 -1.06653e-6 0 -0.9937149 -0.1119408 0 -0.9937148 -0.1119418 0 -0.9749343 -0.2224931 3.99773e-5 -0.9749361 -0.2224852 -5.16357e-5 -0.9635227 -0.2676268 -5.96046e-7 -0.9625639 -0.271055 -3.35043e-7 -0.9596003 -0.2813668 2.92202e-7 -0.9438833 -0.3302792 3.93018e-6 -0.9545252 -0.2981304 -6.77817e-6 -0.9475212 -0.3196929 0 -0.9384083 -0.3455285 -4.54835e-7 -0.9268716 -0.3753788 2.81492e-7 -0.9009689 -0.4338839 -1.88521e-5 -0.9132715 -0.4073516 8.28668e-6 -0.8983344 -0.4393123 -2.74733e-5 -0.8824792 -0.4703515 -1.94837e-5 -0.8467249 -0.532031 2.0497e-5 -0.8656055 -0.5007266 -1.08194e-5 -0.8491736 -0.528114 -6.65081e-7 -0.834414 -0.5511384 2.06986e-6 -0.8218423 -0.5697152 7.73091e-6 -0.8118419 -0.5838776 -5.11459e-6 -0.7818217 -0.6235022 -2.46657e-5 -0.805651 -0.5923906 -1.84798e-6 -0.8036102 -0.5951562 1.71247e-7 -0.7818191 -0.6235054 2.97599e-5 -0.8056675 -0.5923681 0 -0.8118478 -0.5838692 3.15555e-6 -0.8467261 -0.5320292 -2.95439e-5 -0.8218184 -0.5697497 7.27689e-6 -0.8344276 -0.5511177 -8.56584e-6 -0.8491514 -0.5281496 -1.44821e-7 -0.8656149 -0.5007104 1.23261e-6 -0.882488 -0.470335 9.87807e-6 -0.900969 -0.4338836 -5.84126e-6 -0.8982689 -0.4394464 5.17972e-5 -0.913281 -0.4073302 2.66219e-6 -0.9268739 -0.3753731 5.55813e-6 -0.9438825 -0.3302816 -2.09245e-5 -0.9384136 -0.3455144 2.0446e-6 -0.9475169 -0.3197058 -1.2496e-6 -0.9545236 -0.2981353 7.49156e-6 -0.9595995 -0.2813695 -1.3574e-6 -0.9625585 -0.2710744 -2.16858e-6 -0.4338836 0.900969 1.78814e-6 -0.4506559 0.8926978 3.40911e-6 -0.4391635 0.8984072 1.04337e-6 -0.4217584 0.9067084 1.02394e-4 -0.4041183 0.9147067 -1.34894e-5 -0.3863699 0.9223439 5.6664e-6 -0.3611159 0.9325209 -2.12491e-5 -0.3390371 0.9407731 1.29896e-6 -0.323728 0.9461502 8.94885e-7 -0.1119679 -0.9937119 2.96491e-5 -0.06746023 -0.997722 -1.13351e-5 1.92494e-7 -1 -2.04011e-5 -0.03389585 -0.9994254 -1.36993e-5 -0.2225414 -0.9749233 3.12089e-5 -0.1461261 -0.989266 6.56303e-6 -0.1245521 -0.9922131 1.4063e-7 -0.09831386 -0.9951555 1.57743e-6 -0.3302568 -0.9438912 0 -0.3302567 -0.9438912 0 -0.2225269 -0.9749266 -9.51893e-6 -0.1761279 -0.9843673 7.08969e-7 -0.1728128 -0.9849547 -2.51736e-6 -0.162717 -0.9866728 -2.91877e-6 -0.111969 -0.9937117 -8.15822e-5 -0.1460877 -0.9892717 5.14742e-6 -0.1245522 -0.9922131 -3.59025e-7 -0.09829115 -0.9951577 0 -0.06747031 -0.9977214 -3.54135e-7 0 -1 3.03818e-5 -0.0339123 -0.9994249 6.021e-7 0.03391218 -0.9994249 6.85919e-7 0.06747031 -0.9977214 -3.24333e-7 0.1119692 -0.9937118 -8.15729e-5 0.09829115 -0.9951577 -1.64844e-7 0.1245521 -0.9922131 -1.96276e-7 0.1460877 -0.9892717 5.18933e-6 0.162717 -0.9866728 -2.91551e-6 0.2225281 -0.9749263 -1.13454e-5 0.1728128 -0.9849547 -2.5034e-6 0.1761278 -0.9843674 7.25966e-7 0.2225472 -0.974922 3.96962e-5 0.172777 -0.984961 -2.10176e-6 0.1627142 -0.9866733 3.04938e-6 0.1119676 -0.9937119 2.92077e-5 0.1461331 -0.989265 8.41636e-6 0.124552 -0.9922131 4.83356e-7 0.09831392 -0.9951555 1.42446e-6 0.06746023 -0.997722 -1.13354e-5 0.03389585 -0.9994254 -1.3697e-5 -0.4338922 -0.9009649 0 -0.4338922 -0.9009648 0 -0.5320096 -0.8467384 0 -0.5320094 -0.8467386 0 -0.6234467 -0.781866 0 -0.6234465 -0.7818661 0 -0.7071065 -0.7071072 0 -0.2225245 0.9749272 2.98605e-5 -0.2557758 0.9667362 2.69338e-6 -0.2491755 0.9684584 -9.62056e-7 -0.2384162 0.9711632 4.40516e-6 -0.22443 0.9744902 1.39815e-7 -0.2075162 0.9782317 2.21073e-6 -0.1876816 0.98223 1.59454e-5 -0.1661118 0.986107 -2.91946e-6 -0.1119643 0.9937123 7.14627e-5 -0.1442891 0.9895356 -1.26166e-5 -0.1354392 0.9907858 3.31609e-5 -0.1265957 0.9919543 3.40502e-4 -0.1174096 0.9930836 2.90043e-5 -0.1045784 0.9945167 1.19238e-5 -0.09160035 0.9957959 -6.31531e-5 -0.07858389 0.9969075 4.72902e-6 -0.05242586 0.9986249 1.08709e-6 4.42223e-7 1 1.59699e-5 -0.02624523 0.9996556 2.89627e-5 2.63262e-6 1 0 0.03928828 0.999228 -1.06348e-5 0.1119638 0.9937124 2.62666e-5 0.07853806 0.9969112 -1.36945e-5 0.1176556 0.9930545 4.68288e-7 0.1240865 0.9922715 6.18806e-7 0.1304315 0.9914574 -8.6006e-5 0.136983 0.9905734 2.58748e-5 0.1394534 0.9902287 -2.92889e-5 0.1418676 0.9898857 -5.19096e-6 0.1443049 0.9895333 -3.90643e-6 0.1661114 0.9861071 -2.59094e-6 0.2225221 0.9749277 1.1629e-5 0.1876713 0.9822319 5.85499e-6 0.2074971 0.9782357 6.92206e-7 0.2244007 0.974497 4.11645e-7 0.2383702 0.9711744 -2.43087e-6 0.2491754 0.9684584 -5.92088e-7 0.6234467 0.781866 0 0.6234465 0.7818661 0 0.7071065 0.7071072 0 0.7818662 0.6234464 0 0.7818658 0.6234469 0 0.8467385 0.5320094 0 0.8467386 0.5320094 0 0.9009649 0.4338921 0 0.9009649 0.4338921 0 0.9438913 0.3302563 0 0.943891 0.3302573 0 0.9749383 0.2224757 0 0.974938 0.2224767 0 0.9937148 0.1119418 0 0.9937149 0.1119408 0 1 1.06653e-6 0 1 -1.06653e-6 0 0.9937149 -0.1119408 0 0.9937148 -0.1119418 0 0.974938 -0.2224767 0 0.9749383 -0.2224757 0 0.943891 -0.3302573 0 0.9438913 -0.3302563 0 0.9009649 -0.4338921 0 0.9009648 -0.4338921 0 0.8467385 -0.5320094 0 0.7818657 -0.623447 0 0.7818663 -0.6234462 0 0.7071064 -0.7071072 0 0.707107 -0.7071066 0 0.6234465 -0.7818662 0 0.6234467 -0.7818658 0 0.5320093 -0.8467386 0 0.5320096 -0.8467384 0 0.4338923 -0.9009649 0 0.4338921 -0.9009649 0 0.3302568 -0.9438912 0 0.3302567 -0.9438912 0 0.2225244 0.9749271 -3.40645e-5 0.2491599 0.9684624 5.66174e-6 0.2383627 0.9711763 2.96068e-6 0.2244296 0.9744904 0 0.2074916 0.9782369 -1.31549e-7 0.1876707 0.982232 -4.49445e-6 0.1660881 0.9861109 3.9516e-5 0.111962 0.9937126 -4.28865e-5 0.1443136 0.9895321 1.87242e-6 0.1354482 0.9907844 -6.69274e-5 0.1264773 0.9919695 2.77948e-4 0.1174863 0.9930745 8.06253e-5 0.1045598 0.9945186 -2.39786e-5 0.09155994 0.9957996 -5.99396e-5 0.07858395 0.9969076 -1.2042e-6 1.45648e-6 1 -2.33818e-5 0.01303195 0.9999151 3.50153e-5 -0.05234032 0.9986294 -2.7108e-5 -0.1119645 0.9937123 -7.88935e-5 -0.1176388 0.9930565 -2.51588e-7 -0.123999 0.9922824 -9.34814e-6 -0.1304597 0.9914537 5.38632e-5 -0.1369616 0.9905764 9.47527e-5 -0.1393855 0.9902382 -2.78878e-5 -0.1418975 0.9898813 -3.59379e-5 -0.144319 0.9895313 0 -0.166123 0.9861051 -8.31299e-6 -0.1876396 0.9822379 3.06281e-5 -0.2074851 0.9782382 1.23167e-6 -0.2244431 0.9744873 0 -0.2383927 0.9711688 2.09315e-7 -0.1727769 -0.984961 -2.1616e-6 -0.1626899 -0.9866772 -2.94391e-6 1.85465e-6 0 -1 -4.41397e-6 0 -1 -6.92323e-6 0 -1 1.12383e-5 0 -1 0 1 1.0071e-6 0 1 0 0 1 4.75882e-7 0 1 2.16339e-6 0 1 1.80663e-6 0 1 7.17482e-7 0 1 1.83788e-6 0 1 2.09649e-6 0 1 -6.84717e-7 0 1 -4.03622e-6 0 1 -5.33415e-6 0 1 -2.29294e-6 0 1 -1.22343e-6 0 1 -1.13469e-6 0 1 -1.78121e-6 0 1 -8.47459e-7 0 1 -7.82116e-7 0 1 8.94272e-7 0 1 1.14974e-6 0 1 6.92235e-7 0 1 2.11396e-6 -2.99689e-5 0 1 -4.94572e-6 0 1 1.72861e-6 0 1 9.23097e-6 0 1</float_array>
          <technique_common>
            <accessor source="#LINK_20_003-mesh-normals-array" count="5756" stride="3">
              <param name="X" type="float" />
              <param name="Y" type="float" />
              <param name="Z" type="float" />
            </accessor>
          </technique_common>
        </source>
        <source id="LINK_20_003-mesh-map-0">
          <float_array id="LINK_20_003-mesh-map-0-array" count="42564">-1.65 0.78952 -1.397075 0.78952 -1.65 0.944539 -1.65 0.944539 -1.397075 0.78952 -1.422166 0.945834 -1.65 0.944539 -1.422166 0.945834 -1.65 1.099557 -1.65 1.099557 -1.422166 0.945834 -1.430816 1.099557 -1.65 1.099557 -1.430816 1.099557 -1.422166 1.253281 -1.397075 1.409595 -1.65 1.409595 -1.422166 1.253281 -1.422166 1.253281 -1.65 1.409595 -1.65 1.254576 -1.422166 1.253281 -1.65 1.254576 -1.65 1.099557 0 -0.05149996 0.033104 -0.039451 -0.033104 -0.039451 -0.033104 -0.039451 0.033104 -0.039451 -0.05071794 -0.008942961 -0.05071794 -0.008942961 0.033104 -0.039451 0.05071794 -0.008942961 -0.05071794 -0.008942961 0.05071794 -0.008942961 -0.04459995 0.02574998 -0.04459995 0.02574998 0.05071794 -0.008942961 0.04459995 0.02574998 -0.04459995 0.02574998 0.04459995 0.02574998 -0.01761394 0.04839396 -0.01761394 0.04839396 0.04459995 0.02574998 0.01761394 0.04839396 0 -0.05149996 0.033104 -0.039451 -0.033104 -0.039451 -0.033104 -0.039451 0.033104 -0.039451 -0.05071794 -0.008942961 -0.05071794 -0.008942961 0.033104 -0.039451 0.05071794 -0.008942961 -0.05071794 -0.008942961 0.05071794 -0.008942961 -0.04459995 0.02574998 -0.04459995 0.02574998 0.05071794 -0.008942961 0.04459995 0.02574998 -0.04459995 0.02574998 0.04459995 0.02574998 -0.01761394 0.04839396 -0.01761394 0.04839396 0.04459995 0.02574998 0.01761394 0.04839396 0 -0.05149996 0.033104 -0.039451 -0.033104 -0.039451 -0.033104 -0.039451 0.033104 -0.039451 -0.05071794 -0.008942961 -0.05071794 -0.008942961 0.033104 -0.039451 0.05071794 -0.008942961 -0.05071794 -0.008942961 0.05071794 -0.008942961 -0.04459995 0.02574998 -0.04459995 0.02574998 0.05071794 -0.008942961 0.04459995 0.02574998 -0.04459995 0.02574998 0.04459995 0.02574998 -0.01761394 0.04839396 -0.01761394 0.04839396 0.04459995 0.02574998 0.01761394 0.04839396 0 -0.05149996 0.033104 -0.039451 -0.033104 -0.039451 -0.033104 -0.039451 0.033104 -0.039451 -0.05071794 -0.008942961 -0.05071794 -0.008942961 0.033104 -0.039451 0.05071794 -0.008942961 -0.05071794 -0.008942961 0.05071794 -0.008942961 -0.04459995 0.02574998 -0.04459995 0.02574998 0.05071794 -0.008942961 0.04459995 0.02574998 -0.04459995 0.02574998 0.04459995 0.02574998 -0.01761394 0.04839396 -0.01761394 0.04839396 0.04459995 0.02574998 0.01761394 0.04839396 0 -0.05149996 0.033104 -0.039451 -0.033104 -0.039451 -0.033104 -0.039451 0.033104 -0.039451 -0.05071794 -0.008942961 -0.05071794 -0.008942961 0.033104 -0.039451 0.05071794 -0.008942961 -0.05071794 -0.008942961 0.05071794 -0.008942961 -0.04459995 0.02574998 -0.04459995 0.02574998 0.05071794 -0.008942961 0.04459995 0.02574998 -0.04459995 0.02574998 0.04459995 0.02574998 -0.01761394 0.04839396 -0.01761394 0.04839396 0.04459995 0.02574998 0.01761394 0.04839396 0 -0.05149996 0.033104 -0.039451 -0.033104 -0.039451 -0.033104 -0.039451 0.033104 -0.039451 -0.05071794 -0.008942961 -0.05071794 -0.008942961 0.033104 -0.039451 0.05071794 -0.008942961 -0.05071794 -0.008942961 0.05071794 -0.008942961 -0.04459995 0.02574998 -0.04459995 0.02574998 0.05071794 -0.008942961 0.04459995 0.02574998 -0.04459995 0.02574998 0.04459995 0.02574998 -0.01761394 0.04839396 -0.01761394 0.04839396 0.04459995 0.02574998 0.01761394 0.04839396 0 -0.05149996 0.033104 -0.039451 -0.033104 -0.039451 -0.033104 -0.039451 0.033104 -0.039451 -0.05071794 -0.008942961 -0.05071794 -0.008942961 0.033104 -0.039451 0.05071794 -0.008942961 -0.05071794 -0.008942961 0.05071794 -0.008942961 -0.04459995 0.02574998 -0.04459995 0.02574998 0.05071794 -0.008942961 0.04459995 0.02574998 -0.04459995 0.02574998 0.04459995 0.02574998 -0.01761394 0.04839396 -0.01761394 0.04839396 0.04459995 0.02574998 0.01761394 0.04839396 0 -0.05149996 0.033104 -0.039451 -0.033104 -0.039451 -0.033104 -0.039451 0.033104 -0.039451 -0.05071794 -0.008942961 -0.05071794 -0.008942961 0.033104 -0.039451 0.05071794 -0.008942961 -0.05071794 -0.008942961 0.05071794 -0.008942961 -0.04459995 0.02574998 -0.04459995 0.02574998 0.05071794 -0.008942961 0.04459995 0.02574998 -0.04459995 0.02574998 0.04459995 0.02574998 -0.01761394 0.04839396 -0.01761394 0.04839396 0.04459995 0.02574998 0.01761394 0.04839396 0.35 -0.03595399 0.76 0 0.35 0 0.35 0 0.76 0 0.76 0.03595399 0.35 0 0.76 0.03595399 0.35 0.03595399 0.35 0.03595399 0.76 0.03595399 0.76 0.07190799 0.35 0.03595399 0.76 0.07190799 0.35 0.07190799 0.35 0.07190799 0.76 0.07190799 0.76 0.107861 0.35 0.07190799 0.76 0.107861 0.35 0.107861 0.35 0.107861 0.76 0.107861 0.76 0.143815 0.35 0.107861 0.76 0.143815 0.35 0.143815 0.35 -0.179769 0.76 -0.179769 0.76 -0.143815 0.35 -0.179769 0.76 -0.143815 0.35 -0.143815 0.35 -0.143815 0.76 -0.143815 0.76 -0.107861 0.35 -0.143815 0.76 -0.107861 0.35 -0.107861 0.35 -0.107861 0.76 -0.107861 0.76 -0.07190799 0.35 -0.107861 0.76 -0.07190799 0.35 -0.07190799 0.35 -0.07190799 0.76 -0.07190799 0.76 -0.03595399 0.35 -0.07190799 0.76 -0.03595399 0.35 -0.03595399 0.35 -0.03595399 0.76 -0.03595399 0.76 0 0.35 -0.03595399 0.76 0 0.35 0 0.35 0 0.76 0 0.76 0.03595399 0.35 0 0.76 0.03595399 0.35 0.03595399 0.35 0.03595399 0.76 0.03595399 0.76 0.07190799 0.35 0.03595399 0.76 0.07190799 0.35 0.07190799 0.35 0.07190799 0.76 0.07190799 0.76 0.107861 0.35 0.07190799 0.76 0.107861 0.35 0.107861 0.35 0.107861 0.76 0.107861 0.76 0.143815 0.35 0.107861 0.76 0.143815 0.35 0.143815 0.35 -0.179769 0.76 -0.179769 0.76 -0.143815 0.35 -0.179769 0.76 -0.143815 0.35 -0.143815 0.35 -0.143815 0.76 -0.143815 0.76 -0.107861 0.35 -0.143815 0.76 -0.107861 0.35 -0.107861 0.35 -0.107861 0.76 -0.107861 0.76 -0.07190799 0.35 -0.107861 0.76 -0.07190799 0.35 -0.07190799 0.35 -0.07190799 0.76 -0.07190799 0.76 -0.03595399 0.35 -0.07190799 0.76 -0.03595399 0.35 -0.03595399 0.35 -0.03595399 0.76 -0.03595399 0.76 0 0.35 -0.03595399 0.76 0 0.35 0 0.35 0 0.76 0 0.76 0.03595399 0.35 0 0.76 0.03595399 0.35 0.03595399 0.35 0.03595399 0.76 0.03595399 0.76 0.07190799 0.35 0.03595399 0.76 0.07190799 0.35 0.07190799 0.35 0.07190799 0.76 0.07190799 0.76 0.107861 0.35 0.07190799 0.76 0.107861 0.35 0.107861 0.35 0.107861 0.76 0.107861 0.76 0.143815 0.35 0.107861 0.76 0.143815 0.35 0.143815 0.35 -0.179769 0.76 -0.179769 0.76 -0.143815 0.35 -0.179769 0.76 -0.143815 0.35 -0.143815 0.35 -0.143815 0.76 -0.143815 0.76 -0.107861 0.35 -0.143815 0.76 -0.107861 0.35 -0.107861 0.35 -0.107861 0.76 -0.107861 0.76 -0.07190799 0.35 -0.107861 0.76 -0.07190799 0.35 -0.07190799 0.35 -0.07190799 0.76 -0.07190799 0.76 -0.03595399 0.35 -0.07190799 0.76 -0.03595399 0.35 -0.03595399 0.35 -0.03595399 0.76 -0.03595399 0.76 0 0.35 -0.03595399 0.76 0 0.35 0 0.35 0 0.76 0 0.76 0.03595399 0.35 0 0.76 0.03595399 0.35 0.03595399 0.35 0.03595399 0.76 0.03595399 0.76 0.07190799 0.35 0.03595399 0.76 0.07190799 0.35 0.07190799 0.35 0.07190799 0.76 0.07190799 0.76 0.107861 0.35 0.07190799 0.76 0.107861 0.35 0.107861 0.35 0.107861 0.76 0.107861 0.76 0.143815 0.35 0.107861 0.76 0.143815 0.35 0.143815 0.35 -0.179769 0.76 -0.179769 0.76 -0.143815 0.35 -0.179769 0.76 -0.143815 0.35 -0.143815 0.35 -0.143815 0.76 -0.143815 0.76 -0.107861 0.35 -0.143815 0.76 -0.107861 0.35 -0.107861 0.35 -0.107861 0.76 -0.107861 0.76 -0.07190799 0.35 -0.107861 0.76 -0.07190799 0.35 -0.07190799 0.35 -0.07190799 0.76 -0.07190799 0.76 -0.03595399 0.35 -0.07190799 0.76 -0.03595399 0.35 -0.03595399 0.35 -0.03595399 0.76 -0.03595399 0.76 0 0.35 -0.03595399 0.76 0 0.35 0 0.35 0 0.76 0 0.76 0.03595399 0.35 0 0.76 0.03595399 0.35 0.03595399 0.35 0.03595399 0.76 0.03595399 0.76 0.07190799 0.35 0.03595399 0.76 0.07190799 0.35 0.07190799 0.35 0.07190799 0.76 0.07190799 0.76 0.107861 0.35 0.07190799 0.76 0.107861 0.35 0.107861 0.35 0.107861 0.76 0.107861 0.76 0.143815 0.35 0.107861 0.76 0.143815 0.35 0.143815 0.35 -0.179769 0.76 -0.179769 0.76 -0.143815 0.35 -0.179769 0.76 -0.143815 0.35 -0.143815 0.35 -0.143815 0.76 -0.143815 0.76 -0.107861 0.35 -0.143815 0.76 -0.107861 0.35 -0.107861 0.35 -0.107861 0.76 -0.107861 0.76 -0.07190799 0.35 -0.107861 0.76 -0.07190799 0.35 -0.07190799 0.35 -0.07190799 0.76 -0.07190799 0.76 -0.03595399 0.35 -0.07190799 0.76 -0.03595399 0.35 -0.03595399 0.35 -0.03595399 0.76 -0.03595399 0.76 0 0.35 -0.03595399 0.76 0 0.35 0 0.35 0 0.76 0 0.76 0.03595399 0.35 0 0.76 0.03595399 0.35 0.03595399 0.35 0.03595399 0.76 0.03595399 0.76 0.07190799 0.35 0.03595399 0.76 0.07190799 0.35 0.07190799 0.35 0.07190799 0.76 0.07190799 0.76 0.107861 0.35 0.07190799 0.76 0.107861 0.35 0.107861 0.35 0.107861 0.76 0.107861 0.76 0.143815 0.35 0.107861 0.76 0.143815 0.35 0.143815 0.35 -0.179769 0.76 -0.179769 0.76 -0.143815 0.35 -0.179769 0.76 -0.143815 0.35 -0.143815 0.35 -0.143815 0.76 -0.143815 0.76 -0.107861 0.35 -0.143815 0.76 -0.107861 0.35 -0.107861 0.35 -0.107861 0.76 -0.107861 0.76 -0.07190799 0.35 -0.107861 0.76 -0.07190799 0.35 -0.07190799 0.35 -0.07190799 0.76 -0.07190799 0.76 -0.03595399 0.35 -0.07190799 0.76 -0.03595399 0.35 -0.03595399 0.35 -0.03595399 0.76 -0.03595399 0.76 0 0.35 -0.03595399 0.76 0 0.35 0 0.35 0 0.76 0 0.76 0.03595399 0.35 0 0.76 0.03595399 0.35 0.03595399 0.35 0.03595399 0.76 0.03595399 0.76 0.07190799 0.35 0.03595399 0.76 0.07190799 0.35 0.07190799 0.35 0.07190799 0.76 0.07190799 0.76 0.107861 0.35 0.07190799 0.76 0.107861 0.35 0.107861 0.35 0.107861 0.76 0.107861 0.76 0.143815 0.35 0.107861 0.76 0.143815 0.35 0.143815 0.35 -0.179769 0.76 -0.179769 0.76 -0.143815 0.35 -0.179769 0.76 -0.143815 0.35 -0.143815 0.35 -0.143815 0.76 -0.143815 0.76 -0.107861 0.35 -0.143815 0.76 -0.107861 0.35 -0.107861 0.35 -0.107861 0.76 -0.107861 0.76 -0.07190799 0.35 -0.107861 0.76 -0.07190799 0.35 -0.07190799 0.35 -0.07190799 0.76 -0.07190799 0.76 -0.03595399 0.35 -0.07190799 0.76 -0.03595399 0.35 -0.03595399 0.35 -0.03595399 0.76 -0.03595399 0.76 0 0.35 -0.03595399 0.76 0 0.35 0 0.35 0 0.76 0 0.76 0.03595399 0.35 0 0.76 0.03595399 0.35 0.03595399 0.35 0.03595399 0.76 0.03595399 0.76 0.07190799 0.35 0.03595399 0.76 0.07190799 0.35 0.07190799 0.35 0.07190799 0.76 0.07190799 0.76 0.107861 0.35 0.07190799 0.76 0.107861 0.35 0.107861 0.35 0.107861 0.76 0.107861 0.76 0.143815 0.35 0.107861 0.76 0.143815 0.35 0.143815 0.35 -0.179769 0.76 -0.179769 0.76 -0.143815 0.35 -0.179769 0.76 -0.143815 0.35 -0.143815 0.35 -0.143815 0.76 -0.143815 0.76 -0.107861 0.35 -0.143815 0.76 -0.107861 0.35 -0.107861 0.35 -0.107861 0.76 -0.107861 0.76 -0.07190799 0.35 -0.107861 0.76 -0.07190799 0.35 -0.07190799 0.35 -0.07190799 0.76 -0.07190799 0.76 -0.03595399 0.35 -0.07190799 0.76 -0.03595399 0.35 -0.03595399 0.35 -0.03595399 0.76 -0.03595399 0.76 0 -0.033104 -0.039451 0 -0.05149996 0 -0.03499996 0 -0.03499996 0 -0.05149996 0.033104 -0.039451 0 -0.03499996 0.033104 -0.039451 0.02249795 -0.02681195 0.02249795 -0.02681195 0.033104 -0.039451 0.05071794 -0.008942961 0.02249795 -0.02681195 0.05071794 -0.008942961 0.03446799 -0.006077945 0.03446799 -0.006077945 0.05071794 -0.008942961 0.03031098 0.01749998 0.03031098 0.01749998 0.05071794 -0.008942961 0.04459995 0.02574998 0.03031098 0.01749998 0.04459995 0.02574998 0.01197099 0.03288894 0.01197099 0.03288894 0.04459995 0.02574998 0.01761394 0.04839396 0.01197099 0.03288894 0.01761394 0.04839396 -0.01761394 0.04839396 0.01197099 0.03288894 -0.01761394 0.04839396 -0.01197099 0.03288894 -0.01197099 0.03288894 -0.01761394 0.04839396 -0.04459995 0.02574998 -0.01197099 0.03288894 -0.04459995 0.02574998 -0.03031098 0.01749998 -0.03031098 0.01749998 -0.04459995 0.02574998 -0.05071794 -0.008942961 -0.03031098 0.01749998 -0.05071794 -0.008942961 -0.03446799 -0.006077945 -0.03446799 -0.006077945 -0.05071794 -0.008942961 -0.02249795 -0.02681195 -0.02249795 -0.02681195 -0.05071794 -0.008942961 -0.033104 -0.039451 -0.02249795 -0.02681195 -0.033104 -0.039451 0 -0.03499996 -0.033104 -0.039451 0 -0.05149996 0 -0.03499996 0 -0.03499996 0 -0.05149996 0.033104 -0.039451 0 -0.03499996 0.033104 -0.039451 0.02249795 -0.02681195 0.02249795 -0.02681195 0.033104 -0.039451 0.05071794 -0.008942961 0.02249795 -0.02681195 0.05071794 -0.008942961 0.03446799 -0.006077945 0.03446799 -0.006077945 0.05071794 -0.008942961 0.03031098 0.01749998 0.03031098 0.01749998 0.05071794 -0.008942961 0.04459995 0.02574998 0.03031098 0.01749998 0.04459995 0.02574998 0.01197099 0.03288894 0.01197099 0.03288894 0.04459995 0.02574998 0.01761394 0.04839396 0.01197099 0.03288894 0.01761394 0.04839396 -0.01761394 0.04839396 0.01197099 0.03288894 -0.01761394 0.04839396 -0.01197099 0.03288894 -0.01197099 0.03288894 -0.01761394 0.04839396 -0.04459995 0.02574998 -0.01197099 0.03288894 -0.04459995 0.02574998 -0.03031098 0.01749998 -0.03031098 0.01749998 -0.04459995 0.02574998 -0.05071794 -0.008942961 -0.03031098 0.01749998 -0.05071794 -0.008942961 -0.03446799 -0.006077945 -0.03446799 -0.006077945 -0.05071794 -0.008942961 -0.02249795 -0.02681195 -0.02249795 -0.02681195 -0.05071794 -0.008942961 -0.033104 -0.039451 -0.02249795 -0.02681195 -0.033104 -0.039451 0 -0.03499996 -0.033104 -0.039451 0 -0.05149996 0 -0.03499996 0 -0.03499996 0 -0.05149996 0.033104 -0.039451 0 -0.03499996 0.033104 -0.039451 0.02249795 -0.02681195 0.02249795 -0.02681195 0.033104 -0.039451 0.05071794 -0.008942961 0.02249795 -0.02681195 0.05071794 -0.008942961 0.03446799 -0.006077945 0.03446799 -0.006077945 0.05071794 -0.008942961 0.03031098 0.01749998 0.03031098 0.01749998 0.05071794 -0.008942961 0.04459995 0.02574998 0.03031098 0.01749998 0.04459995 0.02574998 0.01197099 0.03288894 0.01197099 0.03288894 0.04459995 0.02574998 0.01761394 0.04839396 0.01197099 0.03288894 0.01761394 0.04839396 -0.01761394 0.04839396 0.01197099 0.03288894 -0.01761394 0.04839396 -0.01197099 0.03288894 -0.01197099 0.03288894 -0.01761394 0.04839396 -0.04459995 0.02574998 -0.01197099 0.03288894 -0.04459995 0.02574998 -0.03031098 0.01749998 -0.03031098 0.01749998 -0.04459995 0.02574998 -0.05071794 -0.008942961 -0.03031098 0.01749998 -0.05071794 -0.008942961 -0.03446799 -0.006077945 -0.03446799 -0.006077945 -0.05071794 -0.008942961 -0.02249795 -0.02681195 -0.02249795 -0.02681195 -0.05071794 -0.008942961 -0.033104 -0.039451 -0.02249795 -0.02681195 -0.033104 -0.039451 0 -0.03499996 -0.033104 -0.039451 0 -0.05149996 0 -0.03499996 0 -0.03499996 0 -0.05149996 0.033104 -0.039451 0 -0.03499996 0.033104 -0.039451 0.02249795 -0.02681195 0.02249795 -0.02681195 0.033104 -0.039451 0.05071794 -0.008942961 0.02249795 -0.02681195 0.05071794 -0.008942961 0.03446799 -0.006077945 0.03446799 -0.006077945 0.05071794 -0.008942961 0.03031098 0.01749998 0.03031098 0.01749998 0.05071794 -0.008942961 0.04459995 0.02574998 0.03031098 0.01749998 0.04459995 0.02574998 0.01197099 0.03288894 0.01197099 0.03288894 0.04459995 0.02574998 0.01761394 0.04839396 0.01197099 0.03288894 0.01761394 0.04839396 -0.01761394 0.04839396 0.01197099 0.03288894 -0.01761394 0.04839396 -0.01197099 0.03288894 -0.01197099 0.03288894 -0.01761394 0.04839396 -0.04459995 0.02574998 -0.01197099 0.03288894 -0.04459995 0.02574998 -0.03031098 0.01749998 -0.03031098 0.01749998 -0.04459995 0.02574998 -0.05071794 -0.008942961 -0.03031098 0.01749998 -0.05071794 -0.008942961 -0.03446799 -0.006077945 -0.03446799 -0.006077945 -0.05071794 -0.008942961 -0.02249795 -0.02681195 -0.02249795 -0.02681195 -0.05071794 -0.008942961 -0.033104 -0.039451 -0.02249795 -0.02681195 -0.033104 -0.039451 0 -0.03499996 -0.033104 -0.039451 0 -0.05149996 0 -0.03499996 0 -0.03499996 0 -0.05149996 0.033104 -0.039451 0 -0.03499996 0.033104 -0.039451 0.02249795 -0.02681195 0.02249795 -0.02681195 0.033104 -0.039451 0.05071794 -0.008942961 0.02249795 -0.02681195 0.05071794 -0.008942961 0.03446799 -0.006077945 0.03446799 -0.006077945 0.05071794 -0.008942961 0.03031098 0.01749998 0.03031098 0.01749998 0.05071794 -0.008942961 0.04459995 0.02574998 0.03031098 0.01749998 0.04459995 0.02574998 0.01197099 0.03288894 0.01197099 0.03288894 0.04459995 0.02574998 0.01761394 0.04839396 0.01197099 0.03288894 0.01761394 0.04839396 -0.01761394 0.04839396 0.01197099 0.03288894 -0.01761394 0.04839396 -0.01197099 0.03288894 -0.01197099 0.03288894 -0.01761394 0.04839396 -0.04459995 0.02574998 -0.01197099 0.03288894 -0.04459995 0.02574998 -0.03031098 0.01749998 -0.03031098 0.01749998 -0.04459995 0.02574998 -0.05071794 -0.008942961 -0.03031098 0.01749998 -0.05071794 -0.008942961 -0.03446799 -0.006077945 -0.03446799 -0.006077945 -0.05071794 -0.008942961 -0.02249795 -0.02681195 -0.02249795 -0.02681195 -0.05071794 -0.008942961 -0.033104 -0.039451 -0.02249795 -0.02681195 -0.033104 -0.039451 0 -0.03499996 -0.033104 -0.039451 0 -0.05149996 0 -0.03499996 0 -0.03499996 0 -0.05149996 0.033104 -0.039451 0 -0.03499996 0.033104 -0.039451 0.02249795 -0.02681195 0.02249795 -0.02681195 0.033104 -0.039451 0.05071794 -0.008942961 0.02249795 -0.02681195 0.05071794 -0.008942961 0.03446799 -0.006077945 0.03446799 -0.006077945 0.05071794 -0.008942961 0.03031098 0.01749998 0.03031098 0.01749998 0.05071794 -0.008942961 0.04459995 0.02574998 0.03031098 0.01749998 0.04459995 0.02574998 0.01197099 0.03288894 0.01197099 0.03288894 0.04459995 0.02574998 0.01761394 0.04839396 0.01197099 0.03288894 0.01761394 0.04839396 -0.01761394 0.04839396 0.01197099 0.03288894 -0.01761394 0.04839396 -0.01197099 0.03288894 -0.01197099 0.03288894 -0.01761394 0.04839396 -0.04459995 0.02574998 -0.01197099 0.03288894 -0.04459995 0.02574998 -0.03031098 0.01749998 -0.03031098 0.01749998 -0.04459995 0.02574998 -0.05071794 -0.008942961 -0.03031098 0.01749998 -0.05071794 -0.008942961 -0.03446799 -0.006077945 -0.03446799 -0.006077945 -0.05071794 -0.008942961 -0.02249795 -0.02681195 -0.02249795 -0.02681195 -0.05071794 -0.008942961 -0.033104 -0.039451 -0.02249795 -0.02681195 -0.033104 -0.039451 0 -0.03499996 -0.033104 -0.039451 0 -0.05149996 0 -0.03499996 0 -0.03499996 0 -0.05149996 0.033104 -0.039451 0 -0.03499996 0.033104 -0.039451 0.02249795 -0.02681195 0.02249795 -0.02681195 0.033104 -0.039451 0.05071794 -0.008942961 0.02249795 -0.02681195 0.05071794 -0.008942961 0.03446799 -0.006077945 0.03446799 -0.006077945 0.05071794 -0.008942961 0.03031098 0.01749998 0.03031098 0.01749998 0.05071794 -0.008942961 0.04459995 0.02574998 0.03031098 0.01749998 0.04459995 0.02574998 0.01197099 0.03288894 0.01197099 0.03288894 0.04459995 0.02574998 0.01761394 0.04839396 0.01197099 0.03288894 0.01761394 0.04839396 -0.01761394 0.04839396 0.01197099 0.03288894 -0.01761394 0.04839396 -0.01197099 0.03288894 -0.01197099 0.03288894 -0.01761394 0.04839396 -0.04459995 0.02574998 -0.01197099 0.03288894 -0.04459995 0.02574998 -0.03031098 0.01749998 -0.03031098 0.01749998 -0.04459995 0.02574998 -0.05071794 -0.008942961 -0.03031098 0.01749998 -0.05071794 -0.008942961 -0.03446799 -0.006077945 -0.03446799 -0.006077945 -0.05071794 -0.008942961 -0.02249795 -0.02681195 -0.02249795 -0.02681195 -0.05071794 -0.008942961 -0.033104 -0.039451 -0.02249795 -0.02681195 -0.033104 -0.039451 0 -0.03499996 -0.033104 -0.039451 0 -0.05149996 0 -0.03499996 0 -0.03499996 0 -0.05149996 0.033104 -0.039451 0 -0.03499996 0.033104 -0.039451 0.02249795 -0.02681195 0.02249795 -0.02681195 0.033104 -0.039451 0.05071794 -0.008942961 0.02249795 -0.02681195 0.05071794 -0.008942961 0.03446799 -0.006077945 0.03446799 -0.006077945 0.05071794 -0.008942961 0.03031098 0.01749998 0.03031098 0.01749998 0.05071794 -0.008942961 0.04459995 0.02574998 0.03031098 0.01749998 0.04459995 0.02574998 0.01197099 0.03288894 0.01197099 0.03288894 0.04459995 0.02574998 0.01761394 0.04839396 0.01197099 0.03288894 0.01761394 0.04839396 -0.01761394 0.04839396 0.01197099 0.03288894 -0.01761394 0.04839396 -0.01197099 0.03288894 -0.01197099 0.03288894 -0.01761394 0.04839396 -0.04459995 0.02574998 -0.01197099 0.03288894 -0.04459995 0.02574998 -0.03031098 0.01749998 -0.03031098 0.01749998 -0.04459995 0.02574998 -0.05071794 -0.008942961 -0.03031098 0.01749998 -0.05071794 -0.008942961 -0.03446799 -0.006077945 -0.03446799 -0.006077945 -0.05071794 -0.008942961 -0.02249795 -0.02681195 -0.02249795 -0.02681195 -0.05071794 -0.008942961 -0.033104 -0.039451 -0.02249795 -0.02681195 -0.033104 -0.039451 0 -0.03499996 -0.1 -0.02443498 -0.02999997 0 -0.1 0 -0.1 0 -0.02999997 0 -0.02999997 0.02443498 -0.1 0 -0.02999997 0.02443498 -0.1 0.02443498 -0.1 0.02443498 -0.02999997 0.02443498 -0.02999997 0.04886895 -0.1 0.02443498 -0.02999997 0.04886895 -0.1 0.04886895 -0.1 0.04886895 -0.02999997 0.04886895 -0.02999997 0.07330399 -0.1 0.04886895 -0.02999997 0.07330399 -0.1 0.07330399 -0.1 0.07330399 -0.02999997 0.07330399 -0.02999997 0.09773796 -0.1 0.07330399 -0.02999997 0.09773796 -0.1 0.09773796 -0.1 -0.122173 -0.02999997 -0.122173 -0.02999997 -0.09773796 -0.1 -0.122173 -0.02999997 -0.09773796 -0.1 -0.09773796 -0.1 -0.09773796 -0.02999997 -0.09773796 -0.02999997 -0.07330399 -0.1 -0.09773796 -0.02999997 -0.07330399 -0.1 -0.07330399 -0.1 -0.07330399 -0.02999997 -0.07330399 -0.02999997 -0.04886895 -0.1 -0.07330399 -0.02999997 -0.04886895 -0.1 -0.04886895 -0.1 -0.04886895 -0.02999997 -0.04886895 -0.02999997 -0.02443498 -0.1 -0.04886895 -0.02999997 -0.02443498 -0.1 -0.02443498 -0.1 -0.02443498 -0.02999997 -0.02443498 -0.02999997 0 -0.1 -0.02443498 -0.02999997 0 -0.1 0 -0.1 0 -0.02999997 0 -0.02999997 0.02443498 -0.1 0 -0.02999997 0.02443498 -0.1 0.02443498 -0.1 0.02443498 -0.02999997 0.02443498 -0.02999997 0.04886895 -0.1 0.02443498 -0.02999997 0.04886895 -0.1 0.04886895 -0.1 0.04886895 -0.02999997 0.04886895 -0.02999997 0.07330399 -0.1 0.04886895 -0.02999997 0.07330399 -0.1 0.07330399 -0.1 0.07330399 -0.02999997 0.07330399 -0.02999997 0.09773796 -0.1 0.07330399 -0.02999997 0.09773796 -0.1 0.09773796 -0.1 -0.122173 -0.02999997 -0.122173 -0.02999997 -0.09773796 -0.1 -0.122173 -0.02999997 -0.09773796 -0.1 -0.09773796 -0.1 -0.09773796 -0.02999997 -0.09773796 -0.02999997 -0.07330399 -0.1 -0.09773796 -0.02999997 -0.07330399 -0.1 -0.07330399 -0.1 -0.07330399 -0.02999997 -0.07330399 -0.02999997 -0.04886895 -0.1 -0.07330399 -0.02999997 -0.04886895 -0.1 -0.04886895 -0.1 -0.04886895 -0.02999997 -0.04886895 -0.02999997 -0.02443498 -0.1 -0.04886895 -0.02999997 -0.02443498 -0.1 -0.02443498 -0.1 -0.02443498 -0.02999997 -0.02443498 -0.02999997 0 -0.1 -0.02443498 -0.02999997 0 -0.1 0 -0.1 0 -0.02999997 0 -0.02999997 0.02443498 -0.1 0 -0.02999997 0.02443498 -0.1 0.02443498 -0.1 0.02443498 -0.02999997 0.02443498 -0.02999997 0.04886895 -0.1 0.02443498 -0.02999997 0.04886895 -0.1 0.04886895 -0.1 0.04886895 -0.02999997 0.04886895 -0.02999997 0.07330399 -0.1 0.04886895 -0.02999997 0.07330399 -0.1 0.07330399 -0.1 0.07330399 -0.02999997 0.07330399 -0.02999997 0.09773796 -0.1 0.07330399 -0.02999997 0.09773796 -0.1 0.09773796 -0.1 -0.122173 -0.02999997 -0.122173 -0.02999997 -0.09773796 -0.1 -0.122173 -0.02999997 -0.09773796 -0.1 -0.09773796 -0.1 -0.09773796 -0.02999997 -0.09773796 -0.02999997 -0.07330399 -0.1 -0.09773796 -0.02999997 -0.07330399 -0.1 -0.07330399 -0.1 -0.07330399 -0.02999997 -0.07330399 -0.02999997 -0.04886895 -0.1 -0.07330399 -0.02999997 -0.04886895 -0.1 -0.04886895 -0.1 -0.04886895 -0.02999997 -0.04886895 -0.02999997 -0.02443498 -0.1 -0.04886895 -0.02999997 -0.02443498 -0.1 -0.02443498 -0.1 -0.02443498 -0.02999997 -0.02443498 -0.02999997 0 -0.1 -0.02443498 -0.02999997 0 -0.1 0 -0.1 0 -0.02999997 0 -0.02999997 0.02443498 -0.1 0 -0.02999997 0.02443498 -0.1 0.02443498 -0.1 0.02443498 -0.02999997 0.02443498 -0.02999997 0.04886895 -0.1 0.02443498 -0.02999997 0.04886895 -0.1 0.04886895 -0.1 0.04886895 -0.02999997 0.04886895 -0.02999997 0.07330399 -0.1 0.04886895 -0.02999997 0.07330399 -0.1 0.07330399 -0.1 0.07330399 -0.02999997 0.07330399 -0.02999997 0.09773796 -0.1 0.07330399 -0.02999997 0.09773796 -0.1 0.09773796 -0.1 -0.122173 -0.02999997 -0.122173 -0.02999997 -0.09773796 -0.1 -0.122173 -0.02999997 -0.09773796 -0.1 -0.09773796 -0.1 -0.09773796 -0.02999997 -0.09773796 -0.02999997 -0.07330399 -0.1 -0.09773796 -0.02999997 -0.07330399 -0.1 -0.07330399 -0.1 -0.07330399 -0.02999997 -0.07330399 -0.02999997 -0.04886895 -0.1 -0.07330399 -0.02999997 -0.04886895 -0.1 -0.04886895 -0.1 -0.04886895 -0.02999997 -0.04886895 -0.02999997 -0.02443498 -0.1 -0.04886895 -0.02999997 -0.02443498 -0.1 -0.02443498 -0.1 -0.02443498 -0.02999997 -0.02443498 -0.02999997 0 -0.1 -0.02443498 -0.02999997 0 -0.1 0 -0.1 0 -0.02999997 0 -0.02999997 0.02443498 -0.1 0 -0.02999997 0.02443498 -0.1 0.02443498 -0.1 0.02443498 -0.02999997 0.02443498 -0.02999997 0.04886895 -0.1 0.02443498 -0.02999997 0.04886895 -0.1 0.04886895 -0.1 0.04886895 -0.02999997 0.04886895 -0.02999997 0.07330399 -0.1 0.04886895 -0.02999997 0.07330399 -0.1 0.07330399 -0.1 0.07330399 -0.02999997 0.07330399 -0.02999997 0.09773796 -0.1 0.07330399 -0.02999997 0.09773796 -0.1 0.09773796 -0.1 -0.122173 -0.02999997 -0.122173 -0.02999997 -0.09773796 -0.1 -0.122173 -0.02999997 -0.09773796 -0.1 -0.09773796 -0.1 -0.09773796 -0.02999997 -0.09773796 -0.02999997 -0.07330399 -0.1 -0.09773796 -0.02999997 -0.07330399 -0.1 -0.07330399 -0.1 -0.07330399 -0.02999997 -0.07330399 -0.02999997 -0.04886895 -0.1 -0.07330399 -0.02999997 -0.04886895 -0.1 -0.04886895 -0.1 -0.04886895 -0.02999997 -0.04886895 -0.02999997 -0.02443498 -0.1 -0.04886895 -0.02999997 -0.02443498 -0.1 -0.02443498 -0.1 -0.02443498 -0.02999997 -0.02443498 -0.02999997 0 -0.1 -0.02443498 -0.02999997 0 -0.1 0 -0.1 0 -0.02999997 0 -0.02999997 0.02443498 -0.1 0 -0.02999997 0.02443498 -0.1 0.02443498 -0.1 0.02443498 -0.02999997 0.02443498 -0.02999997 0.04886895 -0.1 0.02443498 -0.02999997 0.04886895 -0.1 0.04886895 -0.1 0.04886895 -0.02999997 0.04886895 -0.02999997 0.07330399 -0.1 0.04886895 -0.02999997 0.07330399 -0.1 0.07330399 -0.1 0.07330399 -0.02999997 0.07330399 -0.02999997 0.09773796 -0.1 0.07330399 -0.02999997 0.09773796 -0.1 0.09773796 -0.1 -0.122173 -0.02999997 -0.122173 -0.02999997 -0.09773796 -0.1 -0.122173 -0.02999997 -0.09773796 -0.1 -0.09773796 -0.1 -0.09773796 -0.02999997 -0.09773796 -0.02999997 -0.07330399 -0.1 -0.09773796 -0.02999997 -0.07330399 -0.1 -0.07330399 -0.1 -0.07330399 -0.02999997 -0.07330399 -0.02999997 -0.04886895 -0.1 -0.07330399 -0.02999997 -0.04886895 -0.1 -0.04886895 -0.1 -0.04886895 -0.02999997 -0.04886895 -0.02999997 -0.02443498 -0.1 -0.04886895 -0.02999997 -0.02443498 -0.1 -0.02443498 -0.1 -0.02443498 -0.02999997 -0.02443498 -0.02999997 0 -0.1 -0.02443498 -0.02999997 0 -0.1 0 -0.1 0 -0.02999997 0 -0.02999997 0.02443498 -0.1 0 -0.02999997 0.02443498 -0.1 0.02443498 -0.1 0.02443498 -0.02999997 0.02443498 -0.02999997 0.04886895 -0.1 0.02443498 -0.02999997 0.04886895 -0.1 0.04886895 -0.1 0.04886895 -0.02999997 0.04886895 -0.02999997 0.07330399 -0.1 0.04886895 -0.02999997 0.07330399 -0.1 0.07330399 -0.1 0.07330399 -0.02999997 0.07330399 -0.02999997 0.09773796 -0.1 0.07330399 -0.02999997 0.09773796 -0.1 0.09773796 -0.1 -0.122173 -0.02999997 -0.122173 -0.02999997 -0.09773796 -0.1 -0.122173 -0.02999997 -0.09773796 -0.1 -0.09773796 -0.1 -0.09773796 -0.02999997 -0.09773796 -0.02999997 -0.07330399 -0.1 -0.09773796 -0.02999997 -0.07330399 -0.1 -0.07330399 -0.1 -0.07330399 -0.02999997 -0.07330399 -0.02999997 -0.04886895 -0.1 -0.07330399 -0.02999997 -0.04886895 -0.1 -0.04886895 -0.1 -0.04886895 -0.02999997 -0.04886895 -0.02999997 -0.02443498 -0.1 -0.04886895 -0.02999997 -0.02443498 -0.1 -0.02443498 -0.1 -0.02443498 -0.02999997 -0.02443498 -0.02999997 0 -0.1 -0.02443498 -0.02999997 0 -0.1 0 -0.1 0 -0.02999997 0 -0.02999997 0.02443498 -0.1 0 -0.02999997 0.02443498 -0.1 0.02443498 -0.1 0.02443498 -0.02999997 0.02443498 -0.02999997 0.04886895 -0.1 0.02443498 -0.02999997 0.04886895 -0.1 0.04886895 -0.1 0.04886895 -0.02999997 0.04886895 -0.02999997 0.07330399 -0.1 0.04886895 -0.02999997 0.07330399 -0.1 0.07330399 -0.1 0.07330399 -0.02999997 0.07330399 -0.02999997 0.09773796 -0.1 0.07330399 -0.02999997 0.09773796 -0.1 0.09773796 -0.1 -0.122173 -0.02999997 -0.122173 -0.02999997 -0.09773796 -0.1 -0.122173 -0.02999997 -0.09773796 -0.1 -0.09773796 -0.1 -0.09773796 -0.02999997 -0.09773796 -0.02999997 -0.07330399 -0.1 -0.09773796 -0.02999997 -0.07330399 -0.1 -0.07330399 -0.1 -0.07330399 -0.02999997 -0.07330399 -0.02999997 -0.04886895 -0.1 -0.07330399 -0.02999997 -0.04886895 -0.1 -0.04886895 -0.1 -0.04886895 -0.02999997 -0.04886895 -0.02999997 -0.02443498 -0.1 -0.04886895 -0.02999997 -0.02443498 -0.1 -0.02443498 -0.1 -0.02443498 -0.02999997 -0.02443498 -0.02999997 0 0.01319396 0.1201 -0.03240597 0.1201 -0.01640599 0.1041 -0.01640599 0.1041 -0.03240597 0.1201 -0.03240597 0.06409996 -0.01640599 0.1041 -0.03240597 0.06409996 -0.01640599 0.08009999 -0.01640599 0.08009999 -0.03240597 0.06409996 0.033194 0.06409996 -0.01640599 0.08009999 0.033194 0.06409996 0.033194 0.08009999 -0.01640599 0.1041 0.01319396 0.1041 0.01319396 0.1201 -0.01240599 0.0841 0.033194 0.0841 0.01719397 0.1001 0.01719397 0.1001 0.033194 0.0841 0.033194 0.1441 0.01719397 0.1001 0.033194 0.1441 0.01719397 0.1441 0.01719397 0.1001 -0.01240599 0.1001 -0.01240599 0.0841 0.02828395 -0.109956 0 -0.1256639 0.02828395 -0.141372 0.02828395 0.141372 0 0.1570799 0 0.1256639 0.02828395 0.141372 0 0.1256639 0.02828395 0.109956 0.02828395 0.109956 0 0.1256639 0 0.09424799 0.02828395 0.109956 0 0.09424799 0.02828395 0.07853996 0.02828395 0.07853996 0 0.09424799 0 0.06283199 0.02828395 0.07853996 0 0.06283199 0.02828395 0.04712396 0.02828395 0.04712396 0 0.06283199 0 0.03141599 0.02828395 0.04712396 0 0.03141599 0.02828395 0.01570796 0.02828395 0.01570796 0 0.03141599 0 0 0.02828395 0.01570796 0 0 0.02828395 -0.01570796 0.02828395 -0.01570796 0 0 0 -0.03141599 0.02828395 -0.01570796 0 -0.03141599 0.02828395 -0.04712396 0.02828395 -0.04712396 0 -0.03141599 0 -0.06283199 0.02828395 -0.04712396 0 -0.06283199 0.02828395 -0.07853996 0.02828395 -0.07853996 0 -0.06283199 0 -0.09424799 0.02828395 -0.07853996 0 -0.09424799 0.02828395 -0.109956 0.02828395 -0.109956 0 -0.09424799 0 -0.1256639 0.02828395 -0.109956 0 -0.1256639 0.02828395 -0.141372 0.02828395 0.141372 0 0.1570799 0 0.1256639 0.02828395 0.141372 0 0.1256639 0.02828395 0.109956 0.02828395 0.109956 0 0.1256639 0 0.09424799 0.02828395 0.109956 0 0.09424799 0.02828395 0.07853996 0.02828395 0.07853996 0 0.09424799 0 0.06283199 0.02828395 0.07853996 0 0.06283199 0.02828395 0.04712396 0.02828395 0.04712396 0 0.06283199 0 0.03141599 0.02828395 0.04712396 0 0.03141599 0.02828395 0.01570796 0.02828395 0.01570796 0 0.03141599 0 0 0.02828395 0.01570796 0 0 0.02828395 -0.01570796 0.02828395 -0.01570796 0 0 0 -0.03141599 0.02828395 -0.01570796 0 -0.03141599 0.02828395 -0.04712396 0.02828395 -0.04712396 0 -0.03141599 0 -0.06283199 0.02828395 -0.04712396 0 -0.06283199 0.02828395 -0.07853996 0.02828395 -0.07853996 0 -0.06283199 0 -0.09424799 0.02828395 -0.07853996 0 -0.09424799 0.02828395 -0.109956 0.02828395 -0.109956 0 -0.09424799 0 -0.1256639 0.02828395 -0.109956 0 -0.1256639 0.02828395 -0.141372 0.02828395 0.141372 0 0.1570799 0 0.1256639 0.02828395 0.141372 0 0.1256639 0.02828395 0.109956 0.02828395 0.109956 0 0.1256639 0 0.09424799 0.02828395 0.109956 0 0.09424799 0.02828395 0.07853996 0.02828395 0.07853996 0 0.09424799 0 0.06283199 0.02828395 0.07853996 0 0.06283199 0.02828395 0.04712396 0.02828395 0.04712396 0 0.06283199 0 0.03141599 0.02828395 0.04712396 0 0.03141599 0.02828395 0.01570796 0.02828395 0.01570796 0 0.03141599 0 0 0.02828395 0.01570796 0 0 0.02828395 -0.01570796 0.02828395 -0.01570796 0 0 0 -0.03141599 0.02828395 -0.01570796 0 -0.03141599 0.02828395 -0.04712396 0.02828395 -0.04712396 0 -0.03141599 0 -0.06283199 0.02828395 -0.04712396 0 -0.06283199 0.02828395 -0.07853996 0.02828395 -0.07853996 0 -0.06283199 0 -0.09424799 0.02828395 -0.07853996 0 -0.09424799 0.02828395 -0.109956 0.02828395 -0.109956 0 -0.09424799 0 -0.1256639 0.02828395 -0.109956 0 -0.135599 0.02828395 -0.141372 0.02828395 0.141372 0 0.147145 0 0.1226209 0.02828395 0.141372 0 0.1226209 0.02828395 0.109956 0.02828395 0.109956 0 0.1226209 0 0.09809595 0.02828395 0.109956 0 0.09809595 0.02828395 0.07853996 0.02828395 0.07853996 0 0.09809595 0 0.07357197 0.02828395 0.07853996 0 0.07357197 0.02828395 0.04712396 0.02828395 0.04712396 0 0.07357197 0 0.04904794 0.02828395 0.04712396 0 0.04904794 0 0.02452397 0.02828395 -0.07853996 0 -0.08654999 0.02828395 -0.109956 0.02828395 -0.109956 0 -0.08654999 0 -0.111075 0.02828395 -0.109956 0 -0.111075 0 -0.135599 0 -0.08654999 0.02828395 -0.07853996 0 -0.06491297 0 -0.06491297 0.02828395 -0.07853996 0.02828395 -0.04712396 0 -0.06491297 0.02828395 -0.04712396 0 -0.04327499 0 -0.04327499 0.02828395 -0.04712396 0 -0.02163797 0 -0.02163797 0.02828395 -0.04712396 0.02828395 -0.01570796 0 -0.02163797 0.02828395 -0.01570796 0 0 0 0 0.02828395 -0.01570796 0.02828395 0.01570796 0 0 0.02828395 0.01570796 0 0.02452397 0 0.02452397 0.02828395 0.01570796 0.02828395 0.04712396 0.02828395 -0.109956 0 -0.1256639 0.02828395 -0.141372 0.02828395 0.141372 0 0.1570799 0 0.1256639 0.02828395 0.141372 0 0.1256639 0.02828395 0.109956 0.02828395 0.109956 0 0.1256639 0 0.09424799 0.02828395 0.109956 0 0.09424799 0.02828395 0.07853996 0.02828395 0.07853996 0 0.09424799 0 0.06283199 0.02828395 0.07853996 0 0.06283199 0.02828395 0.04712396 0.02828395 0.04712396 0 0.06283199 0 0.03141599 0.02828395 0.04712396 0 0.03141599 0.02828395 0.01570796 0.02828395 0.01570796 0 0.03141599 0 0 0.02828395 0.01570796 0 0 0.02828395 -0.01570796 0.02828395 -0.01570796 0 0 0 -0.03141599 0.02828395 -0.01570796 0 -0.03141599 0.02828395 -0.04712396 0.02828395 -0.04712396 0 -0.03141599 0 -0.06283199 0.02828395 -0.04712396 0 -0.06283199 0.02828395 -0.07853996 0.02828395 -0.07853996 0 -0.06283199 0 -0.09424799 0.02828395 -0.07853996 0 -0.09424799 0.02828395 -0.109956 0.02828395 -0.109956 0 -0.09424799 0 -0.1256639 0.02828395 -0.109956 0 -0.1256639 0.02828395 -0.141372 0.02828395 0.141372 0 0.1570799 0 0.1256639 0.02828395 0.141372 0 0.1256639 0.02828395 0.109956 0.02828395 0.109956 0 0.1256639 0 0.09424799 0.02828395 0.109956 0 0.09424799 0.02828395 0.07853996 0.02828395 0.07853996 0 0.09424799 0 0.06283199 0.02828395 0.07853996 0 0.06283199 0.02828395 0.04712396 0.02828395 0.04712396 0 0.06283199 0 0.03141599 0.02828395 0.04712396 0 0.03141599 0.02828395 0.01570796 0.02828395 0.01570796 0 0.03141599 0 0 0.02828395 0.01570796 0 0 0.02828395 -0.01570796 0.02828395 -0.01570796 0 0 0 -0.03141599 0.02828395 -0.01570796 0 -0.03141599 0.02828395 -0.04712396 0.02828395 -0.04712396 0 -0.03141599 0 -0.06283199 0.02828395 -0.04712396 0 -0.06283199 0.02828395 -0.07853996 0.02828395 -0.07853996 0 -0.06283199 0 -0.09424799 0.02828395 -0.07853996 0 -0.09424799 0.02828395 -0.109956 0.02828395 -0.109956 0 -0.09424799 0 -0.1256639 0.02828395 -0.109956 0 -0.1256639 0.02828395 -0.141372 0.02828395 0.141372 0 0.1570799 0 0.1256639 0.02828395 0.141372 0 0.1256639 0.02828395 0.109956 0.02828395 0.109956 0 0.1256639 0 0.09424799 0.02828395 0.109956 0 0.09424799 0.02828395 0.07853996 0.02828395 0.07853996 0 0.09424799 0 0.06283199 0.02828395 0.07853996 0 0.06283199 0.02828395 0.04712396 0.02828395 0.04712396 0 0.06283199 0 0.03141599 0.02828395 0.04712396 0 0.03141599 0.02828395 0.01570796 0.02828395 0.01570796 0 0.03141599 0 0 0.02828395 0.01570796 0 0 0.02828395 -0.01570796 0.02828395 -0.01570796 0 0 0 -0.03141599 0.02828395 -0.01570796 0 -0.03141599 0.02828395 -0.04712396 0.02828395 -0.04712396 0 -0.03141599 0 -0.06283199 0.02828395 -0.04712396 0 -0.06283199 0.02828395 -0.07853996 0.02828395 -0.07853996 0 -0.06283199 0 -0.09424799 0.02828395 -0.07853996 0 -0.09424799 0.02828395 -0.109956 0.02828395 -0.109956 0 -0.09424799 0 -0.1256639 0.02828395 -0.109956 0 -0.1256639 0.02828395 -0.141372 0.02828395 0.141372 0 0.1570799 0 0.1256639 0.02828395 0.141372 0 0.1256639 0.02828395 0.109956 0.02828395 0.109956 0 0.1256639 0 0.09424799 0.02828395 0.109956 0 0.09424799 0.02828395 0.07853996 0.02828395 0.07853996 0 0.09424799 0 0.06283199 0.02828395 0.07853996 0 0.06283199 0.02828395 0.04712396 0.02828395 0.04712396 0 0.06283199 0 0.03141599 0.02828395 0.04712396 0 0.03141599 0.02828395 0.01570796 0.02828395 0.01570796 0 0.03141599 0 0 0.02828395 0.01570796 0 0 0.02828395 -0.01570796 0.02828395 -0.01570796 0 0 0 -0.03141599 0.02828395 -0.01570796 0 -0.03141599 0.02828395 -0.04712396 0.02828395 -0.04712396 0 -0.03141599 0 -0.06283199 0.02828395 -0.04712396 0 -0.06283199 0.02828395 -0.07853996 0.02828395 -0.07853996 0 -0.06283199 0 -0.09424799 0.02828395 -0.07853996 0 -0.09424799 0.02828395 -0.109956 0.02828395 -0.109956 0 -0.09424799 0 -0.1256639 0 0 0.004329979 -0.002499997 0.007999956 0.01385599 0.007999956 0.01385599 0.004329979 -0.002499997 0.01232999 0.01135599 0.02959996 0 0 0 0.02959996 -0.004999995 0.02959996 -0.004999995 0 0 0 -0.004999995 0 0 0.004329979 -0.002499997 0.01199996 0.02078497 0.01199996 0.02078497 0.004329979 -0.002499997 0.01633 0.01828497 0.0496 0 0 0 0.0496 -0.004999995 0.0496 -0.004999995 0 0 0 -0.004999995 0 0 0.004329979 -0.002499997 0.007999956 0.01385599 0.007999956 0.01385599 0.004329979 -0.002499997 0.01232999 0.01135599 0.06559997 0 0 0 0.06559997 -0.004999995 0.06559997 -0.004999995 0 0 0 -0.004999995 0.02799999 -0.04849696 0 0 0.02366995 -0.05099695 0.02366995 -0.05099695 0 0 -0.004329979 -0.002499997 0.04559999 0 0 0 0.04559999 -0.004999995 0.04559999 -0.004999995 0 0 0 -0.004999995 0.007999956 -0.01385599 0 0 0.003669977 -0.01635599 0.003669977 -0.01635599 0 0 -0.004329979 -0.002499997 0.02959996 0 0 0 0.02959996 -0.004999995 0.02959996 -0.004999995 0 0 0 -0.004999995 0.02199995 -0.03810495 0 0 0.01766997 -0.04060494 0.01766997 -0.04060494 0 0 -0.004329979 -0.002499997 0.01599997 0 0 0 0.01599997 -0.004999995 0.01599997 -0.004999995 0 0 0 -0.004999995 0 0 0.004329979 -0.002499997 0.02999997 0.05196195 0.02999997 0.05196195 0.004329979 -0.002499997 0.03432995 0.04946196 0.04559999 0 0 0 0.04559999 -0.004999995 0.04559999 -0.004999995 0 0 0 -0.004999995 0.03141599 -0.144067 0.04188799 -0.144067 0.03141999 -0.12651 0.03141999 -0.12651 0.04188799 -0.144067 0.04188799 -0.115253 0.03141999 -0.12651 0.04188799 -0.115253 0.03141999 -0.108023 0.03141999 -0.108023 0.04188799 -0.115253 0.04188799 -0.08643996 0.03141999 -0.108023 0.04188799 -0.08643996 0.03141897 -0.08954298 0.03141897 -0.08954298 0.04188799 -0.08643996 0.03141897 -0.072007 0.03141897 -0.072007 0.04188799 -0.08643996 0.04188799 -0.05762696 0.03141897 -0.072007 0.04188799 -0.05762696 0.03141999 -0.05447 0.03141999 -0.05447 0.04188799 -0.05762696 0.03141999 -0.03598999 0.03141999 -0.03598999 0.04188799 -0.05762696 0.04188799 -0.028813 0.03141999 -0.03598999 0.04188799 -0.028813 0.03141897 -0.01751697 0.03141897 -0.01751697 0.04188799 -0.028813 0.04188799 0 0.03141897 -0.01751697 0.04188799 0 0.03141599 0 0.04188799 -0.144067 0.05235999 -0.144067 0.04188799 -0.115253 0.04188799 -0.115253 0.05235999 -0.144067 0.05235999 -0.115253 0.04188799 -0.115253 0.05235999 -0.115253 0.04188799 -0.08643996 0.04188799 -0.08643996 0.05235999 -0.115253 0.05235999 -0.08643996 0.04188799 -0.08643996 0.05235999 -0.08643996 0.04188799 -0.05762696 0.04188799 -0.05762696 0.05235999 -0.08643996 0.05235999 -0.05762696 0.04188799 -0.05762696 0.05235999 -0.05762696 0.04188799 -0.028813 0.04188799 -0.028813 0.05235999 -0.05762696 0.05235999 -0.028813 0.04188799 -0.028813 0.05235999 -0.028813 0.04188799 0 0.04188799 0 0.05235999 -0.028813 0.05235999 0 0.05235999 0 0.05235999 -0.028813 0.06283199 -0.028813 0.05235999 0 0.06283199 -0.028813 0.06283199 0 0.05235999 -0.144067 0.06283199 -0.144067 0.05235999 -0.115253 0.05235999 -0.115253 0.06283199 -0.144067 0.06283199 -0.115253 0.05235999 -0.115253 0.06283199 -0.115253 0.05235999 -0.08643996 0.05235999 -0.08643996 0.06283199 -0.115253 0.06283199 -0.08643996 0.05235999 -0.08643996 0.06283199 -0.08643996 0.05235999 -0.05762696 0.05235999 -0.05762696 0.06283199 -0.08643996 0.06283199 -0.05762696 0.05235999 -0.05762696 0.06283199 -0.05762696 0.05235999 -0.028813 0.05235999 -0.028813 0.06283199 -0.05762696 0.06283199 -0.028813 0.06 0.25 0.08999997 0.22 0.06 0.255551 0.06 0.255551 0.08999997 0.22 0.118512 0.212033 0.06 0.255551 0.118512 0.212033 0.1647419 0.2043679 0.1647419 0.2043679 0.118512 0.212033 0.138763 0.190439 0.1647419 0.2043679 0.138763 0.190439 0.144887 0.161474 0.06 0.25 0.05565297 0.2275879 0.08999997 0.22 0.08999997 0.22 0.05565297 0.2275879 0.064561 0.2137629 0.064561 0.2137629 0.05565297 0.2275879 0.04239898 0.207551 0.064561 0.2137629 0.04239898 0.207551 0.04489195 0.1964679 0.04489195 0.1964679 0.04239898 0.207551 0.02235597 0.194324 0.04489195 0.1964679 0.02235597 0.194324 0.03545194 0.172037 0.03545194 0.172037 0.02235597 0.194324 -3.5e-5 0.190003 0.03545194 0.172037 -3.5e-5 0.190003 0.01719397 0.1441 0.01719397 0.1441 -3.5e-5 0.190003 -0.03583598 0.174551 0.01719397 0.1441 -0.03583598 0.174551 -0.04236894 0.1375 -3.5e-5 0.190003 -0.022421 0.19435 -0.03583598 0.174551 -0.03583598 0.174551 -0.022421 0.19435 -0.04244899 0.207601 -0.03583598 0.174551 -0.04244899 0.207601 -0.05464696 0.207132 -0.05464696 0.207132 -0.04244899 0.207601 -0.055673 0.227636 -0.05464696 0.207132 -0.055673 0.227636 -0.08999997 0.22 -0.08999997 0.22 -0.055673 0.227636 -0.06 0.25 -0.08999997 0.22 -0.06 0.25 -0.06 0.255551 -0.08999997 0.22 -0.06 0.255551 -0.125353 0.207132 -0.125353 0.207132 -0.06 0.255551 -0.1647419 0.2043679 -0.125353 0.207132 -0.1647419 0.2043679 -0.144164 0.174551 -0.144164 0.174551 -0.1647419 0.2043679 -0.236992 0.112877 -0.144164 0.174551 -0.236992 0.112877 -0.1376309 0.1375 -0.1376309 0.1375 -0.236992 0.112877 -0.185 0.08999997 -0.1376309 0.1375 -0.185 0.08999997 -0.1496469 0.07713198 -0.262499 -8.78e-4 -0.2391639 0.04455095 -0.236992 0.112877 -0.236992 0.112877 -0.2391639 0.04455095 -0.220353 0.07713198 -0.236992 0.112877 -0.220353 0.07713198 -0.185 0.08999997 -0.236232 -0.114459 -0.203811 -0.01668298 -0.262499 -8.78e-4 -0.262499 -8.78e-4 -0.203811 -0.01668298 -0.232631 0.007499992 -0.262499 -8.78e-4 -0.232631 0.007499992 -0.2391639 0.04455095 -0.163372 -0.205465 -0.192631 -0.1475 -0.236232 -0.114459 -0.236232 -0.114459 -0.192631 -0.1475 -0.199164 -0.110449 -0.236232 -0.114459 -0.199164 -0.110449 -0.180353 -0.07786798 -0.05828899 -0.255946 -0.04763096 -0.2125 -0.163372 -0.205465 -0.163372 -0.205465 -0.04763096 -0.2125 -0.1261889 -0.171683 -0.163372 -0.205465 -0.1261889 -0.171683 -0.163811 -0.171683 -0.04763096 -0.2125 -0.05828899 -0.255946 -0.01881098 -0.236683 -0.01881098 -0.236683 -0.05828899 -0.255946 0.05828899 -0.255946 -0.01881098 -0.236683 0.05828899 -0.255946 0.01881098 -0.236683 0.01881098 -0.236683 0.05828899 -0.255946 0.04763096 -0.2125 0.04763096 -0.2125 0.05828899 -0.255946 0.163372 -0.205465 0.04763096 -0.2125 0.163372 -0.205465 0.1261889 -0.171683 0.1261889 -0.171683 0.163372 -0.205465 0.163811 -0.171683 0.163811 -0.171683 0.163372 -0.205465 0.192631 -0.1475 0.192631 -0.1475 0.163372 -0.205465 0.236232 -0.114459 0.192631 -0.1475 0.236232 -0.114459 0.199164 -0.110449 0.199164 -0.110449 0.236232 -0.114459 0.180353 -0.07786798 0.180353 -0.07786798 0.236232 -0.114459 0.203811 -0.01668298 0.180353 -0.07786798 0.203811 -0.01668298 0.166189 -0.01668298 0.236232 -0.114459 0.262499 -8.78e-4 0.203811 -0.01668298 0.203811 -0.01668298 0.262499 -8.78e-4 0.232631 0.007499992 0.232631 0.007499992 0.262499 -8.78e-4 0.2391639 0.04455095 0.2391639 0.04455095 0.262499 -8.78e-4 0.236992 0.112877 0.2391639 0.04455095 0.236992 0.112877 0.220353 0.07713198 0.220353 0.07713198 0.236992 0.112877 0.185 0.08999997 0.185 0.08999997 0.236992 0.112877 0.144887 0.161474 0.185 0.08999997 0.144887 0.161474 0.1351079 0.133532 0.236992 0.112877 0.1647419 0.2043679 0.144887 0.161474 -0.01240599 0.0841 0.033194 0.08009999 0.033194 0.0841 0.033194 0.0841 0.033194 0.08009999 0.08296298 0.1104519 0.033194 0.0841 0.08296298 0.1104519 0.05570495 0.122002 0.033194 0.08009999 -0.01240599 0.0841 -0.01640599 0.08009999 -0.01640599 0.08009999 -0.01240599 0.0841 -0.01240599 0.1001 -0.01640599 0.08009999 -0.01240599 0.1001 -0.01640599 0.1041 -0.01640599 0.1041 -0.01240599 0.1001 0.01319396 0.1041 0.01319396 0.1041 -0.01240599 0.1001 0.01719397 0.1001 0.01319396 0.1041 0.01719397 0.1001 0.01319396 0.1201 0.01319396 0.1201 0.01719397 0.1001 0.01719397 0.1441 0.01319396 0.1201 0.01719397 0.1441 -0.03240597 0.1201 -0.03240597 0.1201 0.01719397 0.1441 -0.04236894 0.1375 -0.03240597 0.1201 -0.04236894 0.1375 -0.07118898 0.113317 0.01719397 0.1441 0.033194 0.1441 0.03545194 0.172037 0.03545194 0.172037 0.033194 0.1441 0.03838294 0.146009 0.03838294 0.146009 0.033194 0.1441 0.05570495 0.122002 0.05570495 0.122002 0.033194 0.1441 0.033194 0.0841 0.033194 0.08009999 0.033194 0.06409996 0.08296298 0.1104519 0.08296298 0.1104519 0.033194 0.06409996 0.130836 0.04455095 0.08296298 0.1104519 0.130836 0.04455095 0.1122609 0.114706 0.1122609 0.114706 0.130836 0.04455095 0.1496469 0.07713198 0.1122609 0.114706 0.1496469 0.07713198 0.1351079 0.133532 0.1351079 0.133532 0.1496469 0.07713198 0.185 0.08999997 -0.03240597 0.06409996 0 0.05499994 0.033194 0.06409996 0.033194 0.06409996 0 0.05499994 0.035353 0.04213196 0.033194 0.06409996 0.035353 0.04213196 0.130836 0.04455095 0.130836 0.04455095 0.035353 0.04213196 0.05416399 0.009550988 0.130836 0.04455095 0.05416399 0.009550988 0.137369 0.007499992 0.137369 0.007499992 0.05416399 0.009550988 0.04763096 -0.02749997 0.137369 0.007499992 0.04763096 -0.02749997 0.109647 -0.07786798 0.109647 -0.07786798 0.04763096 -0.02749997 0.01881098 -0.05168294 0.109647 -0.07786798 0.01881098 -0.05168294 0.09083598 -0.110449 0.09083598 -0.110449 0.01881098 -0.05168294 0.035353 -0.142868 0.09083598 -0.110449 0.035353 -0.142868 0.09736895 -0.1475 0.09736895 -0.1475 0.035353 -0.142868 0.05416399 -0.175449 0.09736895 -0.1475 0.05416399 -0.175449 0.1261889 -0.171683 0.1261889 -0.171683 0.05416399 -0.175449 0.04763096 -0.2125 -0.03240597 0.1201 -0.07118898 0.113317 -0.03240597 0.06409996 -0.03240597 0.06409996 -0.07118898 0.113317 -0.130836 0.04455095 -0.03240597 0.06409996 -0.130836 0.04455095 -0.035353 0.04213196 -0.035353 0.04213196 -0.130836 0.04455095 -0.05416399 0.009550988 -0.05416399 0.009550988 -0.130836 0.04455095 -0.137369 0.007499992 -0.05416399 0.009550988 -0.137369 0.007499992 -0.04763096 -0.02749997 -0.04763096 -0.02749997 -0.137369 0.007499992 -0.109647 -0.07786798 -0.04763096 -0.02749997 -0.109647 -0.07786798 -0.01881098 -0.05168294 -0.01881098 -0.05168294 -0.109647 -0.07786798 -0.09083598 -0.110449 -0.01881098 -0.05168294 -0.09083598 -0.110449 -0.035353 -0.142868 -0.035353 -0.142868 -0.09083598 -0.110449 -0.09736895 -0.1475 -0.035353 -0.142868 -0.09736895 -0.1475 -0.05416399 -0.175449 -0.05416399 -0.175449 -0.09736895 -0.1475 -0.1261889 -0.171683 -0.05416399 -0.175449 -0.1261889 -0.171683 -0.04763096 -0.2125 -0.1376309 0.1375 -0.1496469 0.07713198 -0.108811 0.113317 -0.108811 0.113317 -0.1496469 0.07713198 -0.130836 0.04455095 -0.108811 0.113317 -0.130836 0.04455095 -0.07118898 0.113317 -0.109647 -0.07786798 -0.137369 0.007499992 -0.145 -0.06499999 -0.145 -0.06499999 -0.137369 0.007499992 -0.166189 -0.01668298 -0.145 -0.06499999 -0.166189 -0.01668298 -0.180353 -0.07786798 -0.180353 -0.07786798 -0.166189 -0.01668298 -0.203811 -0.01668298 -0.180353 -0.07786798 -0.203811 -0.01668298 -0.236232 -0.114459 0.180353 -0.07786798 0.166189 -0.01668298 0.145 -0.06499999 0.145 -0.06499999 0.166189 -0.01668298 0.137369 0.007499992 0.145 -0.06499999 0.137369 0.007499992 0.109647 -0.07786798 0.035353 -0.142868 0.01881098 -0.05168294 0 -0.1299999 0 -0.1299999 0.01881098 -0.05168294 -0.01881098 -0.05168294 0 -0.1299999 -0.01881098 -0.05168294 -0.035353 -0.142868 -0.035353 0.04213196 0 0.05499994 -0.03240597 0.06409996 -0.163811 -0.171683 -0.192631 -0.1475 -0.163372 -0.205465 0.017874 0.03141599 0.01644498 0.04124397 0 0.03141599 0 0.03141599 0.01644498 0.04124397 0 0.04188799 0 0.04188799 0.01644498 0.04124397 0.01329195 0.049389 0 0.04188799 0.01329195 0.049389 0 0.05235999 0 0.05235999 0.01329195 0.049389 0.00555098 0.06283199 0 0.05235999 0.00555098 0.06283199 0 0.06283199 0.02965396 0 0.02410298 0 0.02965396 -0.01047199 0.02965396 -0.01047199 0.02410298 0 0.01636195 -0.01344299 0.02965396 -0.01047199 0.01636195 -0.01344299 0.02965396 -0.02094399 0.02965396 -0.02094399 0.01636195 -0.01344299 0.01320898 -0.02158796 0.02965396 -0.02094399 0.01320898 -0.02158796 0.02965396 -0.03141599 0.02965396 -0.03141599 0.01320898 -0.02158796 0.01177996 -0.03141599 0 -0.06283199 0.47 -0.06283199 0 -0.03769898 0 -0.03769898 0.47 -0.06283199 0.47 -0.03769898 0 -0.03769898 0.47 -0.03769898 0 -0.01256597 0 -0.01256597 0.47 -0.03769898 0.47 -0.01256597 0 -0.01256597 0.47 -0.01256597 0 0.01256597 0 0.01256597 0.47 -0.01256597 0.47 0.01256597 0 0.01256597 0.47 0.01256597 0 0.03769898 0 0.03769898 0.47 0.01256597 0.47 0.03769898 0 0.03769898 0.47 0.03769898 0 0.06283199 0 0.06283199 0.47 0.03769898 0.47 0.06283199 0 0.383499 0 0.266635 0.009827971 0.382047 0.009827971 0.382047 0 0.266635 0.01047199 0.266635 0.009827971 0.382047 0.01047199 0.266635 0.017973 0.378816 0.017973 0.378816 0.01047199 0.266635 0.02094399 0.266635 0.017973 0.378816 0.02094399 0.266635 0.03141599 0.370752 0.03141599 0.370752 0.02094399 0.266635 0.03141599 0.24686 0.03141599 0.24686 0.02094399 0.266635 0.02094399 0.149771 0.03141599 0.24686 0.02094399 0.149771 0.03141599 0.122967 0.03141599 0.122967 0.02094399 0.149771 0.02094399 0.03290694 0.03141599 0.122967 0.02094399 0.03290694 0.03141599 -9.25e-4 0.03141599 -9.25e-4 0.02094399 0.03290694 0.02094399 -0.08395695 0.03141599 -9.25e-4 0.02094399 -0.08395695 0.03141599 -0.124818 0.03141599 -0.124818 0.02094399 -0.08395695 0.02094399 -0.200821 0.03141599 -0.124818 0.02094399 -0.200821 0.03141599 -0.24871 0.03141599 -0.24871 0.02094399 -0.200821 0.02094399 -0.317685 0.03141599 -0.24871 0.02094399 -0.317685 0.03141599 -0.372602 0.03141599 -0.372602 0.02094399 -0.317685 0.02094399 -0.434548 0.03141599 -0.372602 0.02094399 -0.434548 0.03141599 -0.496495 0.03141599 -0.496495 0.02094399 -0.434548 0.02094399 -0.551412 0.03141599 -0.496495 0.02094399 -0.551412 0.03141599 -0.620387 0.03141599 -0.620387 0.02094399 -0.551412 0.02094399 -0.668276 0.03141599 -0.620387 0.02094399 -0.668276 0.03141599 -0.744279 0.03141599 -0.744279 0.02094399 -0.668276 0.02094399 -0.78514 0.03141599 -0.744279 0.02094399 -0.78514 0.03141599 -0.868172 0.03141599 -0.868172 0.02094399 -0.78514 0.02094399 -0.902004 0.03141599 -0.868172 0.02094399 -0.902004 0.03141599 -0.992064 0.03141599 -0.992064 0.02094399 -0.902004 0.02094399 -1.018868 0.03141599 -0.992064 0.02094399 -1.018868 0.03141599 -1.115957 0.03141599 -1.115957 0.02094399 -1.018868 0.02094399 -1.135732 0.03141599 -1.115957 0.02094399 -1.135732 0.03141599 -1.239849 0.03141599 -1.239849 0.02094399 -1.135732 0.017973 -1.247913 0.017973 -1.247913 0.02094399 -1.135732 0.01047199 -1.135732 0.017973 -1.247913 0.01047199 -1.135732 0 -1.252596 0 -1.252596 0.01047199 -1.135732 0 -1.135732 0 -1.135732 0.01047199 -1.135732 0 -1.018868 0 -1.018868 0.01047199 -1.135732 0.01047199 -1.018868 0 -1.018868 0.01047199 -1.018868 0 -0.902004 0 -0.902004 0.01047199 -1.018868 0.01047199 -0.902004 0 -0.902004 0.01047199 -0.902004 0 -0.78514 0 -0.78514 0.01047199 -0.902004 0.01047199 -0.78514 0 -0.78514 0.01047199 -0.78514 0 -0.668276 0 -0.668276 0.01047199 -0.78514 0.01047199 -0.668276 0 -0.668276 0.01047199 -0.668276 0 -0.551412 0 -0.551412 0.01047199 -0.668276 0.01047199 -0.551412 0 -0.551412 0.01047199 -0.551412 0 -0.434548 0 -0.434548 0.01047199 -0.551412 0.01047199 -0.434548 0 -0.434548 0.01047199 -0.434548 0 -0.317685 0 -0.317685 0.01047199 -0.434548 0.01047199 -0.317685 0 -0.317685 0.01047199 -0.317685 0 -0.200821 0 -0.200821 0.01047199 -0.317685 0.01047199 -0.200821 0 -0.200821 0.01047199 -0.200821 0 -0.08395695 0 -0.08395695 0.01047199 -0.200821 0.01047199 -0.08395695 0 -0.08395695 0.01047199 -0.08395695 0 0.03290694 0 0.03290694 0.01047199 -0.08395695 0.01047199 0.03290694 0 0.03290694 0.01047199 0.03290694 0 0.149771 0 0.149771 0.01047199 0.03290694 0.01047199 0.149771 0 0.149771 0.01047199 0.149771 0 0.266635 0 0.266635 0.01047199 0.149771 0.01047199 0.266635 0 -1.252596 0.009827971 -1.251144 0.017973 -1.247913 0.02094399 0.149771 0.02094399 0.266635 0.01047199 0.266635 0.02094399 0.149771 0.01047199 0.266635 0.01047199 0.149771 0.02094399 0.03290694 0.02094399 0.149771 0.01047199 0.149771 0.02094399 0.03290694 0.01047199 0.149771 0.01047199 0.03290694 0.02094399 -0.08395695 0.02094399 0.03290694 0.01047199 0.03290694 0.02094399 -0.08395695 0.01047199 0.03290694 0.01047199 -0.08395695 0.02094399 -0.200821 0.02094399 -0.08395695 0.01047199 -0.08395695 0.02094399 -0.200821 0.01047199 -0.08395695 0.01047199 -0.200821 0.02094399 -0.317685 0.02094399 -0.200821 0.01047199 -0.200821 0.02094399 -0.317685 0.01047199 -0.200821 0.01047199 -0.317685 0.02094399 -0.434548 0.02094399 -0.317685 0.01047199 -0.317685 0.02094399 -0.434548 0.01047199 -0.317685 0.01047199 -0.434548 0.02094399 -0.551412 0.02094399 -0.434548 0.01047199 -0.434548 0.02094399 -0.551412 0.01047199 -0.434548 0.01047199 -0.551412 0.02094399 -0.668276 0.02094399 -0.551412 0.01047199 -0.551412 0.02094399 -0.668276 0.01047199 -0.551412 0.01047199 -0.668276 0.02094399 -0.78514 0.02094399 -0.668276 0.01047199 -0.668276 0.02094399 -0.78514 0.01047199 -0.668276 0.01047199 -0.78514 0.02094399 -0.902004 0.02094399 -0.78514 0.01047199 -0.78514 0.02094399 -0.902004 0.01047199 -0.78514 0.01047199 -0.902004 0.02094399 -1.018868 0.02094399 -0.902004 0.01047199 -0.902004 0.02094399 -1.018868 0.01047199 -0.902004 0.01047199 -1.018868 0.02094399 -1.135732 0.02094399 -1.018868 0.01047199 -1.018868 0.02094399 -1.135732 0.01047199 -1.018868 0.01047199 -1.135732 0 0.00771296 -0.01648598 0.01028496 -0.01648598 0.00771296 -0.01648598 0.00771296 -0.01648598 0.01028496 -0.02472895 0.01028496 -0.01648598 0.00771296 -0.02472895 0.01028496 -0.02472895 0.00771296 -0.02472895 0.00771296 -0.02472895 0.01028496 -0.02610296 0.00771296 -0.02472895 0.00771296 -0.02610296 0.00771296 -0.02472895 0.005141973 -0.02472895 0.005141973 -0.02610296 0.00771296 -0.02610296 0.005141973 -0.02472895 0.005141973 -0.02610296 0.005141973 -0.02472895 0.002570986 -0.02472895 0.002570986 -0.02610296 0.005141973 -0.02610296 0.002570986 -0.02472895 0.002570986 -0.02610296 0.002570986 -0.02472895 0 -0.02472895 0 -0.02610296 0.002570986 -0.02884995 0.002570986 -0.02472895 0 -0.02884995 0.002570986 -0.03297197 0 -0.03297197 0 -0.02884995 0.002570986 -0.03297197 0.003527998 -0.03297197 0.003527998 -0.02884995 0.002570986 -0.02884995 0.005141973 -0.03297197 0.003527998 -0.02884995 0.005141973 -0.03297197 0.006755948 -0.03297197 0.006755948 -0.02884995 0.005141973 -0.02884995 0.00771296 -0.03297197 0.006755948 -0.02884995 0.00771296 -0.03297197 0.01028496 -0.03297197 0.01028496 -0.02884995 0.00771296 -0.02472895 0.01028496 -0.02472895 0.01028496 -0.02884995 0.00771296 -0.02610296 0.00771296 -0.02472895 0 -0.01648598 10e-7 -0.02472895 0.002570986 -0.02472895 0.002570986 -0.01648598 10e-7 -0.01648598 0.002570986 -0.02472895 0.002570986 -0.01648598 0.002570986 -0.02472895 0.005141973 -0.02472895 0.005141973 -0.01648598 0.002570986 -0.01648598 0.005141973 -0.02472895 0.005141973 -0.01648598 0.005141973 -0.02472895 0.00771296 -0.02472895 0.00771296 -0.01648598 0.005141973 -0.01648598 0.00771296 -0.01648598 10e-7 0 10e-7 -0.01648598 0.002570986 -0.01648598 0.002570986 0 0.002570986 -0.01648598 0.005141973 -0.01648598 0.005141973 0 0.005141973 -0.01648598 0.00771296 -0.02610296 0.005141973 -0.02610296 0.00771296 -0.02884995 0.00771296 -0.02610296 0.002570986 -0.02610296 0.005141973 -0.02884995 0.005141973 -0.02884995 0.005141973 -0.02610296 0.005141973 -0.02884995 0.00771296 -0.02884995 0.002570986 -0.02610296 0.002570986 -0.02884995 0.005141973 -0.398095 0.250479 -0.407032 0.235 0.008937001 0.01547896 0.008937001 0.01547896 -0.407032 0.235 0 0 -0.02472895 0.01028394 -0.02472895 0.00771296 -0.01648598 0.01028394 -0.01648598 0.01028394 -0.02472895 0.00771296 -0.01648598 0.00771296 -0.01648598 0.01028394 -0.01648598 0.00771296 0 0.00771296 -0.03297197 0.01028496 -0.02884995 0.00771296 -0.02472895 0.01028394 -0.02472895 0.01028394 -0.02884995 0.00771296 -0.02610296 0.00771296 -0.02472895 0.01028394 -0.02610296 0.00771296 -0.02472895 0.00771296 -0.02472895 0.00771296 -0.02610296 0.00771296 -0.02472895 0.005141973 -0.02472895 0.00771296 -0.02472895 0.005141973 -0.01648598 0.005141973 -0.01648598 0.005141973 -0.02472895 0.005141973 -0.01648598 0.002570986 -0.01648598 0.005141973 -0.01648598 0.002570986 0 0.002570986 -0.03297197 0.01028496 -0.03297197 0.006755948 -0.02884995 0.00771296 -0.02884995 0.00771296 -0.03297197 0.006755948 -0.02884995 0.005141973 -0.02884995 0.00771296 -0.02884995 0.005141973 -0.02610296 0.005141973 -0.02610296 0.005141973 -0.02884995 0.005141973 -0.02610296 0.002570986 -0.02610296 0.005141973 -0.02610296 0.002570986 -0.02472895 0.002570986 -0.02472895 0.002570986 -0.02610296 0.002570986 -0.02472895 0 -0.02472895 0.002570986 -0.02472895 0 -0.01648598 0 -0.03297197 0.006755948 -0.03297197 0.003527998 -0.02884995 0.005141973 -0.02884995 0.005141973 -0.03297197 0.003527998 -0.02884995 0.002570986 -0.02884995 0.005141973 -0.02884995 0.002570986 -0.02610296 0.002570986 -0.02610296 0.002570986 -0.02884995 0.002570986 -0.02472895 0 -0.03297197 0.003527998 -0.03297197 0 -0.02884995 0.002570986 -0.02884995 0.002570986 -0.03297197 0 -0.02472895 0 -0.02472895 0.002570986 -0.01648598 0 -0.01648598 0.002570986 -0.01648598 0.002570986 -0.01648598 0 0 0 -0.01648598 0.005141973 0 0.005141973 -0.01648598 0.00771296 -0.02472895 0.005141973 -0.02610296 0.00771296 -0.02610296 0.005141973 -0.02610296 0.005141973 -0.02610296 0.00771296 -0.02884995 0.00771296 -0.01648598 0.005141973 -0.01648598 0.00771296 -0.02472895 0.00771296 -0.01648598 0.002570986 -0.02472895 0.005141973 -0.02472895 0.002570986 -0.02472895 0.002570986 -0.02472895 0.005141973 -0.02610296 0.005141973 0.412922 0.224798 0.005889952 -0.01020199 0.421859 0.2093189 0.421859 0.2093189 0.005889952 -0.01020199 0.01482695 -0.02568095 -0.127512 -0.286397 0 -0.3135 0 -0.2825 0 -0.2825 0 -0.3135 0.127512 -0.286397 0 -0.2825 0.127512 -0.286397 0.115821 -0.257666 0.115821 -0.257666 0.127512 -0.286397 0.232976 -0.209772 0.115821 -0.257666 0.232976 -0.209772 0.211278 -0.1875309 0.211278 -0.1875309 0.232976 -0.209772 0.298156 -0.09687697 0.211278 -0.1875309 0.298156 -0.09687697 0.26959 -0.08442395 0.26959 -0.08442395 0.298156 -0.09687697 0.311783 0.03276997 0.26959 -0.08442395 0.311783 0.03276997 0.280504 0.03352499 0.280504 0.03352499 0.311783 0.03276997 0.271499 0.15675 0.280504 0.03352499 0.271499 0.15675 0.242101 0.1455799 0.242101 0.1455799 0.271499 0.15675 0.184271 0.253627 0.242101 0.1455799 0.184271 0.253627 0.161132 0.23204 0.161132 0.23204 0.184271 0.253627 0.06518 0.306649 0.161132 0.23204 0.06518 0.306649 0.051835 0.277704 0.051835 0.277704 0.06518 0.306649 0.04609996 0.277082 0.04609996 0.277082 0.06518 0.306649 -0.06518 0.306649 0.04609996 0.277082 -0.06518 0.306649 0.04166299 0.273396 0.04166299 0.273396 -0.06518 0.306649 -0.04609996 0.277082 0.04166299 0.273396 -0.04609996 0.277082 -0.04166299 0.273396 -0.184271 0.253627 -0.161132 0.23204 -0.06518 0.306649 -0.06518 0.306649 -0.161132 0.23204 -0.051835 0.277704 -0.06518 0.306649 -0.051835 0.277704 -0.04609996 0.277082 -0.161132 0.23204 -0.184271 0.253627 -0.242101 0.1455799 -0.242101 0.1455799 -0.184271 0.253627 -0.271499 0.15675 -0.242101 0.1455799 -0.271499 0.15675 -0.280504 0.03352499 -0.280504 0.03352499 -0.271499 0.15675 -0.311783 0.03276997 -0.280504 0.03352499 -0.311783 0.03276997 -0.26959 -0.08442395 -0.26959 -0.08442395 -0.311783 0.03276997 -0.298156 -0.09687697 -0.26959 -0.08442395 -0.298156 -0.09687697 -0.211278 -0.1875309 -0.211278 -0.1875309 -0.298156 -0.09687697 -0.232976 -0.209772 -0.211278 -0.1875309 -0.232976 -0.209772 -0.115821 -0.257666 -0.115821 -0.257666 -0.232976 -0.209772 -0.127512 -0.286397 -0.115821 -0.257666 -0.127512 -0.286397 0 -0.2825 -0.03999996 0.25 0.03999996 0.25 -0.03999996 0.267874 -0.03999996 0.267874 0.03999996 0.25 0.03999996 0.267874 -0.03999996 0.267874 0.03999996 0.267874 -0.04166299 0.273396 -0.04166299 0.273396 0.03999996 0.267874 0.04166299 0.273396 0.03999996 0.25 -0.03999996 0.25 0.03236097 0.226489 0.03236097 0.226489 -0.03999996 0.25 -0.03236097 0.226489 0.03236097 0.226489 -0.03236097 0.226489 0.01236099 0.211958 0.01236099 0.211958 -0.03236097 0.226489 -0.01236099 0.211958 -0.225 -0.83537 0.196 -0.83537 -0.225 -0.716031 -0.225 -0.716031 0.196 -0.83537 0.196 -0.716031 -0.225 -0.716031 0.196 -0.716031 -0.225 -0.596693 -0.225 -0.596693 0.196 -0.716031 0.196 -0.596693 -0.225 -0.596693 0.196 -0.596693 -0.225 -0.477354 -0.225 -0.477354 0.196 -0.596693 0.196 -0.477354 -0.225 -0.477354 0.196 -0.477354 -0.225 -0.358016 -0.225 -0.358016 0.196 -0.477354 0.196 -0.358016 -0.225 -0.358016 0.196 -0.358016 -0.225 -0.238677 -0.225 -0.238677 0.196 -0.358016 0.196 -0.238677 -0.225 -0.238677 0.196 -0.238677 -0.225 -0.119339 -0.225 -0.119339 0.196 -0.238677 0.196 -0.119339 -0.225 -0.119339 0.196 -0.119339 -0.225 0 -0.225 0 0.196 -0.119339 0.196 0 -0.225 0 0.196 0 -0.225 0.119339 -0.225 0.119339 0.196 0 0.196 0.119339 -0.225 0.119339 0.196 0.119339 -0.225 0.238677 -0.225 0.238677 0.196 0.119339 0.196 0.238677 -0.225 0.238677 0.196 0.238677 -0.225 0.358016 -0.225 0.358016 0.196 0.238677 0.196 0.358016 -0.225 0.358016 0.196 0.358016 -0.225 0.477354 -0.225 0.477354 0.196 0.358016 0.196 0.477354 -0.225 0.477354 0.196 0.477354 -0.225 0.596693 -0.225 0.596693 0.196 0.477354 0.196 0.596693 -0.225 0.596693 0.196 0.596693 -0.225 0.716031 -0.225 0.716031 0.196 0.596693 0.196 0.716031 -0.225 0.716031 0.196 0.716031 -0.225 0.83537 -0.225 0.83537 0.196 0.716031 0.196 0.83537 -0.225 0.01570796 0.245 0.01570796 -0.225 0.021559 -0.225 0.021559 0.245 0.01570796 0.245 0.021559 -0.225 0.021559 0.245 0.021559 -0.225 0.02740997 -0.225 0.02740997 0.245 0.021559 0.245 0.02740997 -0.225 0.02740997 0.245 0.02740997 0.204864 0.02867197 0.204864 0.02867197 0.245 0.02740997 0.210629 0.02968299 0.210629 0.02968299 0.245 0.02740997 0.212879 0.03104597 0.212879 0.03104597 0.245 0.02740997 0.245 0.033261 0.212879 0.03104597 0.245 0.033261 0.213681 0.03205198 0.213681 0.03205198 0.245 0.033261 0.214 0.033261 0.204864 0.02867197 0.199141 0.02977997 -0.225 0.02740997 -0.225 0.02740997 0.199141 0.02977997 -0.225 0.033261 -0.225 0.033261 0.199141 0.02977997 0.1970649 0.03109896 -0.225 0.033261 0.1970649 0.03109896 0.196312 0.03206497 0.196312 0.03206497 0.196 0.033261 -0.225 0.033261 0.245 0.83537 0.214 0.83537 0.245 0.716031 0.245 0.716031 0.214 0.83537 0.214 0.716031 0.245 0.716031 0.214 0.716031 0.245 0.596693 0.245 0.596693 0.214 0.716031 0.214 0.596693 0.245 0.596693 0.214 0.596693 0.245 0.477354 0.245 0.477354 0.214 0.596693 0.214 0.477354 0.245 0.477354 0.214 0.477354 0.245 0.358016 0.245 0.358016 0.214 0.477354 0.214 0.358016 0.245 0.358016 0.214 0.358016 0.245 0.238677 0.245 0.238677 0.214 0.358016 0.214 0.238677 0.245 0.238677 0.214 0.238677 0.245 0.119339 0.245 0.119339 0.214 0.238677 0.214 0.119339 0.245 0.119339 0.214 0.119339 0.245 0 0.245 0 0.214 0.119339 0.214 0 0.245 0 0.214 0 0.245 -0.119339 0.245 -0.119339 0.214 0 0.214 -0.119339 0.245 -0.119339 0.214 -0.119339 0.245 -0.238677 0.245 -0.238677 0.214 -0.119339 0.214 -0.238677 0.245 -0.238677 0.214 -0.238677 0.245 -0.358016 0.245 -0.358016 0.214 -0.238677 0.214 -0.358016 0.245 -0.358016 0.214 -0.358016 0.245 -0.477354 0.245 -0.477354 0.214 -0.358016 0.214 -0.477354 0.245 -0.477354 0.214 -0.477354 0.245 -0.596693 0.245 -0.596693 0.214 -0.477354 0.214 -0.596693 0.245 -0.596693 0.214 -0.596693 0.245 -0.716031 0.245 -0.716031 0.214 -0.596693 0.214 -0.716031 0.245 -0.716031 0.214 -0.716031 0.245 -0.83537 0.245 -0.83537 0.214 -0.716031 0.214 -0.83537 0.245 -0.01570796 -0.225 -0.01570796 0.245 -0.021559 0.245 -0.021559 -0.225 -0.01570796 -0.225 -0.021559 0.245 -0.021559 -0.225 -0.021559 0.245 -0.02740997 0.245 -0.02740997 -0.225 -0.021559 -0.225 -0.02740997 0.245 -0.02740997 -0.225 -0.02740997 0.205422 -0.02867698 0.205422 -0.02867698 -0.225 -0.02740997 0.199694 -0.02955698 0.199694 -0.02955698 -0.225 -0.02740997 0.1972489 -0.03093194 0.1972489 -0.03093194 -0.225 -0.02740997 -0.225 -0.033261 0.1972489 -0.03093194 -0.225 -0.033261 0.19636 -0.03197795 0.19636 -0.03197795 -0.225 -0.033261 0.196 -0.033261 0.205422 -0.02867698 0.210888 -0.02979296 0.245 -0.02740997 0.245 -0.02740997 0.210888 -0.02979296 0.245 -0.033261 0.245 -0.033261 0.210888 -0.02979296 0.21294 -0.03110295 0.245 -0.033261 0.21294 -0.03110295 0.21369 -0.03206896 0.21369 -0.03206896 0.214 -0.033261 0.245 -0.033261 0.05877095 -0.999222 0.04293495 -0.999222 0.05877095 -1.141968 0.05877095 -1.141968 0.04293495 -0.999222 0.04293495 -1.141968 0.05877095 1.141968 0.04293495 1.141968 0.05877095 1.034909 0.05877095 1.034909 0.04293495 1.141968 0.04293495 0.999222 0.05877095 1.034909 0.04293495 0.999222 0.05877095 0.927849 0.05877095 0.927849 0.04293495 0.999222 0.04293495 0.856476 0.05877095 0.927849 0.04293495 0.856476 0.05877095 0.82079 0.05877095 0.82079 0.04293495 0.856476 0.04293495 0.71373 0.05877095 0.82079 0.04293495 0.71373 0.05877095 0.71373 0.05877095 0.71373 0.04293495 0.71373 0.05877095 0.606671 0.05877095 0.606671 0.04293495 0.71373 0.04293495 0.570984 0.05877095 0.606671 0.04293495 0.570984 0.05877095 0.499611 0.05877095 0.499611 0.04293495 0.570984 0.04293495 0.428238 0.05877095 0.499611 0.04293495 0.428238 0.05877095 0.392552 0.05877095 0.392552 0.04293495 0.428238 0.04293495 0.285492 0.05877095 0.392552 0.04293495 0.285492 0.05877095 0.285492 0.05877095 0.285492 0.04293495 0.285492 0.05877095 0.178433 0.05877095 0.178433 0.04293495 0.285492 0.04293495 0.142746 0.05877095 0.178433 0.04293495 0.142746 0.05877095 0.07137298 0.05877095 0.07137298 0.04293495 0.142746 0.04293495 0 0.05877095 0.07137298 0.04293495 0 0.05877095 -0.03568696 0.05877095 -0.03568696 0.04293495 0 0.04293495 -0.142746 0.05877095 -0.03568696 0.04293495 -0.142746 0.05877095 -0.142746 0.05877095 -0.142746 0.04293495 -0.142746 0.05877095 -0.249806 0.05877095 -0.249806 0.04293495 -0.142746 0.04293495 -0.285492 0.05877095 -0.249806 0.04293495 -0.285492 0.05877095 -0.356865 0.05877095 -0.356865 0.04293495 -0.285492 0.04293495 -0.428238 0.05877095 -0.356865 0.04293495 -0.428238 0.05877095 -0.463925 0.05877095 -0.463925 0.04293495 -0.428238 0.04293495 -0.570984 0.05877095 -0.463925 0.04293495 -0.570984 0.05877095 -0.570984 0.05877095 -0.570984 0.04293495 -0.570984 0.05877095 -0.71373 0.05877095 -0.71373 0.04293495 -0.570984 0.04293495 -0.71373 0.05877095 -0.71373 0.04293495 -0.71373 0.05877095 -0.856476 0.05877095 -0.856476 0.04293495 -0.71373 0.04293495 -0.856476 0.05877095 -0.856476 0.04293495 -0.856476 0.05877095 -0.999222 0.05877095 -0.999222 0.04293495 -0.856476 0.04293495 -0.999222 0.1200489 0.505438 0.1001819 0.570984 0.119731 0.503907 0.119731 0.503907 0.1001819 0.570984 0.1001819 0.428238 0.119731 0.503907 0.1001819 0.428238 0.119731 0.350351 0.119731 0.350351 0.1001819 0.428238 0.1001819 0.285492 0.119731 0.350351 0.1001819 0.285492 0.119731 0.196795 0.119731 0.196795 0.1001819 0.285492 0.1001819 0.142746 0.119731 0.196795 0.1001819 0.142746 0.119731 0.04323899 0.119731 0.04323899 0.1001819 0.142746 0.1001819 0 0.119731 0.04323899 0.1001819 0 0.119731 -0.110317 0.119731 -0.110317 0.1001819 0 0.1001819 -0.142746 0.119731 -0.110317 0.1001819 -0.142746 0.119731 -0.263872 0.119731 -0.263872 0.1001819 -0.142746 0.1001819 -0.285492 0.119731 -0.263872 0.1001819 -0.285492 0.119731 -0.417428 0.119731 -0.417428 0.1001819 -0.285492 0.1001819 -0.428238 0.119731 -0.417428 0.1001819 -0.428238 0.119731 -0.570984 0.119731 -0.570984 0.1001819 -0.428238 0.1001819 -0.570984 0.119731 -0.570984 0.1001819 -0.570984 0.1001819 -0.71373 0.1001819 -0.71373 0.1001819 -0.570984 0.07347697 -0.570984 0.1001819 -0.71373 0.07347697 -0.570984 0.07347697 -0.723247 0.1200489 0.505438 0.120815 0.506664 0.1001819 0.570984 0.1001819 0.570984 0.120815 0.506664 0.122897 0.50829 0.1001819 0.570984 0.122897 0.50829 0.128383 0.509623 -0.157429 0.570984 -0.1292279 0.509623 -0.128805 0.570984 -0.128805 0.570984 -0.1292279 0.509623 -0.123484 0.508577 -0.128805 0.570984 -0.123484 0.508577 -0.121007 0.50688 -0.121007 0.50688 -0.1201 0.505554 -0.128805 0.570984 -0.128805 0.570984 -0.1201 0.505554 -0.1001819 0.570984 -0.128805 0.570984 -0.1001819 0.570984 -0.1229259 0.633663 -0.1229259 0.633663 -0.1001819 0.570984 -0.12082 0.635298 -0.12082 0.635298 -0.1001819 0.570984 -0.120051 0.636526 -0.120051 0.636526 -0.1001819 0.570984 -0.119731 0.638061 -0.119731 0.638061 -0.1001819 0.570984 -0.1001819 0.71373 -0.119731 0.638061 -0.1001819 0.71373 -0.119731 0.791617 -0.119731 0.791617 -0.1001819 0.71373 -0.1001819 0.856476 -0.119731 0.791617 -0.1001819 0.856476 -0.119731 0.945173 -0.119731 0.945173 -0.1001819 0.856476 -0.1001819 0.999222 -0.119731 0.945173 -0.1001819 0.999222 -0.119731 1.098729 -0.119731 1.098729 -0.1001819 0.999222 -0.1001819 1.141968 -0.119731 1.098729 -0.1001819 1.141968 -0.119731 1.252285 -0.119731 -1.031652 -0.1001819 -1.141968 -0.1001819 -0.999222 -0.119731 -1.031652 -0.1001819 -0.999222 -0.119731 -0.878096 -0.119731 -0.878096 -0.1001819 -0.999222 -0.1001819 -0.856476 -0.119731 -0.878096 -0.1001819 -0.856476 -0.119731 -0.72454 -0.119731 -0.72454 -0.1001819 -0.856476 -0.1001819 -0.71373 -0.119731 -0.72454 -0.1001819 -0.71373 -0.119731 -0.570984 -0.119731 -0.570984 -0.1001819 -0.71373 -0.1001819 -0.570984 -0.119731 -0.570984 -0.1001819 -0.570984 -0.1001819 -0.428238 -0.1001819 -0.428238 -0.1001819 -0.570984 -0.07155895 -0.570984 -0.1001819 -0.428238 -0.07155895 -0.570984 -0.07155895 -0.428238 -0.07155895 -0.428238 -0.07155895 -0.570984 -0.04293495 -0.570984 -0.07155895 -0.428238 -0.04293495 -0.570984 -0.04293495 -0.428238 -0.04293495 -0.428238 -0.04293495 -0.570984 -0.01431196 -0.570984 -0.04293495 -0.428238 -0.01431196 -0.570984 -0.01431196 -0.428238 -0.01431196 -0.428238 -0.01431196 -0.570984 0.01431196 -0.570984 -0.01431196 -0.428238 0.01431196 -0.570984 0.01431196 -0.428238 0.01431196 -0.428238 0.01431196 -0.570984 0.04293495 -0.570984 0.01431196 -0.428238 0.04293495 -0.570984 0.04293495 -0.428238 -0.1201 0.505554 -0.119731 0.503907 -0.1001819 0.570984 -0.1001819 0.570984 -0.119731 0.503907 -0.1001819 0.428238 -0.1001819 0.570984 -0.1001819 0.428238 -0.07155895 0.428238 -0.07155895 0.428238 -0.1001819 0.428238 -0.07155895 0.285492 -0.07155895 0.428238 -0.07155895 0.285492 -0.04293495 0.285492 -0.04293495 0.285492 -0.07155895 0.285492 -0.04293495 0.142746 -0.04293495 0.285492 -0.04293495 0.142746 -0.01431196 0.142746 -0.01431196 0.142746 -0.04293495 0.142746 -0.01431196 0 -0.01431196 0.142746 -0.01431196 0 0.01431196 0 0.01431196 0 -0.01431196 0 0.01431196 -0.142746 0.01431196 0 0.01431196 -0.142746 0.04293495 -0.142746 0.04293495 -0.142746 0.01431196 -0.142746 0.04293495 -0.285492 -0.119731 0.503907 -0.119731 0.350351 -0.1001819 0.428238 -0.1001819 0.428238 -0.119731 0.350351 -0.1001819 0.285492 -0.1001819 0.428238 -0.1001819 0.285492 -0.07155895 0.285492 -0.07155895 0.285492 -0.1001819 0.285492 -0.07155895 0.142746 -0.07155895 0.285492 -0.07155895 0.142746 -0.04293495 0.142746 -0.04293495 0.142746 -0.07155895 0.142746 -0.04293495 0 -0.04293495 0.142746 -0.04293495 0 -0.01431196 0 -0.01431196 0 -0.04293495 0 -0.01431196 -0.142746 -0.01431196 0 -0.01431196 -0.142746 0.01431196 -0.142746 0.01431196 -0.142746 -0.01431196 -0.142746 0.01431196 -0.285492 0.01431196 -0.142746 0.01431196 -0.285492 0.04293495 -0.285492 0.04293495 -0.285492 0.01431196 -0.285492 0.04293495 -0.428238 -0.119731 0.350351 -0.119731 0.196795 -0.1001819 0.285492 -0.1001819 0.285492 -0.119731 0.196795 -0.1001819 0.142746 -0.1001819 0.285492 -0.1001819 0.142746 -0.07155895 0.142746 -0.07155895 0.142746 -0.1001819 0.142746 -0.07155895 0 -0.07155895 0.142746 -0.07155895 0 -0.04293495 0 -0.04293495 0 -0.07155895 0 -0.04293495 -0.142746 -0.04293495 0 -0.04293495 -0.142746 -0.01431196 -0.142746 -0.01431196 -0.142746 -0.04293495 -0.142746 -0.01431196 -0.285492 -0.01431196 -0.142746 -0.01431196 -0.285492 0.01431196 -0.285492 0.01431196 -0.285492 -0.01431196 -0.285492 0.01431196 -0.428238 0.01431196 -0.285492 0.01431196 -0.428238 0.04293495 -0.428238 -0.119731 0.196795 -0.119731 0.04323899 -0.1001819 0.142746 -0.1001819 0.142746 -0.119731 0.04323899 -0.1001819 0 -0.1001819 0.142746 -0.1001819 0 -0.07155895 0 -0.07155895 0 -0.1001819 0 -0.07155895 -0.142746 -0.07155895 0 -0.07155895 -0.142746 -0.04293495 -0.142746 -0.04293495 -0.142746 -0.07155895 -0.142746 -0.04293495 -0.285492 -0.04293495 -0.142746 -0.04293495 -0.285492 -0.01431196 -0.285492 -0.01431196 -0.285492 -0.04293495 -0.285492 -0.01431196 -0.428238 -0.01431196 -0.285492 -0.01431196 -0.428238 0.01431196 -0.428238 -0.119731 0.04323899 -0.119731 -0.110317 -0.1001819 0 -0.1001819 0 -0.119731 -0.110317 -0.1001819 -0.142746 -0.1001819 0 -0.1001819 -0.142746 -0.07155895 -0.142746 -0.07155895 -0.142746 -0.1001819 -0.142746 -0.07155895 -0.285492 -0.07155895 -0.142746 -0.07155895 -0.285492 -0.04293495 -0.285492 -0.04293495 -0.285492 -0.07155895 -0.285492 -0.04293495 -0.428238 -0.04293495 -0.285492 -0.04293495 -0.428238 -0.01431196 -0.428238 -0.119731 -0.110317 -0.119731 -0.263872 -0.1001819 -0.142746 -0.1001819 -0.142746 -0.119731 -0.263872 -0.1001819 -0.285492 -0.1001819 -0.142746 -0.1001819 -0.285492 -0.07155895 -0.285492 -0.07155895 -0.285492 -0.1001819 -0.285492 -0.07155895 -0.428238 -0.07155895 -0.285492 -0.07155895 -0.428238 -0.04293495 -0.428238 -0.119731 -0.263872 -0.119731 -0.417428 -0.1001819 -0.285492 -0.1001819 -0.285492 -0.119731 -0.417428 -0.1001819 -0.428238 -0.1001819 -0.285492 -0.1001819 -0.428238 -0.07155895 -0.428238 -0.119731 -0.417428 -0.119731 -0.570984 -0.1001819 -0.428238 -0.1229259 0.633663 -0.128669 0.63234 -0.128805 0.570984 0.128805 0.570984 0.128942 0.63234 0.123159 0.633544 0.128805 0.570984 0.123159 0.633544 0.1001819 0.570984 0.1001819 0.570984 0.123159 0.633544 0.120877 0.635232 0.1001819 0.570984 0.120877 0.635232 0.120058 0.636508 0.120058 0.636508 0.119731 0.638061 0.1001819 0.570984 0.1001819 0.570984 0.119731 0.638061 0.1001819 0.71373 0.1001819 0.570984 0.1001819 0.71373 0.07347697 0.647115 0.07347697 0.647115 0.1001819 0.71373 0.07347697 0.799378 0.07347697 0.799378 0.1001819 0.71373 0.1001819 0.856476 0.07347697 0.799378 0.1001819 0.856476 0.07347697 0.95164 0.07347697 0.95164 0.1001819 0.856476 0.1001819 0.999222 0.07347697 0.95164 0.1001819 0.999222 0.07347697 1.103903 0.07347697 1.103903 0.1001819 0.999222 0.1001819 1.141968 0.07347697 1.103903 0.1001819 1.141968 0.07347697 1.256165 0.07347697 1.256165 0.1001819 1.141968 0.1001819 1.284714 0.07347697 -1.027771 0.1001819 -0.999222 0.07347697 -0.875509 0.07347697 -0.875509 0.1001819 -0.999222 0.1001819 -0.856476 0.07347697 -0.875509 0.1001819 -0.856476 0.07347697 -0.723247 0.07347697 -0.723247 0.1001819 -0.856476 0.1001819 -0.71373 0.119731 0.638061 0.119731 0.791617 0.1001819 0.71373 0.1001819 0.71373 0.119731 0.791617 0.1001819 0.856476 0.119731 0.791617 0.119731 0.945173 0.1001819 0.856476 0.1001819 0.856476 0.119731 0.945173 0.1001819 0.999222 0.119731 0.945173 0.119731 1.098729 0.1001819 0.999222 0.1001819 0.999222 0.119731 1.098729 0.1001819 1.141968 0.119731 -1.185207 0.119731 -1.031652 0.1001819 -1.141968 0.1001819 -1.141968 0.119731 -1.031652 0.1001819 -0.999222 0.119731 -1.031652 0.119731 -0.878096 0.1001819 -0.999222 0.1001819 -0.999222 0.119731 -0.878096 0.1001819 -0.856476 0.119731 -0.878096 0.119731 -0.72454 0.1001819 -0.856476 0.1001819 -0.856476 0.119731 -0.72454 0.1001819 -0.71373 0.119731 -0.72454 0.119731 -0.570984 0.1001819 -0.71373 0.07347697 0.647115 0.07347697 0.494853 0.1001819 0.570984 0.1001819 0.570984 0.07347697 0.494853 0.1001819 0.428238 0.07347697 0.494853 0.07347697 0.34259 0.1001819 0.428238 0.1001819 0.428238 0.07347697 0.34259 0.1001819 0.285492 0.07347697 0.34259 0.07347697 0.190328 0.1001819 0.285492 0.1001819 0.285492 0.07347697 0.190328 0.1001819 0.142746 0.07347697 0.190328 0.07347697 0.03806596 0.1001819 0.142746 0.1001819 0.142746 0.07347697 0.03806596 0.1001819 0 0.07347697 0.03806596 0.07347697 -0.114197 0.1001819 0 0.1001819 0 0.07347697 -0.114197 0.1001819 -0.142746 0.07347697 -0.114197 0.07347697 -0.266459 0.1001819 -0.142746 0.1001819 -0.142746 0.07347697 -0.266459 0.1001819 -0.285492 0.07347697 -0.266459 0.07347697 -0.418722 0.1001819 -0.285492 0.1001819 -0.285492 0.07347697 -0.418722 0.1001819 -0.428238 0.07347697 -0.418722 0.07347697 -0.570984 0.1001819 -0.428238 0.1001819 -0.428238 0.07347697 -0.570984 0.1001819 -0.570984 -0.03047996 1.141968 -0.04293495 1.141968 -0.04293495 0.999222 -0.04293495 0.999222 -0.04293495 1.141968 -0.07155895 1.141968 -0.04293495 0.999222 -0.07155895 1.141968 -0.07155895 0.999222 -0.07155895 0.999222 -0.07155895 1.141968 -0.1001819 1.141968 -0.07155895 0.999222 -0.1001819 1.141968 -0.1001819 0.999222 -0.03047996 1.141968 -0.01431196 1.141968 -0.01431196 1.284714 -0.01431196 1.284714 -0.01431196 1.141968 0.01431196 1.141968 -0.01431196 -0.999222 0.01431196 -1.141968 0.01431196 -0.999222 0.01431196 1.284714 0.01431196 1.141968 0.04293495 1.141968 0.01431196 -0.999222 0.04293495 -1.141968 0.04293495 -0.999222 0.04293495 1.141968 0.01431196 1.141968 0.04293495 0.999222 0.04293495 0.999222 0.01431196 1.141968 0.01431196 0.999222 0.04293495 0.999222 0.01431196 0.999222 0.04293495 0.856476 0.04293495 0.856476 0.01431196 0.999222 0.01431196 0.856476 0.04293495 0.856476 0.01431196 0.856476 0.04293495 0.71373 0.04293495 0.71373 0.01431196 0.856476 0.01431196 0.71373 0.04293495 0.71373 0.01431196 0.71373 0.04293495 0.570984 0.04293495 0.570984 0.01431196 0.71373 0.01431196 0.570984 0.04293495 0.570984 0.01431196 0.570984 0.04293495 0.428238 0.04293495 0.428238 0.01431196 0.570984 0.01431196 0.428238 0.04293495 0.428238 0.01431196 0.428238 0.04293495 0.285492 0.04293495 0.285492 0.01431196 0.428238 0.01431196 0.285492 0.04293495 0.285492 0.01431196 0.285492 0.04293495 0.142746 0.04293495 0.142746 0.01431196 0.285492 0.01431196 0.142746 0.04293495 0.142746 0.01431196 0.142746 0.04293495 0 0.04293495 0 0.01431196 0.142746 0.01431196 0 0.04293495 0 0.01431196 0 0.04293495 -0.142746 0.01431196 1.141968 -0.01431196 1.141968 0.01431196 0.999222 0.01431196 0.999222 -0.01431196 1.141968 -0.01431196 0.999222 0.01431196 0.999222 -0.01431196 0.999222 0.01431196 0.856476 0.01431196 0.856476 -0.01431196 0.999222 -0.01431196 0.856476 0.01431196 0.856476 -0.01431196 0.856476 0.01431196 0.71373 0.01431196 0.71373 -0.01431196 0.856476 -0.01431196 0.71373 0.01431196 0.71373 -0.01431196 0.71373 0.01431196 0.570984 0.01431196 0.570984 -0.01431196 0.71373 -0.01431196 0.570984 0.01431196 0.570984 -0.01431196 0.570984 0.01431196 0.428238 0.01431196 0.428238 -0.01431196 0.570984 -0.01431196 0.428238 0.01431196 0.428238 -0.01431196 0.428238 0.01431196 0.285492 0.01431196 0.285492 -0.01431196 0.428238 -0.01431196 0.285492 0.01431196 0.285492 -0.01431196 0.285492 0.01431196 0.142746 0.01431196 0.142746 -0.01431196 0.285492 -0.01431196 0.142746 0.01431196 0.142746 -0.01431196 0.142746 0.01431196 0 -0.01431196 1.141968 -0.03047996 1.141968 -0.01431196 0.999222 -0.01431196 0.999222 -0.03047996 1.141968 -0.04293495 0.999222 -0.01431196 0.999222 -0.04293495 0.999222 -0.01431196 0.856476 -0.01431196 0.856476 -0.04293495 0.999222 -0.04293495 0.856476 -0.01431196 0.856476 -0.04293495 0.856476 -0.01431196 0.71373 -0.01431196 0.71373 -0.04293495 0.856476 -0.04293495 0.71373 -0.01431196 0.71373 -0.04293495 0.71373 -0.01431196 0.570984 -0.01431196 0.570984 -0.04293495 0.71373 -0.04293495 0.570984 -0.01431196 0.570984 -0.04293495 0.570984 -0.01431196 0.428238 -0.01431196 0.428238 -0.04293495 0.570984 -0.04293495 0.428238 -0.01431196 0.428238 -0.04293495 0.428238 -0.01431196 0.285492 -0.01431196 0.285492 -0.04293495 0.428238 -0.04293495 0.285492 -0.01431196 0.285492 -0.04293495 0.285492 -0.01431196 0.142746 -0.04293495 1.141968 -0.03047996 1.141968 -0.04293495 1.284714 -0.04293495 -0.999222 -0.03047996 -1.141968 -0.01431196 -0.999222 -0.04293495 -0.999222 -0.01431196 -0.999222 -0.04293495 -0.856476 -0.04293495 -0.856476 -0.01431196 -0.999222 -0.01431196 -0.856476 -0.04293495 -0.856476 -0.01431196 -0.856476 -0.04293495 -0.71373 -0.04293495 -0.71373 -0.01431196 -0.856476 -0.01431196 -0.71373 -0.04293495 -0.71373 -0.01431196 -0.71373 -0.04293495 -0.570984 -0.04293495 -0.570984 -0.01431196 -0.71373 -0.01431196 -0.570984 -0.1001819 -0.999222 -0.1001819 -1.141968 -0.07155895 -1.141968 -0.07155895 1.141968 -0.04293495 1.141968 -0.07155895 1.284714 -0.07155895 -0.999222 -0.04293495 -1.141968 -0.04293495 -0.999222 -0.07155895 -0.999222 -0.04293495 -0.999222 -0.07155895 -0.856476 -0.07155895 -0.856476 -0.04293495 -0.999222 -0.04293495 -0.856476 -0.07155895 -0.856476 -0.04293495 -0.856476 -0.07155895 -0.71373 -0.07155895 -0.71373 -0.04293495 -0.856476 -0.04293495 -0.71373 -0.07155895 -0.71373 -0.04293495 -0.71373 -0.07155895 -0.570984 -0.07155895 -0.570984 -0.04293495 -0.71373 -0.04293495 -0.570984 -0.01431196 -0.856476 -0.01431196 -0.999222 0.01431196 -0.999222 0.01431196 -0.999222 0.04293495 -0.999222 0.01431196 -0.856476 0.01431196 -0.856476 0.04293495 -0.999222 0.04293495 -0.856476 0.01431196 -0.856476 0.04293495 -0.856476 0.01431196 -0.71373 0.01431196 -0.71373 0.04293495 -0.856476 0.04293495 -0.71373 0.01431196 -0.71373 0.04293495 -0.71373 0.01431196 -0.570984 0.01431196 -0.570984 0.04293495 -0.71373 0.04293495 -0.570984 -0.1001819 -0.856476 -0.1001819 -0.999222 -0.07155895 -0.999222 -0.07155895 -0.999222 -0.1001819 -0.999222 -0.07155895 -1.141968 -0.1001819 -0.856476 -0.07155895 -0.999222 -0.07155895 -0.856476 -0.01431196 -0.71373 -0.01431196 -0.856476 0.01431196 -0.856476 0.01431196 -0.856476 -0.01431196 -0.856476 0.01431196 -0.999222 -0.01431196 -0.71373 0.01431196 -0.856476 0.01431196 -0.71373 -0.1001819 -0.71373 -0.1001819 -0.856476 -0.07155895 -0.856476 -0.1001819 -0.71373 -0.07155895 -0.856476 -0.07155895 -0.71373 -0.01431196 -0.570984 -0.01431196 -0.71373 0.01431196 -0.71373 -0.01431196 -0.570984 0.01431196 -0.71373 0.01431196 -0.570984 -0.1001819 -0.570984 -0.1001819 -0.71373 -0.07155895 -0.71373 -0.1001819 -0.570984 -0.07155895 -0.71373 -0.07155895 -0.570984 -0.07155895 0.428238 -0.04293495 0.285492 -0.04293495 0.428238 -0.07155895 0.428238 -0.04293495 0.428238 -0.07155895 0.570984 -0.07155895 0.570984 -0.04293495 0.428238 -0.04293495 0.570984 -0.07155895 0.570984 -0.04293495 0.570984 -0.07155895 0.71373 -0.07155895 0.71373 -0.04293495 0.570984 -0.04293495 0.71373 -0.07155895 0.71373 -0.04293495 0.71373 -0.07155895 0.856476 -0.07155895 0.856476 -0.04293495 0.71373 -0.04293495 0.856476 -0.07155895 0.856476 -0.04293495 0.856476 -0.07155895 0.999222 -0.07155895 0.999222 -0.04293495 0.856476 -0.04293495 0.999222 -0.1001819 0.71373 -0.1001819 0.570984 -0.07155895 0.570984 -0.07155895 0.570984 -0.1001819 0.570984 -0.07155895 0.428238 -0.1001819 0.71373 -0.07155895 0.570984 -0.07155895 0.71373 -0.1001819 0.856476 -0.1001819 0.71373 -0.07155895 0.71373 -0.1001819 0.856476 -0.07155895 0.71373 -0.07155895 0.856476 -0.1001819 0.999222 -0.1001819 0.856476 -0.07155895 0.856476 -0.1001819 0.999222 -0.07155895 0.856476 -0.07155895 0.999222 0 0.097283 -0.006202995 0 0 0 0 0 -0.006202995 0 -0.006202995 -0.129711 0 0 -0.006202995 -0.129711 0 -0.129711 0 -0.129711 -0.006202995 -0.129711 -0.006202995 -0.259422 0 -0.129711 -0.006202995 -0.259422 0 -0.259422 0 -0.259422 -0.006202995 -0.259422 -0.006202995 -0.389134 0 -0.259422 -0.006202995 -0.389134 0 -0.389134 0 -0.389134 -0.006202995 -0.389134 -0.006202995 -0.518845 0 -0.389134 -0.006202995 -0.518845 0 -0.518845 0 -0.518845 -0.006202995 -0.518845 -0.006202995 -0.616128 0 -0.518845 -0.006202995 -0.616128 0 -0.616128 0 -0.616128 -0.006202995 -0.616128 -0.006202995 -0.713412 0 -0.616128 -0.006202995 -0.713412 0 -0.713412 0 -0.713412 -0.006202995 -0.713412 -0.006202995 -0.810695 0 -0.713412 -0.006202995 -0.810695 0 -0.810695 0 -0.810695 -0.006202995 -0.810695 -0.006202995 -0.907979 0 -0.810695 -0.006202995 -0.907979 0 -0.907979 0 -0.907979 -0.006202995 -0.907979 -0.006202995 -1.005262 0 -0.907979 -0.006202995 -1.005262 0 -1.005262 0 -1.005262 -0.006202995 -1.005262 -0.006202995 -1.102545 0 -1.005262 -0.006202995 -1.102545 0 -1.102545 0 0.972834 -0.006202995 0.972834 -0.006202995 0.875551 0 0.972834 -0.006202995 0.875551 0 0.875551 0 0.875551 -0.006202995 0.875551 -0.006202995 0.778267 0 0.875551 -0.006202995 0.778267 0 0.778267 0 0.778267 -0.006202995 0.778267 -0.006202995 0.680984 0 0.778267 -0.006202995 0.680984 0 0.680984 0 0.680984 -0.006202995 0.680984 -0.006202995 0.5837 0 0.680984 -0.006202995 0.5837 0 0.5837 0 0.5837 -0.006202995 0.5837 -0.006202995 0.486417 0 0.5837 -0.006202995 0.486417 0 0.486417 0 0.486417 -0.006202995 0.486417 -0.006202995 0.389134 0 0.486417 -0.006202995 0.389134 0 0.389134 0 0.389134 -0.006202995 0.389134 -0.006202995 0.29185 0 0.389134 -0.006202995 0.29185 0 0.29185 0 0.29185 -0.006202995 0.29185 -0.006202995 0.194567 0 0.29185 -0.006202995 0.194567 0 0.194567 0 0.194567 -0.006202995 0.194567 -0.006202995 0.097283 0 0.194567 -0.006202995 0.097283 0 0.097283 0 0.097283 -0.006202995 0.097283 -0.006202995 0 -0.106567 0.351305 -0.03259098 0.330899 0 0.367113 0 0.367113 -0.03259098 0.330899 0.06486797 0.326111 0 0.367113 0.06486797 0.326111 0.07161998 0.360059 0.07161998 0.360059 0.06486797 0.326111 0.140488 0.339168 0.140488 0.339168 0.06486797 0.326111 0.1567389 0.293239 0.140488 0.339168 0.1567389 0.293239 0.203957 0.305244 0.203957 0.305244 0.1567389 0.293239 0.235113 0.235113 0.203957 0.305244 0.235113 0.235113 0.259588 0.259588 0.259588 0.259588 0.235113 0.235113 0.305244 0.203957 0.305244 0.203957 0.235113 0.235113 0.293239 0.1567389 0.305244 0.203957 0.293239 0.1567389 0.339168 0.140488 0.339168 0.140488 0.293239 0.1567389 0.326111 0.06486797 0.339168 0.140488 0.326111 0.06486797 0.360059 0.07161998 0.360059 0.07161998 0.326111 0.06486797 0.367113 0 0.367113 0 0.326111 0.06486797 0.330899 -0.03259098 0.367113 0 0.330899 -0.03259098 0.351305 -0.106567 0.351305 -0.106567 0.330899 -0.03259098 0.30719 -0.127242 0.351305 -0.106567 0.30719 -0.127242 0.305244 -0.203957 0.305244 -0.203957 0.30719 -0.127242 0.257026 -0.210936 0.305244 -0.203957 0.257026 -0.210936 0.232894 -0.283782 0.232894 -0.283782 0.257026 -0.210936 0.184727 -0.276464 0.232894 -0.283782 0.184727 -0.276464 0.140488 -0.339168 0.140488 -0.339168 0.184727 -0.276464 0.09652 -0.318183 0.140488 -0.339168 0.09652 -0.318183 0.03598296 -0.365346 0.03598296 -0.365346 0.09652 -0.318183 0 -0.3325 0.03598296 -0.365346 0 -0.3325 -0.07161998 -0.360059 -0.07161998 -0.360059 0 -0.3325 -0.127242 -0.30719 -0.07161998 -0.360059 -0.127242 -0.30719 -0.173056 -0.323765 -0.173056 -0.323765 -0.127242 -0.30719 -0.235113 -0.235113 -0.173056 -0.323765 -0.235113 -0.235113 -0.259588 -0.259588 -0.259588 -0.259588 -0.235113 -0.235113 -0.323765 -0.173056 -0.323765 -0.173056 -0.235113 -0.235113 -0.30719 -0.127242 -0.323765 -0.173056 -0.30719 -0.127242 -0.360059 -0.07161998 -0.360059 -0.07161998 -0.30719 -0.127242 -0.3325 0 -0.360059 -0.07161998 -0.3325 0 -0.365346 0.03598296 -0.365346 0.03598296 -0.3325 0 -0.318183 0.09652 -0.365346 0.03598296 -0.318183 0.09652 -0.339168 0.140488 -0.339168 0.140488 -0.318183 0.09652 -0.276464 0.184727 -0.339168 0.140488 -0.276464 0.184727 -0.283782 0.232894 -0.283782 0.232894 -0.276464 0.184727 -0.210936 0.257026 -0.283782 0.232894 -0.210936 0.257026 -0.203957 0.305244 -0.203957 0.305244 -0.210936 0.257026 -0.127242 0.30719 -0.203957 0.305244 -0.127242 0.30719 -0.106567 0.351305 -0.106567 0.351305 -0.127242 0.30719 -0.03259098 0.330899 0 -0.05267095 -0.01570796 -0.06664299 0 -0.06748098 0 0.06580597 -0.01570796 0.06664299 -0.01570796 0.05183398 0 0.06580597 -0.01570796 0.05183398 0 0.050996 0 0.050996 -0.01570796 0.05183398 -0.01570796 0.03702396 0 0.050996 -0.01570796 0.03702396 0 0.03618597 0 0.03618597 -0.01570796 0.03702396 -0.01570796 0.02221399 0 0.03618597 -0.01570796 0.02221399 0 0.02137696 0 0.02137696 -0.01570796 0.02221399 -0.01570796 0.007404983 0 0.02137696 -0.01570796 0.007404983 0 0.006566941 0 0.006566941 -0.01570796 0.007404983 -0.01570796 -0.007404983 0 0.006566941 -0.01570796 -0.007404983 0 -0.008241951 0 -0.008241951 -0.01570796 -0.007404983 -0.01570796 -0.02221399 0 -0.008241951 -0.01570796 -0.02221399 0 -0.02305197 0 -0.02305197 -0.01570796 -0.02221399 -0.01570796 -0.03702396 0 -0.02305197 -0.01570796 -0.03702396 0 -0.037862 0 -0.037862 -0.01570796 -0.03702396 -0.01570796 -0.05183398 0 -0.037862 -0.01570796 -0.05183398 0 -0.05267095 0 -0.05267095 -0.01570796 -0.05183398 -0.01570796 -0.06664299 -0.03141599 0.06664299 -0.04712396 0.06664299 -0.03141599 0.05183398 -0.03141599 0.05183398 -0.04712396 0.06664299 -0.03141599 0.03702396 -0.03141599 0.03702396 -0.04712396 0.06664299 -0.03141599 0.02221399 -0.03141599 0.007404983 -0.04712396 0.06664299 -0.03141599 -0.007404983 -0.03141599 -0.007404983 -0.04712396 -0.06664299 -0.03141599 -0.02221399 -0.03141599 -0.03702396 -0.04712396 -0.06664299 -0.03141599 -0.05183398 -0.03141599 0.08145296 -0.04712396 0.06664299 -0.03141599 0.06664299 -0.01570796 0.06664299 -0.03141599 0.06664299 -0.01570796 0.05183398 -0.01570796 0.05183398 -0.03141599 0.06664299 -0.03141599 0.05183398 -0.01570796 0.05183398 -0.03141599 0.05183398 -0.01570796 0.03702396 -0.01570796 0.03702396 -0.03141599 0.05183398 -0.03141599 0.03702396 -0.01570796 0.03702396 -0.03141599 0.03702396 -0.01570796 0.02221399 -0.01570796 0.02221399 -0.03141599 0.03702396 -0.03141599 0.02221399 -0.01570796 0.02221399 -0.03141599 0.02221399 -0.01570796 0.007404983 -0.01570796 0.007404983 -0.03141599 0.02221399 -0.03141599 0.007404983 -0.01570796 0.007404983 -0.03141599 0.007404983 -0.01570796 -0.007404983 -0.01570796 -0.007404983 -0.03141599 0.007404983 -0.03141599 -0.007404983 -0.01570796 -0.007404983 -0.03141599 -0.007404983 -0.01570796 -0.02221399 -0.01570796 -0.02221399 -0.03141599 -0.007404983 -0.03141599 -0.02221399 -0.01570796 -0.02221399 -0.03141599 -0.02221399 -0.01570796 -0.03702396 -0.01570796 -0.03702396 -0.03141599 -0.02221399 -0.03141599 -0.03702396 -0.01570796 -0.03702396 -0.03141599 -0.03702396 -0.01570796 -0.05183398 -0.01570796 -0.05183398 -0.03141599 -0.03702396 -0.03141599 -0.05183398 -0.01570796 -0.05183398 -0.03141599 -0.05183398 -0.01570796 -0.06664299 -0.01570796 0.06664299 -0.03141599 0.08145296 -0.03141599 0.06664299 -0.03141599 -0.02221399 -0.04712396 -0.06664299 -0.03141599 -0.03702396 -0.03141599 0.02221399 -0.04712396 0.06664299 -0.03141599 0.007404983 0 -0.05267095 -0.01570796 -0.06664299 0 -0.06748098 0 0.06580597 -0.01570796 0.06664299 -0.01570796 0.05183398 0 0.06580597 -0.01570796 0.05183398 0 0.050996 0 0.050996 -0.01570796 0.05183398 -0.01570796 0.03702396 0 0.050996 -0.01570796 0.03702396 0 0.03618597 0 0.03618597 -0.01570796 0.03702396 -0.01570796 0.02221399 0 0.03618597 -0.01570796 0.02221399 0 0.02137696 0 0.02137696 -0.01570796 0.02221399 -0.01570796 0.007404983 0 0.02137696 -0.01570796 0.007404983 0 0.006566941 0 0.006566941 -0.01570796 0.007404983 -0.01570796 -0.007404983 0 0.006566941 -0.01570796 -0.007404983 0 -0.008241951 0 -0.008241951 -0.01570796 -0.007404983 -0.01570796 -0.02221399 0 -0.008241951 -0.01570796 -0.02221399 0 -0.02305197 0 -0.02305197 -0.01570796 -0.02221399 -0.01570796 -0.03702396 0 -0.02305197 -0.01570796 -0.03702396 0 -0.037862 0 -0.037862 -0.01570796 -0.03702396 -0.01570796 -0.05183398 0 -0.037862 -0.01570796 -0.05183398 0 -0.05267095 0 -0.05267095 -0.01570796 -0.05183398 -0.01570796 -0.06664299 -0.03141599 0.06664299 -0.04712396 0.06664299 -0.03141599 0.05183398 -0.03141599 0.05183398 -0.04712396 0.06664299 -0.03141599 0.03702396 -0.03141599 0.03702396 -0.04712396 0.06664299 -0.03141599 0.02221399 -0.03141599 0.007404983 -0.04712396 0.06664299 -0.03141599 -0.007404983 -0.03141599 -0.007404983 -0.04712396 -0.06664299 -0.03141599 -0.02221399 -0.03141599 -0.03702396 -0.04712396 -0.06664299 -0.03141599 -0.05183398 -0.03141599 0.08145296 -0.04712396 0.06664299 -0.03141599 0.06664299 -0.01570796 0.06664299 -0.03141599 0.06664299 -0.01570796 0.05183398 -0.01570796 0.05183398 -0.03141599 0.06664299 -0.03141599 0.05183398 -0.01570796 0.05183398 -0.03141599 0.05183398 -0.01570796 0.03702396 -0.01570796 0.03702396 -0.03141599 0.05183398 -0.03141599 0.03702396 -0.01570796 0.03702396 -0.03141599 0.03702396 -0.01570796 0.02221399 -0.01570796 0.02221399 -0.03141599 0.03702396 -0.03141599 0.02221399 -0.01570796 0.02221399 -0.03141599 0.02221399 -0.01570796 0.007404983 -0.01570796 0.007404983 -0.03141599 0.02221399 -0.03141599 0.007404983 -0.01570796 0.007404983 -0.03141599 0.007404983 -0.01570796 -0.007404983 -0.01570796 -0.007404983 -0.03141599 0.007404983 -0.03141599 -0.007404983 -0.01570796 -0.007404983 -0.03141599 -0.007404983 -0.01570796 -0.02221399 -0.01570796 -0.02221399 -0.03141599 -0.007404983 -0.03141599 -0.02221399 -0.01570796 -0.02221399 -0.03141599 -0.02221399 -0.01570796 -0.03702396 -0.01570796 -0.03702396 -0.03141599 -0.02221399 -0.03141599 -0.03702396 -0.01570796 -0.03702396 -0.03141599 -0.03702396 -0.01570796 -0.05183398 -0.01570796 -0.05183398 -0.03141599 -0.03702396 -0.03141599 -0.05183398 -0.01570796 -0.05183398 -0.03141599 -0.05183398 -0.01570796 -0.06664299 -0.01570796 0.06664299 -0.03141599 0.08145296 -0.03141599 0.06664299 -0.03141599 -0.02221399 -0.04712396 -0.06664299 -0.03141599 -0.03702396 -0.03141599 0.02221399 -0.04712396 0.06664299 -0.03141599 0.007404983 0 -0.05267095 -0.01570796 -0.06664299 0 -0.06748098 0 0.06580597 -0.01570796 0.06664299 -0.01570796 0.05183398 0 0.06580597 -0.01570796 0.05183398 0 0.050996 0 0.050996 -0.01570796 0.05183398 -0.01570796 0.03702396 0 0.050996 -0.01570796 0.03702396 0 0.03618597 0 0.03618597 -0.01570796 0.03702396 -0.01570796 0.02221399 0 0.03618597 -0.01570796 0.02221399 0 0.02137696 0 0.02137696 -0.01570796 0.02221399 -0.01570796 0.007404983 0 0.02137696 -0.01570796 0.007404983 0 0.006566941 0 0.006566941 -0.01570796 0.007404983 -0.01570796 -0.007404983 0 0.006566941 -0.01570796 -0.007404983 0 -0.008241951 0 -0.008241951 -0.01570796 -0.007404983 -0.01570796 -0.02221399 0 -0.008241951 -0.01570796 -0.02221399 0 -0.02305197 0 -0.02305197 -0.01570796 -0.02221399 -0.01570796 -0.03702396 0 -0.02305197 -0.01570796 -0.03702396 0 -0.037862 0 -0.037862 -0.01570796 -0.03702396 -0.01570796 -0.05183398 0 -0.037862 -0.01570796 -0.05183398 0 -0.05267095 0 -0.05267095 -0.01570796 -0.05183398 -0.01570796 -0.06664299 -0.03141599 0.06664299 -0.04712396 0.06664299 -0.03141599 0.05183398 -0.03141599 0.05183398 -0.04712396 0.06664299 -0.03141599 0.03702396 -0.03141599 0.03702396 -0.04712396 0.06664299 -0.03141599 0.02221399 -0.03141599 0.007404983 -0.04712396 0.06664299 -0.03141599 -0.007404983 -0.03141599 -0.007404983 -0.04712396 -0.06664299 -0.03141599 -0.02221399 -0.03141599 -0.03702396 -0.04712396 -0.06664299 -0.03141599 -0.05183398 -0.03141599 0.08145296 -0.04712396 0.06664299 -0.03141599 0.06664299 -0.01570796 0.06664299 -0.03141599 0.06664299 -0.01570796 0.05183398 -0.01570796 0.05183398 -0.03141599 0.06664299 -0.03141599 0.05183398 -0.01570796 0.05183398 -0.03141599 0.05183398 -0.01570796 0.03702396 -0.01570796 0.03702396 -0.03141599 0.05183398 -0.03141599 0.03702396 -0.01570796 0.03702396 -0.03141599 0.03702396 -0.01570796 0.02221399 -0.01570796 0.02221399 -0.03141599 0.03702396 -0.03141599 0.02221399 -0.01570796 0.02221399 -0.03141599 0.02221399 -0.01570796 0.007404983 -0.01570796 0.007404983 -0.03141599 0.02221399 -0.03141599 0.007404983 -0.01570796 0.007404983 -0.03141599 0.007404983 -0.01570796 -0.007404983 -0.01570796 -0.007404983 -0.03141599 0.007404983 -0.03141599 -0.007404983 -0.01570796 -0.007404983 -0.03141599 -0.007404983 -0.01570796 -0.02221399 -0.01570796 -0.02221399 -0.03141599 -0.007404983 -0.03141599 -0.02221399 -0.01570796 -0.02221399 -0.03141599 -0.02221399 -0.01570796 -0.03702396 -0.01570796 -0.03702396 -0.03141599 -0.02221399 -0.03141599 -0.03702396 -0.01570796 -0.03702396 -0.03141599 -0.03702396 -0.01570796 -0.05183398 -0.01570796 -0.05183398 -0.03141599 -0.03702396 -0.03141599 -0.05183398 -0.01570796 -0.05183398 -0.03141599 -0.05183398 -0.01570796 -0.06664299 -0.01570796 0.06664299 -0.03141599 0.08145296 -0.03141599 0.06664299 -0.03141599 -0.02221399 -0.04712396 -0.06664299 -0.03141599 -0.03702396 -0.03141599 0.02221399 -0.04712396 0.06664299 -0.03141599 0.007404983 0 -0.05267095 -0.01570796 -0.06664299 0 -0.06748098 0 0.06580597 -0.01570796 0.06664299 -0.01570796 0.05183398 0 0.06580597 -0.01570796 0.05183398 0 0.050996 0 0.050996 -0.01570796 0.05183398 -0.01570796 0.03702396 0 0.050996 -0.01570796 0.03702396 0 0.03618597 0 0.03618597 -0.01570796 0.03702396 -0.01570796 0.02221399 0 0.03618597 -0.01570796 0.02221399 0 0.02137696 0 0.02137696 -0.01570796 0.02221399 -0.01570796 0.007404983 0 0.02137696 -0.01570796 0.007404983 0 0.006566941 0 0.006566941 -0.01570796 0.007404983 -0.01570796 -0.007404983 0 0.006566941 -0.01570796 -0.007404983 0 -0.008241951 0 -0.008241951 -0.01570796 -0.007404983 -0.01570796 -0.02221399 0 -0.008241951 -0.01570796 -0.02221399 0 -0.02305197 0 -0.02305197 -0.01570796 -0.02221399 -0.01570796 -0.03702396 0 -0.02305197 -0.01570796 -0.03702396 0 -0.037862 0 -0.037862 -0.01570796 -0.03702396 -0.01570796 -0.05183398 0 -0.037862 -0.01570796 -0.05183398 0 -0.05267095 0 -0.05267095 -0.01570796 -0.05183398 -0.01570796 -0.06664299 -0.03141599 0.06664299 -0.04712396 0.06664299 -0.03141599 0.05183398 -0.03141599 0.05183398 -0.04712396 0.06664299 -0.03141599 0.03702396 -0.03141599 0.03702396 -0.04712396 0.06664299 -0.03141599 0.02221399 -0.03141599 0.007404983 -0.04712396 0.06664299 -0.03141599 -0.007404983 -0.03141599 -0.007404983 -0.04712396 -0.06664299 -0.03141599 -0.02221399 -0.03141599 -0.03702396 -0.04712396 -0.06664299 -0.03141599 -0.05183398 -0.03141599 0.08145296 -0.04712396 0.06664299 -0.03141599 0.06664299 -0.01570796 0.06664299 -0.03141599 0.06664299 -0.01570796 0.05183398 -0.01570796 0.05183398 -0.03141599 0.06664299 -0.03141599 0.05183398 -0.01570796 0.05183398 -0.03141599 0.05183398 -0.01570796 0.03702396 -0.01570796 0.03702396 -0.03141599 0.05183398 -0.03141599 0.03702396 -0.01570796 0.03702396 -0.03141599 0.03702396 -0.01570796 0.02221399 -0.01570796 0.02221399 -0.03141599 0.03702396 -0.03141599 0.02221399 -0.01570796 0.02221399 -0.03141599 0.02221399 -0.01570796 0.007404983 -0.01570796 0.007404983 -0.03141599 0.02221399 -0.03141599 0.007404983 -0.01570796 0.007404983 -0.03141599 0.007404983 -0.01570796 -0.007404983 -0.01570796 -0.007404983 -0.03141599 0.007404983 -0.03141599 -0.007404983 -0.01570796 -0.007404983 -0.03141599 -0.007404983 -0.01570796 -0.02221399 -0.01570796 -0.02221399 -0.03141599 -0.007404983 -0.03141599 -0.02221399 -0.01570796 -0.02221399 -0.03141599 -0.02221399 -0.01570796 -0.03702396 -0.01570796 -0.03702396 -0.03141599 -0.02221399 -0.03141599 -0.03702396 -0.01570796 -0.03702396 -0.03141599 -0.03702396 -0.01570796 -0.05183398 -0.01570796 -0.05183398 -0.03141599 -0.03702396 -0.03141599 -0.05183398 -0.01570796 -0.05183398 -0.03141599 -0.05183398 -0.01570796 -0.06664299 -0.01570796 0.06664299 -0.03141599 0.08145296 -0.03141599 0.06664299 -0.03141599 -0.02221399 -0.04712396 -0.06664299 -0.03141599 -0.03702396 -0.03141599 0.02221399 -0.04712396 0.06664299 -0.03141599 0.007404983 0 -0.05267095 -0.01570796 -0.06664299 0 -0.06748098 0 0.06580597 -0.01570796 0.06664299 -0.01570796 0.05183398 0 0.06580597 -0.01570796 0.05183398 0 0.050996 0 0.050996 -0.01570796 0.05183398 -0.01570796 0.03702396 0 0.050996 -0.01570796 0.03702396 0 0.03618597 0 0.03618597 -0.01570796 0.03702396 -0.01570796 0.02221399 0 0.03618597 -0.01570796 0.02221399 0 0.02137696 0 0.02137696 -0.01570796 0.02221399 -0.01570796 0.007404983 0 0.02137696 -0.01570796 0.007404983 0 0.006566941 0 0.006566941 -0.01570796 0.007404983 -0.01570796 -0.007404983 0 0.006566941 -0.01570796 -0.007404983 0 -0.008241951 0 -0.008241951 -0.01570796 -0.007404983 -0.01570796 -0.02221399 0 -0.008241951 -0.01570796 -0.02221399 0 -0.02305197 0 -0.02305197 -0.01570796 -0.02221399 -0.01570796 -0.03702396 0 -0.02305197 -0.01570796 -0.03702396 0 -0.037862 0 -0.037862 -0.01570796 -0.03702396 -0.01570796 -0.05183398 0 -0.037862 -0.01570796 -0.05183398 0 -0.05267095 0 -0.05267095 -0.01570796 -0.05183398 -0.01570796 -0.06664299 -0.03141599 0.06664299 -0.04712396 0.06664299 -0.03141599 0.05183398 -0.03141599 0.05183398 -0.04712396 0.06664299 -0.03141599 0.03702396 -0.03141599 0.03702396 -0.04712396 0.06664299 -0.03141599 0.02221399 -0.03141599 0.007404983 -0.04712396 0.06664299 -0.03141599 -0.007404983 -0.03141599 -0.007404983 -0.04712396 -0.06664299 -0.03141599 -0.02221399 -0.03141599 -0.03702396 -0.04712396 -0.06664299 -0.03141599 -0.05183398 -0.03141599 0.08145296 -0.04712396 0.06664299 -0.03141599 0.06664299 -0.01570796 0.06664299 -0.03141599 0.06664299 -0.01570796 0.05183398 -0.01570796 0.05183398 -0.03141599 0.06664299 -0.03141599 0.05183398 -0.01570796 0.05183398 -0.03141599 0.05183398 -0.01570796 0.03702396 -0.01570796 0.03702396 -0.03141599 0.05183398 -0.03141599 0.03702396 -0.01570796 0.03702396 -0.03141599 0.03702396 -0.01570796 0.02221399 -0.01570796 0.02221399 -0.03141599 0.03702396 -0.03141599 0.02221399 -0.01570796 0.02221399 -0.03141599 0.02221399 -0.01570796 0.007404983 -0.01570796 0.007404983 -0.03141599 0.02221399 -0.03141599 0.007404983 -0.01570796 0.007404983 -0.03141599 0.007404983 -0.01570796 -0.007404983 -0.01570796 -0.007404983 -0.03141599 0.007404983 -0.03141599 -0.007404983 -0.01570796 -0.007404983 -0.03141599 -0.007404983 -0.01570796 -0.02221399 -0.01570796 -0.02221399 -0.03141599 -0.007404983 -0.03141599 -0.02221399 -0.01570796 -0.02221399 -0.03141599 -0.02221399 -0.01570796 -0.03702396 -0.01570796 -0.03702396 -0.03141599 -0.02221399 -0.03141599 -0.03702396 -0.01570796 -0.03702396 -0.03141599 -0.03702396 -0.01570796 -0.05183398 -0.01570796 -0.05183398 -0.03141599 -0.03702396 -0.03141599 -0.05183398 -0.01570796 -0.05183398 -0.03141599 -0.05183398 -0.01570796 -0.06664299 -0.01570796 0.06664299 -0.03141599 0.08145296 -0.03141599 0.06664299 -0.03141599 -0.02221399 -0.04712396 -0.06664299 -0.03141599 -0.03702396 -0.03141599 0.02221399 -0.04712396 0.06664299 -0.03141599 0.007404983 0 -0.05267095 -0.01570796 -0.06664299 0 -0.06748098 0 0.06580597 -0.01570796 0.06664299 -0.01570796 0.05183398 0 0.06580597 -0.01570796 0.05183398 0 0.050996 0 0.050996 -0.01570796 0.05183398 -0.01570796 0.03702396 0 0.050996 -0.01570796 0.03702396 0 0.03618597 0 0.03618597 -0.01570796 0.03702396 -0.01570796 0.02221399 0 0.03618597 -0.01570796 0.02221399 0 0.02137696 0 0.02137696 -0.01570796 0.02221399 -0.01570796 0.007404983 0 0.02137696 -0.01570796 0.007404983 0 0.006566941 0 0.006566941 -0.01570796 0.007404983 -0.01570796 -0.007404983 0 0.006566941 -0.01570796 -0.007404983 0 -0.008241951 0 -0.008241951 -0.01570796 -0.007404983 -0.01570796 -0.02221399 0 -0.008241951 -0.01570796 -0.02221399 0 -0.02305197 0 -0.02305197 -0.01570796 -0.02221399 -0.01570796 -0.03702396 0 -0.02305197 -0.01570796 -0.03702396 0 -0.037862 0 -0.037862 -0.01570796 -0.03702396 -0.01570796 -0.05183398 0 -0.037862 -0.01570796 -0.05183398 0 -0.05267095 0 -0.05267095 -0.01570796 -0.05183398 -0.01570796 -0.06664299 -0.03141599 0.06664299 -0.04712396 0.06664299 -0.03141599 0.05183398 -0.03141599 0.05183398 -0.04712396 0.06664299 -0.03141599 0.03702396 -0.03141599 0.03702396 -0.04712396 0.06664299 -0.03141599 0.02221399 -0.03141599 0.007404983 -0.04712396 0.06664299 -0.03141599 -0.007404983 -0.03141599 -0.007404983 -0.04712396 -0.06664299 -0.03141599 -0.02221399 -0.03141599 -0.03702396 -0.04712396 -0.06664299 -0.03141599 -0.05183398 -0.03141599 0.08145296 -0.04712396 0.06664299 -0.03141599 0.06664299 -0.01570796 0.06664299 -0.03141599 0.06664299 -0.01570796 0.05183398 -0.01570796 0.05183398 -0.03141599 0.06664299 -0.03141599 0.05183398 -0.01570796 0.05183398 -0.03141599 0.05183398 -0.01570796 0.03702396 -0.01570796 0.03702396 -0.03141599 0.05183398 -0.03141599 0.03702396 -0.01570796 0.03702396 -0.03141599 0.03702396 -0.01570796 0.02221399 -0.01570796 0.02221399 -0.03141599 0.03702396 -0.03141599 0.02221399 -0.01570796 0.02221399 -0.03141599 0.02221399 -0.01570796 0.007404983 -0.01570796 0.007404983 -0.03141599 0.02221399 -0.03141599 0.007404983 -0.01570796 0.007404983 -0.03141599 0.007404983 -0.01570796 -0.007404983 -0.01570796 -0.007404983 -0.03141599 0.007404983 -0.03141599 -0.007404983 -0.01570796 -0.007404983 -0.03141599 -0.007404983 -0.01570796 -0.02221399 -0.01570796 -0.02221399 -0.03141599 -0.007404983 -0.03141599 -0.02221399 -0.01570796 -0.02221399 -0.03141599 -0.02221399 -0.01570796 -0.03702396 -0.01570796 -0.03702396 -0.03141599 -0.02221399 -0.03141599 -0.03702396 -0.01570796 -0.03702396 -0.03141599 -0.03702396 -0.01570796 -0.05183398 -0.01570796 -0.05183398 -0.03141599 -0.03702396 -0.03141599 -0.05183398 -0.01570796 -0.05183398 -0.03141599 -0.05183398 -0.01570796 -0.06664299 -0.01570796 0.06664299 -0.03141599 0.08145296 -0.03141599 0.06664299 -0.03141599 -0.02221399 -0.04712396 -0.06664299 -0.03141599 -0.03702396 -0.03141599 0.02221399 -0.04712396 0.06664299 -0.03141599 0.007404983 0 -0.05267095 -0.01570796 -0.06664299 0 -0.06748098 0 0.06580597 -0.01570796 0.06664299 -0.01570796 0.05183398 0 0.06580597 -0.01570796 0.05183398 0 0.050996 0 0.050996 -0.01570796 0.05183398 -0.01570796 0.03702396 0 0.050996 -0.01570796 0.03702396 0 0.03618597 0 0.03618597 -0.01570796 0.03702396 -0.01570796 0.02221399 0 0.03618597 -0.01570796 0.02221399 0 0.02137696 0 0.02137696 -0.01570796 0.02221399 -0.01570796 0.007404983 0 0.02137696 -0.01570796 0.007404983 0 0.006566941 0 0.006566941 -0.01570796 0.007404983 -0.01570796 -0.007404983 0 0.006566941 -0.01570796 -0.007404983 0 -0.008241951 0 -0.008241951 -0.01570796 -0.007404983 -0.01570796 -0.02221399 0 -0.008241951 -0.01570796 -0.02221399 0 -0.02305197 0 -0.02305197 -0.01570796 -0.02221399 -0.01570796 -0.03702396 0 -0.02305197 -0.01570796 -0.03702396 0 -0.037862 0 -0.037862 -0.01570796 -0.03702396 -0.01570796 -0.05183398 0 -0.037862 -0.01570796 -0.05183398 0 -0.05267095 0 -0.05267095 -0.01570796 -0.05183398 -0.01570796 -0.06664299 -0.03141599 0.06664299 -0.04712396 0.06664299 -0.03141599 0.05183398 -0.03141599 0.05183398 -0.04712396 0.06664299 -0.03141599 0.03702396 -0.03141599 0.03702396 -0.04712396 0.06664299 -0.03141599 0.02221399 -0.03141599 0.007404983 -0.04712396 0.06664299 -0.03141599 -0.007404983 -0.03141599 -0.007404983 -0.04712396 -0.06664299 -0.03141599 -0.02221399 -0.03141599 -0.03702396 -0.04712396 -0.06664299 -0.03141599 -0.05183398 -0.03141599 0.08145296 -0.04712396 0.06664299 -0.03141599 0.06664299 -0.01570796 0.06664299 -0.03141599 0.06664299 -0.01570796 0.05183398 -0.01570796 0.05183398 -0.03141599 0.06664299 -0.03141599 0.05183398 -0.01570796 0.05183398 -0.03141599 0.05183398 -0.01570796 0.03702396 -0.01570796 0.03702396 -0.03141599 0.05183398 -0.03141599 0.03702396 -0.01570796 0.03702396 -0.03141599 0.03702396 -0.01570796 0.02221399 -0.01570796 0.02221399 -0.03141599 0.03702396 -0.03141599 0.02221399 -0.01570796 0.02221399 -0.03141599 0.02221399 -0.01570796 0.007404983 -0.01570796 0.007404983 -0.03141599 0.02221399 -0.03141599 0.007404983 -0.01570796 0.007404983 -0.03141599 0.007404983 -0.01570796 -0.007404983 -0.01570796 -0.007404983 -0.03141599 0.007404983 -0.03141599 -0.007404983 -0.01570796 -0.007404983 -0.03141599 -0.007404983 -0.01570796 -0.02221399 -0.01570796 -0.02221399 -0.03141599 -0.007404983 -0.03141599 -0.02221399 -0.01570796 -0.02221399 -0.03141599 -0.02221399 -0.01570796 -0.03702396 -0.01570796 -0.03702396 -0.03141599 -0.02221399 -0.03141599 -0.03702396 -0.01570796 -0.03702396 -0.03141599 -0.03702396 -0.01570796 -0.05183398 -0.01570796 -0.05183398 -0.03141599 -0.03702396 -0.03141599 -0.05183398 -0.01570796 -0.05183398 -0.03141599 -0.05183398 -0.01570796 -0.06664299 -0.01570796 0.06664299 -0.03141599 0.08145296 -0.03141599 0.06664299 -0.03141599 -0.02221399 -0.04712396 -0.06664299 -0.03141599 -0.03702396 -0.03141599 0.02221399 -0.04712396 0.06664299 -0.03141599 0.007404983 0 -0.05267095 -0.01570796 -0.06664299 0 -0.06748098 0 0.06580597 -0.01570796 0.06664299 -0.01570796 0.05183398 0 0.06580597 -0.01570796 0.05183398 0 0.050996 0 0.050996 -0.01570796 0.05183398 -0.01570796 0.03702396 0 0.050996 -0.01570796 0.03702396 0 0.03618597 0 0.03618597 -0.01570796 0.03702396 -0.01570796 0.02221399 0 0.03618597 -0.01570796 0.02221399 0 0.02137696 0 0.02137696 -0.01570796 0.02221399 -0.01570796 0.007404983 0 0.02137696 -0.01570796 0.007404983 0 0.006566941 0 0.006566941 -0.01570796 0.007404983 -0.01570796 -0.007404983 0 0.006566941 -0.01570796 -0.007404983 0 -0.008241951 0 -0.008241951 -0.01570796 -0.007404983 -0.01570796 -0.02221399 0 -0.008241951 -0.01570796 -0.02221399 0 -0.02305197 0 -0.02305197 -0.01570796 -0.02221399 -0.01570796 -0.03702396 0 -0.02305197 -0.01570796 -0.03702396 0 -0.037862 0 -0.037862 -0.01570796 -0.03702396 -0.01570796 -0.05183398 0 -0.037862 -0.01570796 -0.05183398 0 -0.05267095 0 -0.05267095 -0.01570796 -0.05183398 -0.01570796 -0.06664299 -0.03141599 0.06664299 -0.04712396 0.06664299 -0.03141599 0.05183398 -0.03141599 0.05183398 -0.04712396 0.06664299 -0.03141599 0.03702396 -0.03141599 0.03702396 -0.04712396 0.06664299 -0.03141599 0.02221399 -0.03141599 0.007404983 -0.04712396 0.06664299 -0.03141599 -0.007404983 -0.03141599 -0.007404983 -0.04712396 -0.06664299 -0.03141599 -0.02221399 -0.03141599 -0.03702396 -0.04712396 -0.06664299 -0.03141599 -0.05183398 -0.03141599 0.08145296 -0.04712396 0.06664299 -0.03141599 0.06664299 -0.01570796 0.06664299 -0.03141599 0.06664299 -0.01570796 0.05183398 -0.01570796 0.05183398 -0.03141599 0.06664299 -0.03141599 0.05183398 -0.01570796 0.05183398 -0.03141599 0.05183398 -0.01570796 0.03702396 -0.01570796 0.03702396 -0.03141599 0.05183398 -0.03141599 0.03702396 -0.01570796 0.03702396 -0.03141599 0.03702396 -0.01570796 0.02221399 -0.01570796 0.02221399 -0.03141599 0.03702396 -0.03141599 0.02221399 -0.01570796 0.02221399 -0.03141599 0.02221399 -0.01570796 0.007404983 -0.01570796 0.007404983 -0.03141599 0.02221399 -0.03141599 0.007404983 -0.01570796 0.007404983 -0.03141599 0.007404983 -0.01570796 -0.007404983 -0.01570796 -0.007404983 -0.03141599 0.007404983 -0.03141599 -0.007404983 -0.01570796 -0.007404983 -0.03141599 -0.007404983 -0.01570796 -0.02221399 -0.01570796 -0.02221399 -0.03141599 -0.007404983 -0.03141599 -0.02221399 -0.01570796 -0.02221399 -0.03141599 -0.02221399 -0.01570796 -0.03702396 -0.01570796 -0.03702396 -0.03141599 -0.02221399 -0.03141599 -0.03702396 -0.01570796 -0.03702396 -0.03141599 -0.03702396 -0.01570796 -0.05183398 -0.01570796 -0.05183398 -0.03141599 -0.03702396 -0.03141599 -0.05183398 -0.01570796 -0.05183398 -0.03141599 -0.05183398 -0.01570796 -0.06664299 -0.01570796 0.06664299 -0.03141599 0.08145296 -0.03141599 0.06664299 -0.03141599 -0.02221399 -0.04712396 -0.06664299 -0.03141599 -0.03702396 -0.03141599 0.02221399 -0.04712396 0.06664299 -0.03141599 0.007404983 0.005773961 0.07236599 0 0 0.005773961 0 0.005773961 0 0 0 0 -0.1085489 0.005773961 0 0 -0.1085489 0.005773961 -0.1085489 0.005773961 -0.1085489 0 -0.1085489 0 -0.2170979 0.005773961 -0.1085489 0 -0.2170979 0.005773961 -0.2170979 0.005773961 -0.2170979 0 -0.2170979 0 -0.325647 0.005773961 -0.2170979 0 -0.325647 0.005773961 -0.325647 0.005773961 -0.325647 0 -0.325647 0 -0.434196 0.005773961 -0.325647 0 -0.434196 0.005773961 -0.434196 0.005773961 -0.434196 0 -0.434196 0 -0.542744 0.005773961 -0.434196 0 -0.542744 0.005773961 -0.542744 0.005773961 -0.542744 0 -0.542744 0 -0.651293 0.005773961 -0.542744 0 -0.651293 0.005773961 -0.651293 0.005773961 -0.651293 0 -0.651293 0 -0.759842 0.005773961 -0.651293 0 -0.759842 0.005773961 -0.759842 0.005773961 -0.759842 0 -0.759842 0 -0.868391 0.005773961 -0.759842 0 -0.868391 0.005773961 -0.868391 0.005773961 -0.868391 0 -0.868391 0 -0.97694 0.005773961 -0.868391 0 -0.97694 0.005773961 -0.97694 0.005773961 -0.97694 0 -0.97694 0 -1.085489 0.005773961 -0.97694 0 -1.085489 0.005773961 -1.085489 0.005773961 -1.085489 0 -1.085489 0 -1.194038 0.005773961 -1.085489 0 -1.194038 0.005773961 -1.194038 0.005773961 1.121672 0 1.121672 0 1.013123 0.005773961 1.121672 0 1.013123 0.005773961 1.013123 0.005773961 1.013123 0 1.013123 0 0.904574 0.005773961 1.013123 0 0.904574 0.005773961 0.904574 0.005773961 0.904574 0 0.904574 0 0.796025 0.005773961 0.904574 0 0.796025 0.005773961 0.796025 0.005773961 0.796025 0 0.796025 0 0.687476 0.005773961 0.796025 0 0.687476 0.005773961 0.687476 0.005773961 0.687476 0 0.687476 0 0.578927 0.005773961 0.687476 0 0.578927 0.005773961 0.578927 0.005773961 0.578927 0 0.578927 0 0.506561 0.005773961 0.578927 0 0.506561 0.005773961 0.506561 0.005773961 0.506561 0 0.506561 0 0.434196 0.005773961 0.506561 0 0.434196 0.005773961 0.434196 0.005773961 0.434196 0 0.434196 0 0.36183 0.005773961 0.434196 0 0.36183 0.005773961 0.36183 0.005773961 0.36183 0 0.36183 0 0.289464 0.005773961 0.36183 0 0.289464 0.005773961 0.289464 0.005773961 0.289464 0 0.289464 0 0.2170979 0.005773961 0.289464 0 0.2170979 0.005773961 0.2170979 0.005773961 0.2170979 0 0.2170979 0 0.1447319 0.005773961 0.2170979 0 0.1447319 0.005773961 0.1447319 0.005773961 0.1447319 0 0.1447319 0 0.07236599 0.005773961 0.1447319 0 0.07236599 0.005773961 0.07236599 0.005773961 0.07236599 0 0.07236599 0 0 -0.1299999 -0.02094399 0.32 -0.01452296 -0.1299999 0 -0.1299999 0 0.32 -0.01452296 0.32 0.006420969 -0.1299999 0 0.32 0.006420969 -0.1299999 0.02094399 -0.1299999 0.02094399 0.32 0.006420969 0.32 0.02736496 -0.1299999 0.02094399 0.32 0.02736496 -0.1299999 0.04188799 -0.1299999 0.04188799 0.32 0.02736496 0.32 0.04830896 -0.1299999 0.04188799 0.32 0.04830896 -0.1299999 0.06283199 -0.1299999 0.06283199 0.32 0.04830896 0.32 0.06925195 -0.1299999 0.06283199 0.32 0.06925195 -0.1299999 0.08377599 -0.1299999 0.08377599 0.32 0.06925195 0.32 0.09019595 -0.1299999 -0.1047199 0.32 -0.09829896 -0.1299999 -0.08377599 -0.1299999 -0.08377599 0.32 -0.09829896 0.32 -0.07735496 -0.1299999 -0.08377599 0.32 -0.07735496 -0.1299999 -0.06283199 -0.1299999 -0.06283199 0.32 -0.07735496 0.32 -0.05641096 -0.1299999 -0.06283199 0.32 -0.05641096 -0.1299999 -0.04188799 -0.1299999 -0.04188799 0.32 -0.05641096 0.32 -0.03546696 -0.1299999 -0.04188799 0.32 -0.03546696 -0.1299999 -0.02094399 -0.1299999 -0.02094399 0.32 -0.03546696 0.32 -0.01452296 -0.1299999 -0.02094399 0.32 -0.01452296 -0.1299999 0 -0.1299999 0 0.32 -0.01452296 0.32 0.006420969 -0.1299999 0 0.32 0.006420969 -0.1299999 0.02094399 -0.1299999 0.02094399 0.32 0.006420969 0.32 0.02736496 -0.1299999 0.02094399 0.32 0.02736496 -0.1299999 0.04188799 -0.1299999 0.04188799 0.32 0.02736496 0.32 0.04830896 -0.1299999 0.04188799 0.32 0.04830896 -0.1299999 0.06283199 -0.1299999 0.06283199 0.32 0.04830896 0.32 0.06925195 -0.1299999 0.06283199 0.32 0.06925195 -0.1299999 0.08377599 -0.1299999 0.08377599 0.32 0.06925195 0.32 0.09019595 -0.1299999 -0.1047199 0.32 -0.09829896 -0.1299999 -0.08377599 -0.1299999 -0.08377599 0.32 -0.09829896 0.32 -0.07735496 -0.1299999 -0.08377599 0.32 -0.07735496 -0.1299999 -0.06283199 -0.1299999 -0.06283199 0.32 -0.07735496 0.32 -0.05641096 -0.1299999 -0.06283199 0.32 -0.05641096 -0.1299999 -0.04188799 -0.1299999 -0.04188799 0.32 -0.05641096 0.32 -0.03546696 -0.1299999 -0.04188799 0.32 -0.03546696 -0.1299999 -0.02094399 -0.1299999 -0.02094399 0.32 -0.03546696 0.32 -0.01452296 -0.1299999 -0.02094399 0.32 -0.01452296 -0.1299999 0 -0.1299999 0 0.32 -0.01452296 0.32 0.006420969 -0.1299999 0 0.32 0.006420969 -0.1299999 0.02094399 -0.1299999 0.02094399 0.32 0.006420969 0.32 0.02736496 -0.1299999 0.02094399 0.32 0.02736496 -0.1299999 0.04188799 -0.1299999 0.04188799 0.32 0.02736496 0.32 0.04830896 -0.1299999 0.04188799 0.32 0.04830896 -0.1299999 0.06283199 -0.1299999 0.06283199 0.32 0.04830896 0.32 0.06925195 -0.1299999 0.06283199 0.32 0.06925195 -0.1299999 0.08377599 -0.1299999 0.08377599 0.32 0.06925195 0.32 0.09019595 -0.1299999 -0.1047199 0.32 -0.09829896 -0.1299999 -0.08377599 -0.1299999 -0.08377599 0.32 -0.09829896 0.32 -0.07735496 -0.1299999 -0.08377599 0.32 -0.07735496 -0.1299999 -0.06283199 -0.1299999 -0.06283199 0.32 -0.07735496 0.32 -0.05641096 -0.1299999 -0.06283199 0.32 -0.05641096 -0.1299999 -0.04188799 -0.1299999 -0.04188799 0.32 -0.05641096 0.32 -0.03546696 -0.1299999 -0.04188799 0.32 -0.03546696 -0.1299999 -0.02094399 -0.1299999 -0.02094399 0.32 -0.03546696 0.32 -0.01452296 -0.1299999 -0.02094399 0.32 -0.01452296 -0.1299999 0 -0.1299999 0 0.32 -0.01452296 0.32 0.006420969 -0.1299999 0 0.32 0.006420969 -0.1299999 0.02094399 -0.1299999 0.02094399 0.32 0.006420969 0.32 0.02736496 -0.1299999 0.02094399 0.32 0.02736496 -0.1299999 0.04188799 -0.1299999 0.04188799 0.32 0.02736496 0.32 0.04830896 -0.1299999 0.04188799 0.32 0.04830896 -0.1299999 0.06283199 -0.1299999 0.06283199 0.32 0.04830896 0.32 0.06925195 -0.1299999 0.06283199 0.32 0.06925195 -0.1299999 0.08377599 -0.1299999 0.08377599 0.32 0.06925195 0.32 0.09019595 -0.1299999 -0.1047199 0.32 -0.09829896 -0.1299999 -0.08377599 -0.1299999 -0.08377599 0.32 -0.09829896 0.32 -0.07735496 -0.1299999 -0.08377599 0.32 -0.07735496 -0.1299999 -0.06283199 -0.1299999 -0.06283199 0.32 -0.07735496 0.32 -0.05641096 -0.1299999 -0.06283199 0.32 -0.05641096 -0.1299999 -0.04188799 -0.1299999 -0.04188799 0.32 -0.05641096 0.32 -0.03546696 -0.1299999 -0.04188799 0.32 -0.03546696 -0.1299999 -0.02094399 -0.1299999 -0.02094399 0.32 -0.03546696 0.32 -0.01452296 -0.1299999 -0.02094399 0.32 -0.01452296 -0.1299999 0 -0.1299999 0 0.32 -0.01452296 0.32 0.006420969 -0.1299999 0 0.32 0.006420969 -0.1299999 0.02094399 -0.1299999 0.02094399 0.32 0.006420969 0.32 0.02736496 -0.1299999 0.02094399 0.32 0.02736496 -0.1299999 0.04188799 -0.1299999 0.04188799 0.32 0.02736496 0.32 0.04830896 -0.1299999 0.04188799 0.32 0.04830896 -0.1299999 0.06283199 -0.1299999 0.06283199 0.32 0.04830896 0.32 0.06925195 -0.1299999 0.06283199 0.32 0.06925195 -0.1299999 0.08377599 -0.1299999 0.08377599 0.32 0.06925195 0.32 0.09019595 -0.1299999 -0.1047199 0.32 -0.09829896 -0.1299999 -0.08377599 -0.1299999 -0.08377599 0.32 -0.09829896 0.32 -0.07735496 -0.1299999 -0.08377599 0.32 -0.07735496 -0.1299999 -0.06283199 -0.1299999 -0.06283199 0.32 -0.07735496 0.32 -0.05641096 -0.1299999 -0.06283199 0.32 -0.05641096 -0.1299999 -0.04188799 -0.1299999 -0.04188799 0.32 -0.05641096 0.32 -0.03546696 -0.1299999 -0.04188799 0.32 -0.03546696 -0.1299999 -0.02094399 -0.1299999 -0.02094399 0.32 -0.03546696 0.32 -0.01452296 -0.1299999 -0.02094399 0.32 -0.01452296 -0.1299999 0 -0.1299999 0 0.32 -0.01452296 0.32 0.006420969 -0.1299999 0 0.32 0.006420969 -0.1299999 0.02094399 -0.1299999 0.02094399 0.32 0.006420969 0.32 0.02736496 -0.1299999 0.02094399 0.32 0.02736496 -0.1299999 0.04188799 -0.1299999 0.04188799 0.32 0.02736496 0.32 0.04830896 -0.1299999 0.04188799 0.32 0.04830896 -0.1299999 0.06283199 -0.1299999 0.06283199 0.32 0.04830896 0.32 0.06925195 -0.1299999 0.06283199 0.32 0.06925195 -0.1299999 0.08377599 -0.1299999 0.08377599 0.32 0.06925195 0.32 0.09019595 -0.1299999 -0.1047199 0.32 -0.09829896 -0.1299999 -0.08377599 -0.1299999 -0.08377599 0.32 -0.09829896 0.32 -0.07735496 -0.1299999 -0.08377599 0.32 -0.07735496 -0.1299999 -0.06283199 -0.1299999 -0.06283199 0.32 -0.07735496 0.32 -0.05641096 -0.1299999 -0.06283199 0.32 -0.05641096 -0.1299999 -0.04188799 -0.1299999 -0.04188799 0.32 -0.05641096 0.32 -0.03546696 -0.1299999 -0.04188799 0.32 -0.03546696 -0.1299999 -0.02094399 -0.1299999 -0.02094399 0.32 -0.03546696 0.32 -0.01452296 -0.1299999 -0.02094399 0.32 -0.01452296 -0.1299999 0 -0.1299999 0 0.32 -0.01452296 0.32 0.006420969 -0.1299999 0 0.32 0.006420969 -0.1299999 0.02094399 -0.1299999 0.02094399 0.32 0.006420969 0.32 0.02736496 -0.1299999 0.02094399 0.32 0.02736496 -0.1299999 0.04188799 -0.1299999 0.04188799 0.32 0.02736496 0.32 0.04830896 -0.1299999 0.04188799 0.32 0.04830896 -0.1299999 0.06283199 -0.1299999 0.06283199 0.32 0.04830896 0.32 0.06925195 -0.1299999 0.06283199 0.32 0.06925195 -0.1299999 0.08377599 -0.1299999 0.08377599 0.32 0.06925195 0.32 0.09019595 -0.1299999 -0.1047199 0.32 -0.09829896 -0.1299999 -0.08377599 -0.1299999 -0.08377599 0.32 -0.09829896 0.32 -0.07735496 -0.1299999 -0.08377599 0.32 -0.07735496 -0.1299999 -0.06283199 -0.1299999 -0.06283199 0.32 -0.07735496 0.32 -0.05641096 -0.1299999 -0.06283199 0.32 -0.05641096 -0.1299999 -0.04188799 -0.1299999 -0.04188799 0.32 -0.05641096 0.32 -0.03546696 -0.1299999 -0.04188799 0.32 -0.03546696 -0.1299999 -0.02094399 -0.1299999 -0.02094399 0.32 -0.03546696 0.32 -0.01452296 -0.1299999 -0.02094399 0.32 -0.01452296 -0.1299999 0 -0.1299999 0 0.32 -0.01452296 0.32 0.006420969 -0.1299999 0 0.32 0.006420969 -0.1299999 0.02094399 -0.1299999 0.02094399 0.32 0.006420969 0.32 0.02736496 -0.1299999 0.02094399 0.32 0.02736496 -0.1299999 0.04188799 -0.1299999 0.04188799 0.32 0.02736496 0.32 0.04830896 -0.1299999 0.04188799 0.32 0.04830896 -0.1299999 0.06283199 -0.1299999 0.06283199 0.32 0.04830896 0.32 0.06925195 -0.1299999 0.06283199 0.32 0.06925195 -0.1299999 0.08377599 -0.1299999 0.08377599 0.32 0.06925195 0.32 0.09019595 -0.1299999 -0.1047199 0.32 -0.09829896 -0.1299999 -0.08377599 -0.1299999 -0.08377599 0.32 -0.09829896 0.32 -0.07735496 -0.1299999 -0.08377599 0.32 -0.07735496 -0.1299999 -0.06283199 -0.1299999 -0.06283199 0.32 -0.07735496 0.32 -0.05641096 -0.1299999 -0.06283199 0.32 -0.05641096 -0.1299999 -0.04188799 -0.1299999 -0.04188799 0.32 -0.05641096 0.32 -0.03546696 -0.1299999 -0.04188799 0.32 -0.03546696 -0.1299999 -0.02094399 -0.1299999 -0.02094399 0.32 -0.03546696 0.32 -0.01452296 0 -0.136752 0.06999999 -0.108974 0 0 0 0 0.06999999 -0.108974 0.06999999 0 0 0 0.06999999 0 0.06999999 0.072649 0.06999999 -0.108974 0 -0.136752 0.06999999 -0.217948 0.06999999 -0.217948 0 -0.136752 0 -0.273503 0.06999999 -0.217948 0 -0.273503 0.06999999 -0.326922 0.06999999 -0.326922 0 -0.273503 0 -0.410255 0.06999999 -0.326922 0 -0.410255 0.06999999 -0.435896 0.06999999 -0.435896 0 -0.410255 0 -0.547007 0.06999999 -0.435896 0 -0.547007 0.06999999 -0.54487 0.06999999 -0.54487 0 -0.547007 0.06999999 -0.653844 0.06999999 -0.653844 0 -0.547007 0 -0.683758 0.06999999 -0.653844 0 -0.683758 0.06999999 -0.762818 0.06999999 -0.762818 0 -0.683758 0 -0.82051 0.06999999 -0.762818 0 -0.82051 0.06999999 -0.871792 0.06999999 -0.871792 0 -0.82051 0 -0.957262 0.06999999 -0.871792 0 -0.957262 0.06999999 -0.980766 0.06999999 -0.980766 0 -0.957262 0 -1.094013 0.06999999 -0.980766 0 -1.094013 0.06999999 -1.08974 0.06999999 -1.08974 0 -1.094013 0.06999999 -1.198714 0.06999999 -1.198714 0 -1.094013 0 -1.230765 0.06999999 1.126065 0 1.094013 0.06999999 1.017091 0.06999999 1.017091 0 1.094013 0 0.957262 0.06999999 1.017091 0 0.957262 0.06999999 0.908117 0.06999999 0.908117 0 0.957262 0 0.82051 0.06999999 0.908117 0 0.82051 0.06999999 0.799143 0.06999999 0.799143 0 0.82051 0 0.683758 0.06999999 0.799143 0 0.683758 0.06999999 0.690169 0.06999999 0.690169 0 0.683758 0.06999999 0.581195 0.06999999 0.581195 0 0.683758 0 0.547007 0.06999999 0.581195 0 0.547007 0.06999999 0.508545 0.06999999 0.508545 0 0.547007 0 0.410255 0.06999999 0.508545 0 0.410255 0.06999999 0.435896 0.06999999 0.435896 0 0.410255 0.06999999 0.363247 0.06999999 0.363247 0 0.410255 0 0.273503 0.06999999 0.363247 0 0.273503 0.06999999 0.290597 0.06999999 0.290597 0 0.273503 0.06999999 0.217948 0.06999999 0.217948 0 0.273503 0 0.136752 0.06999999 0.217948 0 0.136752 0.06999999 0.145299 0.06999999 0.145299 0 0.136752 0.06999999 0.072649 0.06999999 0.072649 0 0.136752 0 0 0.02400594 -0.278969 0.122722 -0.251677 0.024764 -0.259763 0.024764 -0.259763 0.122722 -0.251677 0.07820695 -0.197969 0.024764 -0.259763 0.07820695 -0.197969 0.01889699 -0.238943 0.01889699 -0.238943 0.07820695 -0.197969 0.06043499 -0.187708 0.01889699 -0.238943 0.06043499 -0.187708 0.001912951 -0.225547 0.001912951 -0.225547 0.06043499 -0.187708 0.05341595 -0.168424 0.001912951 -0.225547 0.05341595 -0.168424 -0.019701 -0.224693 -0.019701 -0.224693 0.05341595 -0.168424 -0.06825298 -0.171579 -0.019701 -0.224693 -0.06825298 -0.171579 -0.08144396 -0.187299 0.2084619 -0.186937 0.111607 -0.178685 0.122722 -0.251677 0.122722 -0.251677 0.111607 -0.178685 0.09841597 -0.194405 0.122722 -0.251677 0.09841597 -0.194405 0.07820695 -0.197969 0.263515 -0.09466695 0.198474 -0.06825697 0.2084619 -0.186937 0.2084619 -0.186937 0.198474 -0.06825697 0.178265 -0.07181996 0.2084619 -0.186937 0.178265 -0.07181996 0.111607 -0.158164 0.111607 -0.158164 0.178265 -0.07181996 0.09841597 -0.142444 0.09841597 -0.142444 0.178265 -0.07181996 0.160493 -0.06155997 0.09841597 -0.142444 0.160493 -0.06155997 0.07820695 -0.13888 0.07820695 -0.13888 0.160493 -0.06155997 0.153474 -0.04227596 0.07820695 -0.13888 0.153474 -0.04227596 0.02819097 -0.01026099 0.02819097 -0.01026099 0.153474 -0.04227596 0.160493 -0.02299195 0.02819097 -0.01026099 0.160493 -0.02299195 0.02819097 0.01026099 0.02819097 0.01026099 0.160493 -0.02299195 0.144415 0.08463799 0.02819097 0.01026099 0.144415 0.08463799 0.126643 0.09489899 0.198474 -0.06825697 0.263515 -0.09466695 0.211665 -0.05253696 0.211665 -0.05253696 0.263515 -0.09466695 0.279929 0.00645399 0.211665 -0.05253696 0.279929 0.00645399 0.211665 -0.03201496 0.211665 -0.03201496 0.279929 0.00645399 0.198474 -0.01629495 0.198474 -0.01629495 0.279929 0.00645399 0.258872 0.106712 0.198474 -0.01629495 0.258872 0.106712 0.164624 0.08820098 0.164624 0.08820098 0.258872 0.106712 0.177815 0.103922 0.177815 0.103922 0.258872 0.106712 0.177815 0.124443 0.177815 0.124443 0.258872 0.106712 0.199625 0.196346 0.177815 0.124443 0.199625 0.196346 0.164624 0.140163 0.164624 0.140163 0.199625 0.196346 0.144415 0.143726 0.144415 0.143726 0.199625 0.196346 0.110984 0.257069 0.144415 0.143726 0.110984 0.257069 0.126643 0.133466 0.126643 0.133466 0.110984 0.257069 0.03549396 0.195116 0.126643 0.133466 0.03549396 0.195116 0.03549396 0.1745949 0.03549396 0.195116 0.110984 0.257069 0.02230298 0.210837 0.02230298 0.210837 0.110984 0.257069 0.01108795 0.279783 0.02230298 0.210837 0.01108795 0.279783 0.00209397 0.2143999 0.00209397 0.2143999 0.01108795 0.279783 -0.01567798 0.2041389 -0.01567798 0.2041389 0.01108795 0.279783 -0.09029096 0.265046 -0.01567798 0.2041389 -0.09029096 0.265046 -0.02269697 0.1848559 -0.02269697 0.1848559 -0.09029096 0.265046 -0.12515 0.151611 -0.02269697 0.1848559 -0.12515 0.151611 -0.111959 0.135891 -0.09029096 0.265046 -0.1834599 0.211529 -0.12515 0.151611 -0.12515 0.151611 -0.1834599 0.211529 -0.145359 0.155175 -0.145359 0.155175 -0.1834599 0.211529 -0.1631309 0.144914 -0.1631309 0.144914 -0.1834599 0.211529 -0.249614 0.126864 -0.1631309 0.144914 -0.249614 0.126864 -0.17015 0.125631 -0.17015 0.125631 -0.249614 0.126864 -0.1631309 0.106347 -0.1631309 0.106347 -0.249614 0.126864 -0.191447 0.001874983 -0.1631309 0.106347 -0.191447 0.001874983 -0.145359 0.09608596 -0.145359 0.09608596 -0.191447 0.001874983 -0.171237 -0.001688957 -0.145359 0.09608596 -0.171237 -0.001688957 -0.12515 0.09964996 -0.12515 0.09964996 -0.171237 -0.001688957 -0.158047 -0.01740896 -0.12515 0.09964996 -0.158047 -0.01740896 -0.02999997 0 -0.02999997 0 -0.158047 -0.01740896 -0.158047 -0.03792995 -0.02999997 0 -0.158047 -0.03792995 -0.02298098 -0.01928395 -0.02298098 -0.01928395 -0.158047 -0.03792995 -0.101653 -0.131774 -0.02298098 -0.01928395 -0.101653 -0.131774 -0.08144396 -0.135338 -0.249614 0.126864 -0.27854 0.02858799 -0.191447 0.001874983 -0.191447 0.001874983 -0.27854 0.02858799 -0.209219 -0.008385956 -0.209219 -0.008385956 -0.27854 0.02858799 -0.216238 -0.02766895 -0.216238 -0.02766895 -0.27854 0.02858799 -0.27018 -0.07351595 -0.216238 -0.02766895 -0.27018 -0.07351595 -0.209219 -0.04695296 -0.209219 -0.04695296 -0.27018 -0.07351595 -0.191447 -0.05721396 -0.191447 -0.05721396 -0.27018 -0.07351595 -0.222602 -0.169853 -0.191447 -0.05721396 -0.222602 -0.169853 -0.1194249 -0.142035 -0.1194249 -0.142035 -0.222602 -0.169853 -0.126444 -0.161318 -0.126444 -0.161318 -0.222602 -0.169853 -0.1194249 -0.180602 -0.1194249 -0.180602 -0.222602 -0.169853 -0.142239 -0.2411839 -0.1194249 -0.180602 -0.142239 -0.2411839 -0.101653 -0.190863 -0.101653 -0.190863 -0.142239 -0.2411839 -0.04518097 -0.256999 -0.101653 -0.190863 -0.04518097 -0.256999 -0.08144396 -0.187299 -0.08144396 -0.187299 -0.04518097 -0.256999 -0.03768998 -0.236707 -0.08144396 -0.187299 -0.03768998 -0.236707 -0.019701 -0.224693 -0.142239 -0.2411839 -0.04593998 -0.276206 -0.04518097 -0.256999 0.126643 0.133466 0.03549396 0.1745949 0.119624 0.114182 0.119624 0.114182 0.03549396 0.1745949 0.02230298 0.158875 0.119624 0.114182 0.02230298 0.158875 0.01499998 0.02598094 0.01499998 0.02598094 0.02230298 0.158875 0.00209397 0.155312 0.01499998 0.02598094 0.00209397 0.155312 -0.005208969 0.02954399 -0.005208969 0.02954399 0.00209397 0.155312 -0.111959 0.11537 -0.005208969 0.02954399 -0.111959 0.11537 -0.02298098 0.01928395 -0.02298098 0.01928395 -0.111959 0.11537 -0.12515 0.09964996 -0.02298098 0.01928395 -0.12515 0.09964996 -0.02999997 0 0.198474 -0.01629495 0.164624 0.08820098 0.178265 -0.01273196 0.178265 -0.01273196 0.164624 0.08820098 0.144415 0.08463799 0.178265 -0.01273196 0.144415 0.08463799 0.160493 -0.02299195 0.02819097 0.01026099 0.126643 0.09489899 0.01499998 0.02598094 0.01499998 0.02598094 0.126643 0.09489899 0.119624 0.114182 -0.06825298 -0.171579 0.05341595 -0.168424 -0.06825298 -0.151058 -0.06825298 -0.151058 0.05341595 -0.168424 0.06043499 -0.149141 -0.06825298 -0.151058 0.06043499 -0.149141 -0.005208969 -0.02954399 -0.005208969 -0.02954399 0.06043499 -0.149141 0.01499998 -0.02598094 0.01499998 -0.02598094 0.06043499 -0.149141 0.07820695 -0.13888 0.01499998 -0.02598094 0.07820695 -0.13888 0.02819097 -0.01026099 0.111607 -0.158164 0.111607 -0.178685 0.2084619 -0.186937 -0.06825298 -0.151058 -0.005208969 -0.02954399 -0.08144396 -0.135338 -0.08144396 -0.135338 -0.005208969 -0.02954399 -0.02298098 -0.01928395 0.00209397 0.155312 -0.01567798 0.165572 -0.111959 0.11537 -0.111959 0.11537 -0.01567798 0.165572 -0.111959 0.135891 -0.111959 0.135891 -0.01567798 0.165572 -0.02269697 0.1848559 -0.191447 -0.05721396 -0.1194249 -0.142035 -0.171237 -0.05364996 -0.171237 -0.05364996 -0.1194249 -0.142035 -0.101653 -0.131774 -0.171237 -0.05364996 -0.101653 -0.131774 -0.158047 -0.03792995 -0.01047199 -0.49761 -0.01570796 -0.498244 -0.01047199 -0.541116 -0.01047199 -0.541116 -0.01570796 -0.498244 -0.01570498 -0.603896 -0.01047199 -0.541116 -0.01570498 -0.603896 -0.01047199 -0.661364 -0.01047199 -0.661364 -0.01570498 -0.603896 -0.01570498 -0.71475 -0.01047199 -0.661364 -0.01570498 -0.71475 -0.01047199 -0.781612 -0.01047199 -0.781612 -0.01570498 -0.71475 -0.01570397 -0.825595 -0.01047199 -0.781612 -0.01570397 -0.825595 -0.01047199 -0.90186 -0.01047199 0.90186 -0.01570397 0.978126 -0.01570498 0.8725 -0.01047199 0.90186 -0.01570498 0.8725 -0.01047199 0.781612 -0.01047199 0.781612 -0.01570498 0.8725 -0.01570498 0.766874 -0.01047199 0.781612 -0.01570498 0.766874 -0.01047199 0.661364 -0.01047199 0.661364 -0.01570498 0.766874 -0.01570498 0.65603 -0.01047199 0.661364 -0.01570498 0.65603 -0.01047199 0.541116 -0.01047199 0.541116 -0.01570498 0.65603 -0.01570397 0.545185 -0.01047199 0.541116 -0.01570397 0.545185 -0.01570498 0.439559 -0.01047199 0.541116 -0.01570498 0.439559 -0.01047199 0.420868 -0.01047199 0.420868 -0.01570498 0.439559 -0.01570498 0.333933 -0.01047199 0.420868 -0.01570498 0.333933 -0.01047199 0.30062 -0.01047199 0.30062 -0.01570498 0.333933 -0.01570498 0.223088 -0.01047199 0.30062 -0.01570498 0.223088 -0.01047199 0.1803719 -0.01047199 0.1803719 -0.01570498 0.223088 -0.01570397 0.112244 -0.01047199 0.1803719 -0.01570397 0.112244 -0.01047199 0.06012398 -0.01047199 0.06012398 -0.01570397 0.112244 -0.01570498 0.006617963 -0.01047199 0.06012398 -0.01570498 0.006617963 -0.01047199 -0.06012398 -0.01047199 -0.06012398 -0.01570498 0.006617963 -0.01570498 -0.09900796 -0.01047199 -0.06012398 -0.01570498 -0.09900796 -0.01047199 -0.180176 -0.01047199 -0.180176 -0.01570498 -0.09900796 -0.01570498 -0.2098529 -0.01047199 -0.180176 -0.01570498 -0.2098529 -0.01047199 -0.30062 -0.01047199 -0.30062 -0.01570498 -0.2098529 -0.01570397 -0.320689 -0.01047199 -0.30062 -0.01570397 -0.320689 -0.01047199 -0.420868 -0.01047199 -0.420868 -0.01570397 -0.320689 -0.01570796 -0.426288 -0.01047199 -0.420868 -0.01570796 -0.426288 -0.01047199 -0.426922 -0.01047199 -0.426922 -0.005236983 -0.427373 -0.01047199 -0.420868 -0.01047199 -0.420868 -0.005236983 -0.427373 -0.00523597 -0.420868 -0.01047199 -0.420868 -0.00523597 -0.420868 -0.01047199 -0.30062 -0.01047199 -0.30062 -0.00523597 -0.420868 -0.00523597 -0.30062 -0.01047199 -0.30062 -0.00523597 -0.30062 -0.01047199 -0.180176 -0.01047199 -0.180176 -0.00523597 -0.30062 -0.00523597 -0.17998 -0.01047199 -0.180176 -0.00523597 -0.17998 -0.01047199 -0.06012398 -0.01047199 -0.06012398 -0.00523597 -0.17998 -0.00523597 -0.06012398 -0.01047199 -0.06012398 -0.00523597 -0.06012398 -0.01047199 0.06012398 -0.01047199 0.06012398 -0.00523597 -0.06012398 -0.00523597 0.06012398 -0.01047199 0.06012398 -0.00523597 0.06012398 -0.01047199 0.1803719 -0.01047199 0.1803719 -0.00523597 0.06012398 -0.00523597 0.1803719 -0.01047199 0.1803719 -0.00523597 0.1803719 -0.01047199 0.30062 -0.01047199 0.30062 -0.00523597 0.1803719 -0.00523597 0.30062 -0.01047199 0.30062 -0.00523597 0.30062 -0.01047199 0.420868 -0.01047199 0.420868 -0.00523597 0.30062 -0.00523597 0.420868 -0.01047199 0.420868 -0.00523597 0.420868 -0.01047199 0.541116 -0.01047199 0.541116 -0.00523597 0.420868 -0.00523597 0.541116 -0.01047199 0.541116 -0.00523597 0.541116 -0.01047199 0.661364 -0.01047199 0.661364 -0.00523597 0.541116 -0.00523597 0.661364 -0.01047199 0.661364 -0.00523597 0.661364 -0.01047199 0.781612 -0.01047199 0.781612 -0.00523597 0.661364 -0.00523597 0.781612 -0.01047199 0.781612 -0.00523597 0.781612 -0.01047199 0.90186 -0.01047199 0.90186 -0.00523597 0.781612 -0.00523597 0.90186 -0.01047199 -0.90186 -0.00523597 -0.90186 -0.01047199 -0.781612 -0.01047199 -0.781612 -0.00523597 -0.90186 -0.00523597 -0.781612 -0.01047199 -0.781612 -0.00523597 -0.781612 -0.01047199 -0.661364 -0.01047199 -0.661364 -0.00523597 -0.781612 -0.00523597 -0.661364 -0.01047199 -0.661364 -0.00523597 -0.661364 -0.01047199 -0.541116 -0.01047199 -0.541116 -0.00523597 -0.661364 -0.00523597 -0.541116 -0.01047199 -0.541116 -0.00523597 -0.541116 -0.01047199 -0.49761 -0.01047199 -0.49761 -0.00523597 -0.541116 -0.005236983 -0.497159 -0.005236983 -0.497159 -0.00523597 -0.541116 0 -0.496997 0 -0.496997 -0.00523597 -0.541116 0 -0.620873 0 -0.620873 -0.00523597 -0.541116 -0.00523597 -0.661364 0 -0.620873 -0.00523597 -0.661364 0 -0.744748 0 -0.744748 -0.00523597 -0.661364 -0.00523597 -0.781612 0 -0.744748 -0.00523597 -0.781612 0 -0.868624 0 -0.868624 -0.00523597 -0.781612 -0.00523597 -0.90186 0 -0.868624 -0.00523597 -0.90186 0 -0.9925 0 0.811221 -0.00523597 0.90186 -0.00523597 0.781612 0 0.811221 -0.00523597 0.781612 0 0.687346 0 0.687346 -0.00523597 0.781612 -0.00523597 0.661364 0 0.687346 -0.00523597 0.661364 0 0.56347 0 0.56347 -0.00523597 0.661364 -0.00523597 0.541116 0 0.56347 -0.00523597 0.541116 0 0.439594 0 0.439594 -0.00523597 0.541116 -0.00523597 0.420868 0 0.439594 -0.00523597 0.420868 0 0.315719 0 0.315719 -0.00523597 0.420868 -0.00523597 0.30062 0 0.315719 -0.00523597 0.30062 0 0.191843 0 0.191843 -0.00523597 0.30062 -0.00523597 0.1803719 0 0.191843 -0.00523597 0.1803719 0 0.06796801 0 0.06796801 -0.00523597 0.1803719 -0.00523597 0.06012398 0 0.06796801 -0.00523597 0.06012398 0 -0.05590796 0 -0.05590796 -0.00523597 0.06012398 -0.00523597 -0.06012398 0 -0.05590796 -0.00523597 -0.06012398 0 -0.1797839 0 -0.1797839 -0.00523597 -0.06012398 -0.00523597 -0.17998 0 -0.1797839 -0.00523597 -0.17998 -0.00523597 -0.30062 -0.005236983 -0.427373 0 -0.427535 -0.00523597 -0.420868 -0.00523597 -0.420868 0 -0.427535 0 -0.303659 -0.00523597 -0.420868 0 -0.303659 -0.00523597 -0.30062 -0.00523597 -0.30062 0 -0.303659 0 -0.1797839 0.1463029 -0.377651 0.06798696 -0.3637 0 -0.405 0 -0.405 0.06798696 -0.3637 -0.06798696 -0.3637 0 -0.405 -0.06798696 -0.3637 -0.1463029 -0.377651 -0.1463029 -0.377651 -0.06798696 -0.3637 -0.19478 -0.31458 -0.1463029 -0.377651 -0.19478 -0.31458 -0.272847 -0.299299 -0.272847 -0.299299 -0.19478 -0.31458 -0.295266 -0.222975 -0.272847 -0.299299 -0.295266 -0.222975 -0.362541 -0.180524 -0.362541 -0.180524 -0.295266 -0.222975 -0.355875 -0.1012549 -0.362541 -0.180524 -0.355875 -0.1012549 -0.403272 -0.03736895 -0.403272 -0.03736895 -0.355875 -0.1012549 -0.368422 0.03413897 -0.403272 -0.03736895 -0.368422 0.03413897 -0.389539 0.110834 -0.389539 0.110834 -0.368422 0.03413897 -0.33121 0.164923 -0.389539 0.110834 -0.33121 0.164923 -0.323197 0.244067 -0.323197 0.244067 -0.33121 0.164923 -0.249267 0.273433 -0.323197 0.244067 -0.249267 0.273433 -0.213205 0.344338 -0.213205 0.344338 -0.249267 0.273433 -0.133659 0.345015 -0.213205 0.344338 -0.133659 0.345015 -0.07441896 0.398104 -0.07441896 0.398104 -0.133659 0.345015 0 0.37 -0.07441896 0.398104 0 0.37 0.07441896 0.398104 0.07441896 0.398104 0 0.37 0.133659 0.345015 0.07441896 0.398104 0.133659 0.345015 0.213205 0.344338 0.213205 0.344338 0.133659 0.345015 0.249267 0.273433 0.213205 0.344338 0.249267 0.273433 0.323197 0.244067 0.323197 0.244067 0.249267 0.273433 0.33121 0.164923 0.323197 0.244067 0.33121 0.164923 0.389539 0.110834 0.389539 0.110834 0.33121 0.164923 0.368422 0.03413897 0.389539 0.110834 0.368422 0.03413897 0.403272 -0.03736895 0.403272 -0.03736895 0.368422 0.03413897 0.355875 -0.1012549 0.403272 -0.03736895 0.355875 -0.1012549 0.362541 -0.180524 0.362541 -0.180524 0.355875 -0.1012549 0.295266 -0.222975 0.362541 -0.180524 0.295266 -0.222975 0.272847 -0.299299 0.272847 -0.299299 0.295266 -0.222975 0.19478 -0.31458 0.272847 -0.299299 0.19478 -0.31458 0.1463029 -0.377651 0.1463029 -0.377651 0.19478 -0.31458 0.06798696 -0.3637 0.49 -0.408994 0.49 -0.283854 0.01414197 -0.408994 0.01414197 -0.408994 0.49 -0.283854 0.01414197 -0.283854 0.01414197 -0.283854 0.49 -0.283854 0.49 -0.158715 0.01414197 -0.283854 0.49 -0.158715 0.01414197 -0.158715 0.01414197 -0.158715 0.49 -0.158715 0.49 -0.03357499 0.01414197 -0.158715 0.49 -0.03357499 0.01414197 -0.03357499 0.01414197 -0.03357499 0.49 -0.03357499 0.49 0.09156399 0.01414197 -0.03357499 0.49 0.09156399 0.01414197 0.09156399 0.01414197 0.09156399 0.49 0.09156399 0.49 0.216704 0.01414197 0.09156399 0.49 0.216704 0.01414197 0.216704 0.01414197 0.216704 0.49 0.216704 0.49 0.341843 0.01414197 0.216704 0.49 0.341843 0.01414197 0.341843 0.01414197 0.341843 0.49 0.341843 0.49 0.466982 0.01414197 0.341843 0.49 0.466982 0.01414197 0.466982 0.01414197 0.466982 0.49 0.466982 0.49 0.592122 0.01414197 0.466982 0.49 0.592122 0.01414197 0.592122 0.01414197 0.592122 0.49 0.592122 0.49 0.717261 0.01414197 0.592122 0.49 0.717261 0.01414197 0.717261 0.01414197 0.717261 0.49 0.717261 0.49 0.842401 0.01414197 0.717261 0.49 0.842401 0.01414197 0.842401 0.01414197 0.842401 0.49 0.842401 0.49 0.96754 0.01414197 0.842401 0.49 0.96754 0.01414197 0.96754 0.01414197 -0.854583 0.49 -0.854583 0.49 -0.729444 0.01414197 -0.854583 0.49 -0.729444 0.01414197 -0.729444 0.01414197 -0.729444 0.49 -0.729444 0.49 -0.604304 0.01414197 -0.729444 0.49 -0.604304 0.01414197 -0.604304 0.01414197 -0.604304 0.49 -0.604304 0.49 -0.479165 0.01414197 -0.604304 0.49 -0.479165 0.01414197 -0.479165 0.49 -0.02929699 0.495001 -0.02794694 0.01414197 -0.02929699 0.01414197 -0.02929699 0.495001 -0.02794694 0.49866 -0.02425998 0.01414197 -0.02929699 0.49866 -0.02425998 0.5 -0.01922094 0.5 0 0.01414197 0 0.5 -0.01922094 0.5 -0.01922094 0.01414197 0 0.01414197 -0.02929699 -0.5 0.001381993 -0.01414197 0.001381993 -0.5 0.02337294 -0.5 0.02337294 -0.01414197 0.001381993 -0.01414197 0.02337294 -0.5 0.02337294 -0.01414197 0.02337294 -0.5 0.04536396 -0.5 0.04536396 -0.01414197 0.02337294 -0.01414197 0.04536396 -0.5 0.04536396 -0.01414197 0.04536396 -0.5 0.06735599 -0.5 0.06735599 -0.01414197 0.04536396 -0.01414197 0.06735599 -0.5 0.06735599 -0.01414197 0.06735599 -0.5 0.089347 -0.5 0.089347 -0.01414197 0.06735599 -0.01414197 0.089347 -0.5 0.089347 -0.01414197 0.089347 -0.5 0.111338 -0.5 0.111338 -0.01414197 0.089347 -0.01414197 0.111338 -0.49866 0.005037963 -0.01414197 0 -0.5 0.01007598 -0.5 0.01007598 -0.01414197 0 -0.01414197 0.02929699 -0.5 0.01007598 -0.01414197 0.02929699 -0.5 0.02929699 -0.49866 0.005037963 -0.495001 0.001349985 -0.01414197 0 -0.01414197 0 -0.495001 0.001349985 -0.49 0 -0.07499998 -0.149688 0.07499998 0 -0.07499998 0 -0.07499998 0 0.07499998 0 0.07499998 0.149688 -0.07499998 0 0.07499998 0.149688 -0.07499998 0.149688 -0.07499998 0.149688 0.07499998 0.149688 0.07499998 0.299375 -0.07499998 0.149688 0.07499998 0.299375 -0.07499998 0.299375 -0.07499998 0.299375 0.07499998 0.299375 0.07499998 0.449063 -0.07499998 0.299375 0.07499998 0.449063 -0.07499998 0.449063 -0.07499998 0.449063 0.07499998 0.449063 0.07499998 0.598751 -0.07499998 0.449063 0.07499998 0.598751 -0.07499998 0.598751 -0.07499998 0.598751 0.07499998 0.598751 0.07499998 0.748438 -0.07499998 0.598751 0.07499998 0.748438 -0.07499998 0.748438 -0.07499998 0.748438 0.07499998 0.748438 0.07499998 0.898126 -0.07499998 0.748438 0.07499998 0.898126 -0.07499998 0.898126 -0.07499998 0.898126 0.07499998 0.898126 0.07499998 1.047814 -0.07499998 0.898126 0.07499998 1.047814 -0.07499998 1.047814 -0.07499998 1.047814 0.07499998 1.047814 0.07499998 1.197501 -0.07499998 1.047814 0.07499998 1.197501 -0.07499998 1.197501 -0.07499998 -1.347189 0.07499998 -1.347189 0.07499998 -1.197501 -0.07499998 -1.347189 0.07499998 -1.197501 -0.07499998 -1.197501 -0.07499998 -1.197501 0.07499998 -1.197501 0.07499998 -1.047814 -0.07499998 -1.197501 0.07499998 -1.047814 -0.07499998 -1.047814 -0.07499998 -1.047814 0.07499998 -1.047814 0.07499998 -0.898126 -0.07499998 -1.047814 0.07499998 -0.898126 -0.07499998 -0.898126 -0.07499998 -0.898126 0.07499998 -0.898126 0.07499998 -0.748438 -0.07499998 -0.898126 0.07499998 -0.748438 -0.07499998 -0.748438 -0.07499998 -0.748438 0.07499998 -0.748438 0.07499998 -0.598751 -0.07499998 -0.748438 0.07499998 -0.598751 -0.07499998 -0.598751 -0.07499998 -0.598751 0.07499998 -0.598751 0.07499998 -0.449063 -0.07499998 -0.598751 0.07499998 -0.449063 -0.07499998 -0.449063 -0.07499998 -0.449063 0.07499998 -0.449063 0.07499998 -0.299375 -0.07499998 -0.449063 0.07499998 -0.299375 -0.07499998 -0.299375 -0.07499998 -0.299375 0.07499998 -0.299375 0.07499998 -0.149688 -0.07499998 -0.299375 0.07499998 -0.149688 -0.07499998 -0.149688 -0.07499998 -0.149688 0.07499998 -0.149688 0.07499998 0 -0.02356195 -0.626042 -0.02356195 -0.500106 -0.02748894 -0.548072 -0.02748894 -0.548072 -0.02356195 -0.500106 -0.02727895 -0.502434 -0.02748894 -0.548072 -0.02727895 -0.502434 -0.03141599 -0.503386 -0.03141599 -0.503386 -0.03141599 -0.628854 -0.02748894 -0.548072 -0.02748894 -0.548072 -0.03141599 -0.628854 -0.02748894 -0.669866 -0.02748894 -0.548072 -0.02748894 -0.669866 -0.02356195 -0.626042 -0.02356195 -0.626042 -0.02748894 -0.669866 -0.02356195 -0.751979 -0.02356195 -0.751979 -0.02748894 -0.669866 -0.02748894 -0.79166 -0.02356195 -0.751979 -0.02748894 -0.79166 -0.02356195 -0.877915 -0.02356195 -0.877915 -0.02748894 -0.79166 -0.02748894 -0.913453 -0.02356195 -0.877915 -0.02748894 -0.913453 -0.02356195 -1.003852 -0.02356195 -1.003852 -0.02748894 -0.913453 -0.02748894 -1.035247 -0.02356195 0.823055 -0.02748894 0.79166 -0.02356195 0.697118 -0.02356195 0.697118 -0.02748894 0.79166 -0.02748894 0.669866 -0.02356195 0.697118 -0.02748894 0.669866 -0.02356195 0.571182 -0.02356195 0.571182 -0.02748894 0.669866 -0.02748894 0.548072 -0.02356195 0.571182 -0.02748894 0.548072 -0.02356195 0.445245 -0.02356195 0.445245 -0.02748894 0.548072 -0.02748894 0.426278 -0.02356195 0.445245 -0.02748894 0.426278 -0.02356195 0.319309 -0.02356195 0.319309 -0.02748894 0.426278 -0.02748894 0.304484 -0.02356195 0.319309 -0.02748894 0.304484 -0.02356195 0.193372 -0.02356195 0.193372 -0.02748894 0.304484 -0.02748894 0.182691 -0.02356195 0.193372 -0.02748894 0.182691 -0.02356195 0.06743597 -0.02356195 0.06743597 -0.02748894 0.182691 -0.02748894 0.06089699 -0.02356195 0.06743597 -0.02748894 0.06089699 -0.02356195 -0.058501 -0.02356195 -0.058501 -0.02748894 0.06089699 -0.02748894 -0.06089699 -0.02356195 -0.058501 -0.02748894 -0.06089699 -0.02356195 -0.184438 -0.02356195 -0.184438 -0.02748894 -0.06089699 -0.02748894 -0.182393 -0.02356195 -0.184438 -0.02748894 -0.182393 -0.02748894 -0.304484 -0.02748894 -0.304484 -0.02748894 -0.182393 -0.03141599 -0.182095 -0.02748894 -0.304484 -0.03141599 -0.182095 -0.03141599 -0.307563 -0.03141599 -0.628854 -0.03141599 -0.754322 -0.02748894 -0.669866 -0.02748894 -0.669866 -0.03141599 -0.754322 -0.02748894 -0.79166 -0.03141599 -0.754322 -0.03141599 -0.87979 -0.02748894 -0.79166 -0.02748894 -0.79166 -0.03141599 -0.87979 -0.02748894 -0.913453 -0.03141599 0.947117 -0.03141599 0.821649 -0.02748894 0.913453 -0.02748894 0.913453 -0.03141599 0.821649 -0.02748894 0.79166 -0.03141599 0.821649 -0.03141599 0.696181 -0.02748894 0.79166 -0.02748894 0.79166 -0.03141599 0.696181 -0.02748894 0.669866 -0.03141599 0.696181 -0.03141599 0.570713 -0.02748894 0.669866 -0.02748894 0.669866 -0.03141599 0.570713 -0.02748894 0.548072 -0.03141599 0.570713 -0.03141599 0.445245 -0.02748894 0.548072 -0.02748894 0.548072 -0.03141599 0.445245 -0.02748894 0.426278 -0.03141599 0.445245 -0.03141599 0.319777 -0.02748894 0.426278 -0.02748894 0.426278 -0.03141599 0.319777 -0.02748894 0.304484 -0.03141599 0.319777 -0.03141599 0.1943089 -0.02748894 0.304484 -0.02748894 0.304484 -0.03141599 0.1943089 -0.02748894 0.182691 -0.03141599 0.1943089 -0.03141599 0.06884098 -0.02748894 0.182691 -0.02748894 0.182691 -0.03141599 0.06884098 -0.02748894 0.06089699 -0.03141599 0.06884098 -0.03141599 -0.05662697 -0.02748894 0.06089699 -0.02748894 0.06089699 -0.03141599 -0.05662697 -0.02748894 -0.06089699 -0.03141599 -0.05662697 -0.03141599 -0.182095 -0.02748894 -0.06089699 -0.02748894 -0.06089699 -0.03141599 -0.182095 -0.02748894 -0.182393 -0.02748894 -0.304484 -0.03141599 -0.307563 -0.02748894 -0.426278 -0.02748894 -0.426278 -0.03141599 -0.307563 -0.03141599 -0.433031 -0.02748894 -0.426278 -0.03141599 -0.433031 -0.02724295 -0.433999 -0.02724295 -0.433999 -0.02356195 -0.436311 -0.02748894 -0.426278 -0.02748894 -0.426278 -0.02356195 -0.436311 -0.02356195 -0.310374 -0.02748894 -0.426278 -0.02356195 -0.310374 -0.02748894 -0.304484 -0.02748894 -0.304484 -0.02356195 -0.310374 -0.02356195 -0.184438 0 0 0 -0.002617955 0.02929699 0 0.02929699 0 0 -0.002617955 0.03026497 -0.00417298 0.03026497 -0.00417298 0 -0.002617955 0 -0.00523597 0.03026497 -0.00417298 0 -0.00523597 0.03258496 -0.007853984 0.03258496 -0.007853984 0 -0.00523597 0 -0.007853984 0 0.001351952 0.002617955 0.001351952 0 0.02286499 0 0.02286499 0.002617955 0.001351952 0.003926992 0.02286499 0 0.02286499 0.003926992 0.02286499 0 0.04437798 0 0.04437798 0.003926992 0.02286499 0.003926992 0.04437798 0 0.04437798 0.003926992 0.04437798 0 0.06589096 0 0.06589096 0.003926992 0.04437798 0.003926992 0.06589096 0 0.06589096 0.003926992 0.06589096 0 0.08740395 0 0.08740395 0.003926992 0.06589096 0.003926992 0.08740395 0 0.08740395 0.003926992 0.08740395 0.002617955 0.108916 0.002617955 0.108916 0.003926992 0.08740395 0.00523597 0.108916 0.00523597 0.108916 0.003926992 0.08740395 0.007853984 0.08740395 0.00523597 0.108916 0.007853984 0.08740395 0.007853984 0.108916 0.002617955 0.001351952 0.00523597 0.001351952 0.003926992 0.02286499 0.003926992 0.02286499 0.00523597 0.001351952 0.007853984 0.02286499 0.003926992 0.02286499 0.007853984 0.02286499 0.003926992 0.04437798 0.003926992 0.04437798 0.007853984 0.02286499 0.007853984 0.04437798 0.003926992 0.04437798 0.007853984 0.04437798 0.003926992 0.06589096 0.003926992 0.06589096 0.007853984 0.04437798 0.007853984 0.06589096 0.003926992 0.06589096 0.007853984 0.06589096 0.003926992 0.08740395 0.003926992 0.08740395 0.007853984 0.06589096 0.007853984 0.08740395 0.00523597 0.001351952 0.007853984 0.001351952 0.007853984 0.02286499 0.002617955 0.108916 0 0.108916 0 0.08740395 0.02929699 0 0 0 0.02929699 -0.002617955 0.02929699 -0.002617955 0 0 -9.51e-4 -0.004136979 0.02929699 -0.002617955 -9.51e-4 -0.004136979 0.02929699 -0.00523597 0.02929699 -0.00523597 -9.51e-4 -0.004136979 -0.003287971 -0.007853984 0.02929699 -0.00523597 -0.003287971 -0.007853984 0.02929699 -0.007853984 -0.1463029 -0.377651 0 -0.405 0 -0.4 0 -0.4 0 -0.405 0.1463029 -0.377651 0 -0.4 0.1463029 -0.377651 0.144497 -0.372989 0.144497 -0.372989 0.1463029 -0.377651 0.272847 -0.299299 0.144497 -0.372989 0.272847 -0.299299 0.269478 -0.295604 0.269478 -0.295604 0.272847 -0.299299 0.362541 -0.180524 0.269478 -0.295604 0.362541 -0.180524 0.358065 -0.178295 0.358065 -0.178295 0.362541 -0.180524 0.403272 -0.03736895 0.358065 -0.178295 0.403272 -0.03736895 0.398294 -0.03690695 0.398294 -0.03690695 0.403272 -0.03736895 0.38473 0.109465 0.38473 0.109465 0.403272 -0.03736895 0.389539 0.110834 0.38473 0.109465 0.389539 0.110834 0.319207 0.2410539 0.319207 0.2410539 0.389539 0.110834 0.323197 0.244067 0.319207 0.2410539 0.323197 0.244067 0.210573 0.340087 0.210573 0.340087 0.323197 0.244067 0.213205 0.344338 0.210573 0.340087 0.213205 0.344338 0.07349997 0.393189 0.07349997 0.393189 0.213205 0.344338 0.07441896 0.398104 0.07349997 0.393189 0.07441896 0.398104 -0.07441896 0.398104 0.07349997 0.393189 -0.07441896 0.398104 -0.07349997 0.393189 -0.07349997 0.393189 -0.07441896 0.398104 -0.213205 0.344338 -0.07349997 0.393189 -0.213205 0.344338 -0.210573 0.340087 -0.210573 0.340087 -0.213205 0.344338 -0.323197 0.244067 -0.210573 0.340087 -0.323197 0.244067 -0.319207 0.2410539 -0.319207 0.2410539 -0.323197 0.244067 -0.389539 0.110834 -0.319207 0.2410539 -0.389539 0.110834 -0.38473 0.109465 -0.38473 0.109465 -0.389539 0.110834 -0.403272 -0.03736895 -0.38473 0.109465 -0.403272 -0.03736895 -0.398294 -0.03690695 -0.398294 -0.03690695 -0.403272 -0.03736895 -0.358065 -0.178295 -0.358065 -0.178295 -0.403272 -0.03736895 -0.362541 -0.180524 -0.358065 -0.178295 -0.362541 -0.180524 -0.269478 -0.295604 -0.269478 -0.295604 -0.362541 -0.180524 -0.272847 -0.299299 -0.269478 -0.295604 -0.272847 -0.299299 -0.144497 -0.372989 -0.144497 -0.372989 -0.272847 -0.299299 -0.1463029 -0.377651 -0.144497 -0.372989 -0.1463029 -0.377651 0 -0.4 0 0.03644096 0.00999999 0.04422998 0 0.157326 0 0.157326 0.00999999 0.04422998 0.00999999 0.172637 0 0.157326 0.00999999 0.172637 0 0.278211 0 0.278211 0.00999999 0.172637 0.00999999 0.301044 0 0.278211 0.00999999 0.301044 0 0.399095 0 0.399095 0.00999999 0.301044 0.00999999 0.42945 0 0.399095 0.00999999 0.42945 0 0.51998 0 0.51998 0.00999999 0.42945 0.00999999 0.557857 0 0.51998 0.00999999 0.557857 0 0.640865 0 0.640865 0.00999999 0.557857 0.00999999 0.686264 0 0.640865 0.00999999 0.686264 0 0.76175 0 0.76175 0.00999999 0.686264 0.00999999 0.814671 0 0.76175 0.00999999 0.814671 0 0.882635 0 0.882635 0.00999999 0.814671 0.00999999 0.943077 0 -0.980106 0.00999999 -0.919664 0 -0.859221 0 -0.859221 0.00999999 -0.919664 0.00999999 -0.791257 0 -0.859221 0.00999999 -0.791257 0 -0.738337 0 -0.738337 0.00999999 -0.791257 0.00999999 -0.66285 0 -0.738337 0.00999999 -0.66285 0 -0.617452 0 -0.617452 0.00999999 -0.66285 0.00999999 -0.534444 0 -0.617452 0.00999999 -0.534444 0 -0.496567 0 -0.496567 0.00999999 -0.534444 0.00999999 -0.406037 0 -0.496567 0.00999999 -0.406037 0 -0.375682 0 -0.375682 0.00999999 -0.406037 0.00999999 -0.27763 0 -0.375682 0.00999999 -0.27763 0 -0.254797 0 -0.254797 0.00999999 -0.27763 0.00999999 -0.149223 0 -0.254797 0.00999999 -0.149223 0 -0.133912 0 -0.133912 0.00999999 -0.149223 0.00999999 -0.02081698 0 -0.133912 0.00999999 -0.02081698 0 -0.01302695 0.01087296 0.03112596 8.77e-4 0.03140497 0.009962975 -0.001446962 0.009962975 -0.001446962 8.77e-4 0.03140497 -2.5e-4 -0.008952975 0 -0.04594999 0 -0.02802097 -0.00999999 -0.04594999 -0.00999999 -0.04594999 0 -0.02802097 -0.00999999 -0.02802097 -0.00999999 -0.02802097 0 -0.02802097 -0.00999999 -0.01009196 -0.00999999 -0.01009196 0 -0.02802097 0 -0.01009196 -0.00999999 -0.01009196 0 -0.01009196 -0.00999999 0.007837951 -0.00999999 0.007837951 0 -0.01009196 0 0.007837951 -0.00999999 0.007837951 0 0.007837951 -0.00999999 0.02576696 -0.00999999 0.02576696 0 0.007837951 0 0.02576696 -0.00999999 0.02576696 0 0.02576696 -0.00999999 0.04369699 -0.00999999 0.04369699 0 0.02576696 0 0.04369699 -0.009118974 0.03168398 -0.01002895 -8.88e-4 8.77e-4 0.03140497 8.77e-4 0.03140497 -0.01002895 -8.88e-4 -2.5e-4 -0.008952975 0.05196195 -0.444732 0 -0.558095 0.05196195 -0.592976 0.05196195 -0.592976 0 -0.558095 0 -0.697618 0.05196195 -0.592976 0 -0.697618 0.05196195 -0.74122 0.05196195 -0.74122 0 -0.697618 0 -0.837142 0.05196195 -0.74122 0 -0.837142 0.05196195 -0.889463 0.05196195 -0.889463 0 -0.837142 0 -0.976666 0.05196195 -0.889463 0 -0.976666 0.05196195 -1.037707 0.05196195 -1.037707 0 -0.976666 0 -1.116189 0.05196195 -1.037707 0 -1.116189 0.05196195 -1.185951 0.05196195 1.185951 0 1.255713 0 1.116189 0.05196195 1.185951 0 1.116189 0.05196195 1.037707 0.05196195 1.037707 0 1.116189 0 0.976666 0.05196195 1.037707 0 0.976666 0.05196195 0.889463 0.05196195 0.889463 0 0.976666 0 0.837142 0.05196195 0.889463 0 0.837142 0.05196195 0.74122 0.05196195 0.74122 0 0.837142 0 0.697618 0.05196195 0.74122 0 0.697618 0.05196195 0.592976 0.05196195 0.592976 0 0.697618 0 0.558095 0.05196195 0.592976 0 0.558095 0.05196195 0.444732 0.05196195 0.444732 0 0.558095 0 0.418571 0.05196195 0.444732 0 0.418571 0.05196195 0.296488 0.05196195 0.296488 0 0.418571 0 0.279047 0.05196195 0.296488 0 0.279047 0.05196195 0.148244 0.05196195 0.148244 0 0.279047 0 0.139524 0.05196195 0.148244 0 0.139524 0.05196195 0 0.05196195 0 0 0.139524 0 0 0.05196195 0 0 0 0 -0.139524 0 -0.558095 0.05196195 -0.444732 0 -0.418571 0 -0.418571 0.05196195 -0.444732 0.05196195 -0.296488 0 -0.418571 0.05196195 -0.296488 0 -0.279047 0 -0.279047 0.05196195 -0.296488 0.05196195 -0.148244 0 -0.279047 0.05196195 -0.148244 0 -0.139524 0 -0.139524 0.05196195 -0.148244 0.05196195 0 -0.274599 0.175725 -0.281016 0.222955 -0.296257 0.301931 -0.296257 0.301931 -0.281016 0.222955 -0.283534 0.34441 -0.296257 0.301931 -0.283534 0.34441 -0.26471 0.426035 -0.26471 0.426035 -0.283534 0.34441 -0.237684 0.456906 -0.26471 0.426035 -0.237684 0.456906 -0.185412 0.526578 -0.185412 0.526578 -0.237684 0.456906 -0.150982 0.541996 -0.185412 0.526578 -0.150982 0.541996 -0.07207596 0.586176 -0.07207596 0.586176 -0.150982 0.541996 -0.03764599 0.585729 -0.07207596 0.586176 -0.03764599 0.585729 0.05570298 0.594523 0.05570298 0.594523 -0.03764599 0.585729 0.08373999 0.580934 0.05570298 0.594523 0.08373999 0.580934 0.17583 0.550176 0.17583 0.550176 0.08373999 0.580934 0.1932719 0.528395 0.17583 0.550176 0.1932719 0.528395 0.267533 0.460804 0.267533 0.460804 0.1932719 0.528395 0.27299 0.43673 0.267533 0.460804 0.27299 0.43673 0.314958 0.341858 0.314958 0.341858 0.27299 0.43673 0.309822 0.320967 0.314958 0.341858 0.309822 0.320967 0.309902 0.213907 0.309902 0.213907 0.309822 0.320967 0.297729 0.20009 0.309902 0.213907 0.297729 0.20009 0.253242 0.099074 0.253242 0.099074 0.297729 0.20009 0.238694 0.09391796 0.253242 0.099074 0.238694 0.09391796 0.1547729 0.01721495 0.1547729 0.01721495 0.238694 0.09391796 0.142396 0.01986199 0.1547729 0.01721495 0.142396 0.01986199 0.03152197 -0.01751697 0.03152197 -0.01751697 0.142396 0.01986199 0.02462697 -0.009935975 0.03152197 -0.01751697 0.02462697 -0.009935975 -0.025334 -0.007962942 -0.025334 -0.007962942 0.02462697 -0.009935975 -0.02373999 0.03237998 -0.02373999 0.03237998 0.02462697 -0.009935975 0.02622097 0.03040599 -0.02373999 0.03237998 0.02622097 0.03040599 -0.01838898 0.04687398 -0.01838898 0.04687398 0.02622097 0.03040599 -0.005539953 0.05545598 -0.005539953 0.05545598 0.02622097 0.03040599 0.009897947 0.05484598 0.009897947 0.05484598 0.02622097 0.03040599 0.02202999 0.04527699 -0.281016 0.222955 -0.274599 0.175725 -0.23054 0.112457 -0.23054 0.112457 -0.274599 0.175725 -0.203481 0.06923896 -0.23054 0.112457 -0.203481 0.06923896 -0.140386 0.03103399 -0.140386 0.03103399 -0.203481 0.06923896 -0.0952 8.85e-4 -0.140386 0.03103399 -0.0952 8.85e-4 -0.025334 -0.007962942 -0.025334 -0.007962942 -0.0952 8.85e-4 0.03152197 -0.01751697 0.07598096 0.418225 0.324019 0.418225 0.07598096 0.557633 0.07598096 0.557633 0.324019 0.418225 0.324019 0.557633 0.07598096 0.557633 0.324019 0.557633 0.07598096 0.697041 0.07598096 0.697041 0.324019 0.557633 0.324019 0.697041 0.07598096 0.697041 0.324019 0.697041 0.07598096 0.836449 0.07598096 0.836449 0.324019 0.697041 0.324019 0.836449 0.07598096 0.836449 0.324019 0.836449 0.07598096 0.975857 0.07598096 0.975857 0.324019 0.836449 0.324019 0.975857 0.07598096 0.975857 0.324019 0.975857 0.07598096 1.115265 0.07598096 1.115265 0.324019 0.975857 0.324019 1.115265 0.07598096 -1.115265 0.324019 -1.115265 0.07598096 -0.975857 0.07598096 -0.975857 0.324019 -1.115265 0.324019 -0.975857 0.07598096 -0.975857 0.324019 -0.975857 0.07598096 -0.836449 0.07598096 -0.836449 0.324019 -0.975857 0.324019 -0.836449 0.07598096 -0.836449 0.324019 -0.836449 0.07598096 -0.697041 0.07598096 -0.697041 0.324019 -0.836449 0.324019 -0.697041 0.07598096 -0.697041 0.324019 -0.697041 0.07598096 -0.557633 0.07598096 -0.557633 0.324019 -0.697041 0.324019 -0.557633 0.07598096 -0.557633 0.324019 -0.557633 0.07598096 -0.418225 0.07598096 -0.418225 0.324019 -0.557633 0.324019 -0.418225 0.07598096 -0.418225 0.324019 -0.418225 0.07598096 -0.278816 0.07598096 -0.278816 0.324019 -0.418225 0.324019 -0.278816 0.07598096 -0.278816 0.324019 -0.278816 0.07598096 -0.139408 0.07598096 -0.139408 0.324019 -0.278816 0.324019 -0.139408 0.07598096 -0.139408 0.324019 -0.139408 0.07598096 0 0.07598096 0 0.324019 -0.139408 0.324019 0 0.07598096 0 0.324019 0 0.07598096 0.139408 0.07598096 0.139408 0.324019 0 0.324019 0.139408 0.07598096 0.139408 0.324019 0.139408 0.07598096 0.278816 0.07598096 0.278816 0.324019 0.139408 0.324019 0.278816 0.07598096 0.278816 0.324019 0.278816 0.07598096 0.418225 0.07598096 0.418225 0.324019 0.278816 0.324019 0.418225 -0.003172993 0.113353 -0.017295 0 -0.003172993 -0.01267296 -0.003172993 -0.01267296 -0.017295 0 -0.017295 -0.126026 -0.003172993 -0.01267296 -0.017295 -0.126026 -0.003172993 -0.1386989 -0.003172993 -0.1386989 -0.017295 -0.126026 -0.017295 -0.252052 -0.003172993 -0.1386989 -0.017295 -0.252052 -0.003172993 -0.264725 -0.003172993 -0.264725 -0.017295 -0.252052 -0.017295 -0.378078 -0.003172993 -0.264725 -0.017295 -0.378078 -0.003172993 -0.390751 -0.003172993 -0.390751 -0.017295 -0.378078 -0.017295 -0.504104 -0.003172993 -0.390751 -0.017295 -0.504104 -0.003172993 -0.516777 -0.003172993 -0.516777 -0.017295 -0.504104 -0.017295 -0.63013 -0.003172993 -0.516777 -0.017295 -0.63013 -0.003172993 -0.642803 -0.003172993 -0.642803 -0.017295 -0.63013 -0.017295 -0.756156 -0.003172993 -0.642803 -0.017295 -0.756156 -0.003172993 -0.768829 -0.003172993 -0.768829 -0.017295 -0.756156 -0.017295 -0.882182 -0.003172993 -0.768829 -0.017295 -0.882182 -0.003172993 -0.894855 -0.003172993 -0.894855 -0.017295 -0.882182 -0.017295 -1.008208 -0.003172993 -0.894855 -0.017295 -1.008208 -0.003172993 -1.020881 -0.003172993 0.995535 -0.017295 1.008208 -0.017295 0.882182 -0.003172993 0.995535 -0.017295 0.882182 -0.003172993 0.869509 -0.003172993 0.869509 -0.017295 0.882182 -0.017295 0.756156 -0.003172993 0.869509 -0.017295 0.756156 -0.003172993 0.743483 -0.003172993 0.743483 -0.017295 0.756156 -0.017295 0.63013 -0.003172993 0.743483 -0.017295 0.63013 -0.003172993 0.617457 -0.003172993 0.617457 -0.017295 0.63013 -0.017295 0.504104 -0.003172993 0.617457 -0.017295 0.504104 -0.003172993 0.491431 -0.003172993 0.491431 -0.017295 0.504104 -0.017295 0.378078 -0.003172993 0.491431 -0.017295 0.378078 -0.003172993 0.365405 -0.003172993 0.365405 -0.017295 0.378078 -0.017295 0.252052 -0.003172993 0.365405 -0.017295 0.252052 -0.003172993 0.239379 -0.003172993 0.239379 -0.017295 0.252052 -0.017295 0.126026 -0.003172993 0.239379 -0.017295 0.126026 -0.003172993 0.113353 -0.003172993 0.113353 -0.017295 0.126026 -0.017295 0 -0.03141599 0.861108 -0.017295 0.882182 -0.03141599 0.995535 -0.03141599 0.995535 -0.017295 0.882182 -0.017295 1.008208 -0.03141599 0.995535 -0.017295 1.008208 -0.03141599 1.129963 -0.03141599 1.129963 -0.017295 1.008208 -0.017295 1.134234 -0.03141599 -0.886453 -0.017295 -0.882182 -0.03141599 -0.752025 -0.03141599 -0.752025 -0.017295 -0.882182 -0.017295 -0.756156 -0.03141599 -0.752025 -0.017295 -0.756156 -0.017295 -0.63013 -0.017295 0.882182 -0.03141599 0.861108 -0.017295 0.756156 -0.017295 0.756156 -0.03141599 0.861108 -0.03141599 0.72668 -0.017295 0.756156 -0.03141599 0.72668 -0.017295 0.63013 -0.017295 0.63013 -0.03141599 0.72668 -0.03141599 0.592252 -0.017295 0.63013 -0.03141599 0.592252 -0.017295 0.504104 -0.017295 0.504104 -0.03141599 0.592252 -0.03141599 0.457824 -0.017295 0.504104 -0.03141599 0.457824 -0.017295 0.378078 -0.017295 0.378078 -0.03141599 0.457824 -0.03141599 0.323397 -0.017295 0.378078 -0.03141599 0.323397 -0.017295 0.252052 -0.017295 0.252052 -0.03141599 0.323397 -0.03141599 0.188969 -0.017295 0.252052 -0.03141599 0.188969 -0.017295 0.126026 -0.017295 0.126026 -0.03141599 0.188969 -0.03141599 0.05454099 -0.017295 0.126026 -0.03141599 0.05454099 -0.017295 0 -0.017295 0 -0.03141599 0.05454099 -0.03141599 -0.07988595 -0.017295 0 -0.03141599 -0.07988595 -0.017295 -0.126026 -0.017295 -0.126026 -0.03141599 -0.07988595 -0.03141599 -0.214314 -0.017295 -0.126026 -0.03141599 -0.214314 -0.017295 -0.252052 -0.017295 -0.252052 -0.03141599 -0.214314 -0.03141599 -0.348742 -0.017295 -0.252052 -0.03141599 -0.348742 -0.017295 -0.378078 -0.017295 -0.378078 -0.03141599 -0.348742 -0.03141599 -0.48317 -0.017295 -0.378078 -0.03141599 -0.48317 -0.017295 -0.504104 -0.017295 -0.504104 -0.03141599 -0.48317 -0.03141599 -0.617597 -0.017295 -0.504104 -0.03141599 -0.617597 -0.017295 -0.63013 -0.017295 -0.63013 -0.03141599 -0.617597 -0.03141599 -0.752025 0.05196195 0.74122 0 0.697618 0.05196195 0.592976 0.05196195 0.592976 0 0.697618 0 0.558095 0.05196195 0.592976 0 0.558095 0.05196195 0.444732 0.05196195 0.444732 0 0.558095 0 0.418571 0.05196195 0.444732 0 0.418571 0.05196195 0.296488 0.05196195 0.296488 0 0.418571 0 0.279047 0.05196195 0.296488 0 0.279047 0.05196195 0.148244 0.05196195 0.148244 0 0.279047 0 0.139524 0.05196195 0.148244 0 0.139524 0.05196195 0 0.05196195 0 0 0.139524 0 0 0.05196195 0 0 0 0 -0.139524 0 0.697618 0.05196195 0.74122 0 0.837142 0 0.837142 0.05196195 0.74122 0.05196195 0.889463 0 0.837142 0.05196195 0.889463 0 0.976666 0 0.976666 0.05196195 0.889463 0.05196195 1.037707 0 0.976666 0.05196195 1.037707 0 1.116189 0 1.116189 0.05196195 1.037707 0.05196195 1.185951 0 1.116189 0.05196195 1.185951 0 1.255713 0 -1.116189 0.05196195 -1.185951 0.05196195 -1.037707 0 -1.116189 0.05196195 -1.037707 0 -0.976666 0 -0.976666 0.05196195 -1.037707 0.05196195 -0.889463 0 -0.976666 0.05196195 -0.889463 0 -0.837142 0 -0.837142 0.05196195 -0.889463 0.05196195 -0.74122 0 -0.837142 0.05196195 -0.74122 0 -0.697618 0 -0.697618 0.05196195 -0.74122 0.05196195 -0.592976 0 -0.697618 0.05196195 -0.592976 0 -0.558095 0 -0.558095 0.05196195 -0.592976 0.05196195 -0.444732 0 -0.558095 0.05196195 -0.444732 0 -0.418571 0 -0.418571 0.05196195 -0.444732 0.05196195 -0.296488 0 -0.418571 0.05196195 -0.296488 0 -0.279047 0 -0.279047 0.05196195 -0.296488 0.05196195 -0.148244 0 -0.279047 0.05196195 -0.148244 0 -0.139524 0 -0.139524 0.05196195 -0.148244 0.05196195 0 0 0.647135 -0.109536 0.515051 0 0.515051 0 0.515051 -0.109536 0.515051 -0.109536 0.382968 0 0.515051 -0.109536 0.382968 0 0.382968 0 0.382968 -0.109536 0.382968 -0.109536 0.250885 0 0.382968 -0.109536 0.250885 0 0.250885 0 0.250885 -0.109536 0.250885 -0.109536 0.118802 0 0.250885 -0.109536 0.118802 0 0.118802 0 0.118802 -0.109536 0.118802 -0.109536 -0.013282 0 0.118802 -0.109536 -0.013282 0 -0.013282 0 -0.013282 -0.109536 -0.013282 -0.109536 -0.1453649 0 -0.013282 -0.109536 -0.1453649 0 -0.1453649 0 -0.1453649 -0.109536 -0.1453649 -0.109536 -0.277448 0 -0.1453649 -0.109536 -0.277448 0 -0.277448 0 -0.277448 -0.109536 -0.277448 -0.109536 -0.409531 0 -0.277448 -0.109536 -0.409531 0 -0.409531 0 -0.409531 -0.109536 -0.409531 -0.109536 -0.541615 0 -0.409531 -0.109536 -0.541615 0 -0.541615 0 -0.541615 -0.109536 -0.541615 -0.109536 -0.673698 0 -0.541615 -0.109536 -0.673698 0 -0.673698 0 -0.673698 -0.109536 -0.673698 -0.109536 -0.805781 0 -0.673698 -0.109536 -0.805781 0 -0.805781 0 -0.805781 -0.109536 -0.805781 -0.109536 -0.937864 0 -0.805781 -0.109536 -0.937864 0 -0.937864 0 1.175468 -0.109536 1.175467 -0.109536 1.043384 0 1.175468 -0.109536 1.043384 0 1.043384 0 1.043384 -0.109536 1.043384 -0.109536 0.911301 0 1.043384 -0.109536 0.911301 0 0.911301 0 0.911301 -0.109536 0.911301 -0.109536 0.779218 0 0.911301 -0.109536 0.779218 0 0.779218 0 0.779218 -0.109536 0.779218 -0.109536 0.647135 0 0.779218 -0.109536 0.647135 0 0.647135 0 0.647135 -0.109536 0.647135 -0.109536 0.515051 0.1463029 0.377651 0 0.405 0 0.4 0 0.4 0 0.405 -0.1463029 0.377651 0 0.4 -0.1463029 0.377651 -0.144497 0.372989 -0.144497 0.372989 -0.1463029 0.377651 -0.272847 0.299299 -0.144497 0.372989 -0.272847 0.299299 -0.269478 0.295604 -0.269478 0.295604 -0.272847 0.299299 -0.362541 0.180524 -0.269478 0.295604 -0.362541 0.180524 -0.358065 0.178295 -0.358065 0.178295 -0.362541 0.180524 -0.403272 0.03736895 -0.358065 0.178295 -0.403272 0.03736895 -0.398294 0.03690695 -0.398294 0.03690695 -0.403272 0.03736895 -0.38473 -0.109465 -0.38473 -0.109465 -0.403272 0.03736895 -0.389539 -0.110834 -0.38473 -0.109465 -0.389539 -0.110834 -0.319207 -0.2410539 -0.319207 -0.2410539 -0.389539 -0.110834 -0.323197 -0.244067 -0.319207 -0.2410539 -0.323197 -0.244067 -0.210573 -0.340087 -0.210573 -0.340087 -0.323197 -0.244067 -0.213205 -0.344338 -0.210573 -0.340087 -0.213205 -0.344338 -0.07349997 -0.393189 -0.07349997 -0.393189 -0.213205 -0.344338 -0.07441896 -0.398104 -0.07349997 -0.393189 -0.07441896 -0.398104 0.07441896 -0.398104 -0.07349997 -0.393189 0.07441896 -0.398104 0.07349997 -0.393189 0.07349997 -0.393189 0.07441896 -0.398104 0.213205 -0.344338 0.07349997 -0.393189 0.213205 -0.344338 0.210573 -0.340087 0.210573 -0.340087 0.213205 -0.344338 0.323197 -0.244067 0.210573 -0.340087 0.323197 -0.244067 0.319207 -0.2410539 0.319207 -0.2410539 0.323197 -0.244067 0.389539 -0.110834 0.319207 -0.2410539 0.389539 -0.110834 0.38473 -0.109465 0.38473 -0.109465 0.389539 -0.110834 0.403272 0.03736895 0.38473 -0.109465 0.403272 0.03736895 0.398294 0.03690695 0.398294 0.03690695 0.403272 0.03736895 0.358065 0.178295 0.358065 0.178295 0.403272 0.03736895 0.362541 0.180524 0.358065 0.178295 0.362541 0.180524 0.269478 0.295604 0.269478 0.295604 0.362541 0.180524 0.272847 0.299299 0.269478 0.295604 0.272847 0.299299 0.144497 0.372989 0.144497 0.372989 0.272847 0.299299 0.1463029 0.377651 0.144497 0.372989 0.1463029 0.377651 0 0.4 -0.175 -0.121858 -0.125 0.01362299 -0.175 0.01362299 -0.175 0.01362299 -0.125 0.01362299 -0.125 0.149105 -0.175 0.01362299 -0.125 0.149105 -0.175 0.149105 -0.175 0.149105 -0.125 0.149105 -0.125 0.284586 -0.175 0.149105 -0.125 0.284586 -0.175 0.284586 -0.175 0.284586 -0.125 0.284586 -0.125 0.420067 -0.175 0.284586 -0.125 0.420067 -0.175 0.420067 -0.175 0.420067 -0.125 0.420067 -0.125 0.555548 -0.175 0.420067 -0.125 0.555548 -0.175 0.555548 -0.175 0.555548 -0.125 0.555548 -0.125 0.691029 -0.175 0.555548 -0.125 0.691029 -0.175 0.691029 -0.175 0.691029 -0.125 0.691029 -0.125 0.82651 -0.175 0.691029 -0.125 0.82651 -0.175 0.82651 -0.175 0.82651 -0.125 0.82651 -0.125 0.961992 -0.175 0.82651 -0.125 0.961992 -0.175 0.961992 -0.175 -1.205707 -0.125 -1.205707 -0.125 -1.070226 -0.175 -1.205707 -0.125 -1.070226 -0.175 -1.070226 -0.175 -1.070226 -0.125 -1.070226 -0.125 -0.934745 -0.175 -1.070226 -0.125 -0.934745 -0.175 -0.934745 -0.175 -0.934745 -0.125 -0.934745 -0.125 -0.799264 -0.175 -0.934745 -0.125 -0.799264 -0.175 -0.799264 -0.175 -0.799264 -0.125 -0.799264 -0.125 -0.663783 -0.175 -0.799264 -0.125 -0.663783 -0.175 -0.663783 -0.175 -0.663783 -0.125 -0.663783 -0.125 -0.528301 -0.175 -0.663783 -0.125 -0.528301 -0.175 -0.528301 -0.175 -0.528301 -0.125 -0.528301 -0.125 -0.39282 -0.175 -0.528301 -0.125 -0.39282 -0.175 -0.39282 -0.175 -0.39282 -0.125 -0.39282 -0.125 -0.257339 -0.175 -0.39282 -0.125 -0.257339 -0.175 -0.257339 -0.175 -0.257339 -0.125 -0.257339 -0.125 -0.121858 -0.175 -0.257339 -0.125 -0.121858 -0.175 -0.121858 -0.175 -0.121858 -0.125 -0.121858 -0.125 0.01362299 0.00999999 -0.78586 0.04999995 -0.748438 0.00999999 -0.636173 0.00999999 -0.636173 0.04999995 -0.748438 0.04999995 -0.598751 0.00999999 -0.636173 0.04999995 -0.598751 0.00999999 -0.486485 0.00999999 -0.486485 0.04999995 -0.598751 0.04999995 -0.449063 0.00999999 -0.486485 0.04999995 -0.449063 0.00999999 -0.336797 0.00999999 -0.336797 0.04999995 -0.449063 0.04999995 -0.299375 0.00999999 -0.336797 0.04999995 -0.299375 0.00999999 -0.18711 0.00999999 -0.18711 0.04999995 -0.299375 0.04999995 -0.149688 0.00999999 -0.18711 0.04999995 -0.149688 0.00999999 -0.037422 0.00999999 -0.037422 0.04999995 -0.149688 0.04999995 0 0.00999999 -0.037422 0.04999995 0 0.00999999 0.112266 0.00999999 0.112266 0.04999995 0 0.04999995 0.149688 0.00999999 0.112266 0.04999995 0.149688 0.00999999 0.261953 0.00999999 0.261953 0.04999995 0.149688 0.04999995 0.299375 0.00999999 0.261953 0.04999995 0.299375 0.00999999 0.411641 0.00999999 0.411641 0.04999995 0.299375 0.04999995 0.449063 0.00999999 0.411641 0.04999995 0.449063 0.00999999 0.561329 0.00999999 0.561329 0.04999995 0.449063 0.04999995 0.598751 0.00999999 0.561329 0.04999995 0.598751 0.00999999 0.711016 0.00999999 0.711016 0.04999995 0.598751 0.04999995 0.748438 0.00999999 0.711016 0.04999995 0.748438 0.00999999 0.860704 0.00999999 0.860704 0.04999995 0.748438 0.04999995 0.898126 0.00999999 0.860704 0.04999995 0.898126 0.00999999 1.010392 0.00999999 1.010392 0.04999995 0.898126 0.04999995 1.047814 0.00999999 1.010392 0.04999995 1.047814 0.00999999 1.160079 0.00999999 1.160079 0.04999995 1.047814 0.04999995 1.197501 0.00999999 -1.384611 0.04999995 -1.347189 0.00999999 -1.234923 0.00999999 -1.234923 0.04999995 -1.347189 0.04999995 -1.197501 0.00999999 -1.234923 0.04999995 -1.197501 0.00999999 -1.085235 0.00999999 -1.085235 0.04999995 -1.197501 0.04999995 -1.047814 0.00999999 -1.085235 0.04999995 -1.047814 0.00999999 -0.935548 0.00999999 -0.935548 0.04999995 -1.047814 0.04999995 -0.898126 0.00999999 -0.935548 0.04999995 -0.898126 0.00999999 -0.78586 0.00999999 -0.78586 0.04999995 -0.898126 0.04999995 -0.748438 0 0.670999 -0.03201597 0.539445 0 0.539445 0 0.539445 -0.03201597 0.539445 -0.03201597 0.407891 0 0.539445 -0.03201597 0.407891 0 0.407891 0 0.407891 -0.03201597 0.407891 -0.03201597 0.276337 0 0.407891 -0.03201597 0.276337 0 0.276337 0 0.276337 -0.03201597 0.276337 -0.03201597 0.144783 0 0.276337 -0.03201597 0.144783 0 0.144783 0 0.144783 -0.03201597 0.144783 -0.03201597 0.01322799 0 0.144783 -0.03201597 0.01322799 0 0.01322799 0 0.01322799 -0.03201597 0.01322799 -0.03201597 -0.118326 0 0.01322799 -0.03201597 -0.118326 0 -0.118326 0 -0.118326 -0.03201597 -0.118326 -0.03201597 -0.24988 0 -0.118326 -0.03201597 -0.24988 0 -0.24988 0 -0.24988 -0.03201597 -0.24988 -0.03201597 -0.381434 0 -0.24988 -0.03201597 -0.381434 0 -0.381434 0 -0.381434 -0.03201597 -0.381434 -0.03201597 -0.512988 0 -0.381434 -0.03201597 -0.512988 0 -0.512988 0 -0.512988 -0.03201597 -0.512988 -0.03201597 -0.644543 0 -0.512988 -0.03201597 -0.644543 0 -0.644543 0 -0.644543 -0.03201597 -0.644543 -0.03201597 -0.776097 0 -0.644543 -0.03201597 -0.776097 0 -0.776097 0 -0.776097 -0.03201597 -0.776097 -0.03201597 -0.907651 0 -0.776097 -0.03201597 -0.907651 0 -0.907651 0 -0.907651 -0.03201597 -0.907651 -0.03201597 -1.039205 0 -0.907651 -0.03201597 -1.039205 0 -1.039205 0 1.065662 -0.03201597 1.065662 -0.03201597 0.934108 0 1.065662 -0.03201597 0.934108 0 0.934108 0 0.934108 -0.03201597 0.934108 -0.03201597 0.802554 0 0.934108 -0.03201597 0.802554 0 0.802554 0 0.802554 -0.03201597 0.802554 -0.03201597 0.670999 0 0.802554 -0.03201597 0.670999 0 0.670999 0 0.670999 -0.03201597 0.670999 -0.03201597 0.539445 0.01414197 -0.492491 0 -0.572468 0.01414197 -0.644027 0.01414197 -0.644027 0 -0.572468 0 -0.715585 0.01414197 -0.644027 0 -0.715585 0.01414197 -0.795562 0.01414197 -0.795562 0 -0.715585 0 -0.858702 0.01414197 -0.795562 0 -0.858702 0.01414197 -0.947098 0.01414197 -0.947098 0 -0.858702 0 -1.001819 0.01414197 -0.947098 0 -1.001819 0.01414197 -1.098633 0.01414197 -1.098633 0 -1.001819 0 -1.144936 0.01414197 -1.098633 0 -1.144936 0.01414197 -1.250169 0.01414197 -1.250169 0 -1.144936 0 -1.288053 0.01414197 -1.250169 0 -1.288053 0.01414197 -1.401705 0.01414197 -1.401705 0 -1.288053 0 -1.43117 0.01414197 1.174401 0 1.144936 0.01414197 1.022866 0.01414197 1.022866 0 1.144936 0 1.001819 0.01414197 1.022866 0 1.001819 0.01414197 0.87133 0.01414197 0.87133 0 1.001819 0 0.858702 0.01414197 0.87133 0 0.858702 0.01414197 0.719794 0.01414197 0.719794 0 0.858702 0 0.715585 0.01414197 0.719794 0 0.715585 0 0.572468 0 -0.572468 0.01414197 -0.492491 0 -0.429351 0 -0.429351 0.01414197 -0.492491 0.01414197 -0.340955 0 -0.429351 0.01414197 -0.340955 0 -0.286234 0 -0.286234 0.01414197 -0.340955 0.01414197 -0.18942 0 -0.286234 0.01414197 -0.18942 0 -0.143117 0 -0.143117 0.01414197 -0.18942 0.01414197 -0.03788399 0 -0.143117 0.01414197 -0.03788399 0 0 0 0 0.01414197 -0.03788399 0.01414197 0.113652 0 0 0.01414197 0.113652 0 0.143117 0 0.143117 0.01414197 0.113652 0.01414197 0.265187 0 0.143117 0.01414197 0.265187 0 0.286234 0 0.286234 0.01414197 0.265187 0.01414197 0.416723 0 0.286234 0.01414197 0.416723 0 0.429351 0 0.429351 0.01414197 0.416723 0.01414197 0.568259 0 0.429351 0.01414197 0.568259 0 0.572468 0 0.572468 0.01414197 0.568259 0.01414197 0.719794 -0.3 -0.127627 -0.2 -0.114794 -0.3 0 -0.3 0 -0.2 -0.114794 -0.2 0.01283395 -0.3 0 -0.2 0.01283395 -0.3 0.127627 -0.3 0.127627 -0.2 0.01283395 -0.2 0.140461 -0.3 0.127627 -0.2 0.140461 -0.3 0.255254 -0.3 0.255254 -0.2 0.140461 -0.2 0.268088 -0.3 0.255254 -0.2 0.268088 -0.3 0.382882 -0.3 0.382882 -0.2 0.268088 -0.2 0.395715 -0.3 0.382882 -0.2 0.395715 -0.3 0.510509 -0.3 0.510509 -0.2 0.395715 -0.2 0.523342 -0.3 0.510509 -0.2 0.523342 -0.3 0.638136 -0.3 0.638136 -0.2 0.523342 -0.2 0.65097 -0.3 0.638136 -0.2 0.65097 -0.3 0.765763 -0.3 0.765763 -0.2 0.65097 -0.2 0.778597 -0.3 0.765763 -0.2 0.778597 -0.3 0.89339 -0.3 0.89339 -0.2 0.778597 -0.2 0.906224 -0.3 0.89339 -0.2 0.906224 -0.3 1.021018 -0.3 -1.021018 -0.2 -1.135811 -0.2 -1.008184 -0.3 -1.021018 -0.2 -1.008184 -0.3 -0.89339 -0.3 -0.89339 -0.2 -1.008184 -0.2 -0.880557 -0.3 -0.89339 -0.2 -0.880557 -0.3 -0.765763 -0.3 -0.765763 -0.2 -0.880557 -0.2 -0.75293 -0.3 -0.765763 -0.2 -0.75293 -0.3 -0.638136 -0.3 -0.638136 -0.2 -0.75293 -0.2 -0.625302 -0.3 -0.638136 -0.2 -0.625302 -0.3 -0.510509 -0.3 -0.510509 -0.2 -0.625302 -0.2 -0.497675 -0.3 -0.510509 -0.2 -0.497675 -0.3 -0.382882 -0.3 -0.382882 -0.2 -0.497675 -0.2 -0.370048 -0.3 -0.382882 -0.2 -0.370048 -0.3 -0.255254 -0.3 -0.255254 -0.2 -0.370048 -0.2 -0.242421 -0.3 -0.255254 -0.2 -0.242421 -0.3 -0.127627 -0.3 -0.127627 -0.2 -0.242421 -0.2 -0.114794 0.152199 -0.418163 0.141938 -0.389972 0 -0.445 0 -0.445 0.141938 -0.389972 0 -0.415 0 -0.445 0 -0.415 -0.141938 -0.389972 0.141938 -0.389972 0.152199 -0.418163 0.266757 -0.317908 0.266757 -0.317908 0.152199 -0.418163 0.28604 -0.34089 0.266757 -0.317908 0.28604 -0.34089 0.359401 -0.2075 0.359401 -0.2075 0.28604 -0.34089 0.385381 -0.2225 0.359401 -0.2075 0.385381 -0.2225 0.408695 -0.07206398 0.408695 -0.07206398 0.385381 -0.2225 0.438239 -0.07727295 0.408695 -0.07206398 0.438239 -0.07727295 0.408695 0.07206398 0.408695 0.07206398 0.438239 -0.07727295 0.438239 0.07727295 0.408695 0.07206398 0.438239 0.07727295 0.385381 0.2225 0.408695 0.07206398 0.385381 0.2225 0.359401 0.2075 0.359401 0.2075 0.385381 0.2225 0.28604 0.34089 0.359401 0.2075 0.28604 0.34089 0.266757 0.317908 0.266757 0.317908 0.28604 0.34089 0.152199 0.418163 0.266757 0.317908 0.152199 0.418163 0.141938 0.389972 0.141938 0.389972 0.152199 0.418163 0 0.445 0.141938 0.389972 0 0.445 0 0.415 0 0.415 0 0.445 -0.141938 0.389972 -0.141938 0.389972 0 0.445 -0.152199 0.418163 -0.141938 0.389972 -0.152199 0.418163 -0.266757 0.317908 -0.266757 0.317908 -0.152199 0.418163 -0.28604 0.34089 -0.266757 0.317908 -0.28604 0.34089 -0.359401 0.2075 -0.359401 0.2075 -0.28604 0.34089 -0.385381 0.2225 -0.359401 0.2075 -0.385381 0.2225 -0.408695 0.07206398 -0.408695 0.07206398 -0.385381 0.2225 -0.438239 0.07727295 -0.408695 0.07206398 -0.438239 0.07727295 -0.438239 -0.07727295 -0.408695 0.07206398 -0.438239 -0.07727295 -0.408695 -0.07206398 -0.408695 -0.07206398 -0.438239 -0.07727295 -0.385381 -0.2225 -0.408695 -0.07206398 -0.385381 -0.2225 -0.359401 -0.2075 -0.359401 -0.2075 -0.385381 -0.2225 -0.28604 -0.34089 -0.359401 -0.2075 -0.28604 -0.34089 -0.266757 -0.317908 -0.266757 -0.317908 -0.28604 -0.34089 -0.152199 -0.418163 -0.266757 -0.317908 -0.152199 -0.418163 -0.141938 -0.389972 -0.141938 -0.389972 -0.152199 -0.418163 0 -0.445 0.314119 0.130112 0.300261 0.124372 0.34 0 0.34 0 0.300261 0.124372 0.325 0 0.34 0 0.325 0 0.314119 -0.130112 0.314119 -0.130112 0.325 0 0.300261 -0.124372 0.314119 -0.130112 0.300261 -0.124372 0.2298099 -0.2298099 0.300261 0.124372 0.314119 0.130112 0.2298099 0.2298099 0.2298099 0.2298099 0.314119 0.130112 0.240416 0.240416 0.2298099 0.2298099 0.240416 0.240416 0.124372 0.300261 0.124372 0.300261 0.240416 0.240416 0.130112 0.314119 0.124372 0.300261 0.130112 0.314119 0 0.325 0 0.325 0.130112 0.314119 0 0.34 0 0.325 0 0.34 -0.130112 0.314119 0 0.325 -0.130112 0.314119 -0.124372 0.300261 -0.124372 0.300261 -0.130112 0.314119 -0.240416 0.240416 -0.124372 0.300261 -0.240416 0.240416 -0.2298099 0.2298099 -0.2298099 0.2298099 -0.240416 0.240416 -0.314119 0.130112 -0.2298099 0.2298099 -0.314119 0.130112 -0.300261 0.124372 -0.300261 0.124372 -0.314119 0.130112 -0.34 0 -0.300261 0.124372 -0.34 0 -0.325 0 -0.325 0 -0.34 0 -0.300261 -0.124372 -0.300261 -0.124372 -0.34 0 -0.314119 -0.130112 -0.300261 -0.124372 -0.314119 -0.130112 -0.2298099 -0.2298099 -0.2298099 -0.2298099 -0.314119 -0.130112 -0.240416 -0.240416 -0.2298099 -0.2298099 -0.240416 -0.240416 -0.124372 -0.300261 -0.124372 -0.300261 -0.240416 -0.240416 -0.130112 -0.314119 -0.124372 -0.300261 -0.130112 -0.314119 0 -0.325 0 -0.325 -0.130112 -0.314119 0 -0.34 0 -0.325 0 -0.34 0.130112 -0.314119 0 -0.325 0.130112 -0.314119 0.124372 -0.300261 0.124372 -0.300261 0.130112 -0.314119 0.240416 -0.240416 0.124372 -0.300261 0.240416 -0.240416 0.2298099 -0.2298099 0.2298099 -0.2298099 0.240416 -0.240416 0.314119 -0.130112 1.548183 0.289405 -1.548183 0.289405 1.575 0 1.575 0 -1.548183 0.289405 -1.575 0 1.575 0 -1.575 0 1.548183 -0.289405 1.548183 -0.289405 -1.575 0 -1.548183 -0.289405 1.548183 -0.289405 -1.548183 -0.289405 1.468644 -0.568956 1.468644 -0.568956 -1.548183 -0.289405 -1.468644 -0.568956 1.468644 -0.568956 -1.468644 -0.568956 1.339092 -0.829131 1.339092 -0.829131 -1.468644 -0.568956 -1.339092 -0.829131 1.339092 -0.829131 -1.339092 -0.829131 1.163939 -1.061071 1.163939 -1.061071 -1.339092 -0.829131 -1.163939 -1.061071 1.163939 -1.061071 -1.163939 -1.061071 0.94915 -1.256877 0.94915 -1.256877 -1.163939 -1.061071 -0.94915 -1.256877 0.94915 -1.256877 -0.94915 -1.256877 0.702038 -1.409882 0.702038 -1.409882 -0.94915 -1.256877 -0.702038 -1.409882 0.702038 -1.409882 -0.702038 -1.409882 0.431019 -1.514875 0.431019 -1.514875 -0.702038 -1.409882 -0.431019 -1.514875 0.431019 -1.514875 -0.431019 -1.514875 0.145323 -1.568281 0.145323 -1.568281 -0.431019 -1.514875 -0.145323 -1.568281 -1.548183 0.289405 1.548183 0.289405 -1.468644 0.568956 -1.468644 0.568956 1.548183 0.289405 1.468644 0.568956 -1.468644 0.568956 1.468644 0.568956 -1.339092 0.829131 -1.339092 0.829131 1.468644 0.568956 1.339092 0.829131 -1.339092 0.829131 1.339092 0.829131 -1.163939 1.061071 -1.163939 1.061071 1.339092 0.829131 1.163939 1.061071 -1.163939 1.061071 1.163939 1.061071 -0.94915 1.256877 -0.94915 1.256877 1.163939 1.061071 0.94915 1.256877 -0.94915 1.256877 0.94915 1.256877 -0.702038 1.409882 -0.702038 1.409882 0.94915 1.256877 0.702038 1.409882 -0.702038 1.409882 0.702038 1.409882 -0.431019 1.514875 -0.431019 1.514875 0.702038 1.409882 0.431019 1.514875 -0.431019 1.514875 0.431019 1.514875 -0.145323 1.568281 -0.145323 1.568281 0.431019 1.514875 0.145323 1.568281 -0.04999995 -0.1553339 0.04999995 -0.07766699 -0.04999995 0 -0.04999995 0 0.04999995 -0.07766699 0.04999995 0.07766699 -0.04999995 0 0.04999995 0.07766699 -0.04999995 0.1553339 -0.04999995 0.1553339 0.04999995 0.07766699 0.04999995 0.2330009 -0.04999995 0.1553339 0.04999995 0.2330009 -0.04999995 0.310669 -0.04999995 0.310669 0.04999995 0.2330009 0.04999995 0.388336 -0.04999995 0.310669 0.04999995 0.388336 -0.04999995 0.466003 -0.04999995 0.466003 0.04999995 0.388336 0.04999995 0.54367 -0.04999995 0.466003 0.04999995 0.54367 -0.04999995 0.621337 -0.04999995 0.621337 0.04999995 0.54367 0.04999995 0.699004 -0.04999995 0.621337 0.04999995 0.699004 -0.04999995 0.776672 -0.04999995 0.776672 0.04999995 0.699004 0.04999995 0.854339 -0.04999995 0.776672 0.04999995 0.854339 -0.04999995 0.932006 -0.04999995 0.932006 0.04999995 0.854339 0.04999995 1.009673 -0.04999995 0.932006 0.04999995 1.009673 -0.04999995 1.08734 -0.04999995 1.08734 0.04999995 1.009673 0.04999995 1.165007 -0.04999995 1.08734 0.04999995 1.165007 -0.04999995 1.242674 -0.04999995 1.242674 0.04999995 1.165007 0.04999995 1.320342 -0.04999995 1.242674 0.04999995 1.320342 -0.04999995 1.398009 -0.04999995 -1.398009 0.04999995 -1.475676 0.04999995 -1.320341 -0.04999995 -1.398009 0.04999995 -1.320341 -0.04999995 -1.242674 -0.04999995 -1.242674 0.04999995 -1.320341 0.04999995 -1.165007 -0.04999995 -1.242674 0.04999995 -1.165007 -0.04999995 -1.08734 -0.04999995 -1.08734 0.04999995 -1.165007 0.04999995 -1.009673 -0.04999995 -1.08734 0.04999995 -1.009673 -0.04999995 -0.932006 -0.04999995 -0.932006 0.04999995 -1.009673 0.04999995 -0.854339 -0.04999995 -0.932006 0.04999995 -0.854339 -0.04999995 -0.776672 -0.04999995 -0.776672 0.04999995 -0.854339 0.04999995 -0.699004 -0.04999995 -0.776672 0.04999995 -0.699004 -0.04999995 -0.621337 -0.04999995 -0.621337 0.04999995 -0.699004 0.04999995 -0.54367 -0.04999995 -0.621337 0.04999995 -0.54367 -0.04999995 -0.466003 -0.04999995 -0.466003 0.04999995 -0.54367 0.04999995 -0.388336 -0.04999995 -0.466003 0.04999995 -0.388336 -0.04999995 -0.310669 -0.04999995 -0.310669 0.04999995 -0.388336 0.04999995 -0.2330009 -0.04999995 -0.310669 0.04999995 -0.2330009 -0.04999995 -0.1553339 -0.04999995 -0.1553339 0.04999995 -0.2330009 0.04999995 -0.07766699 -0.04403495 -0.109619 -0.06928199 -0.145299 0 -0.2015939 0 -0.2015939 -0.06928199 -0.145299 -0.06928199 -0.290597 0 -0.2015939 -0.06928199 -0.290597 0 -0.332998 0 -0.332998 -0.06928199 -0.290597 -0.06928199 -0.435896 0 -0.332998 -0.06928199 -0.435896 0 -0.464401 0 -0.464401 -0.06928199 -0.435896 -0.06928199 -0.581195 0 -0.464401 -0.06928199 -0.581195 0 -0.595805 0 -0.595805 -0.06928199 -0.581195 -0.06928199 -0.726493 0 -0.595805 -0.06928199 -0.726493 0 -0.727209 0 -0.727209 -0.06928199 -0.726493 0 -0.858613 0 -0.858613 -0.06928199 -0.726493 -0.06928199 -0.871792 0 -0.858613 -0.06928199 -0.871792 0 -0.990017 0 -0.990017 -0.06928199 -0.871792 -0.06928199 -1.017091 0 -0.990017 -0.06928199 -1.017091 -0.04403495 -1.081992 -0.04403495 -1.081992 -0.06928199 -1.017091 -0.06928199 -1.162389 -0.04403495 -1.081992 -0.06928199 -1.162389 -0.05773496 -1.177 -0.05773496 1.147779 -0.06928199 1.162389 -0.06928199 1.017091 -0.05773496 1.147779 -0.06928199 1.017091 -0.04403495 1.052771 -0.04403495 1.052771 -0.06928199 1.017091 0 0.960795 0 0.960795 -0.06928199 1.017091 -0.06928199 0.871792 0 0.960795 -0.06928199 0.871792 0 0.829392 0 0.829392 -0.06928199 0.871792 -0.06928199 0.726493 0 0.829392 -0.06928199 0.726493 0 0.697988 0 0.697988 -0.06928199 0.726493 -0.06928199 0.581195 0 0.697988 -0.06928199 0.581195 0 0.566584 0 0.566584 -0.06928199 0.581195 -0.06928199 0.435896 0 0.566584 -0.06928199 0.435896 0 0.43518 0 0.43518 -0.06928199 0.435896 0 0.303777 0 0.303777 -0.06928199 0.435896 -0.06928199 0.290597 0 0.303777 -0.06928199 0.290597 0 0.1723729 0 0.1723729 -0.06928199 0.290597 -0.06928199 0.145299 0 0.1723729 -0.06928199 0.145299 -0.04403495 0.08039796 -0.04403495 0.08039796 -0.06928199 0.145299 -0.06928199 0 -0.04403495 0.08039796 -0.06928199 0 -0.05773496 -0.01461094 -0.05773496 -0.01461094 -0.06928199 0 -0.06928199 -0.145299 -0.05773496 -0.01461094 -0.06928199 -0.145299 -0.04403495 -0.109619 -1.876238 1.993009 -1.767767 1.517767 -1.767767 2.017767 -1.767767 2.017767 -1.767767 1.517767 -1.659296 1.542525 -1.767767 2.017767 -1.659296 1.542525 -1.659296 1.993009 -1.659296 1.993009 -1.659296 1.542525 -1.572309 1.611894 -1.659296 1.993009 -1.572309 1.611894 -1.572309 1.923639 -1.572309 1.923639 -1.572309 1.611894 -1.524035 1.712137 -1.572309 1.923639 -1.524035 1.712137 -1.524035 1.823397 -1.767767 1.517767 -1.876238 1.993009 -1.876238 1.542525 -1.876238 1.542525 -1.876238 1.993009 -1.963225 1.923639 -1.876238 1.542525 -1.963225 1.923639 -1.963225 1.611894 -1.963225 1.611894 -1.963225 1.923639 -2.011499 1.823397 -1.963225 1.611894 -2.011499 1.823397 -2.011499 1.712137 -1.876238 -1.542525 -1.767767 -2.017767 -1.767767 -1.517767 -1.767767 -1.517767 -1.767767 -2.017767 -1.659296 -1.993009 -1.767767 -1.517767 -1.659296 -1.993009 -1.659296 -1.542525 -1.659296 -1.542525 -1.659296 -1.993009 -1.572309 -1.923639 -1.659296 -1.542525 -1.572309 -1.923639 -1.572309 -1.611894 -1.572309 -1.611894 -1.572309 -1.923639 -1.524035 -1.823397 -1.572309 -1.611894 -1.524035 -1.823397 -1.524035 -1.712137 -1.767767 -2.017767 -1.876238 -1.542525 -1.876238 -1.993009 -1.876238 -1.993009 -1.876238 -1.542525 -1.963225 -1.611894 -1.876238 -1.993009 -1.963225 -1.611894 -1.963225 -1.923639 -1.963225 -1.923639 -1.963225 -1.611894 -2.011499 -1.712137 -1.963225 -1.923639 -2.011499 -1.712137 -2.011499 -1.823397 1.659296 -1.542525 1.767767 -2.017767 1.767767 -1.517767 1.767767 -1.517767 1.767767 -2.017767 1.876238 -1.993009 1.767767 -1.517767 1.876238 -1.993009 1.876238 -1.542525 1.876238 -1.542525 1.876238 -1.993009 1.963225 -1.923639 1.876238 -1.542525 1.963225 -1.923639 1.963225 -1.611894 1.963225 -1.611894 1.963225 -1.923639 2.011499 -1.823397 1.963225 -1.611894 2.011499 -1.823397 2.011499 -1.712137 1.767767 -2.017767 1.659296 -1.542525 1.659296 -1.993009 1.659296 -1.993009 1.659296 -1.542525 1.572309 -1.611894 1.659296 -1.993009 1.572309 -1.611894 1.572309 -1.923639 1.572309 -1.923639 1.572309 -1.611894 1.524035 -1.712137 1.572309 -1.923639 1.524035 -1.712137 1.524035 -1.823397 1.659296 1.993009 1.767767 1.517767 1.767767 2.017767 1.767767 2.017767 1.767767 1.517767 1.876238 1.542525 1.767767 2.017767 1.876238 1.542525 1.876238 1.993009 1.876238 1.993009 1.876238 1.542525 1.963225 1.611894 1.876238 1.993009 1.963225 1.611894 1.963225 1.923639 1.963225 1.923639 1.963225 1.611894 2.011499 1.712137 1.963225 1.923639 2.011499 1.712137 2.011499 1.823397 1.767767 1.517767 1.659296 1.993009 1.659296 1.542525 1.659296 1.542525 1.659296 1.993009 1.572309 1.923639 1.659296 1.542525 1.572309 1.923639 1.572309 1.611894 1.572309 1.611894 1.572309 1.923639 1.524035 1.823397 1.572309 1.611894 1.524035 1.823397 1.524035 1.712137 -0.35 -4.656949 -0.6 -4.656949 -0.35 -4.948009 -0.35 -4.948009 -0.6 -4.656949 -0.6 -4.948009 -0.35 4.948009 -0.6 4.948009 -0.35 4.656949 -0.35 4.656949 -0.6 4.948009 -0.6 4.656949 -0.35 4.656949 -0.6 4.656949 -0.35 4.36589 -0.35 4.36589 -0.6 4.656949 -0.6 4.36589 -0.35 4.36589 -0.6 4.36589 -0.35 4.074831 -0.35 4.074831 -0.6 4.36589 -0.6 4.074831 -0.35 4.074831 -0.6 4.074831 -0.35 3.783771 -0.35 3.783771 -0.6 4.074831 -0.6 3.783771 -0.35 3.783771 -0.6 3.783771 -0.35 3.492712 -0.35 3.492712 -0.6 3.783771 -0.6 3.492712 -0.35 3.492712 -0.6 3.492712 -0.35 3.201653 -0.35 3.201653 -0.6 3.492712 -0.6 3.201653 -0.35 3.201653 -0.6 3.201653 -0.35 2.910593 -0.35 2.910593 -0.6 3.201653 -0.6 2.910593 -0.35 2.910593 -0.6 2.910593 -0.35 2.619534 -0.35 2.619534 -0.6 2.910593 -0.6 2.619534 -0.35 2.619534 -0.6 2.619534 -0.35 2.328475 -0.35 2.328475 -0.6 2.619534 -0.6 2.328475 -0.35 2.328475 -0.6 2.328475 -0.35 2.037415 -0.35 2.037415 -0.6 2.328475 -0.6 2.037415 -0.35 2.037415 -0.6 2.037415 -0.35 1.746356 -0.35 1.746356 -0.6 2.037415 -0.6 1.746356 -0.35 1.746356 -0.6 1.746356 -0.35 1.455297 -0.35 1.455297 -0.6 1.746356 -0.6 1.455297 -0.35 1.455297 -0.6 1.455297 -0.35 1.164237 -0.35 1.164237 -0.6 1.455297 -0.6 1.164237 -0.35 1.164237 -0.6 1.164237 -0.35 0.873178 -0.35 0.873178 -0.6 1.164237 -0.6 0.873178 -0.35 0.873178 -0.6 0.873178 -0.35 0.582119 -0.35 0.582119 -0.6 0.873178 -0.6 0.582119 -0.35 0.582119 -0.6 0.582119 -0.35 0.291059 -0.35 0.291059 -0.6 0.582119 -0.6 0.291059 -0.35 0.291059 -0.6 0.291059 -0.35 0 -0.35 0 -0.6 0.291059 -0.6 0 -0.35 0 -0.6 0 -0.35 -0.291059 -0.35 -0.291059 -0.6 0 -0.6 -0.291059 -0.35 -0.291059 -0.6 -0.291059 -0.35 -0.582119 -0.35 -0.582119 -0.6 -0.291059 -0.6 -0.582119 -0.35 -0.582119 -0.6 -0.582119 -0.35 -0.873178 -0.35 -0.873178 -0.6 -0.582119 -0.6 -0.873178 -0.35 -0.873178 -0.6 -0.873178 -0.35 -1.164237 -0.35 -1.164237 -0.6 -0.873178 -0.6 -1.164237 -0.35 -1.164237 -0.6 -1.164237 -0.35 -1.455297 -0.35 -1.455297 -0.6 -1.164237 -0.6 -1.455297 -0.35 -1.455297 -0.6 -1.455297 -0.35 -1.746356 -0.35 -1.746356 -0.6 -1.455297 -0.6 -1.746356 -0.35 -1.746356 -0.6 -1.746356 -0.35 -2.037415 -0.35 -2.037415 -0.6 -1.746356 -0.6 -2.037415 -0.35 -2.037415 -0.6 -2.037415 -0.35 -2.328475 -0.35 -2.328475 -0.6 -2.037415 -0.6 -2.328475 -0.35 -2.328475 -0.6 -2.328475 -0.35 -2.619534 -0.35 -2.619534 -0.6 -2.328475 -0.6 -2.619534 -0.35 -2.619534 -0.6 -2.619534 -0.35 -2.910593 -0.35 -2.910593 -0.6 -2.619534 -0.6 -2.910593 -0.35 -2.910593 -0.6 -2.910593 -0.35 -3.201653 -0.35 -3.201653 -0.6 -2.910593 -0.6 -3.201653 -0.35 -3.201653 -0.6 -3.201653 -0.35 -3.492712 -0.35 -3.492712 -0.6 -3.201653 -0.6 -3.492712 -0.35 -3.492712 -0.6 -3.492712 -0.35 -3.783771 -0.35 -3.783771 -0.6 -3.492712 -0.6 -3.783771 -0.35 -3.783771 -0.6 -3.783771 -0.35 -4.074831 -0.35 -4.074831 -0.6 -3.783771 -0.6 -4.074831 -0.35 -4.074831 -0.6 -4.074831 -0.35 -4.36589 -0.35 -4.36589 -0.6 -4.074831 -0.6 -4.36589 -0.35 -4.36589 -0.6 -4.36589 -0.35 -4.656949 -0.35 -4.656949 -0.6 -4.36589 -0.6 -4.656949 0.3 0 0.274064 0.122021 0.274064 -0.122021 0.274064 -0.122021 0.274064 0.122021 0.200739 0.222943 0.274064 -0.122021 0.200739 0.222943 0.200739 -0.222943 0.200739 -0.222943 0.200739 0.222943 0.09270495 0.285317 0.200739 -0.222943 0.09270495 0.285317 0.09270495 -0.285317 0.09270495 -0.285317 0.09270495 0.285317 -0.03135895 0.298357 0.09270495 -0.285317 -0.03135895 0.298357 -0.03135895 -0.298357 -0.03135895 -0.298357 -0.03135895 0.298357 -0.15 0.259808 -0.03135895 -0.298357 -0.15 0.259808 -0.15 -0.259808 -0.15 -0.259808 -0.15 0.259808 -0.242705 0.176336 -0.15 -0.259808 -0.242705 0.176336 -0.242705 -0.176336 -0.242705 -0.176336 -0.242705 0.176336 -0.293444 0.06237399 -0.242705 -0.176336 -0.293444 0.06237399 -0.293444 -0.06237399 0.25513 0.17839 0.487438 0.04426699 0.292796 0.287507 0.292796 0.287507 0.487438 0.04426699 0.339103 0.381569 0.339103 0.381569 0.487438 0.04426699 0.705383 0.421759 0.339103 0.381569 0.705383 0.421759 0.397409 0.468703 0.397409 0.468703 0.705383 0.421759 0.473075 0.555881 -0.473075 0.555881 -0.705383 0.421759 -0.397409 0.468703 -0.397409 0.468703 -0.705383 0.421759 -0.339103 0.381569 -0.339103 0.381569 -0.705383 0.421759 -0.487438 0.04426699 -0.339103 0.381569 -0.487438 0.04426699 -0.292796 0.287507 -0.292796 0.287507 -0.487438 0.04426699 -0.25513 0.17839 0 -0.377922 -0.06350898 -0.412334 0 -0.529091 0 -0.529091 -0.06350898 -0.412334 -0.06350898 -0.577268 0 -0.529091 -0.06350898 -0.577268 -0.04387897 -0.634274 -0.04387897 -0.634274 -0.06350898 -0.577268 -0.06350898 -0.742201 -0.04387897 -0.634274 -0.06350898 -0.742201 -0.05773496 -0.742201 -0.05773496 -0.742201 -0.06350898 -0.742201 -0.04387897 -0.850128 -0.04387897 -0.850128 -0.06350898 -0.742201 -0.06350898 -0.907135 -0.04387897 -0.850128 -0.06350898 -0.907135 0 -0.955311 0 -0.955311 -0.06350898 -0.907135 -0.06350898 -1.072068 0 -0.955311 -0.06350898 -1.072068 0 -1.10648 0 -1.10648 -0.06350898 -1.072068 -0.06350898 -1.237002 0 -1.10648 -0.06350898 -1.237002 0 -1.257649 0 -1.257649 -0.06350898 -1.237002 -0.06350898 -1.401936 0 -1.257649 -0.06350898 -1.401936 0 -1.408818 0 1.559987 -0.06350898 1.566869 -0.06350898 1.401936 0 1.559987 -0.06350898 1.401936 0 1.408818 0 1.408818 -0.06350898 1.401936 0 1.257649 0 1.257649 -0.06350898 1.401936 -0.06350898 1.237002 0 1.257649 -0.06350898 1.237002 0 1.10648 0 1.10648 -0.06350898 1.237002 -0.06350898 1.072068 0 1.10648 -0.06350898 1.072068 0 0.955311 0 0.955311 -0.06350898 1.072068 -0.06350898 0.907135 0 0.955311 -0.06350898 0.907135 -0.04387897 0.850128 -0.04387897 0.850128 -0.06350898 0.907135 -0.06350898 0.742201 -0.04387897 0.850128 -0.06350898 0.742201 -0.05773496 0.742201 -0.05773496 0.742201 -0.06350898 0.742201 -0.04387897 0.634274 -0.04387897 0.634274 -0.06350898 0.742201 -0.06350898 0.577268 -0.04387897 0.634274 -0.06350898 0.577268 0 0.529091 0 0.529091 -0.06350898 0.577268 -0.06350898 0.412334 0 0.529091 -0.06350898 0.412334 0 0.377922 0 0.377922 -0.06350898 0.412334 -0.06350898 0.2474 0 0.377922 -0.06350898 0.2474 0 0.2267529 0 0.2267529 -0.06350898 0.2474 -0.06350898 0.08246695 0 0.2267529 -0.06350898 0.08246695 0 0.07558399 0 0.07558399 -0.06350898 0.08246695 -0.06350898 -0.08246695 0 0.07558399 -0.06350898 -0.08246695 0 -0.07558399 0 -0.07558399 -0.06350898 -0.08246695 0 -0.2267529 0 -0.2267529 -0.06350898 -0.08246695 -0.06350898 -0.2474 0 -0.2267529 -0.06350898 -0.2474 0 -0.377922 0 -0.377922 -0.06350898 -0.2474 -0.06350898 -0.412334 -0.1 1.038698 -0.415359 1.038698 -0.1 0.89664 -0.1 0.89664 -0.415359 1.038698 -0.415359 0.89664 -0.1 0.89664 -0.415359 0.89664 -0.1 0.754581 -0.1 0.754581 -0.415359 0.89664 -0.415359 0.754581 -0.1 0.754581 -0.415359 0.754581 -0.1 0.612523 -0.1 0.612523 -0.415359 0.754581 -0.415359 0.612523 -0.1 0.612523 -0.415359 0.612523 -0.1 0.470465 -0.1 0.470465 -0.415359 0.612523 -0.415359 0.470465 -0.1 0.470465 -0.415359 0.470465 -0.1 0.328407 -0.1 0.328407 -0.415359 0.470465 -0.415359 0.328407 -0.1 0.328407 -0.415359 0.328407 -0.1 0.186349 -0.1 0.186349 -0.415359 0.328407 -0.415359 0.186349 0.35 0.443649 0.005773961 0.25 0.35 0.05635094 0.35 0.05635094 0.005773961 0.25 0.01262295 0.1580989 0.35 0.05635094 0.01262295 0.1580989 0.03464096 0.05635094 0.03464096 0.443649 0.01262295 0.341901 0.35 0.443649 0.35 0.443649 0.01262295 0.341901 0.005773961 0.25 -0.1 -0.217939 -0.415359 -0.217939 -0.1 -0.359998 -0.1 -0.359998 -0.415359 -0.217939 -0.415359 -0.359998 -0.1 -0.359998 -0.415359 -0.359998 -0.1 -0.502056 -0.1 -0.502056 -0.415359 -0.359998 -0.415359 -0.502056 -0.1 -0.502056 -0.415359 -0.502056 -0.1 -0.644114 -0.1 -0.644114 -0.415359 -0.502056 -0.415359 -0.644114 -0.1 -0.644114 -0.415359 -0.644114 -0.1 -0.786172 -0.1 -0.786172 -0.415359 -0.644114 -0.415359 -0.786172 -0.1 -0.786172 -0.415359 -0.786172 -0.1 -0.92823 -0.1 -0.92823 -0.415359 -0.786172 -0.415359 -0.92823 -0.1 -0.92823 -0.415359 -0.92823 -0.1 -1.070288 -0.1 -1.070288 -0.415359 -0.92823 -0.415359 -1.070288 -0.35 -0.443649 -0.005773961 -0.25 -0.35 -0.05635094 -0.35 -0.05635094 -0.005773961 -0.25 -0.01262295 -0.1580989 -0.35 -0.05635094 -0.01262295 -0.1580989 -0.03464096 -0.05635094 -0.03464096 -0.443649 -0.01262295 -0.341901 -0.35 -0.443649 -0.35 -0.443649 -0.01262295 -0.341901 -0.005773961 -0.25 0.07511097 -0.13875 0.06738495 -0.091174 0 -0.13875 0 -0.13875 0.06738495 -0.091174 0.05447196 -0.04473596 0 -0.13875 0.05447196 -0.04473596 0.03652995 0 0.03652995 0 0 0 0 -0.13875 0.03652995 -0.09249997 0.03891897 -0.06169795 0 -0.09249997 0 -0.09249997 0.03891897 -0.06169795 0.03891897 -0.03080195 0 -0.09249997 0.03891897 -0.03080195 0 0 0 0 0.03891897 -0.03080195 0.03652995 0 0 0.13875 -0.03652995 0.13875 0 0 0 0 -0.03652995 0.13875 -0.05447196 0.09401398 0 0 -0.05447196 0.09401398 -0.06738495 0.04757595 -0.06738495 0.04757595 -0.07511097 0 0 0 0.13875 0 0.13875 0.03652995 0 0 0 0 0.13875 0.03652995 0.09401398 0.05447196 0 0 0.09401398 0.05447196 0.04757595 0.06738495 0.04757595 0.06738495 0 0.07511097 0 0 -0.03652995 0.09249997 -0.03891897 0.06169795 0 0.09249997 0 0.09249997 -0.03891897 0.06169795 0 0 0 0 -0.03891897 0.06169795 -0.03891897 0.03080195 0 0 -0.03891897 0.03080195 -0.03652995 0 -0.07511097 0.13875 -0.06738495 0.091174 0 0.13875 0 0.13875 -0.06738495 0.091174 -0.05447196 0.04473596 0 0.13875 -0.05447196 0.04473596 -0.03652995 0 -0.03652995 0 0 0 0 0.13875 -0.231442 1.676369 -0.232734 1.452329 -0.188876 1.169722 -0.188876 1.169722 -0.232734 1.452329 -0.232734 1.169722 -0.188876 1.169722 -0.232734 1.169722 -0.232734 0.997212 -0.232734 0.997212 -0.232734 1.169722 -0.279281 1.169722 -0.232734 0.997212 -0.279281 1.169722 -0.279281 0.997212 -0.279281 0.997212 -0.279281 1.169722 -0.325827 1.169722 -0.279281 0.997212 -0.325827 1.169722 -0.325827 0.997212 -0.325827 0.997212 -0.325827 1.169722 -0.360737 1.169722 -0.325827 0.997212 -0.360737 1.169722 -0.360737 0.997212 -0.360737 0.997212 -0.360737 1.169722 -0.395648 1.169722 -0.360737 0.997212 -0.395648 1.169722 -0.395648 0.997212 -0.395648 0.997212 -0.395648 1.169722 -0.430558 1.169722 -0.395648 0.997212 -0.430558 1.169722 -0.430558 0.997212 -0.430558 0.997212 -0.430558 1.169722 -0.465468 1.169722 -0.430558 0.997212 -0.465468 1.169722 -0.465468 0.997212 -0.465468 0.997212 -0.465468 1.169722 -0.500378 1.169722 -0.465468 0.997212 -0.500378 1.169722 -0.500378 0.997212 -0.500378 0.997212 -0.500378 1.169722 -0.535288 1.169722 -0.500378 0.997212 -0.535288 1.169722 -0.535288 0.997212 -0.535288 0.997212 -0.535288 1.169722 -0.570198 1.169722 -0.535288 0.997212 -0.570198 1.169722 -0.570198 0.997212 -0.570198 0.997212 -0.570198 1.169722 -0.605108 1.169722 -0.570198 0.997212 -0.605108 1.169722 -0.605108 0.997212 -0.605108 0.997212 -0.605108 1.169722 -0.640018 1.169722 -0.605108 0.997212 -0.640018 1.169722 -0.640018 0.997212 -0.640018 0.997212 -0.640018 1.169722 -0.674928 1.169722 -0.640018 0.997212 -0.674928 1.169722 -0.674928 0.997212 -0.674928 0.997212 -0.674928 1.169722 -0.744748 1.169722 -0.674928 0.997212 -0.744748 1.169722 -0.744748 0.997212 -0.744748 0.997212 -0.744748 1.169722 -0.835152 1.169722 -0.744748 0.997212 -0.835152 1.169722 -0.792595 0.6631 -0.232734 1.452329 -0.231442 1.676369 -0.279281 1.452329 -0.279281 1.452329 -0.231442 1.676369 -0.247475 1.748338 -0.279281 1.452329 -0.247475 1.748338 -0.279281 1.798792 -0.279281 1.798792 -0.247475 1.748338 -0.268539 1.829314 -0.279281 1.798792 -0.268539 1.829314 -0.275203 1.853201 -0.275203 1.853201 -0.286655 1.893908 -0.279281 1.798792 -0.279281 1.798792 -0.286655 1.893908 -0.325827 1.798792 -0.279281 1.798792 -0.325827 1.798792 -0.279281 1.452329 -0.279281 1.452329 -0.325827 1.798792 -0.325827 1.452329 -0.279281 1.452329 -0.325827 1.452329 -0.279281 1.169722 -0.279281 1.169722 -0.325827 1.452329 -0.325827 1.169722 -0.286655 1.893908 -0.303735 1.955121 -0.325827 1.798792 -0.325827 1.798792 -0.303735 1.955121 -0.325827 1.972023 -0.325827 1.798792 -0.325827 1.972023 -0.360737 1.972023 -0.360737 1.972023 -0.325827 1.972023 -0.338972 2.062242 -0.360737 1.972023 -0.338972 2.062242 -0.360735 2.09246 -0.303735 1.955121 -0.338972 2.062242 -0.325827 1.972023 -0.360737 1.972023 -0.360735 2.09246 -0.395648 1.972023 -0.395648 1.972023 -0.360735 2.09246 -0.3897 2.116363 -0.395648 1.972023 -0.3897 2.116363 -0.416222 2.129499 -0.395648 1.972023 -0.416222 2.129499 -0.430558 1.972023 -0.430558 1.972023 -0.416222 2.129499 -0.449107 2.139173 -0.430558 1.972023 -0.449107 2.139173 -0.465468 1.972023 -0.465468 1.972023 -0.449107 2.139173 -0.478586 2.143722 -0.465468 1.972023 -0.478586 2.143722 -0.500378 1.972023 -0.500378 1.972023 -0.478586 2.143722 -0.512015 2.145255 -0.500378 1.972023 -0.512015 2.145255 -0.535288 1.972023 -0.535288 1.972023 -0.512015 2.145255 -0.545324 2.143785 -0.535288 1.972023 -0.545324 2.143785 -0.574949 2.139164 -0.535288 1.972023 -0.574949 2.139164 -0.570198 1.972023 -0.570198 1.972023 -0.574949 2.139164 -0.607777 2.129522 -0.570198 1.972023 -0.607777 2.129522 -0.605108 1.972023 -0.605108 1.972023 -0.607777 2.129522 -0.634355 2.116342 -0.605108 1.972023 -0.634355 2.116342 -0.663332 2.092428 -0.605108 1.972023 -0.663332 2.092428 -0.640018 1.972023 -0.640018 1.972023 -0.663332 2.092428 -0.685075 2.062233 -0.640018 1.972023 -0.685075 2.062233 -0.674928 1.972023 -0.674928 1.972023 -0.685075 2.062233 -0.720308 1.955115 -0.674928 1.972023 -0.720308 1.955115 -0.674928 1.798792 -0.674928 1.798792 -0.720308 1.955115 -0.744748 1.798792 -0.674928 1.798792 -0.744748 1.798792 -0.674928 1.452329 -0.674928 1.452329 -0.744748 1.798792 -0.744748 1.452329 -0.674928 1.452329 -0.744748 1.452329 -0.674928 1.169722 -0.674928 1.169722 -0.744748 1.452329 -0.744748 1.169722 -0.720308 1.955115 -0.755507 1.82929 -0.744748 1.798792 -0.744748 1.798792 -0.755507 1.82929 -0.776571 1.748298 -0.744748 1.798792 -0.776571 1.748298 -0.744748 1.452329 -0.744748 1.452329 -0.776571 1.748298 -0.792598 1.676331 -0.744748 1.452329 -0.792598 1.676331 -0.835152 1.169722 -0.776565 0.591124 -0.744748 0.652191 -0.792595 0.6631 -0.792595 0.6631 -0.744748 0.652191 -0.744748 0.824701 -0.792595 0.6631 -0.744748 0.824701 -0.744748 0.997212 -0.744748 0.997212 -0.744748 0.824701 -0.674928 0.824701 -0.744748 0.997212 -0.674928 0.824701 -0.674928 0.997212 -0.674928 0.997212 -0.674928 0.824701 -0.640018 0.824701 -0.674928 0.997212 -0.640018 0.824701 -0.640018 0.997212 -0.640018 0.997212 -0.640018 0.824701 -0.605108 0.824701 -0.640018 0.997212 -0.605108 0.824701 -0.605108 0.997212 -0.605108 0.997212 -0.605108 0.824701 -0.570198 0.824701 -0.605108 0.997212 -0.570198 0.824701 -0.570198 0.997212 -0.570198 0.997212 -0.570198 0.824701 -0.535288 0.824701 -0.570198 0.997212 -0.535288 0.824701 -0.535288 0.997212 -0.535288 0.997212 -0.535288 0.824701 -0.500378 0.824701 -0.535288 0.997212 -0.500378 0.824701 -0.500378 0.997212 -0.500378 0.997212 -0.500378 0.824701 -0.465468 0.824701 -0.500378 0.997212 -0.465468 0.824701 -0.465468 0.997212 -0.465468 0.997212 -0.465468 0.824701 -0.430558 0.824701 -0.465468 0.997212 -0.430558 0.824701 -0.430558 0.997212 -0.430558 0.997212 -0.430558 0.824701 -0.395648 0.824701 -0.430558 0.997212 -0.395648 0.824701 -0.395648 0.997212 -0.395648 0.997212 -0.395648 0.824701 -0.360737 0.824701 -0.395648 0.997212 -0.360737 0.824701 -0.360737 0.997212 -0.360737 0.997212 -0.360737 0.824701 -0.325827 0.824701 -0.360737 0.997212 -0.325827 0.824701 -0.325827 0.997212 -0.325827 0.997212 -0.325827 0.824701 -0.279281 0.824701 -0.325827 0.997212 -0.279281 0.824701 -0.279281 0.997212 -0.279281 0.997212 -0.279281 0.824701 -0.232734 0.824701 -0.279281 0.997212 -0.232734 0.824701 -0.232734 0.997212 -0.232734 0.997212 -0.232734 0.824701 -0.188876 1.169722 -0.744748 0.652191 -0.776565 0.591124 -0.744748 0.565936 -0.744748 0.565936 -0.776565 0.591124 -0.755501 0.510134 -0.744748 0.565936 -0.755501 0.510134 -0.744748 0.47968 -0.744748 0.47968 -0.755501 0.510134 -0.748829 0.486216 -0.744748 0.47968 -0.748829 0.486216 -0.737382 0.445523 -0.720301 0.384302 -0.674928 0.47968 -0.737382 0.445523 -0.737382 0.445523 -0.674928 0.47968 -0.674928 0.565936 -0.737382 0.445523 -0.674928 0.565936 -0.744748 0.565936 -0.744748 0.565936 -0.674928 0.565936 -0.744748 0.652191 -0.720301 0.384302 -0.685202 0.277441 -0.674928 0.47968 -0.674928 0.47968 -0.685202 0.277441 -0.663465 0.247157 -0.674928 0.47968 -0.663465 0.247157 -0.640018 0.47968 -0.640018 0.47968 -0.663465 0.247157 -0.634489 0.223179 -0.640018 0.47968 -0.634489 0.223179 -0.605108 0.47968 -0.605108 0.47968 -0.634489 0.223179 -0.575042 0.2002789 -0.605108 0.47968 -0.575042 0.2002789 -0.570198 0.47968 -0.570198 0.47968 -0.575042 0.2002789 -0.54556 0.195725 -0.570198 0.47968 -0.54556 0.195725 -0.535288 0.47968 -0.535288 0.47968 -0.54556 0.195725 -0.512014 0.19418 -0.535288 0.47968 -0.512014 0.19418 -0.500378 0.47968 -0.500378 0.47968 -0.512014 0.19418 -0.478658 0.195627 -0.500378 0.47968 -0.478658 0.195627 -0.449014 0.200295 -0.634489 0.223179 -0.607936 0.209984 -0.575042 0.2002789 -0.500378 0.47968 -0.449014 0.200295 -0.465468 0.47968 -0.465468 0.47968 -0.449014 0.200295 -0.416122 0.209971 -0.465468 0.47968 -0.416122 0.209971 -0.430558 0.47968 -0.430558 0.47968 -0.416122 0.209971 -0.389566 0.223161 -0.430558 0.47968 -0.389566 0.223161 -0.395648 0.47968 -0.395648 0.47968 -0.389566 0.223161 -0.360579 0.24715 -0.395648 0.47968 -0.360579 0.24715 -0.360737 0.47968 -0.360737 0.47968 -0.360579 0.24715 -0.338845 0.277432 -0.360737 0.47968 -0.338845 0.277432 -0.303741 0.3843 -0.268544 0.51011 -0.279281 0.47968 -0.303741 0.3843 -0.303741 0.3843 -0.279281 0.47968 -0.325827 0.47968 -0.303741 0.3843 -0.325827 0.47968 -0.360737 0.47968 -0.360737 0.47968 -0.325827 0.47968 -0.360737 0.565936 -0.360737 0.47968 -0.360737 0.565936 -0.395648 0.565936 -0.395648 0.565936 -0.360737 0.565936 -0.395648 0.652191 -0.395648 0.565936 -0.395648 0.652191 -0.430558 0.652191 -0.430558 0.652191 -0.395648 0.652191 -0.430558 0.824701 -0.430558 0.652191 -0.430558 0.824701 -0.465468 0.824701 -0.279281 0.47968 -0.268544 0.51011 -0.279281 0.565936 -0.279281 0.565936 -0.268544 0.51011 -0.247476 0.591101 -0.279281 0.565936 -0.247476 0.591101 -0.279281 0.652191 -0.279281 0.652191 -0.247476 0.591101 -0.231444 0.663066 -0.279281 0.652191 -0.231444 0.663066 -0.279281 0.824701 -0.279281 0.824701 -0.231444 0.663066 -0.232734 0.824701 -0.231444 0.663066 -0.188876 1.169722 -0.232734 0.824701 -0.835152 1.169722 -0.744748 1.169722 -0.744748 1.452329 -0.674928 1.169722 -0.640018 1.169722 -0.674928 1.452329 -0.674928 1.452329 -0.640018 1.169722 -0.640018 1.452329 -0.674928 1.452329 -0.640018 1.452329 -0.674928 1.798792 -0.674928 1.798792 -0.640018 1.452329 -0.640018 1.798792 -0.674928 1.798792 -0.640018 1.798792 -0.674928 1.972023 -0.674928 1.972023 -0.640018 1.798792 -0.640018 1.972023 -0.640018 1.169722 -0.605108 1.169722 -0.640018 1.452329 -0.640018 1.452329 -0.605108 1.169722 -0.605108 1.452329 -0.640018 1.452329 -0.605108 1.452329 -0.640018 1.798792 -0.640018 1.798792 -0.605108 1.452329 -0.605108 1.798792 -0.640018 1.798792 -0.605108 1.798792 -0.640018 1.972023 -0.640018 1.972023 -0.605108 1.798792 -0.605108 1.972023 -0.605108 1.169722 -0.570198 1.169722 -0.605108 1.452329 -0.605108 1.452329 -0.570198 1.169722 -0.570198 1.452329 -0.605108 1.452329 -0.570198 1.452329 -0.605108 1.798792 -0.605108 1.798792 -0.570198 1.452329 -0.570198 1.798792 -0.605108 1.798792 -0.570198 1.798792 -0.605108 1.972023 -0.605108 1.972023 -0.570198 1.798792 -0.570198 1.972023 -0.570198 1.169722 -0.535288 1.169722 -0.570198 1.452329 -0.570198 1.452329 -0.535288 1.169722 -0.535288 1.452329 -0.570198 1.452329 -0.535288 1.452329 -0.570198 1.798792 -0.570198 1.798792 -0.535288 1.452329 -0.535288 1.798792 -0.570198 1.798792 -0.535288 1.798792 -0.570198 1.972023 -0.570198 1.972023 -0.535288 1.798792 -0.535288 1.972023 -0.535288 1.169722 -0.500378 1.169722 -0.535288 1.452329 -0.535288 1.452329 -0.500378 1.169722 -0.500378 1.452329 -0.535288 1.452329 -0.500378 1.452329 -0.535288 1.798792 -0.535288 1.798792 -0.500378 1.452329 -0.500378 1.798792 -0.535288 1.798792 -0.500378 1.798792 -0.535288 1.972023 -0.535288 1.972023 -0.500378 1.798792 -0.500378 1.972023 -0.500378 1.169722 -0.465468 1.169722 -0.500378 1.452329 -0.500378 1.452329 -0.465468 1.169722 -0.465468 1.452329 -0.500378 1.452329 -0.465468 1.452329 -0.500378 1.798792 -0.500378 1.798792 -0.465468 1.452329 -0.465468 1.798792 -0.500378 1.798792 -0.465468 1.798792 -0.500378 1.972023 -0.500378 1.972023 -0.465468 1.798792 -0.465468 1.972023 -0.465468 1.169722 -0.430558 1.169722 -0.465468 1.452329 -0.465468 1.452329 -0.430558 1.169722 -0.430558 1.452329 -0.465468 1.452329 -0.430558 1.452329 -0.465468 1.798792 -0.465468 1.798792 -0.430558 1.452329 -0.430558 1.798792 -0.465468 1.798792 -0.430558 1.798792 -0.465468 1.972023 -0.465468 1.972023 -0.430558 1.798792 -0.430558 1.972023 -0.430558 1.169722 -0.395648 1.169722 -0.430558 1.452329 -0.430558 1.452329 -0.395648 1.169722 -0.395648 1.452329 -0.430558 1.452329 -0.395648 1.452329 -0.430558 1.798792 -0.430558 1.798792 -0.395648 1.452329 -0.395648 1.798792 -0.430558 1.798792 -0.395648 1.798792 -0.430558 1.972023 -0.430558 1.972023 -0.395648 1.798792 -0.395648 1.972023 -0.395648 1.169722 -0.360737 1.169722 -0.395648 1.452329 -0.395648 1.452329 -0.360737 1.169722 -0.360737 1.452329 -0.395648 1.452329 -0.360737 1.452329 -0.395648 1.798792 -0.395648 1.798792 -0.360737 1.452329 -0.360737 1.798792 -0.395648 1.798792 -0.360737 1.798792 -0.395648 1.972023 -0.395648 1.972023 -0.360737 1.798792 -0.360737 1.972023 -0.360737 1.169722 -0.325827 1.169722 -0.360737 1.452329 -0.360737 1.452329 -0.325827 1.169722 -0.325827 1.452329 -0.360737 1.452329 -0.325827 1.452329 -0.360737 1.798792 -0.360737 1.798792 -0.325827 1.452329 -0.325827 1.798792 -0.360737 1.798792 -0.325827 1.798792 -0.360737 1.972023 -0.232734 1.452329 -0.279281 1.452329 -0.232734 1.169722 -0.232734 1.169722 -0.279281 1.452329 -0.279281 1.169722 -0.279281 0.824701 -0.325827 0.824701 -0.279281 0.652191 -0.279281 0.652191 -0.325827 0.824701 -0.325827 0.652191 -0.279281 0.652191 -0.325827 0.652191 -0.279281 0.565936 -0.279281 0.565936 -0.325827 0.652191 -0.325827 0.565936 -0.279281 0.565936 -0.325827 0.565936 -0.279281 0.47968 -0.279281 0.47968 -0.325827 0.565936 -0.325827 0.47968 -0.325827 0.824701 -0.360737 0.824701 -0.325827 0.652191 -0.325827 0.652191 -0.360737 0.824701 -0.360737 0.652191 -0.325827 0.652191 -0.360737 0.652191 -0.325827 0.565936 -0.325827 0.565936 -0.360737 0.652191 -0.360737 0.565936 -0.325827 0.565936 -0.360737 0.565936 -0.325827 0.47968 -0.360737 0.824701 -0.395648 0.824701 -0.360737 0.652191 -0.360737 0.652191 -0.395648 0.824701 -0.395648 0.652191 -0.360737 0.652191 -0.395648 0.652191 -0.360737 0.565936 -0.395648 0.824701 -0.430558 0.824701 -0.395648 0.652191 -0.465468 0.824701 -0.500378 0.824701 -0.465468 0.652191 -0.465468 0.652191 -0.500378 0.824701 -0.500378 0.652191 -0.465468 0.652191 -0.500378 0.652191 -0.465468 0.565936 -0.465468 0.565936 -0.500378 0.652191 -0.500378 0.565936 -0.465468 0.565936 -0.500378 0.565936 -0.465468 0.47968 -0.465468 0.47968 -0.500378 0.565936 -0.500378 0.47968 -0.500378 0.824701 -0.535288 0.824701 -0.500378 0.652191 -0.500378 0.652191 -0.535288 0.824701 -0.535288 0.652191 -0.500378 0.652191 -0.535288 0.652191 -0.500378 0.565936 -0.500378 0.565936 -0.535288 0.652191 -0.535288 0.565936 -0.500378 0.565936 -0.535288 0.565936 -0.500378 0.47968 -0.500378 0.47968 -0.535288 0.565936 -0.535288 0.47968 -0.535288 0.824701 -0.570198 0.824701 -0.535288 0.652191 -0.535288 0.652191 -0.570198 0.824701 -0.570198 0.652191 -0.535288 0.652191 -0.570198 0.652191 -0.535288 0.565936 -0.535288 0.565936 -0.570198 0.652191 -0.570198 0.565936 -0.535288 0.565936 -0.570198 0.565936 -0.535288 0.47968 -0.535288 0.47968 -0.570198 0.565936 -0.570198 0.47968 -0.570198 0.824701 -0.605108 0.824701 -0.570198 0.652191 -0.570198 0.652191 -0.605108 0.824701 -0.605108 0.652191 -0.570198 0.652191 -0.605108 0.652191 -0.570198 0.565936 -0.570198 0.565936 -0.605108 0.652191 -0.605108 0.565936 -0.570198 0.565936 -0.605108 0.565936 -0.570198 0.47968 -0.570198 0.47968 -0.605108 0.565936 -0.605108 0.47968 -0.605108 0.824701 -0.640018 0.824701 -0.605108 0.652191 -0.605108 0.652191 -0.640018 0.824701 -0.640018 0.652191 -0.605108 0.652191 -0.640018 0.652191 -0.605108 0.565936 -0.605108 0.565936 -0.640018 0.652191 -0.640018 0.565936 -0.605108 0.565936 -0.640018 0.565936 -0.605108 0.47968 -0.605108 0.47968 -0.640018 0.565936 -0.640018 0.47968 -0.640018 0.824701 -0.674928 0.824701 -0.640018 0.652191 -0.640018 0.652191 -0.674928 0.824701 -0.674928 0.652191 -0.640018 0.652191 -0.674928 0.652191 -0.640018 0.565936 -0.640018 0.565936 -0.674928 0.652191 -0.674928 0.565936 -0.640018 0.565936 -0.674928 0.565936 -0.640018 0.47968 -0.640018 0.47968 -0.674928 0.565936 -0.674928 0.47968 -0.674928 0.824701 -0.744748 0.824701 -0.674928 0.652191 -0.674928 0.652191 -0.744748 0.824701 -0.744748 0.652191 -0.674928 0.652191 -0.744748 0.652191 -0.674928 0.565936 -0.465468 0.824701 -0.465468 0.652191 -0.430558 0.652191 -0.430558 0.652191 -0.465468 0.652191 -0.430558 0.565936 -0.430558 0.652191 -0.430558 0.565936 -0.395648 0.565936 -0.395648 0.565936 -0.430558 0.565936 -0.395648 0.47968 -0.395648 0.565936 -0.395648 0.47968 -0.360737 0.47968 -0.430558 0.565936 -0.465468 0.652191 -0.465468 0.565936 -0.744748 0.47968 -0.737382 0.445523 -0.744748 0.565936 -0.465468 0.47968 -0.430558 0.47968 -0.465468 0.565936 -0.465468 0.565936 -0.430558 0.47968 -0.430558 0.565936 -0.430558 0.47968 -0.395648 0.47968 -0.430558 0.565936 0.55 -0.673198 0 -0.673198 0.55 -0.785398 0.55 -0.785398 0 -0.673198 0 -0.785398 0.55 0.785398 0 0.785398 0.55 0.673198 0.55 0.673198 0 0.785398 0 0.673198 0.55 0.673198 0 0.673198 0.55 0.560999 0.55 0.560999 0 0.673198 0 0.560999 0.55 0.560999 0 0.560999 0.55 0.448799 0.55 0.448799 0 0.560999 0 0.448799 0.55 0.448799 0 0.448799 0.55 0.336599 0.55 0.336599 0 0.448799 0 0.336599 0.55 0.336599 0 0.336599 0.55 0.224399 0.55 0.224399 0 0.336599 0 0.224399 0.55 0.224399 0 0.224399 0.55 0.1122 0.55 0.1122 0 0.224399 0 0.1122 0.55 0.1122 0 0.1122 0.55 0 0.55 0 0 0.1122 0 0 0.55 0 0 0 0.55 -0.1122 0.55 -0.1122 0 0 0 -0.1122 0.55 -0.1122 0 -0.1122 0.55 -0.224399 0.55 -0.224399 0 -0.1122 0 -0.224399 0.55 -0.224399 0 -0.224399 0.55 -0.336599 0.55 -0.336599 0 -0.224399 0 -0.336599 0.55 -0.336599 0 -0.336599 0.55 -0.448799 0.55 -0.448799 0 -0.336599 0 -0.448799 0.55 -0.448799 0 -0.448799 0.55 -0.560999 0.55 -0.560999 0 -0.448799 0 -0.560999 0.55 -0.560999 0 -0.560999 0.55 -0.673198 0.55 -0.673198 0 -0.560999 0 -0.673198 0.55 -0.673198 0 -0.673198 0.55 -0.785398 0.55 -0.785398 0 -0.673198 0 -0.785398 0.55 0.785398 0 0.785398 0.55 0.673198 0.55 0.673198 0 0.785398 0 0.673198 0.55 0.673198 0 0.673198 0.55 0.560999 0.55 0.560999 0 0.673198 0 0.560999 0.55 0.560999 0 0.560999 0.55 0.448799 0.55 0.448799 0 0.560999 0 0.448799 0.55 0.448799 0 0.448799 0.55 0.336599 0.55 0.336599 0 0.448799 0 0.336599 0.55 0.336599 0 0.336599 0.55 0.224399 0.55 0.224399 0 0.336599 0 0.224399 0.55 0.224399 0 0.224399 0.55 0.1122 0.55 0.1122 0 0.224399 0 0.1122 0.55 0.1122 0 0.1122 0.55 0 0.55 0 0 0.1122 0 0 0.55 0 0 0 0.55 -0.1122 0.55 -0.1122 0 0 0 -0.1122 0.55 -0.1122 0 -0.1122 0.55 -0.224399 0.55 -0.224399 0 -0.1122 0 -0.224399 0.55 -0.224399 0 -0.224399 0.55 -0.336599 0.55 -0.336599 0 -0.224399 0 -0.336599 0.55 -0.336599 0 -0.336599 0.55 -0.448799 0.55 -0.448799 0 -0.336599 0 -0.448799 0.55 -0.448799 0 -0.448799 0.55 -0.560999 0.55 -0.560999 0 -0.448799 0 -0.560999 0.55 -0.560999 0 -0.560999 0.55 -0.673198 0.55 -0.673198 0 -0.560999 0 -0.673198 0.55 -0.673198 0 -0.673198 0.55 -0.785398 0.55 -0.785398 0 -0.673198 0 -0.785398 0.55 0.785398 0 0.785398 0.55 0.673198 0.55 0.673198 0 0.785398 0 0.673198 0.55 0.673198 0 0.673198 0.55 0.560999 0.55 0.560999 0 0.673198 0 0.560999 0.55 0.560999 0 0.560999 0.55 0.448799 0.55 0.448799 0 0.560999 0 0.448799 0.55 0.448799 0 0.448799 0.55 0.336599 0.55 0.336599 0 0.448799 0 0.336599 0.55 0.336599 0 0.336599 0.55 0.224399 0.55 0.224399 0 0.336599 0 0.224399 0.55 0.224399 0 0.224399 0.55 0.1122 0.55 0.1122 0 0.224399 0 0.1122 0.55 0.1122 0 0.1122 0.55 0 0.55 0 0 0.1122 0 0 0.55 0 0 0 0.55 -0.1122 0.55 -0.1122 0 0 0 -0.1122 0.55 -0.1122 0 -0.1122 0.55 -0.224399 0.55 -0.224399 0 -0.1122 0 -0.224399 0.55 -0.224399 0 -0.224399 0.55 -0.336599 0.55 -0.336599 0 -0.224399 0 -0.336599 0.55 -0.336599 0 -0.336599 0.55 -0.448799 0.55 -0.448799 0 -0.336599 0 -0.448799 0.55 -0.448799 0 -0.448799 0.55 -0.560999 0.55 -0.560999 0 -0.448799 0 -0.560999 0.55 -0.560999 0 -0.560999 0.55 -0.673198 0.55 -0.673198 0 -0.560999 0 -0.673198 0.55 -0.673198 0 -0.673198 0.55 -0.785398 0.55 -0.785398 0 -0.673198 0 -0.785398 0.55 0.785398 0 0.785398 0.55 0.673198 0.55 0.673198 0 0.785398 0 0.673198 0.55 0.673198 0 0.673198 0.55 0.560999 0.55 0.560999 0 0.673198 0 0.560999 0.55 0.560999 0 0.560999 0.55 0.448799 0.55 0.448799 0 0.560999 0 0.448799 0.55 0.448799 0 0.448799 0.55 0.336599 0.55 0.336599 0 0.448799 0 0.336599 0.55 0.336599 0 0.336599 0.55 0.224399 0.55 0.224399 0 0.336599 0 0.224399 0.55 0.224399 0 0.224399 0.55 0.1122 0.55 0.1122 0 0.224399 0 0.1122 0.55 0.1122 0 0.1122 0.55 0 0.55 0 0 0.1122 0 0 0.55 0 0 0 0.55 -0.1122 0.55 -0.1122 0 0 0 -0.1122 0.55 -0.1122 0 -0.1122 0.55 -0.224399 0.55 -0.224399 0 -0.1122 0 -0.224399 0.55 -0.224399 0 -0.224399 0.55 -0.336599 0.55 -0.336599 0 -0.224399 0 -0.336599 0.55 -0.336599 0 -0.336599 0.55 -0.448799 0.55 -0.448799 0 -0.336599 0 -0.448799 0.55 -0.448799 0 -0.448799 0.55 -0.560999 0.55 -0.560999 0 -0.448799 0 -0.560999 0.55 -0.560999 0 -0.560999 0.55 -0.673198 0.55 -0.673198 0 -0.560999 0 -0.673198 0.07071095 2.808954 0 2.661114 0.07071095 2.513274 0.07071095 2.513274 0 2.661114 0 2.365434 0.07071095 2.513274 0 2.365434 0.07071095 2.217595 0.07071095 2.217595 0 2.365434 0 2.069755 0.07071095 2.217595 0 2.069755 0.07071095 1.921915 0.07071095 1.921915 0 2.069755 0 1.774076 0.07071095 1.921915 0 1.774076 0.07071095 1.626236 0.07071095 1.626236 0 1.774076 0 1.478397 0.07071095 1.626236 0 1.478397 0.07071095 1.330557 0.07071095 1.330557 0 1.478397 0 1.182717 0.07071095 1.330557 0 1.182717 0.07071095 1.034878 0.07071095 1.034878 0 1.182717 0 0.887038 0.07071095 1.034878 0 0.887038 0.07071095 0.739198 0.07071095 0.739198 0 0.887038 0 0.591359 0.07071095 0.739198 0 0.591359 0.07071095 0.443519 0.07071095 0.443519 0 0.591359 0 0.295679 0.07071095 0.443519 0 0.295679 0.07071095 0.14784 0.07071095 0.14784 0 0.295679 0 0 0.07071095 0.14784 0 0 0.07071095 -0.14784 0.07071095 -0.14784 0 0 0 -0.295679 0.07071095 -0.14784 0 -0.295679 0.07071095 -0.443519 0.07071095 -0.443519 0 -0.295679 0 -0.591359 0.07071095 -0.443519 0 -0.591359 0.07071095 -0.739198 0.07071095 -0.739198 0 -0.591359 0 -0.887038 0.07071095 -0.739198 0 -0.887038 0.07071095 -1.034878 0.07071095 -1.034878 0 -0.887038 0 -1.182717 0.07071095 -1.034878 0 -1.182717 0.07071095 -1.330557 0.07071095 -1.330557 0 -1.182717 0 -1.478397 0.07071095 -1.330557 0 -1.478397 0.07071095 -1.626236 0.07071095 -1.626236 0 -1.478397 0 -1.774076 0.07071095 -1.626236 0 -1.774076 0.07071095 -1.921915 0.07071095 -1.921915 0 -1.774076 0 -2.069755 0.07071095 -1.921915 0 -2.069755 0.07071095 -2.217595 0.07071095 -2.217595 0 -2.069755 0 -2.365434 0.07071095 -2.217595 0 -2.365434 0.07071095 -2.513274 0.07071095 -2.513274 0 -2.365434 0 -2.661114 0.07071095 -2.513274 0 -2.661114 0.07071095 -2.808954 0.07071095 -2.808954 0 -2.661114 0 -2.956793 0.07071095 -2.808954 0 -2.956793 0.07071095 -3.104633 0.07071095 -3.104633 0 -2.956793 0 -3.252472 0.07071095 -3.104633 0 -3.252472 0.07071095 -3.400312 0.07071095 -3.400312 0 -3.252472 0 -3.548152 0.07071095 -3.400312 0 -3.548152 0.07071095 -3.695992 0.07071095 -3.695992 0 -3.548152 0 -3.843831 0.07071095 -3.695992 0 -3.843831 0.07071095 -3.991671 0.07071095 -3.991671 0 -3.843831 0 -4.139511 0.07071095 -3.991671 0 -4.139511 0.07071095 -4.28735 0.07071095 -4.28735 0 -4.139511 0 -4.43519 0.07071095 -4.28735 0 -4.43519 0.07071095 -4.583029 0.07071095 -4.583029 0 -4.43519 0 -4.730869 0.07071095 -4.583029 0 -4.730869 0.07071095 -4.878709 0.07071095 -4.878709 0 -4.730869 0 -5.026548 0.07071095 -4.878709 0 -5.026548 0.07071095 -5.174388 0.07071095 4.878709 0 5.026548 0 4.730869 0.07071095 4.878709 0 4.730869 0.07071095 4.583029 0.07071095 4.583029 0 4.730869 0 4.43519 0.07071095 4.583029 0 4.43519 0.07071095 4.28735 0.07071095 4.28735 0 4.43519 0 4.139511 0.07071095 4.28735 0 4.139511 0.07071095 3.991671 0.07071095 3.991671 0 4.139511 0 3.843831 0.07071095 3.991671 0 3.843831 0.07071095 3.695992 0.07071095 3.695992 0 3.843831 0 3.548152 0.07071095 3.695992 0 3.548152 0.07071095 3.400312 0.07071095 3.400312 0 3.548152 0 3.252472 0.07071095 3.400312 0 3.252472 0.07071095 3.104633 0.07071095 3.104633 0 3.252472 0 2.956793 0.07071095 3.104633 0 2.956793 0.07071095 2.808954 0.07071095 2.808954 0 2.956793 0 2.661114 -0.3 0.1256639 -0.85 0 -0.3 0 -0.3 0 -0.85 0 -0.85 -0.1256639 -0.3 0 -0.85 -0.1256639 -0.3 -0.1256639 -0.3 -0.1256639 -0.85 -0.1256639 -0.85 -0.251327 -0.3 -0.1256639 -0.85 -0.251327 -0.3 -0.251327 -0.3 -0.251327 -0.85 -0.251327 -0.85 -0.376991 -0.3 -0.251327 -0.85 -0.376991 -0.3 -0.376991 -0.3 -0.376991 -0.85 -0.376991 -0.85 -0.502655 -0.3 -0.376991 -0.85 -0.502655 -0.3 -0.502655 -0.3 -0.502655 -0.85 -0.502655 -0.85 -0.628319 -0.3 -0.502655 -0.85 -0.628319 -0.3 -0.628319 -0.3 -0.628319 -0.85 -0.628319 -0.85 -0.753982 -0.3 -0.628319 -0.85 -0.753982 -0.3 -0.753982 -0.3 -0.753982 -0.85 -0.753982 -0.85 -0.879646 -0.3 -0.753982 -0.85 -0.879646 -0.3 -0.879646 -0.3 1.00531 -0.85 1.00531 -0.85 0.879646 -0.3 1.00531 -0.85 0.879646 -0.3 0.879646 -0.3 0.879646 -0.85 0.879646 -0.85 0.753982 -0.3 0.879646 -0.85 0.753982 -0.3 0.753982 -0.3 0.753982 -0.85 0.753982 -0.85 0.628319 -0.3 0.753982 -0.85 0.628319 -0.3 0.628319 -0.3 0.628319 -0.85 0.628319 -0.85 0.502655 -0.3 0.628319 -0.85 0.502655 -0.3 0.502655 -0.3 0.502655 -0.85 0.502655 -0.85 0.376991 -0.3 0.502655 -0.85 0.376991 -0.3 0.376991 -0.3 0.376991 -0.85 0.376991 -0.85 0.251327 -0.3 0.376991 -0.85 0.251327 -0.3 0.251327 -0.3 0.251327 -0.85 0.251327 -0.85 0.1256639 -0.3 0.251327 -0.85 0.1256639 -0.3 0.1256639 -0.3 0.1256639 -0.85 0.1256639 -0.85 0 0.45 0.217945 0.45 -0.217945 0.49436 0.07488799 0.49436 0.07488799 0.45 -0.217945 0.49436 -0.07488799 -0.1 0.559885 -0.368246 0.559885 -0.1 0.399918 -0.1 0.399918 -0.368246 0.559885 -0.368246 0.399918 -0.1 0.399918 -0.368246 0.399918 -0.1 0.239951 -0.1 0.239951 -0.368246 0.399918 -0.368246 0.239951 -0.1 0.239951 -0.368246 0.239951 -0.1 0.079984 -0.1 0.079984 -0.368246 0.239951 -0.368246 0.079984 -0.1 0.079984 -0.368246 0.079984 -0.1 -0.079984 -0.1 -0.079984 -0.368246 0.079984 -0.368246 -0.079984 -0.1 -0.079984 -0.368246 -0.079984 -0.1 -0.239951 -0.1 -0.239951 -0.368246 -0.079984 -0.368246 -0.239951 -0.1 -0.239951 -0.368246 -0.239951 -0.1 -0.399918 -0.1 -0.399918 -0.368246 -0.239951 -0.368246 -0.399918 -0.1 -0.399918 -0.368246 -0.399918 -0.1 -0.559885 -0.1 -0.559885 -0.368246 -0.399918 -0.368246 -0.559885 -0.45 0.217945 -0.49436 0.07488799 -0.45 -0.217945 -0.45 -0.217945 -0.49436 0.07488799 -0.49436 -0.07488799 -0.1 -1.010912 -0.368246 -1.010912 -0.1 -1.170879 -0.1 -1.170879 -0.368246 -1.010912 -0.368246 -1.170879 -0.1 -1.170879 -0.368246 -1.170879 -0.1 -1.330846 -0.1 -1.330846 -0.368246 -1.170879 -0.368246 -1.330846 -0.1 -1.330846 -0.368246 -1.330846 -0.1 -1.490813 -0.1 -1.490813 -0.368246 -1.330846 -0.368246 -1.490813 -0.1 -1.490813 -0.368246 -1.490813 -0.1 -1.65078 -0.1 -1.65078 -0.368246 -1.490813 -0.368246 -1.65078 -0.1 -1.65078 -0.368246 -1.65078 -0.1 -1.810747 -0.1 -1.810747 -0.368246 -1.65078 -0.368246 -1.810747 -0.1 -1.810747 -0.368246 -1.810747 -0.1 -1.970714 -0.1 -1.970714 -0.368246 -1.810747 -0.368246 -1.970714 -0.1 -1.970714 -0.368246 -1.970714 -0.1 -2.130681 -0.1 -2.130681 -0.368246 -1.970714 -0.368246 -2.130681 -0.33932 0.367235 -0.248646 0.313329 -0.232711 0.442545 -0.232711 0.442545 -0.248646 0.313329 -0.124177 0.380237 -0.232711 0.442545 -0.124177 0.380237 -0.110242 0.487695 -0.110242 0.487695 -0.124177 0.380237 0.01579099 0.399688 -0.110242 0.487695 0.01579099 0.399688 0.01973897 0.49961 0.01973897 0.49961 0.01579099 0.399688 0.148375 0.477478 0.148375 0.477478 0.01579099 0.399688 0.153788 0.369255 0.148375 0.477478 0.153788 0.369255 0.266899 0.422806 0.266899 0.422806 0.153788 0.369255 0.272591 0.292736 0.266899 0.422806 0.272591 0.292736 0.367235 0.33932 0.367235 0.33932 0.272591 0.292736 0.357372 0.179681 0.367235 0.33932 0.357372 0.179681 0.442545 0.232711 0.442545 0.232711 0.357372 0.179681 0.487695 0.110242 0.487695 0.110242 0.357372 0.179681 0.49961 -0.01973897 0.49961 -0.01973897 0.357372 0.179681 0.342082 -0.207315 0.49961 -0.01973897 0.342082 -0.207315 0.477478 -0.148375 0.477478 -0.148375 0.342082 -0.207315 0.422806 -0.266899 0.422806 -0.266899 0.342082 -0.207315 0.33932 -0.367235 0.33932 -0.367235 0.342082 -0.207315 0.248646 -0.313329 0.33932 -0.367235 0.248646 -0.313329 0.232711 -0.442545 0.232711 -0.442545 0.248646 -0.313329 0.124177 -0.380237 0.232711 -0.442545 0.124177 -0.380237 0.110242 -0.487695 0.110242 -0.487695 0.124177 -0.380237 -0.01579099 -0.399688 0.110242 -0.487695 -0.01579099 -0.399688 -0.01973897 -0.49961 -0.01973897 -0.49961 -0.01579099 -0.399688 -0.148375 -0.477478 -0.148375 -0.477478 -0.01579099 -0.399688 -0.153788 -0.369255 -0.148375 -0.477478 -0.153788 -0.369255 -0.266899 -0.422806 -0.266899 -0.422806 -0.153788 -0.369255 -0.272591 -0.292736 -0.266899 -0.422806 -0.272591 -0.292736 -0.367235 -0.33932 -0.367235 -0.33932 -0.272591 -0.292736 -0.357372 -0.179681 -0.367235 -0.33932 -0.357372 -0.179681 -0.442545 -0.232711 -0.442545 -0.232711 -0.357372 -0.179681 -0.487695 -0.110242 -0.487695 -0.110242 -0.357372 -0.179681 -0.49961 0.01973897 -0.49961 0.01973897 -0.357372 -0.179681 -0.342082 0.207315 -0.49961 0.01973897 -0.342082 0.207315 -0.477478 0.148375 -0.477478 0.148375 -0.342082 0.207315 -0.422806 0.266899 -0.422806 0.266899 -0.342082 0.207315 -0.33932 0.367235 -0.33932 0.367235 -0.342082 0.207315 -0.248646 0.313329 0 -0.06480699 0 -0.265336 0.004677951 -0.06977897 0.004677951 -0.06977897 0 -0.265336 0.03852099 -0.1309159 0.03852099 -0.1309159 0 -0.265336 0.06219995 -0.19666 0.06219995 -0.19666 0 -0.265336 0.07511097 -0.265336 0.256009 -0.635644 0.203195 -0.520575 0.186176 -0.640314 0.186176 -0.640314 0.203195 -0.520575 0.128005 -0.537215 0.186176 -0.640314 0.128005 -0.537215 0.1162739 -0.643142 0.1162739 -0.643142 0.128005 -0.537215 0.04633599 -0.596063 0.1162739 -0.643142 0.04633599 -0.596063 0.04633599 -0.644556 0.203195 -0.520575 0.11059 -0.451837 0.128005 -0.537215 0.128005 -0.537215 0.11059 -0.451837 0.04633599 -0.499078 0.128005 -0.537215 0.04633599 -0.499078 0.04633599 -0.54757 0.11059 -0.451837 0 -0.429873 0.04633599 -0.499078 0.04633599 -0.499078 0 -0.429873 0.01545095 -0.500088 0.01545095 -0.500088 0 -0.429873 -0.04633599 -0.499078 0.01545095 -0.500088 -0.04633599 -0.499078 -0.01545095 -0.500088 0 -0.429873 -0.11059 -0.451837 -0.04633599 -0.499078 -0.04633599 -0.499078 -0.11059 -0.451837 -0.128005 -0.537215 -0.04633599 -0.499078 -0.128005 -0.537215 -0.04633599 -0.54757 -0.04633599 -0.54757 -0.128005 -0.537215 -0.04633599 -0.596063 -0.04633599 -0.596063 -0.128005 -0.537215 -0.1162739 -0.643142 -0.04633599 -0.596063 -0.1162739 -0.643142 -0.04633599 -0.644556 -0.11059 -0.451837 -0.203195 -0.520575 -0.128005 -0.537215 -0.128005 -0.537215 -0.203195 -0.520575 -0.186176 -0.640314 -0.128005 -0.537215 -0.186176 -0.640314 -0.1162739 -0.643142 -0.203195 -0.520575 -0.256009 -0.635644 -0.186176 -0.640314 0.04633599 -0.54757 0.04633599 -0.596063 0.128005 -0.537215 0 -0.200529 0.004677951 -0.1955569 0 0 0 0 0.004677951 -0.1955569 0.03852099 -0.13442 0 0 0.03852099 -0.13442 0.06219995 -0.06867599 0.06219995 -0.06867599 0.07511097 0 0 0 0.246779 -0.04624998 0.250597 -0.015495 0.04624998 -0.04624998 0.04624998 -0.04624998 0.250597 -0.015495 0.04624998 0.04624998 0.04624998 -0.04624998 0.04624998 0.04624998 -0.04624998 0.04624998 -0.04624998 0.04624998 0.04624998 0.04624998 -0.04624998 0.185 -0.04624998 0.185 0.04624998 0.04624998 0.04624998 0.185 0.250597 -0.015495 0.250597 0.015495 0.04624998 0.04624998 0.04624998 0.04624998 0.250597 0.015495 0.246779 0.04624998 -0.246779 0.04624998 -0.250597 0.015495 -0.04624998 0.04624998 -0.04624998 0.04624998 -0.250597 0.015495 -0.250597 -0.015495 -0.04624998 0.04624998 -0.250597 -0.015495 -0.04624998 -0.04624998 -0.04624998 -0.04624998 -0.250597 -0.015495 -0.246779 -0.04624998 -0.04624998 -0.185 0.04624998 -0.185 -0.04624998 -0.04624998 -0.04624998 -0.04624998 0.04624998 -0.185 0.04624998 -0.04624998 -0.04624998 -0.04624998 0.04624998 -0.04624998 -0.04624998 0.04624998 0 0.06480699 0 0.265336 -0.004677951 0.06977897 -0.004677951 0.06977897 0 0.265336 -0.03852099 0.1309159 -0.03852099 0.1309159 0 0.265336 -0.06219995 0.19666 -0.06219995 0.19666 0 0.265336 -0.07511097 0.265336 -0.256009 -0.746657 -0.203195 -0.861725 -0.186176 -0.741987 -0.186176 -0.741987 -0.203195 -0.861725 -0.128005 -0.845086 -0.186176 -0.741987 -0.128005 -0.845086 -0.1162739 -0.739159 -0.1162739 -0.739159 -0.128005 -0.845086 -0.04633599 -0.786238 -0.1162739 -0.739159 -0.04633599 -0.786238 -0.04633599 -0.737745 -0.203195 -0.861725 -0.11059 -0.930463 -0.128005 -0.845086 -0.128005 -0.845086 -0.11059 -0.930463 -0.04633599 -0.883223 -0.128005 -0.845086 -0.04633599 -0.883223 -0.04633599 -0.834731 -0.11059 -0.930463 0 -0.952427 -0.04633599 -0.883223 -0.04633599 -0.883223 0 -0.952427 -0.01545095 -0.882213 -0.01545095 -0.882213 0 -0.952427 0.04633599 -0.883223 -0.01545095 -0.882213 0.04633599 -0.883223 0.01545095 -0.882213 0 -0.952427 0.11059 -0.930463 0.04633599 -0.883223 0.04633599 -0.883223 0.11059 -0.930463 0.128005 -0.845086 0.04633599 -0.883223 0.128005 -0.845086 0.04633599 -0.834731 0.04633599 -0.834731 0.128005 -0.845086 0.04633599 -0.786238 0.04633599 -0.786238 0.128005 -0.845086 0.1162739 -0.739159 0.04633599 -0.786238 0.1162739 -0.739159 0.04633599 -0.737745 0.11059 -0.930463 0.203195 -0.861725 0.128005 -0.845086 0.128005 -0.845086 0.203195 -0.861725 0.186176 -0.741987 0.128005 -0.845086 0.186176 -0.741987 0.1162739 -0.739159 0.203195 -0.861725 0.256009 -0.746657 0.186176 -0.741987 -0.04633599 -0.834731 -0.04633599 -0.786238 -0.128005 -0.845086 0 0.200529 -0.004677951 0.1955569 0 0 0 0 -0.004677951 0.1955569 -0.03852099 0.13442 0 0 -0.03852099 0.13442 -0.06219995 0.06867599 -0.06219995 0.06867599 -0.07511097 0 0 0 -2.33925 0 -2.045932 3.5e-5 -2.33925 0.01134496 -2.33925 0.01134496 -2.045932 3.5e-5 -2.046844 0.01683896 -2.33925 0.01134496 -2.046844 0.01683896 -2.33925 0.02242594 -2.33925 0.02242594 -2.046844 0.01683896 -2.046046 0.03376096 -2.33925 0.02242594 -2.046046 0.03376096 -2.33925 0.03377097 -1.982063 -9e-6 -1.899295 5.7e-5 -2.045932 3.5e-5 -2.045932 3.5e-5 -1.899295 5.7e-5 -2.046844 0.01683896 -1.752665 7.8e-5 -1.754438 0.01683896 -1.899295 5.7e-5 -1.899295 5.7e-5 -1.754438 0.01683896 -1.949375 0.01683896 -1.899295 5.7e-5 -1.949375 0.01683896 -2.046844 0.01683896 -2.046844 0.01683896 -1.949375 0.01683896 -1.982228 0.03373998 -2.046844 0.01683896 -1.982228 0.03373998 -2.046046 0.03376096 -1.754438 0.01683896 -1.752665 7.8e-5 -1.681336 0.01683896 -1.681336 0.01683896 -1.752665 7.8e-5 -1.606146 8.4e-5 -1.681336 0.01683896 -1.606146 8.4e-5 -1.608234 0.01683896 -1.608234 0.01683896 -1.606146 8.4e-5 -1.539236 2.7e-5 -1.608234 0.01683896 -1.539236 2.7e-5 -1.535133 0.01683896 -1.535133 0.01683896 -1.539236 2.7e-5 -1.460601 5.9e-5 -1.535133 0.01683896 -1.460601 5.9e-5 -1.462031 0.01683896 -1.462031 0.01683896 -1.460601 5.9e-5 -1.393779 3.1e-5 -1.462031 0.01683896 -1.393779 3.1e-5 -1.38893 0.01683896 -1.38893 0.01683896 -1.393779 3.1e-5 -1.315076 2.2e-5 -1.38893 0.01683896 -1.315076 2.2e-5 -1.315828 0.01683896 -1.315828 0.01683896 -1.315076 2.2e-5 -1.246087 1.02e-4 -1.315828 0.01683896 -1.246087 1.02e-4 -1.242727 0.01683896 -1.242727 0.01683896 -1.246087 1.02e-4 -1.169629 5e-6 -1.242727 0.01683896 -1.169629 5e-6 -1.169625 0.01683896 -1.169625 0.01683896 -1.169629 5e-6 -1.092849 4.9e-5 -1.169625 0.01683896 -1.092849 4.9e-5 -1.096524 0.01683896 -1.096524 0.01683896 -1.092849 4.9e-5 -1.024175 2.2e-5 -1.096524 0.01683896 -1.024175 2.2e-5 -1.023422 0.01683896 -1.023422 0.01683896 -1.024175 2.2e-5 -0.945343 2.7e-5 -1.023422 0.01683896 -0.945343 2.7e-5 -0.95032 0.01683896 -0.95032 0.01683896 -0.945343 2.7e-5 -0.878651 5.9e-5 -0.95032 0.01683896 -0.878651 5.9e-5 -0.877219 0.01683896 -0.877219 0.01683896 -0.878651 5.9e-5 -0.800051 2.9e-5 -0.877219 0.01683896 -0.800051 2.9e-5 -0.804117 0.01683896 -0.804117 0.01683896 -0.800051 2.9e-5 -0.733104 8.3e-5 -0.804117 0.01683896 -0.733104 8.3e-5 -0.731016 0.01683896 -0.731016 0.01683896 -0.733104 8.3e-5 -0.657914 0.01683896 -0.731016 0.01683896 -0.657914 0.01683896 -0.732402 0.033746 -0.732402 0.033746 -0.657914 0.01683896 -0.586422 0.03374397 -0.586422 0.03374397 -0.657914 0.01683896 -0.584813 0.01683896 -0.586422 0.03374397 -0.584813 0.01683896 -0.292406 0.01683896 -0.292406 0.01683896 -0.584813 0.01683896 -0.439956 5.6e-5 -0.292406 0.01683896 -0.439956 5.6e-5 -0.29332 3.5e-5 -0.29332 3.5e-5 -0.439956 5.6e-5 -0.35719 -10e-6 -0.733104 8.3e-5 -0.586586 7.8e-5 -0.657914 0.01683896 -0.657914 0.01683896 -0.586586 7.8e-5 -0.51327 7e-5 -0.657914 0.01683896 -0.51327 7e-5 -0.584813 0.01683896 -0.584813 0.01683896 -0.51327 7e-5 -0.439956 5.6e-5 -0.51327 7e-5 -0.466483 4.8e-5 -0.439956 5.6e-5 0 0 0 0.01134496 -0.29332 3.5e-5 -0.29332 3.5e-5 0 0.01134496 -0.292406 0.01683896 0 0.01134496 0 0.02242594 -0.292406 0.01683896 -0.292406 0.01683896 0 0.02242594 -0.293214 0.03376495 -0.292406 0.01683896 -0.293214 0.03376495 -0.586422 0.03374397 0 0.02242594 0 0.03377097 -0.293214 0.03376495 -0.732402 0.033746 -0.799036 0.03371 -0.731016 0.01683896 -0.731016 0.01683896 -0.799036 0.03371 -0.804117 0.01683896 -0.799036 0.03371 -0.878168 0.03375196 -0.804117 0.01683896 -0.804117 0.01683896 -0.878168 0.03375196 -0.877219 0.01683896 -0.877219 0.01683896 -0.878168 0.03375196 -0.95032 0.01683896 -0.95032 0.01683896 -0.878168 0.03375196 -0.945165 0.03376299 -0.95032 0.01683896 -0.945165 0.03376299 -1.023892 0.03376299 -0.95032 0.01683896 -1.023892 0.03376299 -1.023422 0.01683896 -1.023422 0.01683896 -1.023892 0.03376299 -1.093167 0.03376597 -1.023422 0.01683896 -1.093167 0.03376597 -1.096524 0.01683896 -1.096524 0.01683896 -1.093167 0.03376597 -1.169625 0.03376895 -1.096524 0.01683896 -1.169625 0.03376895 -1.169625 0.01683896 -1.169625 0.01683896 -1.169625 0.03376895 -1.242727 0.01683896 -1.169625 0.03376895 -1.24588 0.03377097 -1.242727 0.01683896 -1.242727 0.01683896 -1.24588 0.03377097 -1.315828 0.01683896 -1.24588 0.03377097 -1.315362 0.03376299 -1.315828 0.01683896 -1.315828 0.01683896 -1.315362 0.03376299 -1.38893 0.01683896 -1.315362 0.03376299 -1.393968 0.03376495 -1.38893 0.01683896 -1.38893 0.01683896 -1.393968 0.03376495 -1.461101 0.03375196 -1.38893 0.01683896 -1.461101 0.03375196 -1.462031 0.01683896 -1.462031 0.01683896 -1.461101 0.03375196 -1.540231 0.03370797 -1.462031 0.01683896 -1.540231 0.03370797 -1.535133 0.01683896 -1.535133 0.01683896 -1.540231 0.03370797 -1.608234 0.01683896 -1.540231 0.03370797 -1.606849 0.033746 -1.608234 0.01683896 -1.608234 0.01683896 -1.606849 0.033746 -1.752829 0.03374499 -1.608234 0.01683896 -1.752829 0.03374499 -1.681336 0.01683896 -1.681336 0.01683896 -1.752829 0.03374499 -1.754438 0.01683896 -1.752829 0.03374499 -1.89944 0.03372895 -1.754438 0.01683896 -1.754438 0.01683896 -1.89944 0.03372895 -1.949375 0.01683896 -1.89944 0.03372895 -1.982228 0.03373998 -1.949375 0.01683896 -0.02242499 2.339206 -0.03376996 2.339206 -0.016828 2.045938 -0.016828 2.045938 -0.03376996 2.339206 -0.03376299 2.045981 -0.016828 2.045938 -0.03376299 2.045981 -0.016828 1.949338 -0.016828 1.949338 -0.03376299 2.045981 -0.03374296 1.752794 -0.016828 1.949338 -0.03374296 1.752794 -0.016828 1.754405 -0.016828 1.754405 -0.03374296 1.752794 -0.016828 1.681304 -0.016828 1.754405 -0.016828 1.681304 -7.8e-5 1.752613 -7.8e-5 1.752613 -0.016828 1.681304 -8.4e-5 1.606552 -8.4e-5 1.606552 -0.016828 1.681304 -0.016828 1.608204 -8.4e-5 1.606552 -0.016828 1.608204 -0.016828 1.535104 -0.016828 1.535104 -0.016828 1.608204 -0.03374397 1.606296 -0.016828 1.535104 -0.03374397 1.606296 -0.03370898 1.539696 -0.03374296 1.752794 -0.03374397 1.606296 -0.016828 1.681304 -0.016828 1.681304 -0.03374397 1.606296 -0.016828 1.608204 -0.03370898 1.539696 -0.03375095 1.460683 -0.016828 1.535104 -0.016828 1.535104 -0.03375095 1.460683 -0.016828 1.461461 -0.016828 1.535104 -0.016828 1.461461 -5.9e-5 1.460924 -5.9e-5 1.460924 -0.016828 1.461461 -0.016828 1.388903 -5.9e-5 1.460924 -0.016828 1.388903 -2.8e-5 1.394149 -2.8e-5 1.394149 -0.016828 1.388903 -2.2e-5 1.315269 -2.2e-5 1.315269 -0.016828 1.388903 -0.016828 1.315187 -2.2e-5 1.315269 -0.016828 1.315187 -5.3e-5 1.246608 -5.3e-5 1.246608 -0.016828 1.315187 -0.016828 1.242703 -5.3e-5 1.246608 -0.016828 1.242703 -5e-6 1.169603 -5e-6 1.169603 -0.016828 1.242703 -0.016828 1.169602 -5e-6 1.169603 -0.016828 1.169602 -0.016828 1.096503 -0.016828 1.096503 -0.016828 1.169602 -0.03376698 1.169601 -0.016828 1.096503 -0.03376698 1.169601 -0.03376996 1.093622 -0.016828 1.461461 -0.03375095 1.460683 -0.016828 1.388903 -0.016828 1.388903 -0.03375095 1.460683 -0.03376495 1.39364 -0.016828 1.388903 -0.03376495 1.39364 -0.03376197 1.315104 -0.016828 1.388903 -0.03376197 1.315104 -0.016828 1.315187 -0.016828 1.315187 -0.03376197 1.315104 -0.03375995 1.24591 -0.016828 1.315187 -0.03375995 1.24591 -0.016828 1.242703 -0.016828 1.242703 -0.03375995 1.24591 -0.03376698 1.169601 -0.016828 1.242703 -0.03376698 1.169601 -0.016828 1.169602 -0.016828 1.096503 -0.03376996 1.093622 -0.016828 1.024015 -0.016828 1.024015 -0.03376996 1.093622 -0.03376197 1.024095 -0.016828 1.024015 -0.03376197 1.024095 -0.016828 0.950302 -0.016828 0.950302 -0.03376197 1.024095 -0.03376299 0.945532 -0.016828 0.950302 -0.03376299 0.945532 -0.016828 0.877744 -0.016828 0.877744 -0.03376299 0.945532 -0.03375095 0.878526 -0.016828 0.877744 -0.03375095 0.878526 -0.03371095 0.7995 -0.03374499 0.732913 -0.016828 0.731002 -0.03371095 0.7995 -0.03371095 0.7995 -0.016828 0.731002 -0.016828 0.804102 -0.03371095 0.7995 -0.016828 0.804102 -0.016828 0.877744 -0.016828 0.877744 -0.016828 0.804102 -5.9e-5 0.878282 -0.016828 0.877744 -5.9e-5 0.878282 -2.8e-5 0.945078 -0.03374499 0.732913 -0.03374296 0.586413 -0.016828 0.731002 -0.016828 0.731002 -0.03374296 0.586413 -0.016828 0.657902 -0.016828 0.731002 -0.016828 0.657902 -8.4e-5 0.732654 -8.4e-5 0.732654 -0.016828 0.657902 -7.8e-5 0.586593 -7.8e-5 0.586593 -0.016828 0.657902 -0.016828 0.584801 -7.8e-5 0.586593 -0.016828 0.584801 -5.6e-5 0.439955 -5.6e-5 0.439955 -0.016828 0.584801 -0.03372699 0.439812 -5.6e-5 0.439955 -0.03372699 0.439812 -0.016828 0.293263 -0.016828 0.293263 -0.03372699 0.439812 -0.03373897 0.356995 -0.016828 0.293263 -0.03373897 0.356995 -0.03375995 0.293215 -0.016828 0.657902 -0.03374296 0.586413 -0.016828 0.584801 -0.016828 0.584801 -0.03374296 0.586413 -0.03372699 0.439812 -0.03376996 0 -0.02242499 0 -0.03375995 0.293215 -0.03375995 0.293215 -0.02242499 0 -0.01134395 0 -0.03375995 0.293215 -0.01134395 0 -0.016828 0.293263 -0.016828 0.293263 -0.01134395 0 0 0 -0.016828 0.293263 0 0 -3.5e-5 0.29331 -3.5e-5 0.29331 9e-6 0.357178 -0.016828 0.293263 -0.016828 0.293263 9e-6 0.357178 -5.6e-5 0.439955 -8.4e-5 0.732654 -2.5e-5 0.799581 -0.016828 0.731002 -0.016828 0.731002 -2.5e-5 0.799581 -0.016828 0.804102 -2.5e-5 0.799581 -5.9e-5 0.878282 -0.016828 0.804102 -0.016828 0.877744 -2.8e-5 0.945078 -0.016828 0.950302 -0.016828 0.950302 -2.8e-5 0.945078 -2.2e-5 1.023937 -0.016828 0.950302 -2.2e-5 1.023937 -0.016828 1.024015 -0.016828 1.024015 -2.2e-5 1.023937 -1.24e-4 1.092994 -0.016828 1.024015 -1.24e-4 1.092994 -0.016828 1.096503 -0.016828 1.096503 -1.24e-4 1.092994 -5e-6 1.169603 -5.9e-5 1.460924 -2.5e-5 1.539594 -0.016828 1.535104 -0.016828 1.535104 -2.5e-5 1.539594 -8.4e-5 1.606552 -7.8e-5 1.752613 -7.1e-5 1.825933 -0.016828 1.754405 -0.016828 1.754405 -7.1e-5 1.825933 -4.8e-5 1.872695 -0.016828 1.754405 -4.8e-5 1.872695 -5.7e-5 1.899251 -0.016828 1.754405 -5.7e-5 1.899251 -0.016828 1.949338 -0.016828 1.949338 -5.7e-5 1.899251 9e-6 1.982016 -0.016828 1.949338 9e-6 1.982016 -3.5e-5 2.045896 0 2.339206 -0.01134496 2.339206 -3.5e-5 2.045896 -3.5e-5 2.045896 -0.01134496 2.339206 -0.02242499 2.339206 -3.5e-5 2.045896 -0.02242499 2.339206 -0.016828 2.045938 -3.5e-5 2.045896 -0.016828 2.045938 -0.016828 1.949338 3.022786 0.406525 1.618068 0.149936 3.05 0 3.05 0 1.618068 0.149936 1.618068 -0.149936 3.05 0 1.618068 -0.149936 3.022786 -0.406525 3.022786 -0.406525 1.618068 -0.149936 1.562967 -0.444702 3.022786 -0.406525 1.562967 -0.444702 2.941631 -0.805796 2.941631 -0.805796 1.562967 -0.444702 2.807982 -1.190687 2.807982 -1.190687 1.562967 -0.444702 1.45464 -0.724325 2.807982 -1.190687 1.45464 -0.724325 1.823397 -1.524035 1.823397 -1.524035 1.45464 -0.724325 1.712137 -1.524035 1.712137 -1.524035 1.45464 -0.724325 1.296778 -0.979281 1.712137 -1.524035 1.296778 -0.979281 1.611894 -1.572309 1.611894 -1.572309 1.296778 -0.979281 1.094755 -1.200889 1.611894 -1.572309 1.094755 -1.200889 1.542525 -1.659296 1.542525 -1.659296 1.094755 -1.200889 0.855452 -1.381603 1.542525 -1.659296 0.855452 -1.381603 1.517767 -1.767767 1.517767 -1.767767 0.855452 -1.381603 0.587018 -1.515267 1.517767 -1.767767 0.587018 -1.515267 1.542525 -1.876238 1.542525 -1.876238 0.587018 -1.515267 1.096194 -2.846201 1.542525 -1.876238 1.096194 -2.846201 1.465774 -2.674697 1.618068 0.149936 3.022786 0.406525 1.562967 0.444702 1.562967 0.444702 3.022786 0.406525 2.941631 0.805796 1.562967 0.444702 2.941631 0.805796 2.807982 1.190687 2.624225 1.554331 1.923639 1.572309 2.807982 1.190687 2.807982 1.190687 1.923639 1.572309 1.823397 1.524035 2.807982 1.190687 1.823397 1.524035 1.45464 0.724325 1.45464 0.724325 1.823397 1.524035 1.712137 1.524035 1.45464 0.724325 1.712137 1.524035 1.296778 0.979281 1.296778 0.979281 1.712137 1.524035 1.611894 1.572309 1.296778 0.979281 1.611894 1.572309 1.094755 1.200889 1.094755 1.200889 1.611894 1.572309 1.542525 1.659296 1.094755 1.200889 1.542525 1.659296 0.855452 1.381603 0.855452 1.381603 1.542525 1.659296 1.517767 1.767767 0.855452 1.381603 1.517767 1.767767 0.587018 1.515267 0.587018 1.515267 1.517767 1.767767 1.542525 1.876238 0.587018 1.515267 1.542525 1.876238 1.096194 2.846201 1.096194 2.846201 1.542525 1.876238 1.465774 2.674697 1.465774 2.674697 1.542525 1.876238 1.611894 1.963225 1.465774 2.674697 1.611894 1.963225 1.809198 2.455464 1.809198 2.455464 1.611894 1.963225 1.712137 2.011499 1.809198 2.455464 1.712137 2.011499 1.823397 2.011499 1.923639 1.572309 2.624225 1.554331 1.993009 1.659296 1.993009 1.659296 2.624225 1.554331 2.393638 1.890237 1.993009 1.659296 2.393638 1.890237 2.017767 1.767767 2.017767 1.767767 2.393638 1.890237 1.993009 1.876238 1.993009 1.876238 2.393638 1.890237 2.120337 2.192412 1.993009 1.876238 2.120337 2.192412 1.923639 1.963225 1.923639 1.963225 2.120337 2.192412 1.823397 2.011499 1.823397 2.011499 2.120337 2.192412 1.809198 2.455464 1.096194 2.846201 0.707051 2.966914 0.587018 1.515267 0.587018 1.515267 0.707051 2.966914 0.298593 1.597331 0.298593 1.597331 0.707051 2.966914 0.305292 3.034682 0.298593 1.597331 0.305292 3.034682 0 1.625 0 1.625 0.305292 3.034682 -0.101916 3.048297 0 1.625 -0.101916 3.048297 -0.298593 1.597331 -0.298593 1.597331 -0.101916 3.048297 -0.507305 3.007514 -0.298593 1.597331 -0.507305 3.007514 -0.903641 2.913063 -0.298593 1.597331 -0.903641 2.913063 -0.587018 1.515267 -0.587018 1.515267 -0.903641 2.913063 -1.283851 2.766627 -0.587018 1.515267 -1.283851 2.766627 -1.542525 1.876238 -1.542525 1.876238 -1.283851 2.766627 -1.611894 1.963225 -1.611894 1.963225 -1.283851 2.766627 -1.641151 2.570822 -1.611894 1.963225 -1.641151 2.570822 -1.712137 2.011499 -1.712137 2.011499 -1.641151 2.570822 -1.969165 2.329139 -1.712137 2.011499 -1.969165 2.329139 -1.823397 2.011499 -1.823397 2.011499 -1.969165 2.329139 -1.923639 1.963225 -1.923639 1.963225 -1.969165 2.329139 -2.262039 2.045893 -1.923639 1.963225 -2.262039 2.045893 -1.993009 1.876238 -1.993009 1.876238 -2.262039 2.045893 -2.017767 1.767767 -2.017767 1.767767 -2.262039 2.045893 -2.514547 1.726139 -2.017767 1.767767 -2.514547 1.726139 -1.993009 1.659296 -1.993009 1.659296 -2.514547 1.726139 -2.722183 1.375581 -1.993009 1.659296 -2.722183 1.375581 -1.923639 1.572309 -1.923639 1.572309 -2.722183 1.375581 -2.407295 0.285317 -1.923639 1.572309 -2.407295 0.285317 -1.823397 1.524035 -1.823397 1.524035 -2.407295 0.285317 -1.45464 0.724325 -1.823397 1.524035 -1.45464 0.724325 -1.712137 1.524035 -1.712137 1.524035 -1.45464 0.724325 -1.296778 0.979281 -1.712137 1.524035 -1.296778 0.979281 -1.611894 1.572309 -1.611894 1.572309 -1.296778 0.979281 -1.094755 1.200889 -1.611894 1.572309 -1.094755 1.200889 -1.542525 1.659296 -1.542525 1.659296 -1.094755 1.200889 -0.855452 1.381603 -1.542525 1.659296 -0.855452 1.381603 -1.517767 1.767767 -1.517767 1.767767 -0.855452 1.381603 -0.587018 1.515267 -1.517767 1.767767 -0.587018 1.515267 -1.542525 1.876238 -2.722183 1.375581 -2.881241 1.000476 -2.407295 0.285317 -2.407295 0.285317 -2.881241 1.000476 -2.531358 0.298357 -2.531358 0.298357 -2.881241 1.000476 -2.988883 0.607517 -2.531358 0.298357 -2.988883 0.607517 -2.65 0.259808 -2.65 0.259808 -2.988883 0.607517 -2.742705 0.176336 -2.742705 0.176336 -2.988883 0.607517 -3.043189 0.203718 -2.742705 0.176336 -3.043189 0.203718 -2.793444 0.06237399 -2.793444 0.06237399 -3.043189 0.203718 -3.043189 -0.203718 -2.793444 0.06237399 -3.043189 -0.203718 -2.793444 -0.06237399 -2.793444 -0.06237399 -3.043189 -0.203718 -2.742705 -0.176336 -2.742705 -0.176336 -3.043189 -0.203718 -2.988883 -0.607517 -2.742705 -0.176336 -2.988883 -0.607517 -2.65 -0.259808 -2.65 -0.259808 -2.988883 -0.607517 -2.531358 -0.298357 -2.531358 -0.298357 -2.988883 -0.607517 -2.881241 -1.000476 -2.531358 -0.298357 -2.881241 -1.000476 -2.407295 -0.285317 -2.407295 -0.285317 -2.881241 -1.000476 -1.45464 -0.724325 -2.407295 -0.285317 -1.45464 -0.724325 -1.562967 -0.444702 -2.881241 -1.000476 -2.722183 -1.375581 -1.45464 -0.724325 -1.45464 -0.724325 -2.722183 -1.375581 -1.823397 -1.524035 -1.45464 -0.724325 -1.823397 -1.524035 -1.712137 -1.524035 -2.514547 -1.726139 -1.993009 -1.659296 -2.722183 -1.375581 -2.722183 -1.375581 -1.993009 -1.659296 -1.923639 -1.572309 -2.722183 -1.375581 -1.923639 -1.572309 -1.823397 -1.524035 -1.993009 -1.659296 -2.514547 -1.726139 -2.017767 -1.767767 -2.017767 -1.767767 -2.514547 -1.726139 -2.262039 -2.045893 -2.017767 -1.767767 -2.262039 -2.045893 -1.993009 -1.876238 -1.993009 -1.876238 -2.262039 -2.045893 -1.923639 -1.963225 -1.923639 -1.963225 -2.262039 -2.045893 -1.969165 -2.329139 -1.923639 -1.963225 -1.969165 -2.329139 -1.823397 -2.011499 -1.823397 -2.011499 -1.969165 -2.329139 -1.712137 -2.011499 -1.712137 -2.011499 -1.969165 -2.329139 -1.641151 -2.570822 -1.712137 -2.011499 -1.641151 -2.570822 -1.611894 -1.963225 -1.611894 -1.963225 -1.641151 -2.570822 -1.283851 -2.766627 -1.611894 -1.963225 -1.283851 -2.766627 -1.542525 -1.876238 -1.542525 -1.876238 -1.283851 -2.766627 -0.587018 -1.515267 -1.542525 -1.876238 -0.587018 -1.515267 -1.517767 -1.767767 -1.517767 -1.767767 -0.587018 -1.515267 -0.855452 -1.381603 -1.517767 -1.767767 -0.855452 -1.381603 -1.542525 -1.659296 -1.542525 -1.659296 -0.855452 -1.381603 -1.094755 -1.200889 -1.542525 -1.659296 -1.094755 -1.200889 -1.611894 -1.572309 -1.611894 -1.572309 -1.094755 -1.200889 -1.296778 -0.979281 -1.611894 -1.572309 -1.296778 -0.979281 -1.712137 -1.524035 -1.712137 -1.524035 -1.296778 -0.979281 -1.45464 -0.724325 -1.283851 -2.766627 -0.903641 -2.913063 -0.587018 -1.515267 -0.587018 -1.515267 -0.903641 -2.913063 -0.298593 -1.597331 -0.298593 -1.597331 -0.903641 -2.913063 -0.507305 -3.007514 -0.298593 -1.597331 -0.507305 -3.007514 -0.101916 -3.048297 -0.298593 -1.597331 -0.101916 -3.048297 0 -1.625 0 -1.625 -0.101916 -3.048297 0.305292 -3.034682 0 -1.625 0.305292 -3.034682 0.298593 -1.597331 0.298593 -1.597331 0.305292 -3.034682 0.707051 -2.966914 0.298593 -1.597331 0.707051 -2.966914 0.587018 -1.515267 0.587018 -1.515267 0.707051 -2.966914 1.096194 -2.846201 1.542525 -1.876238 1.465774 -2.674697 1.611894 -1.963225 1.611894 -1.963225 1.465774 -2.674697 1.809198 -2.455464 1.611894 -1.963225 1.809198 -2.455464 1.712137 -2.011499 1.712137 -2.011499 1.809198 -2.455464 1.823397 -2.011499 1.823397 -2.011499 1.809198 -2.455464 2.120337 -2.192412 1.823397 -2.011499 2.120337 -2.192412 1.923639 -1.963225 1.923639 -1.963225 2.120337 -2.192412 1.993009 -1.876238 1.993009 -1.876238 2.120337 -2.192412 2.393638 -1.890237 1.993009 -1.876238 2.393638 -1.890237 2.017767 -1.767767 2.017767 -1.767767 2.393638 -1.890237 1.993009 -1.659296 1.993009 -1.659296 2.393638 -1.890237 2.624225 -1.554331 1.993009 -1.659296 2.624225 -1.554331 1.923639 -1.572309 1.923639 -1.572309 2.624225 -1.554331 2.807982 -1.190687 1.923639 -1.572309 2.807982 -1.190687 1.823397 -1.524035 -2.225936 -0.122021 -1.618068 -0.149936 -2.2 0 -2.2 0 -1.618068 -0.149936 -1.618068 0.149936 -2.2 0 -1.618068 0.149936 -2.225936 0.122021 -2.225936 0.122021 -1.618068 0.149936 -1.562967 0.444702 -2.225936 0.122021 -1.562967 0.444702 -2.299261 0.222943 -2.299261 0.222943 -1.562967 0.444702 -2.407295 0.285317 -2.407295 0.285317 -1.562967 0.444702 -1.45464 0.724325 -1.618068 -0.149936 -2.225936 -0.122021 -1.562967 -0.444702 -1.562967 -0.444702 -2.225936 -0.122021 -2.299261 -0.222943 -1.562967 -0.444702 -2.299261 -0.222943 -2.407295 -0.285317 1.45464 0.724325 1.562967 0.444702 2.807982 1.190687 -0.05176395 -0.287979 -0.103528 -0.439909 0 -0.514105 0 -0.514105 -0.103528 -0.439909 -0.103528 -0.615873 0 -0.514105 -0.103528 -0.615873 0 -0.555341 0 -0.555341 -0.103528 -0.615873 0 -0.596577 0 -0.596577 -0.103528 -0.615873 0 -0.637812 0 -0.637812 -0.103528 -0.615873 -0.103528 -0.78125 0 -0.637812 -0.103528 -0.78125 -0.05176395 -0.863938 -0.05176395 -0.863938 -0.103528 -0.78125 -0.103528 -0.946626 -0.05176395 -0.863938 -0.103528 -0.946626 0 -1.090064 0 -1.090064 -0.103528 -0.946626 -0.103528 -1.112003 0 -1.090064 -0.103528 -1.112003 0 -1.131299 0 -1.131299 -0.103528 -1.112003 0 -1.172535 0 -1.172535 -0.103528 -1.112003 0 -1.213771 0 -1.213771 -0.103528 -1.112003 -0.103528 -1.287966 0 -1.213771 -0.103528 -1.287966 -0.05176395 -1.439897 -0.05176395 -1.439897 -0.103528 -1.287966 -0.103528 -1.46393 -0.05176395 -1.439897 -0.103528 -1.46393 -0.103528 -1.639894 0 -0.061854 -0.103528 -0.08798199 -0.05176395 -0.287979 -0.05176395 -0.287979 -0.103528 -0.08798199 -0.103528 -0.263946 -0.05176395 -0.287979 -0.103528 -0.263946 -0.103528 -0.439909 0 -0.061854 0 -0.02061796 -0.103528 -0.08798199 -0.103528 -0.08798199 0 -0.02061796 0 0.02061796 -0.103528 -0.08798199 0 0.02061796 -0.103528 0.08798199 -0.103528 0.08798199 0 0.02061796 0 0.061854 -0.103528 0.08798199 0 0.061854 -0.05176395 0.287979 0 0.514105 -0.103528 0.439909 -0.05176395 0.287979 -0.05176395 0.287979 -0.103528 0.439909 -0.103528 0.263946 -0.05176395 0.287979 -0.103528 0.263946 -0.103528 0.08798199 -0.103528 0.439909 0 0.514105 -0.103528 0.615873 -0.103528 0.615873 0 0.514105 0 0.555341 -0.103528 0.615873 0 0.555341 0 0.596577 0 0.596577 0 0.637812 -0.103528 0.615873 -0.103528 0.615873 0 0.637812 -0.103528 0.78125 -0.103528 0.78125 0 0.637812 -0.05176395 0.863938 -0.103528 0.78125 -0.05176395 0.863938 -0.103528 0.946626 -0.103528 0.946626 -0.05176395 0.863938 0 1.090064 -0.103528 0.946626 0 1.090064 -0.103528 1.112003 -0.103528 1.112003 0 1.090064 0 1.131299 -0.103528 1.112003 0 1.131299 0 1.172535 0 1.172535 0 1.213771 -0.103528 1.112003 -0.103528 1.112003 0 1.213771 -0.103528 1.287966 -0.103528 1.287966 0 1.213771 -0.05176395 1.439897 -0.103528 1.287966 -0.05176395 1.439897 -0.103528 1.46393 -0.103528 1.46393 -0.05176395 1.439897 -0.103528 1.639894 -0.103528 1.639894 -0.05176395 1.439897 0 1.666022 -0.103528 1.639894 0 1.666022 0 1.707258 0 1.707258 0 1.748494 -0.103528 1.639894 -0.103528 1.639894 0 1.748494 -0.103528 1.815858 -0.103528 1.815858 0 1.748494 0 1.78973 -0.103528 -1.639894 0 -1.666022 -0.05176395 -1.439897 -0.08055895 -1.14947 -0.08055895 -1.290495 -0.06163698 -1.292953 -0.06163698 -1.292953 -0.08055895 -1.290495 -0.08055895 -1.431519 -0.06163698 -1.292953 -0.08055895 -1.431519 -4.8e-4 -1.431519 -4.8e-4 -1.431519 -0.08055895 -1.431519 -0.06163698 -1.570086 -0.06163698 -1.570086 -0.08055895 -1.431519 -0.08055895 -1.572544 -0.06163698 -1.570086 -0.08055895 -1.572544 -0.08055895 -1.713569 -0.08055895 1.106927 -0.06163698 1.250411 -0.08055895 1.247952 -0.08055895 1.247952 -0.06163698 1.250411 -0.08055895 1.388977 -0.08055895 1.388977 -0.06163698 1.250411 -4.8e-4 1.388977 -0.08055895 1.388977 -4.8e-4 1.388977 -0.06163698 1.527543 -0.08055895 1.671027 -0.08055895 1.530002 -0.06163698 1.527543 -0.06163698 1.527543 -0.08055895 1.530002 -0.08055895 1.388977 -0.08055895 0.542828 -0.06163698 0.686311 -0.08055895 0.683853 -0.08055895 0.683853 -0.06163698 0.686311 -0.08055895 0.824878 -0.08055895 0.824878 -0.06163698 0.686311 -4.8e-4 0.824878 -0.08055895 0.824878 -4.8e-4 0.824878 -0.06163698 0.963444 -0.08055895 1.106927 -0.08055895 0.965903 -0.06163698 0.963444 -0.06163698 0.963444 -0.08055895 0.965903 -0.08055895 0.824878 -0.08055895 -0.02127099 -0.06163698 0.122212 -0.08055895 0.119754 -0.08055895 0.119754 -0.06163698 0.122212 -0.08055895 0.260778 -0.08055895 0.260778 -0.06163698 0.122212 -4.8e-4 0.260778 -0.08055895 0.260778 -4.8e-4 0.260778 -0.06163698 0.399345 -0.08055895 0.542828 -0.08055895 0.401803 -0.06163698 0.399345 -0.06163698 0.399345 -0.08055895 0.401803 -0.08055895 0.260778 -0.08055895 -0.58537 -0.06163698 -0.441887 -0.08055895 -0.444346 -0.08055895 -0.444346 -0.06163698 -0.441887 -0.08055895 -0.303321 -0.08055895 -0.303321 -0.06163698 -0.441887 -4.8e-4 -0.303321 -0.08055895 -0.303321 -4.8e-4 -0.303321 -0.06163698 -0.164754 -0.08055895 -0.02127099 -0.08055895 -0.1622959 -0.06163698 -0.164754 -0.06163698 -0.164754 -0.08055895 -0.1622959 -0.08055895 -0.303321 -0.08055895 -1.14947 -0.06163698 -1.005987 -0.08055895 -1.008445 -0.08055895 -1.008445 -0.06163698 -1.005987 -0.08055895 -0.86742 -0.08055895 -0.86742 -0.06163698 -1.005987 -4.8e-4 -0.86742 -0.08055895 -0.86742 -4.8e-4 -0.86742 -0.06163698 -0.728854 -0.08055895 -0.58537 -0.08055895 -0.726395 -0.06163698 -0.728854 -0.06163698 -0.728854 -0.08055895 -0.726395 -0.08055895 -0.86742 0 0.680363 0.009769976 0.680363 0 0.793757 0 0.793757 0.009769976 0.680363 0.009769976 0.793757 0 0.793757 0.009769976 0.793757 0 0.907151 0 -0.680363 0.009769976 -0.793757 0.009769976 -0.680363 0 -0.680363 0.009769976 -0.680363 0 -0.56697 0 -0.56697 0.009769976 -0.680363 0.009769976 -0.56697 0 -0.56697 0.009769976 -0.56697 0 -0.453576 0 -0.453576 0.009769976 -0.56697 0.009769976 -0.453576 0 -0.453576 0.009769976 -0.453576 0 -0.340182 0 -0.340182 0.009769976 -0.453576 0.009769976 -0.340182 0 -0.340182 0.009769976 -0.340182 0 -0.226788 0 -0.226788 0.009769976 -0.340182 0.009769976 -0.226788 0 -0.226788 0.009769976 -0.226788 0 -0.113394 0 -0.113394 0.009769976 -0.226788 0.009769976 -0.113394 0 -0.113394 0.009769976 -0.113394 0 0 0 0 0.009769976 -0.113394 0.009769976 0 0 0 0.009769976 0 0 0.113394 0 0.113394 0.009769976 0 0.009769976 0.113394 0 0.113394 0.009769976 0.113394 0 0.226788 0 0.226788 0.009769976 0.113394 0.009769976 0.226788 0 0.226788 0.009769976 0.226788 0 0.340182 0 0.340182 0.009769976 0.226788 0.009769976 0.340182 0 0.340182 0.009769976 0.340182 0 0.453576 0 0.453576 0.009769976 0.340182 0.009769976 0.453576 0 0.453576 0.009769976 0.453576 0 0.56697 0 0.56697 0.009769976 0.453576 0.009769976 0.56697 0 0.56697 0.009769976 0.56697 0 0.680363 0 0.680363 0.009769976 0.56697 0.009769976 0.680363 0.01953995 -0.164126 0.01953995 -0.04774898 0.009769976 -0.113394 0.009769976 -0.113394 0.01953995 -0.04774898 0.01274299 -0.04680895 0.009769976 -0.113394 0.01274299 -0.04680895 0.009769976 0 0.009769976 0 0.01274299 -0.04680895 0.01274299 -0.01560294 0.009769976 0 0.01274299 -0.01560294 0.01274299 0.01560294 0.01274299 0.01560294 0.01274299 0.04680895 0.009769976 0 0.009769976 0 0.01274299 0.04680895 0.009769976 0.113394 0.01274299 0.04680895 0.01953995 0.04774898 0.009769976 0.113394 0.009769976 0.113394 0.01953995 0.04774898 0.01953995 0.164126 0.009769976 0.113394 0.01953995 0.164126 0.009769976 0.226788 0.009769976 0.226788 0.01953995 0.164126 0.01953995 0.280502 0.009769976 0.226788 0.01953995 0.280502 0.009769976 0.340182 0.009769976 0.340182 0.01953995 0.280502 0.01953995 0.396879 0.009769976 0.340182 0.01953995 0.396879 0.009769976 0.453576 0.009769976 0.453576 0.01953995 0.396879 0.01953995 0.513255 0.009769976 0.453576 0.01953995 0.513255 0.009769976 0.56697 0.009769976 0.56697 0.01953995 0.513255 0.01953995 0.629632 0.009769976 0.56697 0.01953995 0.629632 0.009769976 0.680363 0.009769976 0.680363 0.01953995 0.629632 0.01953995 0.746008 0.009769976 0.680363 0.01953995 0.746008 0.01274299 0.746948 0.009769976 0.680363 0.01274299 0.746948 0.009769976 0.793757 0.009769976 0.793757 0.01274299 0.746948 0.01274299 0.778154 0.009769976 -0.793757 0.01274299 -0.80936 0.01274299 -0.778154 0.01274299 -0.778154 0.01274299 -0.746948 0.009769976 -0.793757 0.009769976 -0.793757 0.01274299 -0.746948 0.009769976 -0.680363 0.01274299 -0.746948 0.01953995 -0.746008 0.009769976 -0.680363 0.009769976 -0.680363 0.01953995 -0.746008 0.01953995 -0.629632 0.009769976 -0.680363 0.01953995 -0.629632 0.009769976 -0.56697 0.009769976 -0.56697 0.01953995 -0.629632 0.01953995 -0.513255 0.009769976 -0.56697 0.01953995 -0.513255 0.009769976 -0.453576 0.009769976 -0.453576 0.01953995 -0.513255 0.01953995 -0.396879 0.009769976 -0.453576 0.01953995 -0.396879 0.009769976 -0.340182 0.009769976 -0.340182 0.01953995 -0.396879 0.01953995 -0.280502 0.009769976 -0.340182 0.01953995 -0.280502 0.009769976 -0.226788 0.009769976 -0.226788 0.01953995 -0.280502 0.01953995 -0.164126 0.009769976 -0.226788 0.01953995 -0.164126 0.009769976 -0.113394 0.07511097 -0.13875 0.06738495 -0.091174 0 -0.13875 0 -0.13875 0.06738495 -0.091174 0.05447196 -0.04473596 0 -0.13875 0.05447196 -0.04473596 0.03652995 0 0.03652995 0 0 0 0 -0.13875 0.03652995 -0.09249997 0.03891897 -0.06169795 0 -0.09249997 0 -0.09249997 0.03891897 -0.06169795 0.03891897 -0.03080195 0 -0.09249997 0.03891897 -0.03080195 0 0 0 0 0.03891897 -0.03080195 0.03652995 0 0 0.13875 -0.03652995 0.13875 0 0 0 0 -0.03652995 0.13875 -0.05447196 0.09401398 0 0 -0.05447196 0.09401398 -0.06738495 0.04757595 -0.06738495 0.04757595 -0.07511097 0 0 0 0.13875 0 0.13875 0.03652995 0 0 0 0 0.13875 0.03652995 0.09401398 0.05447196 0 0 0.09401398 0.05447196 0.04757595 0.06738495 0.04757595 0.06738495 0 0.07511097 0 0 -0.03652995 0.09249997 -0.03891897 0.06169795 0 0.09249997 0 0.09249997 -0.03891897 0.06169795 0 0 0 0 -0.03891897 0.06169795 -0.03891897 0.03080195 0 0 -0.03891897 0.03080195 -0.03652995 0 -0.07511097 0.13875 -0.06738495 0.091174 0 0.13875 0 0.13875 -0.06738495 0.091174 -0.05447196 0.04473596 0 0.13875 -0.05447196 0.04473596 -0.03652995 0 -0.03652995 0 0 0 0 0.13875 -0.865463 0.313438 -0.837842 0.47968 -0.94959 1.169722 -0.94959 1.169722 -0.837842 0.47968 -0.866102 1.169722 -0.94959 1.169722 -0.866102 1.169722 -0.837842 1.655118 -0.837842 1.655118 -0.866102 1.169722 -0.814652 1.752942 -0.837842 1.655118 -0.814652 1.752942 -0.837842 1.857908 -0.837842 1.857908 -0.814652 1.752942 -0.795857 1.823343 -0.837842 1.857908 -0.795857 1.823343 -0.791295 1.857908 -0.791295 1.857908 -0.795857 1.823343 -0.771334 1.899548 -0.791295 1.857908 -0.771334 1.899548 -0.791295 2.060697 -0.791295 2.060697 -0.771334 1.899548 -0.744748 2.060697 -0.791295 2.060697 -0.744748 2.060697 -0.755237 2.190997 -0.755237 2.190997 -0.744748 2.060697 -0.728787 2.219778 -0.728787 2.219778 -0.744748 2.060697 -0.731342 2.017396 -0.728787 2.219778 -0.731342 2.017396 -0.690605 2.111787 -0.837842 0.47968 -0.865463 0.313438 -0.837842 0.277786 -0.837842 0.277786 -0.865463 0.313438 -0.811164 0.224952 -0.837842 0.277786 -0.811164 0.224952 -0.791295 0.277786 -0.791295 0.277786 -0.811164 0.224952 -0.753981 0.145681 -0.791295 0.277786 -0.753981 0.145681 -0.744748 0.277786 -0.744748 0.277786 -0.753981 0.145681 -0.746058 0.136166 -0.744748 0.277786 -0.746058 0.136166 -0.700133 0.1023499 -0.668858 0.09118795 -0.690428 0.227421 -0.700133 0.1023499 -0.700133 0.1023499 -0.690428 0.227421 -0.731339 0.322039 -0.700133 0.1023499 -0.731339 0.322039 -0.744748 0.277786 -0.744748 0.277786 -0.731339 0.322039 -0.791295 0.47968 -0.744748 0.277786 -0.791295 0.47968 -0.791295 0.277786 -0.791295 0.277786 -0.791295 0.47968 -0.837842 0.47968 -0.791295 0.277786 -0.837842 0.47968 -0.837842 0.277786 -0.690428 0.227421 -0.668858 0.09118795 -0.666754 0.203384 -0.666754 0.203384 -0.668858 0.09118795 -0.639353 0.08453899 -0.666754 0.203384 -0.639353 0.08453899 -0.63611 0.184522 -0.63611 0.184522 -0.639353 0.08453899 -0.608652 0.174225 -0.608652 0.174225 -0.639353 0.08453899 -0.600357 0.079333 -0.608652 0.174225 -0.600357 0.079333 -0.575369 0.166815 -0.575369 0.166815 -0.600357 0.079333 -0.56659 0.07729399 -0.575369 0.166815 -0.56659 0.07729399 -0.545406 0.163387 -0.545406 0.163387 -0.56659 0.07729399 -0.538425 0.07635396 -0.545406 0.163387 -0.538425 0.07635396 -0.512014 0.162171 -0.512014 0.162171 -0.538425 0.07635396 -0.516474 0.07591497 -0.512014 0.162171 -0.516474 0.07591497 -0.500378 0.1614879 -0.500378 0.1614879 -0.516474 0.07591497 -0.481677 0.076397 -0.500378 0.1614879 -0.481677 0.076397 -0.478784 0.163363 -0.478784 0.163363 -0.481677 0.076397 -0.465468 0.159438 -0.478784 0.163363 -0.465468 0.159438 -0.448685 0.166829 -0.448685 0.166829 -0.465468 0.159438 -0.450226 0.07765299 -0.448685 0.166829 -0.450226 0.07765299 -0.430558 0.157389 -0.430558 0.157389 -0.450226 0.07765299 -0.417881 0.07984197 -0.430558 0.157389 -0.417881 0.07984197 -0.415384 0.174223 -0.415384 0.174223 -0.417881 0.07984197 -0.395648 0.155339 -0.415384 0.174223 -0.395648 0.155339 -0.387948 0.184504 -0.387948 0.184504 -0.395648 0.155339 -0.38473 0.08417499 -0.387948 0.184504 -0.38473 0.08417499 -0.360738 0.15329 -0.360738 0.15329 -0.38473 0.08417499 -0.355189 0.09078496 -0.360738 0.15329 -0.355189 0.09078496 -0.325827 0.15124 -0.325827 0.15124 -0.355189 0.09078496 -0.325515 0.10111 -0.325827 0.15124 -0.325515 0.10111 -0.296384 0.118192 -0.513476 0.07589596 -0.512021 0.07589095 -0.516474 0.07591497 -0.516474 0.07591497 -0.512021 0.07589095 -0.481677 0.076397 -0.481677 0.076397 -0.450226 0.07765299 -0.465468 0.159438 -0.417881 0.07984197 -0.38473 0.08417499 -0.395648 0.155339 -0.26877 0.147891 -0.279281 0.148508 -0.296384 0.118192 -0.296384 0.118192 -0.279281 0.148508 -0.292706 0.322031 -0.296384 0.118192 -0.292706 0.322031 -0.333619 0.227414 -0.158472 0.312684 -0.186187 0.277786 -0.26877 0.147891 -0.26877 0.147891 -0.186187 0.277786 -0.232734 0.277786 -0.26877 0.147891 -0.232734 0.277786 -0.279281 0.277786 -0.279281 0.277786 -0.232734 0.277786 -0.252722 0.439844 -0.279281 0.277786 -0.252722 0.439844 -0.292706 0.322031 -0.186187 0.277786 -0.158472 0.312684 -0.186187 0.47968 -0.186187 0.47968 -0.158472 0.312684 -0.07443195 1.169568 -0.186187 0.47968 -0.07443195 1.169568 -0.157955 1.169722 -0.157955 1.169722 -0.07443195 1.169568 -0.186187 1.655118 -0.157955 1.169722 -0.186187 1.655118 -0.20938 1.752983 -0.20938 1.752983 -0.186187 1.655118 -0.186187 1.857908 -0.20938 1.752983 -0.186187 1.857908 -0.232734 1.857908 -0.232734 1.857908 -0.186187 1.857908 -0.232734 2.060697 -0.232734 1.857908 -0.232734 2.060697 -0.279281 2.060697 -0.279281 2.060697 -0.232734 2.060697 -0.268611 2.191668 -0.279281 2.060697 -0.268611 2.191668 -0.295253 2.219709 -0.07443195 1.169568 -0.158532 2.026072 -0.186187 1.655118 -0.186187 1.655118 -0.158532 2.026072 -0.186187 1.857908 -0.186187 1.857908 -0.158532 2.026072 -0.186187 2.060697 -0.186187 2.060697 -0.158532 2.026072 -0.268611 2.191668 -0.186187 2.060697 -0.268611 2.191668 -0.232734 2.060697 -0.323904 2.237187 -0.333441 2.111791 -0.295253 2.219709 -0.295253 2.219709 -0.333441 2.111791 -0.292703 2.017404 -0.295253 2.219709 -0.292703 2.017404 -0.279281 2.060697 -0.279281 2.060697 -0.292703 2.017404 -0.232734 1.857908 -0.323904 2.237187 -0.353892 2.247964 -0.333441 2.111791 -0.333441 2.111791 -0.353892 2.247964 -0.357118 2.135921 -0.357118 2.135921 -0.353892 2.247964 -0.384706 2.254979 -0.357118 2.135921 -0.384706 2.254979 -0.387798 2.154863 -0.387798 2.154863 -0.384706 2.254979 -0.415223 2.165164 -0.415223 2.165164 -0.384706 2.254979 -0.416128 2.25913 -0.415223 2.165164 -0.416128 2.25913 -0.448587 2.172603 -0.448587 2.172603 -0.416128 2.25913 -0.447915 2.261461 -0.448587 2.172603 -0.447915 2.261461 -0.478575 2.176055 -0.478575 2.176055 -0.447915 2.261461 -0.479894 2.262899 -0.478575 2.176055 -0.479894 2.262899 -0.512015 2.177267 -0.512015 2.177267 -0.479894 2.262899 -0.512008 2.263487 -0.512015 2.177267 -0.512008 2.263487 -0.544142 2.26289 -0.512015 2.177267 -0.544142 2.26289 -0.545381 2.17606 -0.545381 2.17606 -0.544142 2.26289 -0.576133 2.261465 -0.545381 2.17606 -0.576133 2.261465 -0.575469 2.172596 -0.575469 2.172596 -0.576133 2.261465 -0.607914 2.25913 -0.575469 2.172596 -0.607914 2.25913 -0.608779 2.165176 -0.608779 2.165176 -0.607914 2.25913 -0.639334 2.254967 -0.608779 2.165176 -0.639334 2.254967 -0.636267 2.154841 -0.636267 2.154841 -0.639334 2.254967 -0.670152 2.247964 -0.636267 2.154841 -0.670152 2.247964 -0.666944 2.1359 -0.666944 2.1359 -0.670152 2.247964 -0.700127 2.23713 -0.666944 2.1359 -0.700127 2.23713 -0.690605 2.111787 -0.690605 2.111787 -0.700127 2.23713 -0.728787 2.219778 -0.791295 2.060697 -0.755237 2.190997 -0.837842 2.060697 -0.837842 2.060697 -0.755237 2.190997 -0.865485 2.026106 -0.837842 2.060697 -0.865485 2.026106 -0.837842 1.857908 -0.837842 1.857908 -0.865485 2.026106 -0.837842 1.655118 -0.865485 2.026106 -0.94959 1.169722 -0.837842 1.655118 -0.157955 1.169722 -0.209388 0.586445 -0.186187 0.47968 -0.186187 0.47968 -0.209388 0.586445 -0.228184 0.51607 -0.186187 0.47968 -0.228184 0.51607 -0.232734 0.47968 -0.232734 0.47968 -0.228184 0.51607 -0.252722 0.439844 -0.232734 0.47968 -0.252722 0.439844 -0.232734 0.277786 -0.296384 0.118192 -0.333619 0.227414 -0.325827 0.15124 -0.325827 0.15124 -0.333619 0.227414 -0.357298 0.203374 -0.325827 0.15124 -0.357298 0.203374 -0.360738 0.15329 -0.360738 0.15329 -0.357298 0.203374 -0.387948 0.184504 -0.415384 0.174223 -0.448685 0.166829 -0.430558 0.157389 -0.478784 0.163363 -0.512014 0.162171 -0.500378 0.1614879 -0.731339 0.322039 -0.81464 0.586435 -0.791295 0.47968 -0.791295 0.47968 -0.81464 0.586435 -0.837842 0.47968 -0.81464 0.586435 -0.866102 1.169722 -0.837842 0.47968 -0.771334 1.899548 -0.731342 2.017396 -0.744748 2.060697 -0.292703 2.017404 -0.20938 1.752983 -0.232734 1.857908 -0.292706 0.322031 -0.279281 0.148508 -0.279281 0.277786 -0.279281 0.277786 -0.279281 0.148508 -0.26877 0.147891 -0.232734 0.47968 -0.232734 0.277786 -0.186187 0.277786 -0.186187 0.47968 -0.232734 0.47968 -0.186187 0.277786 -0.186187 2.060697 -0.232734 2.060697 -0.186187 1.857908 -0.791295 1.857908 -0.791295 2.060697 -0.837842 2.060697 -0.837842 1.857908 -0.791295 1.857908 -0.837842 2.060697 0 -0.405789 0 0 -0.141421 0 -0.141421 0 0 0 0 0.405789 -0.141421 0 0 0.405789 -0.141421 0.414423 -0.141421 0.414423 0 0.405789 0 0.811578 -0.141421 0.414423 0 0.811578 -0.141421 0.828846 -0.141421 0.828846 0 0.811578 0 1.217367 -0.141421 0.828846 0 1.217367 -0.141421 1.243268 -0.141421 1.243268 0 1.217367 0 1.623156 -0.141421 1.243268 0 1.623156 -0.141421 1.657691 -0.141421 1.657691 0 1.623156 0 2.028945 -0.141421 1.657691 0 2.028945 -0.141421 2.072114 -0.141421 2.072114 0 2.028945 0 2.434734 -0.141421 2.072114 0 2.434734 -0.141421 2.486537 -0.141421 2.486537 0 2.434734 0 2.840523 -0.141421 2.486537 0 2.840523 -0.141421 2.90096 -0.141421 2.90096 0 2.840523 0 3.246312 -0.141421 2.90096 0 3.246312 -0.141421 3.315383 -0.141421 3.315383 0 3.246312 0 3.652101 -0.141421 3.315383 0 3.652101 -0.141421 3.729806 -0.141421 3.729806 0 3.652101 0 4.05789 -0.141421 3.729806 0 4.05789 -0.141421 4.144228 -0.141421 4.144228 0 4.05789 0 4.463679 -0.141421 4.144228 0 4.463679 -0.141421 4.558651 -0.141421 4.558651 0 4.463679 0 4.869469 -0.141421 4.558651 0 4.869469 -0.141421 4.973074 -0.141421 4.973074 0 4.869469 0 5.275258 -0.141421 4.973074 0 5.275258 -0.141421 5.387497 -0.141421 5.387497 0 5.275258 0 5.681046 -0.141421 5.387497 0 5.681046 -0.141421 5.80192 -0.141421 5.80192 0 5.681046 0 6.086835 -0.141421 5.80192 0 6.086835 -0.141421 6.216343 -0.141421 6.216343 0 6.086835 0 6.492625 -0.141421 6.216343 0 6.492625 -0.141421 6.630766 -0.141421 6.630766 0 6.492625 0 6.898414 -0.141421 6.630766 0 6.898414 -0.141421 7.045188 -0.141421 7.045188 0 6.898414 0 7.304203 -0.141421 7.045188 0 7.304203 -0.141421 7.459611 -0.141421 7.459611 0 7.304203 0 7.709991 -0.141421 7.459611 0 7.709991 -0.141421 7.874034 -0.141421 7.874034 0 7.709991 0 8.115781 -0.141421 7.874034 0 8.115781 -0.141421 8.288457 -0.141421 8.288457 0 8.115781 0 8.52157 -0.141421 8.288457 0 8.52157 -0.141421 8.70288 -0.141421 8.70288 0 8.52157 0 8.927359 -0.141421 8.70288 0 8.927359 -0.141421 9.117303 -0.141421 9.117303 0 8.927359 0 9.333148 -0.141421 9.117303 0 9.333148 -0.141421 9.531725 -0.141421 9.531725 0 9.333148 0 9.738938 -0.141421 9.531725 0 9.738938 -0.141421 9.946148 -0.141421 -9.531726 0 -9.738938 0 -9.333148 -0.141421 -9.531726 0 -9.333148 -0.141421 -9.117303 -0.141421 -9.117303 0 -9.333148 0 -8.927359 -0.141421 -9.117303 0 -8.927359 -0.141421 -8.70288 -0.141421 -8.70288 0 -8.927359 0 -8.52157 -0.141421 -8.70288 0 -8.52157 -0.141421 -8.288457 -0.141421 -8.288457 0 -8.52157 0 -8.115781 -0.141421 -8.288457 0 -8.115781 -0.141421 -7.874034 -0.141421 -7.874034 0 -8.115781 0 -7.709991 -0.141421 -7.874034 0 -7.709991 -0.141421 -7.459611 -0.141421 -7.459611 0 -7.709991 0 -7.304203 -0.141421 -7.459611 0 -7.304203 -0.141421 -7.045188 -0.141421 -7.045188 0 -7.304203 0 -6.898414 -0.141421 -7.045188 0 -6.898414 -0.141421 -6.630766 -0.141421 -6.630766 0 -6.898414 0 -6.492625 -0.141421 -6.630766 0 -6.492625 -0.141421 -6.216343 -0.141421 -6.216343 0 -6.492625 0 -6.086835 -0.141421 -6.216343 0 -6.086835 -0.141421 -5.80192 -0.141421 -5.80192 0 -6.086835 0 -5.681046 -0.141421 -5.80192 0 -5.681046 -0.141421 -5.387497 -0.141421 -5.387497 0 -5.681046 0 -5.275258 -0.141421 -5.387497 0 -5.275258 -0.141421 -4.973074 -0.141421 -4.973074 0 -5.275258 0 -4.869469 -0.141421 -4.973074 0 -4.869469 -0.141421 -4.558651 -0.141421 -4.558651 0 -4.869469 0 -4.463679 -0.141421 -4.558651 0 -4.463679 -0.141421 -4.144228 -0.141421 -4.144228 0 -4.463679 0 -4.05789 -0.141421 -4.144228 0 -4.05789 -0.141421 -3.729806 -0.141421 -3.729806 0 -4.05789 0 -3.652101 -0.141421 -3.729806 0 -3.652101 -0.141421 -3.315383 -0.141421 -3.315383 0 -3.652101 0 -3.246312 -0.141421 -3.315383 0 -3.246312 -0.141421 -2.90096 -0.141421 -2.90096 0 -3.246312 0 -2.840523 -0.141421 -2.90096 0 -2.840523 -0.141421 -2.486537 -0.141421 -2.486537 0 -2.840523 0 -2.434734 -0.141421 -2.486537 0 -2.434734 -0.141421 -2.072114 -0.141421 -2.072114 0 -2.434734 0 -2.028945 -0.141421 -2.072114 0 -2.028945 -0.141421 -1.657691 -0.141421 -1.657691 0 -2.028945 0 -1.623156 -0.141421 -1.657691 0 -1.623156 -0.141421 -1.243268 -0.141421 -1.243268 0 -1.623156 0 -1.217367 -0.141421 -1.243268 0 -1.217367 -0.141421 -0.828846 -0.141421 -0.828846 0 -1.217367 0 -0.811578 -0.141421 -0.828846 0 -0.811578 -0.141421 -0.414423 -0.141421 -0.414423 0 -0.811578 0 -0.405789 -0.141421 -0.414423 0 -0.405789 -0.141421 0 -0.02679497 -1.817479 -0.173205 -1.817479 -0.02679497 -1.862463 -0.02679497 -1.862463 -0.173205 -1.817479 -0.173205 -1.862463 -0.02679497 -1.862463 -0.173205 -1.862463 -0.173205 -1.907448 -0.02679497 -1.862463 -0.173205 -1.907448 -0.02679497 -1.907448 -0.02679497 -1.907448 -0.173205 -1.907448 -0.173205 -1.952432 -0.02679497 -1.907448 -0.173205 -1.952432 -0.02679497 -1.952432 -1.578691 1.660053 -1.768728 1.5132 -1.482844 1.549378 -1.482844 1.549378 -1.768728 1.5132 -1.655338 1.38227 -1.655338 1.38227 -1.768728 1.5132 -1.941222 1.346092 -1.655338 1.38227 -1.941222 1.346092 -1.845374 1.235417 -0.02679497 1.324114 -0.173205 1.324114 -0.02679497 1.279129 -0.02679497 1.279129 -0.173205 1.324114 -0.173205 1.279129 -0.02679497 1.279129 -0.173205 1.279129 -0.02679497 1.234145 -0.02679497 1.234145 -0.173205 1.279129 -0.173205 1.234145 -0.02679497 1.234145 -0.173205 1.234145 -0.173205 1.189161 -0.173205 1.189161 -0.02679497 1.189161 -0.02679497 1.234145 -1.908308 0.97865 -2.035103 1.051855 -2.016602 0.764285 -2.016602 0.764285 -2.035103 1.051855 -2.166601 0.850888 -2.016602 0.764285 -2.166601 0.850888 -2.1481 0.563319 -2.1481 0.563319 -2.166601 0.850888 -2.274895 0.636524 -0.02679497 0.695795 -0.173205 0.695795 -0.02679497 0.650811 -0.02679497 0.650811 -0.173205 0.695795 -0.173205 0.650811 -0.02679497 0.650811 -0.173205 0.650811 -0.02679497 0.605826 -0.02679497 0.605826 -0.173205 0.650811 -0.173205 0.605826 -0.02679497 0.605826 -0.173205 0.605826 -0.173205 0.560842 -0.173205 0.560842 -0.02679497 0.560842 -0.02679497 0.605826 -1.578691 1.660053 -1.768728 1.5132 -1.482844 1.549378 -1.482844 1.549378 -1.768728 1.5132 -1.655338 1.38227 -1.655338 1.38227 -1.768728 1.5132 -1.941222 1.346092 -1.655338 1.38227 -1.941222 1.346092 -1.845374 1.235417 -0.02679497 0.06747698 -0.173205 0.06747698 -0.02679497 0.02249199 -0.02679497 0.02249199 -0.173205 0.06747698 -0.173205 0.02249199 -0.02679497 0.02249199 -0.173205 0.02249199 -0.02679497 -0.02249199 -0.02679497 -0.02249199 -0.173205 0.02249199 -0.173205 -0.02249199 -0.02679497 -0.02249199 -0.173205 -0.02249199 -0.173205 -0.06747698 -0.173205 -0.06747698 -0.02679497 -0.06747698 -0.02679497 -0.02249199 1.321651 1.688974 1.417499 1.79965 1.131615 1.835827 1.131615 1.835827 1.417499 1.79965 1.245005 1.966758 1.131615 1.835827 1.245005 1.966758 0.959121 2.002935 0.959121 2.002935 1.245005 1.966758 1.054968 2.113611 -0.02679497 -0.560842 -0.173205 -0.560842 -0.02679497 -0.605826 -0.02679497 -0.605826 -0.173205 -0.560842 -0.173205 -0.605826 -0.02679497 -0.605826 -0.173205 -0.605826 -0.02679497 -0.650811 -0.02679497 -0.650811 -0.173205 -0.605826 -0.173205 -0.650811 -0.02679497 -0.650811 -0.173205 -0.650811 -0.173205 -0.695795 -0.173205 -0.695795 -0.02679497 -0.695795 -0.02679497 -0.650811 1.928485 1.236524 1.820191 1.450888 1.80169 1.163319 1.80169 1.163319 1.820191 1.450888 1.670191 1.364285 1.670191 1.364285 1.820191 1.450888 1.688693 1.651855 1.670191 1.364285 1.688693 1.651855 1.561898 1.57865 -0.173205 -1.189161 -0.173205 -1.234145 -0.02679497 -1.189161 -0.02679497 -1.189161 -0.173205 -1.234145 -0.02679497 -1.234145 -0.02679497 -1.234145 -0.173205 -1.234145 -0.02679497 -1.279129 -0.02679497 -1.279129 -0.173205 -1.234145 -0.173205 -1.279129 -0.02679497 -1.279129 -0.173205 -1.279129 -0.02679497 -1.324114 -0.02679497 -1.324114 -0.173205 -1.279129 -0.173205 -1.324114 1.321651 1.688974 1.417499 1.79965 1.131615 1.835827 1.131615 1.835827 1.417499 1.79965 1.245005 1.966758 1.131615 1.835827 1.245005 1.966758 0.959121 2.002935 0.959121 2.002935 1.245005 1.966758 1.054968 2.113611 -0.02072596 0 -0.004896998 0.152252 -0.229274 0 -0.229274 0 -0.004896998 0.152252 -0.245103 0.152252 -0.245103 0.152252 -0.004896998 0.152252 0 0.288675 -0.245103 0.152252 0 0.288675 -0.25 0.288675 -0.25 0.288675 0 0.288675 -0.245103 0.425098 -0.245103 0.425098 0 0.288675 -0.004896998 0.425098 -0.245103 0.425098 -0.004896998 0.425098 -0.229274 0.57735 -0.229274 0.57735 -0.004896998 0.425098 -0.02072596 0.57735 -0.229274 -0.288675 -0.02072596 -0.288675 -0.245103 -0.136423 -0.245103 -0.136423 -0.02072596 -0.288675 -0.004896998 -0.136423 -0.245103 -0.136423 -0.004896998 -0.136423 -0.25 0 -0.25 0 -0.004896998 -0.136423 0 0 -0.25 0 0 0 -0.004896998 0.136423 -0.25 0 -0.004896998 0.136423 -0.245103 0.136423 -0.245103 0.136423 -0.004896998 0.136423 -0.02072596 0.288675 -0.245103 0.136423 -0.02072596 0.288675 -0.229274 0.288675 0 0.02072596 0.152252 0.004896998 0 0.229274 0 0.229274 0.152252 0.004896998 0.152252 0.245103 0.152252 0.245103 0.152252 0.004896998 0.288675 0 0.152252 0.245103 0.288675 0 0.288675 0.25 0.288675 0.25 0.288675 0 0.425098 0.004896998 0.288675 0.25 0.425098 0.004896998 0.425098 0.245103 0.425098 0.245103 0.425098 0.004896998 0.57735 0.02072596 0.425098 0.245103 0.57735 0.02072596 0.57735 0.229274 0.02072596 0 0.004896998 -0.152252 0.229274 0 0.229274 0 0.004896998 -0.152252 0.245103 -0.152252 0.245103 -0.152252 0.004896998 -0.152252 0 -0.288675 0.245103 -0.152252 0 -0.288675 0.25 -0.288675 0.25 -0.288675 0 -0.288675 0.004896998 -0.425098 0.25 -0.288675 0.004896998 -0.425098 0.245103 -0.425098 0.245103 -0.425098 0.004896998 -0.425098 0.02072596 -0.57735 0.245103 -0.425098 0.02072596 -0.57735 0.229274 -0.57735 0.02072596 0 0.004896998 -0.152252 0.229274 0 0.229274 0 0.004896998 -0.152252 0.245103 -0.152252 0.245103 -0.152252 0.004896998 -0.152252 0 -0.288675 0.245103 -0.152252 0 -0.288675 0.25 -0.288675 0.25 -0.288675 0 -0.288675 0.004896998 -0.425098 0.25 -0.288675 0.004896998 -0.425098 0.245103 -0.425098 0.245103 -0.425098 0.004896998 -0.425098 0.02072596 -0.57735 0.245103 -0.425098 0.02072596 -0.57735 0.229274 -0.57735 0 0.02072596 0.152252 0.004896998 0 0.229274 0 0.229274 0.152252 0.004896998 0.152252 0.245103 0.152252 0.245103 0.152252 0.004896998 0.288675 0 0.152252 0.245103 0.288675 0 0.288675 0.25 0.288675 0.25 0.288675 0 0.425098 0.004896998 0.288675 0.25 0.425098 0.004896998 0.425098 0.245103 0.425098 0.245103 0.425098 0.004896998 0.57735 0.02072596 0.425098 0.245103 0.57735 0.02072596 0.57735 0.229274 -3.770695 0.686662 -3.742593 0.686662 -3.770695 0.801106 -3.770695 0.801106 -3.742593 0.686662 -3.742593 0.801106 -3.770695 -0.801106 -3.742593 -0.801106 -3.770695 -0.686662 -3.770695 -0.686662 -3.742593 -0.801106 -3.742593 -0.686662 -3.770695 -0.686662 -3.742593 -0.686662 -3.770695 -0.572219 -3.770695 -0.572219 -3.742593 -0.686662 -3.742593 -0.572219 -3.770695 -0.572219 -3.742593 -0.572219 -3.770695 -0.457775 -3.770695 -0.457775 -3.742593 -0.572219 -3.742593 -0.457775 -3.770695 -0.457775 -3.742593 -0.457775 -3.770695 -0.343331 -3.770695 -0.343331 -3.742593 -0.457775 -3.742593 -0.343331 -3.770695 -0.343331 -3.742593 -0.343331 -3.770695 -0.228887 -3.770695 -0.228887 -3.742593 -0.343331 -3.742593 -0.228887 -3.770695 -0.228887 -3.742593 -0.228887 -3.770695 -0.114444 -3.770695 -0.114444 -3.742593 -0.228887 -3.742593 -0.114444 -3.770695 -0.114444 -3.742593 -0.114444 -3.770695 0 -3.770695 0 -3.742593 -0.114444 -3.742593 0 -3.770695 0 -3.742593 0 -3.770695 0.114444 -3.770695 0.114444 -3.742593 0 -3.742593 0.114444 -3.770695 0.114444 -3.742593 0.114444 -3.770695 0.228887 -3.770695 0.228887 -3.742593 0.114444 -3.742593 0.228887 -3.770695 0.228887 -3.742593 0.228887 -3.770695 0.343331 -3.770695 0.343331 -3.742593 0.228887 -3.742593 0.343331 -3.770695 0.343331 -3.742593 0.343331 -3.770695 0.457775 -3.770695 0.457775 -3.742593 0.343331 -3.742593 0.457775 -3.770695 0.457775 -3.742593 0.457775 -3.770695 0.572219 -3.770695 0.572219 -3.742593 0.457775 -3.742593 0.572219 -3.770695 0.572219 -3.742593 0.572219 -3.770695 0.686662 -3.770695 0.686662 -3.742593 0.572219 -3.742593 0.686662 0 -0.06480699 0 -0.265336 0.004677951 -0.06977897 0.004677951 -0.06977897 0 -0.265336 0.03852099 -0.1309159 0.03852099 -0.1309159 0 -0.265336 0.06219995 -0.19666 0.06219995 -0.19666 0 -0.265336 0.07511097 -0.265336 0.256009 -0.635644 0.203195 -0.520575 0.186176 -0.640314 0.186176 -0.640314 0.203195 -0.520575 0.128005 -0.537215 0.186176 -0.640314 0.128005 -0.537215 0.1162739 -0.643142 0.1162739 -0.643142 0.128005 -0.537215 0.04633599 -0.596063 0.1162739 -0.643142 0.04633599 -0.596063 0.04633599 -0.644556 0.203195 -0.520575 0.11059 -0.451837 0.128005 -0.537215 0.128005 -0.537215 0.11059 -0.451837 0.04633599 -0.499078 0.128005 -0.537215 0.04633599 -0.499078 0.04633599 -0.54757 0.11059 -0.451837 0 -0.429873 0.04633599 -0.499078 0.04633599 -0.499078 0 -0.429873 0.01545095 -0.500088 0.01545095 -0.500088 0 -0.429873 -0.04633599 -0.499078 0.01545095 -0.500088 -0.04633599 -0.499078 -0.01545095 -0.500088 0 -0.429873 -0.11059 -0.451837 -0.04633599 -0.499078 -0.04633599 -0.499078 -0.11059 -0.451837 -0.128005 -0.537215 -0.04633599 -0.499078 -0.128005 -0.537215 -0.04633599 -0.54757 -0.04633599 -0.54757 -0.128005 -0.537215 -0.04633599 -0.596063 -0.04633599 -0.596063 -0.128005 -0.537215 -0.1162739 -0.643142 -0.04633599 -0.596063 -0.1162739 -0.643142 -0.04633599 -0.644556 -0.11059 -0.451837 -0.203195 -0.520575 -0.128005 -0.537215 -0.128005 -0.537215 -0.203195 -0.520575 -0.186176 -0.640314 -0.128005 -0.537215 -0.186176 -0.640314 -0.1162739 -0.643142 -0.203195 -0.520575 -0.256009 -0.635644 -0.186176 -0.640314 0.04633599 -0.54757 0.04633599 -0.596063 0.128005 -0.537215 0 -0.200529 0.004677951 -0.1955569 0 0 0 0 0.004677951 -0.1955569 0.03852099 -0.13442 0 0 0.03852099 -0.13442 0.06219995 -0.06867599 0.06219995 -0.06867599 0.07511097 0 0 0 0.246779 -0.04624998 0.250597 -0.015495 0.04624998 -0.04624998 0.04624998 -0.04624998 0.250597 -0.015495 0.04624998 0.04624998 0.04624998 -0.04624998 0.04624998 0.04624998 -0.04624998 0.04624998 -0.04624998 0.04624998 0.04624998 0.04624998 -0.04624998 0.185 -0.04624998 0.185 0.04624998 0.04624998 0.04624998 0.185 0.250597 -0.015495 0.250597 0.015495 0.04624998 0.04624998 0.04624998 0.04624998 0.250597 0.015495 0.246779 0.04624998 -0.246779 0.04624998 -0.250597 0.015495 -0.04624998 0.04624998 -0.04624998 0.04624998 -0.250597 0.015495 -0.250597 -0.015495 -0.04624998 0.04624998 -0.250597 -0.015495 -0.04624998 -0.04624998 -0.04624998 -0.04624998 -0.250597 -0.015495 -0.246779 -0.04624998 -0.04624998 -0.185 0.04624998 -0.185 -0.04624998 -0.04624998 -0.04624998 -0.04624998 0.04624998 -0.185 0.04624998 -0.04624998 -0.04624998 -0.04624998 0.04624998 -0.04624998 -0.04624998 0.04624998 0 0.06480699 0 0.265336 -0.004677951 0.06977897 -0.004677951 0.06977897 0 0.265336 -0.03852099 0.1309159 -0.03852099 0.1309159 0 0.265336 -0.06219995 0.19666 -0.06219995 0.19666 0 0.265336 -0.07511097 0.265336 -0.256009 -0.746657 -0.203195 -0.861725 -0.186176 -0.741987 -0.186176 -0.741987 -0.203195 -0.861725 -0.128005 -0.845086 -0.186176 -0.741987 -0.128005 -0.845086 -0.1162739 -0.739159 -0.1162739 -0.739159 -0.128005 -0.845086 -0.04633599 -0.786238 -0.1162739 -0.739159 -0.04633599 -0.786238 -0.04633599 -0.737745 -0.203195 -0.861725 -0.11059 -0.930463 -0.128005 -0.845086 -0.128005 -0.845086 -0.11059 -0.930463 -0.04633599 -0.883223 -0.128005 -0.845086 -0.04633599 -0.883223 -0.04633599 -0.834731 -0.11059 -0.930463 0 -0.952427 -0.04633599 -0.883223 -0.04633599 -0.883223 0 -0.952427 -0.01545095 -0.882213 -0.01545095 -0.882213 0 -0.952427 0.04633599 -0.883223 -0.01545095 -0.882213 0.04633599 -0.883223 0.01545095 -0.882213 0 -0.952427 0.11059 -0.930463 0.04633599 -0.883223 0.04633599 -0.883223 0.11059 -0.930463 0.128005 -0.845086 0.04633599 -0.883223 0.128005 -0.845086 0.04633599 -0.834731 0.04633599 -0.834731 0.128005 -0.845086 0.04633599 -0.786238 0.04633599 -0.786238 0.128005 -0.845086 0.1162739 -0.739159 0.04633599 -0.786238 0.1162739 -0.739159 0.04633599 -0.737745 0.11059 -0.930463 0.203195 -0.861725 0.128005 -0.845086 0.128005 -0.845086 0.203195 -0.861725 0.186176 -0.741987 0.128005 -0.845086 0.186176 -0.741987 0.1162739 -0.739159 0.203195 -0.861725 0.256009 -0.746657 0.186176 -0.741987 -0.04633599 -0.834731 -0.04633599 -0.786238 -0.128005 -0.845086 0 0.200529 -0.004677951 0.1955569 0 0 0 0 -0.004677951 0.1955569 -0.03852099 0.13442 0 0 -0.03852099 0.13442 -0.06219995 0.06867599 -0.06219995 0.06867599 -0.07511097 0 0 0 -2.189699 0.02833098 -2.133987 0.02903997 -2.133988 0.04652696 -2.133988 0.04652696 -2.133987 0.02903997 -2.100127 0.02959197 -2.133988 0.04652696 -2.100127 0.02959197 -2.048629 0.04652696 -2.048629 0.04652696 -2.100127 0.02959197 -2.00734 0.02932995 -2.048629 0.04652696 -2.00734 0.02932995 -1.963269 0.04652696 -1.963269 0.04652696 -2.00734 0.02932995 -1.914771 0.02870398 -1.963269 0.04652696 -1.914771 0.02870398 -1.87791 0.04652696 -1.87791 0.04652696 -1.914771 0.02870398 -1.822512 0.02752596 -1.87791 0.04652696 -1.822512 0.02752596 -1.79255 0.04652696 -1.79255 0.04652696 -1.822512 0.02752596 -1.730186 0.02614295 -1.79255 0.04652696 -1.730186 0.02614295 -1.707191 0.04652696 -1.707191 0.04652696 -1.730186 0.02614295 -1.707228 0.02584797 -1.707191 0.04652696 -1.707228 0.02584797 -1.621831 0.04652696 -1.621831 0.04652696 -1.707228 0.02584797 -1.627201 0.02476298 -1.621831 0.04652696 -1.627201 0.02476298 -1.547432 0.02377796 -1.621831 0.04652696 -1.547432 0.02377796 -1.536471 0.04652696 -1.536471 0.04652696 -1.547432 0.02377796 -1.488345 0.02318197 -1.536471 0.04652696 -1.488345 0.02318197 -1.451112 0.04652696 -1.451112 0.04652696 -1.488345 0.02318197 -1.456325 0.02305597 -1.451112 0.04652696 -1.456325 0.02305597 -1.365206 0.02314096 -1.273937 0.02313697 -1.280393 0.04652696 -1.365206 0.02314096 -1.365206 0.02314096 -1.280393 0.04652696 -1.365752 0.04652696 -1.365206 0.02314096 -1.365752 0.04652696 -1.451112 0.04652696 -1.451112 0.04652696 -1.365752 0.04652696 -1.377557 0.09283399 -1.451112 0.04652696 -1.377557 0.09283399 -1.435868 0.09287595 -1.280393 0.04652696 -1.273937 0.02313697 -1.195033 0.04652696 -1.195033 0.04652696 -1.273937 0.02313697 -1.182584 0.02364796 -1.195033 0.04652696 -1.182584 0.02364796 -1.109674 0.04652696 -1.109674 0.04652696 -1.182584 0.02364796 -1.091748 0.02500098 -1.109674 0.04652696 -1.091748 0.02500098 -1.039367 0.025922 -1.109674 0.04652696 -1.039367 0.025922 -1.024314 0.04652696 -1.024314 0.04652696 -1.039367 0.025922 -1.000683 0.02645295 -1.024314 0.04652696 -1.000683 0.02645295 -0.938955 0.04652696 -0.938955 0.04652696 -1.000683 0.02645295 -0.908861 0.02753394 -0.938955 0.04652696 -0.908861 0.02753394 -0.853595 0.04652696 -0.853595 0.04652696 -0.908861 0.02753394 -0.817036 0.02863895 -0.853595 0.04652696 -0.817036 0.02863895 -0.768236 0.04652696 -0.768236 0.04652696 -0.817036 0.02863895 -0.761048 0.02927595 -0.768236 0.04652696 -0.761048 0.02927595 -0.724522 0.02958697 -0.768236 0.04652696 -0.724522 0.02958697 -0.682876 0.04652696 -0.682876 0.04652696 -0.724522 0.02958697 -0.677906 0.02963697 -0.682876 0.04652696 -0.677906 0.02963697 -0.644164 0.02947497 -0.644164 0.02947497 -0.631278 0.029549 -0.682876 0.04652696 -0.682876 0.04652696 -0.631278 0.029549 -0.512157 0.04652696 -0.682876 0.04652696 -0.512157 0.04652696 -0.682876 0.09258598 -0.682876 0.09258598 -0.512157 0.04652696 -0.341438 0.09268999 -0.341438 0.09268999 -0.512157 0.04652696 -0.341438 0.04652696 -0.341438 0.09268999 -0.341438 0.04652696 -0.262568 0.02678495 -0.262568 0.02678495 -0.341438 0.04652696 -0.319045 0.02712994 -0.319045 0.02712994 -0.341438 0.04652696 -0.424746 0.02766495 -0.424746 0.02766495 -0.341438 0.04652696 -0.512157 0.04652696 -0.424746 0.02766495 -0.512157 0.04652696 -0.474954 0.02785098 -0.474954 0.02785098 -0.512157 0.04652696 -0.631278 0.029549 -0.262568 0.02678495 -0.157334 0.02608799 -0.341438 0.09268999 -0.341438 0.09268999 -0.157334 0.02608799 0 0.09288996 0 0.09288996 -0.157334 0.02608799 -0.133939 0.02593398 0 0.09288996 -0.133939 0.02593398 0 0.02528095 -0.682876 0.09258598 -0.771798 0.09251195 -0.682876 0.04652696 -0.682876 0.04652696 -0.771798 0.09251195 -0.768236 0.04652696 -0.768236 0.04652696 -0.771798 0.09251195 -0.853595 0.04652696 -0.853595 0.04652696 -0.771798 0.09251195 -0.858272 0.09252196 -0.853595 0.04652696 -0.858272 0.09252196 -0.938955 0.04652696 -0.938955 0.04652696 -0.858272 0.09252196 -0.942551 0.09259098 -0.938955 0.04652696 -0.942551 0.09259098 -1.024314 0.04652696 -1.024314 0.04652696 -0.942551 0.09259098 -1.024314 0.09261196 -1.024314 0.04652696 -1.024314 0.09261196 -1.114369 0.092601 -1.201187 0.09269601 -1.195033 0.04652696 -1.114369 0.092601 -1.114369 0.092601 -1.195033 0.04652696 -1.109674 0.04652696 -1.114369 0.092601 -1.109674 0.04652696 -1.024314 0.04652696 -1.195033 0.04652696 -1.201187 0.09269601 -1.280393 0.04652696 -1.280393 0.04652696 -1.201187 0.09269601 -1.285112 0.09279698 -1.280393 0.04652696 -1.285112 0.09279698 -1.365752 0.04652696 -1.365752 0.04652696 -1.285112 0.09279698 -1.365752 0.09282296 -1.365752 0.04652696 -1.365752 0.09282296 -1.369608 0.09282696 -1.369608 0.09282696 -1.377557 0.09283399 -1.365752 0.04652696 -1.435868 0.09287595 -1.510932 0.09275096 -1.451112 0.04652696 -1.451112 0.04652696 -1.510932 0.09275096 -1.536471 0.04652696 -1.510932 0.09275096 -1.601425 0.09265798 -1.536471 0.04652696 -1.536471 0.04652696 -1.601425 0.09265798 -1.621831 0.04652696 -1.601425 0.09265798 -1.707191 0.09295397 -1.621831 0.04652696 -1.621831 0.04652696 -1.707191 0.09295397 -1.707191 0.04652696 -1.707191 0.04652696 -1.707191 0.09295397 -1.79255 0.04652696 -1.79255 0.04652696 -1.707191 0.09295397 -1.788894 0.09296 -1.79255 0.04652696 -1.788894 0.09296 -1.87791 0.09296596 -2.017656 0.09296596 -1.963269 0.04652696 -1.87791 0.09296596 -1.87791 0.09296596 -1.963269 0.04652696 -1.87791 0.04652696 -1.87791 0.09296596 -1.87791 0.04652696 -1.79255 0.04652696 -1.963269 0.04652696 -2.017656 0.09296596 -2.048629 0.04652696 -2.048629 0.04652696 -2.017656 0.09296596 -2.043685 0.09284496 -2.048629 0.04652696 -2.043685 0.09284496 -2.133988 0.04652696 -2.133988 0.04652696 -2.043685 0.09284496 -2.228521 0.09295397 -2.133988 0.04652696 -2.228521 0.09295397 -2.219348 0.04652696 -2.219348 0.04652696 -2.228521 0.09295397 -2.390067 0.04652696 -2.219348 0.04652696 -2.390067 0.04652696 -2.283938 0.02776998 -2.283938 0.02776998 -2.390067 0.04652696 -2.373825 0.02736198 -2.373825 0.02736198 -2.390067 0.04652696 -2.433282 0.02704197 -2.433282 0.02704197 -2.390067 0.04652696 -2.731505 0.09288996 -2.433282 0.02704197 -2.731505 0.09288996 -2.731505 0.02528095 -2.228521 0.09295397 -2.390067 0.092938 -2.390067 0.04652696 -2.390067 0.04652696 -2.390067 0.092938 -2.731505 0.09288996 -2.283938 0.02776998 -2.189699 0.02833098 -2.219348 0.04652696 -2.219348 0.04652696 -2.189699 0.02833098 -2.133988 0.04652696 -2.007395 0.02932995 -2.048689 0.04644495 -2.100185 0.02959299 -2.100185 0.02959299 -2.048689 0.04644495 -2.134051 0.04644495 -2.100185 0.02959299 -2.134051 0.04644495 -2.13405 0.02904099 -2.13405 0.02904099 -2.134051 0.04644495 -2.189777 0.02833199 -2.189777 0.02833199 -2.134051 0.04644495 -2.219413 0.04644495 -2.189777 0.02833199 -2.219413 0.04644495 -2.284005 0.02777099 -2.284005 0.02777099 -2.219413 0.04644495 -2.390137 0.04644495 -2.284005 0.02777099 -2.390137 0.04644495 -2.373712 0.02736395 -2.373712 0.02736395 -2.390137 0.04644495 -2.433354 0.02704197 -2.433354 0.02704197 -2.390137 0.04644495 -2.731586 0.09288996 -2.433354 0.02704197 -2.731586 0.09288996 -2.731586 0.02528095 -2.048689 0.04644495 -2.007395 0.02932995 -1.963327 0.04644495 -1.963327 0.04644495 -2.007395 0.02932995 -1.914822 0.02870297 -1.963327 0.04644495 -1.914822 0.02870297 -1.877965 0.04644495 -1.877965 0.04644495 -1.914822 0.02870297 -1.822563 0.02752596 -1.877965 0.04644495 -1.822563 0.02752596 -1.792603 0.04644495 -1.792603 0.04644495 -1.822563 0.02752596 -1.730235 0.02614295 -1.792603 0.04644495 -1.730235 0.02614295 -1.707241 0.04644495 -1.707241 0.04644495 -1.730235 0.02614295 -1.707278 0.02584797 -1.707241 0.04644495 -1.707278 0.02584797 -1.621879 0.04644495 -1.621879 0.04644495 -1.707278 0.02584797 -1.627248 0.02476298 -1.621879 0.04644495 -1.627248 0.02476298 -1.547477 0.02377796 -1.621879 0.04644495 -1.547477 0.02377796 -1.536517 0.04644495 -1.536517 0.04644495 -1.547477 0.02377796 -1.488389 0.02318197 -1.536517 0.04644495 -1.488389 0.02318197 -1.451155 0.04644495 -1.451155 0.04644495 -1.488389 0.02318197 -1.456368 0.02305597 -1.451155 0.04644495 -1.456368 0.02305597 -1.365247 0.02314096 -1.273975 0.02313596 -1.280431 0.04644495 -1.365247 0.02314096 -1.365247 0.02314096 -1.280431 0.04644495 -1.365793 0.04644495 -1.365247 0.02314096 -1.365793 0.04644495 -1.451155 0.04644495 -1.451155 0.04644495 -1.365793 0.04644495 -1.451155 0.09288996 -1.451155 0.04644495 -1.451155 0.09288996 -1.536517 0.09288996 -1.280431 0.04644495 -1.273975 0.02313596 -1.195069 0.04644495 -1.195069 0.04644495 -1.273975 0.02313596 -1.18262 0.02364796 -1.195069 0.04644495 -1.18262 0.02364796 -1.109707 0.04644495 -1.109707 0.04644495 -1.18262 0.02364796 -1.091782 0.02500098 -1.109707 0.04644495 -1.091782 0.02500098 -1.039401 0.025922 -1.109707 0.04644495 -1.039401 0.025922 -1.024345 0.04644495 -1.024345 0.04644495 -1.039401 0.025922 -1.000715 0.02645295 -1.024345 0.04644495 -1.000715 0.02645295 -0.938982 0.04644495 -0.938982 0.04644495 -1.000715 0.02645295 -0.908891 0.02753496 -0.938982 0.04644495 -0.908891 0.02753496 -0.85362 0.04644495 -0.85362 0.04644495 -0.908891 0.02753496 -0.817064 0.02863895 -0.85362 0.04644495 -0.817064 0.02863895 -0.768258 0.04644495 -0.768258 0.04644495 -0.817064 0.02863895 -0.761071 0.029275 -0.768258 0.04644495 -0.761071 0.029275 -0.724548 0.02958697 -0.768258 0.04644495 -0.724548 0.02958697 -0.682896 0.04644495 -0.682896 0.04644495 -0.724548 0.02958697 -0.677932 0.02963697 -0.682896 0.04644495 -0.677932 0.02963697 -0.644181 0.02947497 -0.644181 0.02947497 -0.631303 0.02954798 -0.682896 0.04644495 -0.682896 0.04644495 -0.631303 0.02954798 -0.512172 0.04644495 -0.682896 0.04644495 -0.512172 0.04644495 -0.682896 0.09288996 -0.682896 0.09288996 -0.512172 0.04644495 -0.341448 0.09288996 -0.341448 0.09288996 -0.512172 0.04644495 -0.341448 0.04644495 -0.341448 0.09288996 -0.341448 0.04644495 -0.262552 0.02678596 -0.262552 0.02678596 -0.341448 0.04644495 -0.319055 0.02713096 -0.319055 0.02713096 -0.341448 0.04644495 -0.424753 0.02766597 -0.424753 0.02766597 -0.341448 0.04644495 -0.512172 0.04644495 -0.424753 0.02766597 -0.512172 0.04644495 -0.474971 0.02785199 -0.474971 0.02785199 -0.512172 0.04644495 -0.631303 0.02954798 -0.262552 0.02678596 -0.15734 0.02608895 -0.341448 0.09288996 -0.341448 0.09288996 -0.15734 0.02608895 0 0.09288996 0 0.09288996 -0.15734 0.02608895 -0.133942 0.02593499 0 0.09288996 -0.133942 0.02593499 0 0.02528095 -0.682896 0.09288996 -0.768258 0.09288996 -0.682896 0.04644495 -0.682896 0.04644495 -0.768258 0.09288996 -0.768258 0.04644495 -0.768258 0.09288996 -0.85362 0.09288996 -0.768258 0.04644495 -0.768258 0.04644495 -0.85362 0.09288996 -0.85362 0.04644495 -0.85362 0.09288996 -0.938982 0.09288996 -0.85362 0.04644495 -0.85362 0.04644495 -0.938982 0.09288996 -0.938982 0.04644495 -0.938982 0.09288996 -1.024345 0.09288996 -0.938982 0.04644495 -0.938982 0.04644495 -1.024345 0.09288996 -1.024345 0.04644495 -1.024345 0.09288996 -1.109707 0.09288996 -1.024345 0.04644495 -1.024345 0.04644495 -1.109707 0.09288996 -1.109707 0.04644495 -1.109707 0.09288996 -1.195069 0.09288996 -1.109707 0.04644495 -1.109707 0.04644495 -1.195069 0.09288996 -1.195069 0.04644495 -1.195069 0.09288996 -1.280431 0.09288996 -1.195069 0.04644495 -1.195069 0.04644495 -1.280431 0.09288996 -1.280431 0.04644495 -1.280431 0.09288996 -1.365793 0.09288996 -1.280431 0.04644495 -1.280431 0.04644495 -1.365793 0.09288996 -1.365793 0.04644495 -1.365793 0.09288996 -1.451155 0.09288996 -1.365793 0.04644495 -1.451155 0.04644495 -1.536517 0.09288996 -1.536517 0.04644495 -1.536517 0.04644495 -1.536517 0.09288996 -1.621879 0.09288996 -1.536517 0.04644495 -1.621879 0.09288996 -1.621879 0.04644495 -1.621879 0.04644495 -1.621879 0.09288996 -1.707241 0.09288996 -1.621879 0.04644495 -1.707241 0.09288996 -1.707241 0.04644495 -1.707241 0.04644495 -1.707241 0.09288996 -1.792603 0.09288996 -1.707241 0.04644495 -1.792603 0.09288996 -1.792603 0.04644495 -1.792603 0.04644495 -1.792603 0.09288996 -1.877965 0.09288996 -1.792603 0.04644495 -1.877965 0.09288996 -1.877965 0.04644495 -1.877965 0.04644495 -1.877965 0.09288996 -1.963327 0.09288996 -1.877965 0.04644495 -1.963327 0.09288996 -1.963327 0.04644495 -1.963327 0.04644495 -1.963327 0.09288996 -2.048689 0.09288996 -1.963327 0.04644495 -2.048689 0.09288996 -2.048689 0.04644495 -2.048689 0.04644495 -2.048689 0.09288996 -2.134051 0.04644495 -2.048689 0.09288996 -2.390137 0.09288996 -2.134051 0.04644495 -2.134051 0.04644495 -2.390137 0.09288996 -2.219413 0.04644495 -2.219413 0.04644495 -2.390137 0.09288996 -2.390137 0.04644495 -2.390137 0.04644495 -2.390137 0.09288996 -2.731586 0.09288996 0 -4.3 0.481447 -4.272963 -0.481447 -4.272963 -0.481447 -4.272963 0.481447 -4.272963 -0.95684 -4.19219 -0.95684 -4.19219 0.481447 -4.272963 0.95684 -4.19219 -0.95684 -4.19219 0.95684 -4.19219 -1.4202 -4.058698 -1.4202 -4.058698 0.95684 -4.19219 1.4202 -4.058698 -1.4202 -4.058698 1.4202 -4.058698 -1.8657 -3.874166 -1.8657 -3.874166 1.4202 -4.058698 1.8657 -3.874166 -1.8657 -3.874166 1.8657 -3.874166 -2.287738 -3.640914 -2.287738 -3.640914 1.8657 -3.874166 2.287738 -3.640914 -2.287738 -3.640914 2.287738 -3.640914 -2.681006 -3.361875 -2.681006 -3.361875 2.287738 -3.640914 2.681006 -3.361875 -2.681006 -3.361875 2.681006 -3.361875 -3.040559 -3.040559 -3.040559 -3.040559 2.681006 -3.361875 3.040559 -3.040559 -3.040559 -3.040559 3.040559 -3.040559 -3.361875 -2.681006 -3.361875 -2.681006 3.040559 -3.040559 3.361875 -2.681006 -3.361875 -2.681006 3.361875 -2.681006 -3.640914 -2.287738 -3.640914 -2.287738 3.361875 -2.681006 3.640914 -2.287738 -3.640914 -2.287738 3.640914 -2.287738 -3.874166 -1.8657 -3.874166 -1.8657 3.640914 -2.287738 3.874166 -1.8657 -3.874166 -1.8657 3.874166 -1.8657 -4.058698 -1.4202 -4.058698 -1.4202 3.874166 -1.8657 4.058698 -1.4202 -4.058698 -1.4202 4.058698 -1.4202 -4.19219 -0.95684 -4.19219 -0.95684 4.058698 -1.4202 4.19219 -0.95684 -4.19219 -0.95684 4.19219 -0.95684 -4.272963 -0.481447 -4.272963 -0.481447 4.19219 -0.95684 4.272963 -0.481447 -4.272963 -0.481447 4.272963 -0.481447 -4.3 0 -4.3 0 4.272963 -0.481447 4.3 0 -4.3 0 4.3 0 -4.272963 0.481447 -4.272963 0.481447 4.3 0 4.272963 0.481447 -4.272963 0.481447 4.272963 0.481447 -4.19219 0.95684 -4.19219 0.95684 4.272963 0.481447 4.19219 0.95684 -4.19219 0.95684 4.19219 0.95684 -4.058698 1.4202 -4.058698 1.4202 4.19219 0.95684 4.058698 1.4202 -4.058698 1.4202 4.058698 1.4202 -3.874166 1.8657 -3.874166 1.8657 4.058698 1.4202 3.874166 1.8657 -3.874166 1.8657 3.874166 1.8657 -3.640914 2.287738 -3.640914 2.287738 3.874166 1.8657 3.640914 2.287738 -3.640914 2.287738 3.640914 2.287738 -3.361875 2.681006 -3.361875 2.681006 3.640914 2.287738 3.361875 2.681006 -3.361875 2.681006 3.361875 2.681006 -3.040559 3.040559 -3.040559 3.040559 3.361875 2.681006 3.040559 3.040559 -3.040559 3.040559 3.040559 3.040559 -2.681006 3.361875 -2.681006 3.361875 3.040559 3.040559 2.681006 3.361875 -2.681006 3.361875 2.681006 3.361875 -2.287738 3.640914 -2.287738 3.640914 2.681006 3.361875 2.287738 3.640914 -2.287738 3.640914 2.287738 3.640914 -1.8657 3.874166 -1.8657 3.874166 2.287738 3.640914 1.8657 3.874166 -1.8657 3.874166 1.8657 3.874166 -1.4202 4.058698 -1.4202 4.058698 1.8657 3.874166 1.4202 4.058698 -1.4202 4.058698 1.4202 4.058698 -0.95684 4.19219 -0.95684 4.19219 1.4202 4.058698 0.95684 4.19219 -0.95684 4.19219 0.95684 4.19219 -0.481447 4.272963 -0.481447 4.272963 0.95684 4.19219 0.481447 4.272963 -0.481447 4.272963 0.481447 4.272963 0 4.3 0.85 -9.483684 0.4 -9.483684 0.85 -9.896018 0.85 -9.896018 0.4 -9.483684 0.4 -9.896018 0.85 9.896018 0.4 9.896018 0.85 9.483684 0.85 9.483684 0.4 9.896018 0.4 9.483684 0.85 9.483684 0.4 9.483684 0.85 9.07135 0.85 9.07135 0.4 9.483684 0.4 9.07135 0.85 9.07135 0.4 9.07135 0.85 8.659015 0.85 8.659015 0.4 9.07135 0.4 8.659015 0.85 8.659015 0.4 8.659015 0.85 8.246682 0.85 8.246682 0.4 8.659015 0.4 8.246682 0.85 8.246682 0.4 8.246682 0.85 7.834347 0.85 7.834347 0.4 8.246682 0.4 7.834347 0.85 7.834347 0.4 7.834347 0.85 7.422013 0.85 7.422013 0.4 7.834347 0.4 7.422013 0.85 7.422013 0.4 7.422013 0.85 7.009679 0.85 7.009679 0.4 7.422013 0.4 7.009679 0.85 7.009679 0.4 7.009679 0.85 6.597345 0.85 6.597345 0.4 7.009679 0.4 6.597345 0.85 6.597345 0.4 6.597345 0.85 6.18501 0.85 6.18501 0.4 6.597345 0.4 6.18501 0.85 6.18501 0.4 6.18501 0.85 5.772676 0.85 5.772676 0.4 6.18501 0.4 5.772676 0.85 5.772676 0.4 5.772676 0.85 5.360343 0.85 5.360343 0.4 5.772676 0.4 5.360343 0.85 5.360343 0.4 5.360343 0.85 4.948009 0.85 4.948009 0.4 5.360343 0.4 4.948009 0.85 4.948009 0.4 4.948009 0.85 4.535675 0.85 4.535675 0.4 4.948009 0.4 4.535675 0.85 4.535675 0.4 4.535675 0.85 4.123341 0.85 4.123341 0.4 4.535675 0.4 4.123341 0.85 4.123341 0.4 4.123341 0.85 3.711006 0.85 3.711006 0.4 4.123341 0.4 3.711006 0.85 3.711006 0.4 3.711006 0.85 3.298672 0.85 3.298672 0.4 3.711006 0.4 3.298672 0.85 3.298672 0.4 3.298672 0.85 2.886338 0.85 2.886338 0.4 3.298672 0.4 2.886338 0.85 2.886338 0.4 2.886338 0.85 2.474004 0.85 2.474004 0.4 2.886338 0.4 2.474004 0.85 2.474004 0.4 2.474004 0.85 2.06167 0.85 2.06167 0.4 2.474004 0.4 2.06167 0.85 2.06167 0.4 2.06167 0.85 1.649336 0.85 1.649336 0.4 2.06167 0.4 1.649336 0.85 1.649336 0.4 1.649336 0.85 1.237002 0.85 1.237002 0.4 1.649336 0.4 1.237002 0.85 1.237002 0.4 1.237002 0.85 0.824668 0.85 0.824668 0.4 1.237002 0.4 0.824668 0.85 0.824668 0.4 0.824668 0.85 0.412334 0.85 0.412334 0.4 0.824668 0.4 0.412334 0.85 0.412334 0.4 0.412334 0.85 0 0.85 0 0.4 0.412334 0.4 0 0.85 0 0.4 0 0.85 -0.412334 0.85 -0.412334 0.4 0 0.4 -0.412334 0.85 -0.412334 0.4 -0.412334 0.85 -0.824668 0.85 -0.824668 0.4 -0.412334 0.4 -0.824668 0.85 -0.824668 0.4 -0.824668 0.85 -1.237002 0.85 -1.237002 0.4 -0.824668 0.4 -1.237002 0.85 -1.237002 0.4 -1.237002 0.85 -1.649336 0.85 -1.649336 0.4 -1.237002 0.4 -1.649336 0.85 -1.649336 0.4 -1.649336 0.85 -2.06167 0.85 -2.06167 0.4 -1.649336 0.4 -2.06167 0.85 -2.06167 0.4 -2.06167 0.85 -2.474004 0.85 -2.474004 0.4 -2.06167 0.4 -2.474004 0.85 -2.474004 0.4 -2.474004 0.85 -2.886338 0.85 -2.886338 0.4 -2.474004 0.4 -2.886338 0.85 -2.886338 0.4 -2.886338 0.85 -3.298672 0.85 -3.298672 0.4 -2.886338 0.4 -3.298672 0.85 -3.298672 0.4 -3.298672 0.85 -3.711006 0.85 -3.711006 0.4 -3.298672 0.4 -3.711006 0.85 -3.711006 0.4 -3.711006 0.85 -4.123341 0.85 -4.123341 0.4 -3.711006 0.4 -4.123341 0.85 -4.123341 0.4 -4.123341 0.85 -4.535675 0.85 -4.535675 0.4 -4.123341 0.4 -4.535675 0.85 -4.535675 0.4 -4.535675 0.85 -4.948009 0.85 -4.948009 0.4 -4.535675 0.4 -4.948009 0.85 -4.948009 0.4 -4.948009 0.85 -5.360343 0.85 -5.360343 0.4 -4.948009 0.4 -5.360343 0.85 -5.360343 0.4 -5.360343 0.85 -5.772676 0.85 -5.772676 0.4 -5.360343 0.4 -5.772676 0.85 -5.772676 0.4 -5.772676 0.85 -6.18501 0.85 -6.18501 0.4 -5.772676 0.4 -6.18501 0.85 -6.18501 0.4 -6.18501 0.85 -6.597345 0.85 -6.597345 0.4 -6.18501 0.4 -6.597345 0.85 -6.597345 0.4 -6.597345 0.85 -7.009679 0.85 -7.009679 0.4 -6.597345 0.4 -7.009679 0.85 -7.009679 0.4 -7.009679 0.85 -7.422013 0.85 -7.422013 0.4 -7.009679 0.4 -7.422013 0.85 -7.422013 0.4 -7.422013 0.85 -7.834347 0.85 -7.834347 0.4 -7.422013 0.4 -7.834347 0.85 -7.834347 0.4 -7.834347 0.85 -8.246682 0.85 -8.246682 0.4 -7.834347 0.4 -8.246682 0.85 -8.246682 0.4 -8.246682 0.85 -8.659015 0.85 -8.659015 0.4 -8.246682 0.4 -8.659015 0.85 -8.659015 0.4 -8.659015 0.85 -9.07135 0.85 -9.07135 0.4 -8.659015 0.4 -9.07135 0.85 -9.07135 0.4 -9.07135 0.85 -9.483684 0.85 -9.483684 0.4 -9.07135 0.4 -9.483684 -0.05176395 -0.287979 -0.103528 -0.416535 0 -0.514105 0 -0.514105 -0.103528 -0.416535 -0.103528 -0.598417 0 -0.514105 -0.103528 -0.598417 0 -0.555341 0 -0.555341 -0.103528 -0.598417 0 -0.596577 0 -0.596577 -0.103528 -0.598417 0 -0.637812 0 -0.637812 -0.103528 -0.598417 -0.103528 -0.780298 0 -0.637812 -0.103528 -0.780298 -0.05176395 -0.863938 -0.05176395 -0.863938 -0.103528 -0.780298 -0.103528 -0.96218 -0.05176395 -0.863938 -0.103528 -0.96218 0 -1.090064 0 -1.090064 -0.103528 -0.96218 -0.103528 -1.144062 0 -1.090064 -0.103528 -1.144062 0 -1.131299 0 -1.131299 -0.103528 -1.144062 0 -1.172535 0 -1.172535 -0.103528 -1.144062 0 -1.213771 0 -1.213771 -0.103528 -1.144062 -0.103528 -1.325943 0 -1.213771 -0.103528 -1.325943 -0.05176395 -1.439897 -0.05176395 -1.439897 -0.103528 -1.325943 -0.103528 -1.507825 -0.05176395 -1.439897 -0.103528 -1.507825 0 -1.666022 0 -1.666022 -0.103528 -1.507825 -0.103528 -1.689707 0 -1.666022 -0.103528 -1.689707 0 -1.707258 0 1.748494 -0.103528 1.766045 0 1.707258 0 1.707258 -0.103528 1.766045 0 1.666022 0 1.666022 -0.103528 1.766045 -0.103528 1.584163 0 1.666022 -0.103528 1.584163 -0.05176395 1.439897 -0.05176395 1.439897 -0.103528 1.584163 -0.103528 1.402282 -0.05176395 1.439897 -0.103528 1.402282 0 1.213771 0 1.213771 -0.103528 1.402282 -0.103528 1.2204 0 1.213771 -0.103528 1.2204 0 1.172535 0 1.172535 -0.103528 1.2204 0 1.131299 0 1.131299 -0.103528 1.2204 -0.103528 1.038518 0 1.131299 -0.103528 1.038518 0 1.090064 0 1.090064 -0.103528 1.038518 -0.05176395 0.863938 -0.05176395 0.863938 -0.103528 1.038518 -0.103528 0.856637 -0.05176395 0.863938 -0.103528 0.856637 -0.103528 0.674755 -0.103528 -0.416535 -0.05176395 -0.287979 -0.103528 -0.2346529 -0.103528 -0.2346529 -0.05176395 -0.287979 0 -0.061854 -0.103528 -0.2346529 0 -0.061854 -0.103528 -0.05277198 -0.103528 -0.05277198 0 -0.061854 0 -0.02061796 -0.103528 -0.05277198 0 -0.02061796 0 0.02061796 -0.103528 -0.05277198 0 0.02061796 -0.103528 0.12911 -0.103528 0.12911 0 0.02061796 0 0.061854 -0.103528 0.12911 0 0.061854 -0.05176395 0.287979 0 0.514105 -0.103528 0.492873 -0.05176395 0.287979 -0.05176395 0.287979 -0.103528 0.492873 -0.103528 0.310992 -0.05176395 0.287979 -0.103528 0.310992 -0.103528 0.12911 0 0.514105 0 0.555341 -0.103528 0.492873 -0.103528 0.492873 0 0.555341 0 0.596577 -0.103528 0.492873 0 0.596577 -0.103528 0.674755 -0.103528 0.674755 0 0.596577 0 0.637812 -0.103528 0.674755 0 0.637812 -0.05176395 0.863938 -0.08055895 -0.542828 -0.08055895 -0.683853 -0.06163698 -0.686311 -0.06163698 -0.686311 -0.08055895 -0.683853 -0.08055895 -0.824878 -0.06163698 -0.686311 -0.08055895 -0.824878 -4.8e-4 -0.824878 -4.8e-4 -0.824878 -0.08055895 -0.824878 -0.06163698 -0.963444 -0.06163698 -0.963444 -0.08055895 -0.824878 -0.08055895 -0.965903 -0.06163698 -0.963444 -0.08055895 -0.965903 -0.08055895 -1.106927 -0.08055895 -0.542828 -0.06163698 -0.399345 -0.08055895 -0.401803 -0.08055895 -0.401803 -0.06163698 -0.399345 -0.08055895 -0.260778 -0.08055895 -0.260778 -0.06163698 -0.399345 -4.8e-4 -0.260778 -0.08055895 -0.260778 -4.8e-4 -0.260778 -0.06163698 -0.122212 -0.08055895 0.02127099 -0.08055895 -0.119754 -0.06163698 -0.122212 -0.06163698 -0.122212 -0.08055895 -0.119754 -0.08055895 -0.260778 -0.08055895 0.02127099 -0.06163698 0.164754 -0.08055895 0.1622959 -0.08055895 0.1622959 -0.06163698 0.164754 -0.08055895 0.303321 -0.08055895 0.303321 -0.06163698 0.164754 -4.8e-4 0.303321 -0.08055895 0.303321 -4.8e-4 0.303321 -0.06163698 0.441887 -0.08055895 0.58537 -0.08055895 0.444346 -0.06163698 0.441887 -0.06163698 0.441887 -0.08055895 0.444346 -0.08055895 0.303321 -0.08055895 0.58537 -0.06163698 0.728854 -0.08055895 0.726395 -0.08055895 0.726395 -0.06163698 0.728854 -0.08055895 0.86742 -0.08055895 0.86742 -0.06163698 0.728854 -4.8e-4 0.86742 -0.08055895 0.86742 -4.8e-4 0.86742 -0.06163698 1.005987 -0.08055895 1.14947 -0.08055895 1.008445 -0.06163698 1.005987 -0.06163698 1.005987 -0.08055895 1.008445 -0.08055895 0.86742 -0.08055895 -1.671027 -0.08055895 -1.812051 -0.06163698 -1.81451 -0.06163698 -1.81451 -0.08055895 -1.812051 -0.08055895 -1.953076 -0.06163698 -1.81451 -0.08055895 -1.953076 -4.8e-4 -1.953076 -4.8e-4 -1.953076 -0.08055895 -1.953076 -0.06163698 -2.091643 -0.06163698 -2.091643 -0.08055895 -1.953076 -0.08055895 -2.094101 -0.06163698 -2.091643 -0.08055895 -2.094101 -0.08055895 -2.235126 -0.08055895 -1.106927 -0.08055895 -1.247952 -0.06163698 -1.250411 -0.06163698 -1.250411 -0.08055895 -1.247952 -0.08055895 -1.388977 -0.06163698 -1.250411 -0.08055895 -1.388977 -4.8e-4 -1.388977 -4.8e-4 -1.388977 -0.08055895 -1.388977 -0.06163698 -1.527543 -0.06163698 -1.527543 -0.08055895 -1.388977 -0.08055895 -1.530002 -0.06163698 -1.527543 -0.08055895 -1.530002 -0.08055895 -1.671027 -0.03141599 0.662287 -0.02094399 0.670888 -0.03141599 0.782703 -0.03141599 0.782703 -0.02094399 0.670888 -0.02094399 0.782703 -0.03141599 -0.782703 -0.02094399 -0.782703 -0.02094399 -0.670888 -0.02094399 -0.670888 -0.02094399 -0.782703 -0.01047199 -0.782703 -0.02094399 -0.670888 -0.01047199 -0.782703 -0.01047199 -0.670888 -0.01047199 -0.670888 -0.01047199 -0.782703 0 -0.782703 -0.01047199 -0.670888 0 -0.782703 0 -0.670888 -0.02094399 0.670888 -0.03141599 0.662287 -0.02094399 0.559074 -0.02094399 0.559074 -0.03141599 0.662287 -0.03141599 0.541871 -0.02094399 0.559074 -0.03141599 0.541871 -0.02094399 0.447259 -0.02094399 0.447259 -0.03141599 0.541871 -0.03141599 0.421456 -0.02094399 0.447259 -0.03141599 0.421456 -0.02094399 0.335444 -0.02094399 0.335444 -0.03141599 0.421456 -0.03141599 0.30104 -0.02094399 0.335444 -0.03141599 0.30104 -0.02094399 0.2236289 -0.02094399 0.2236289 -0.03141599 0.30104 -0.03141599 0.180624 -0.02094399 0.2236289 -0.03141599 0.180624 -0.02094399 0.111815 -0.02094399 0.111815 -0.03141599 0.180624 -0.03141599 0.06020796 -0.02094399 0.111815 -0.03141599 0.06020796 -0.02094399 0 -0.02094399 0 -0.03141599 0.06020796 -0.03141599 -0.06020796 -0.02094399 0 -0.03141599 -0.06020796 -0.02094399 -0.111815 -0.02094399 -0.111815 -0.03141599 -0.06020796 -0.03141599 -0.180624 -0.02094399 -0.111815 -0.03141599 -0.180624 -0.02094399 -0.2236289 -0.02094399 -0.2236289 -0.03141599 -0.180624 -0.03141599 -0.30104 -0.02094399 -0.2236289 -0.03141599 -0.30104 -0.02094399 -0.335444 -0.02094399 -0.335444 -0.03141599 -0.30104 -0.03141599 -0.421456 -0.02094399 -0.335444 -0.03141599 -0.421456 -0.02094399 -0.447259 -0.02094399 -0.447259 -0.03141599 -0.421456 -0.03141599 -0.541871 -0.02094399 -0.447259 -0.03141599 -0.541871 -0.02094399 -0.559074 -0.02094399 -0.559074 -0.03141599 -0.541871 -0.03141599 -0.662287 -0.02094399 -0.559074 -0.03141599 -0.662287 -0.02094399 -0.670888 -0.02094399 -0.670888 -0.03141599 -0.662287 -0.03141599 -0.782703 -0.01047199 -0.670888 0 -0.670888 -0.01047199 -0.559074 -0.01047199 -0.559074 0 -0.670888 0 -0.559074 -0.01047199 -0.559074 0 -0.559074 -0.01047199 -0.447259 -0.01047199 -0.447259 0 -0.559074 0 -0.447259 -0.01047199 -0.447259 0 -0.447259 -0.01047199 -0.335444 -0.01047199 -0.335444 0 -0.447259 0 -0.335444 -0.01047199 -0.335444 0 -0.335444 -0.01047199 -0.2236289 -0.01047199 -0.2236289 0 -0.335444 0 -0.2236289 -0.01047199 -0.2236289 0 -0.2236289 -0.01047199 -0.111815 -0.01047199 -0.111815 0 -0.2236289 0 -0.111815 -0.01047199 -0.111815 0 -0.111815 -0.01047199 0 -0.01047199 0 0 -0.111815 0 0 -0.01047199 0 0 0 -0.01047199 0.111815 -0.01047199 0.111815 0 0 0 0.111815 -0.01047199 0.111815 0 0.111815 -0.01047199 0.2236289 -0.01047199 0.2236289 0 0.111815 0 0.2236289 -0.01047199 0.2236289 0 0.2236289 -0.01047199 0.335444 -0.01047199 0.335444 0 0.2236289 0 0.335444 -0.01047199 0.335444 0 0.335444 -0.01047199 0.447259 -0.01047199 0.447259 0 0.335444 0 0.447259 -0.01047199 0.447259 0 0.447259 -0.01047199 0.559074 -0.01047199 0.559074 0 0.447259 0 0.559074 -0.01047199 0.559074 0 0.559074 -0.01047199 0.670888 -0.01047199 0.670888 0 0.559074 0 0.670888 -0.01047199 0.670888 0 0.670888 -0.01047199 0.782703 -0.01047199 -0.782703 0 -0.894518 0 -0.782703 -0.01047199 -0.894518 -0.01047199 -0.782703 -0.02094399 -0.782703 -0.01047199 0.670888 -0.02094399 0.782703 -0.02094399 0.670888 -0.01047199 0.559074 -0.01047199 0.670888 -0.02094399 0.670888 -0.01047199 0.447259 -0.01047199 0.559074 -0.02094399 0.559074 -0.02094399 0.559074 -0.01047199 0.559074 -0.02094399 0.670888 -0.01047199 0.335444 -0.01047199 0.447259 -0.02094399 0.447259 -0.02094399 0.447259 -0.01047199 0.447259 -0.02094399 0.559074 -0.01047199 0.2236289 -0.01047199 0.335444 -0.02094399 0.335444 -0.02094399 0.335444 -0.01047199 0.335444 -0.02094399 0.447259 -0.01047199 0.111815 -0.01047199 0.2236289 -0.02094399 0.2236289 -0.02094399 0.2236289 -0.01047199 0.2236289 -0.02094399 0.335444 -0.01047199 0 -0.01047199 0.111815 -0.02094399 0.111815 -0.02094399 0.111815 -0.01047199 0.111815 -0.02094399 0.2236289 -0.01047199 -0.111815 -0.01047199 0 -0.02094399 0 -0.02094399 0 -0.01047199 0 -0.02094399 0.111815 -0.01047199 -0.2236289 -0.01047199 -0.111815 -0.02094399 -0.111815 -0.02094399 -0.111815 -0.01047199 -0.111815 -0.02094399 0 -0.01047199 -0.335444 -0.01047199 -0.2236289 -0.02094399 -0.2236289 -0.02094399 -0.2236289 -0.01047199 -0.2236289 -0.02094399 -0.111815 -0.01047199 -0.447259 -0.01047199 -0.335444 -0.02094399 -0.335444 -0.02094399 -0.335444 -0.01047199 -0.335444 -0.02094399 -0.2236289 -0.01047199 -0.559074 -0.01047199 -0.447259 -0.02094399 -0.447259 -0.02094399 -0.447259 -0.01047199 -0.447259 -0.02094399 -0.335444 -0.01047199 -0.670888 -0.01047199 -0.559074 -0.02094399 -0.559074 -0.02094399 -0.559074 -0.01047199 -0.559074 -0.02094399 -0.447259 -0.02094399 -0.670888 -0.01047199 -0.670888 -0.02094399 -0.559074 0 0.680363 0.009769976 0.680363 0 0.793757 0 0.793757 0.009769976 0.680363 0.009769976 0.793757 0 0.793757 0.009769976 0.793757 0 0.907151 0 -0.680363 0.009769976 -0.793757 0.009769976 -0.680363 0 -0.680363 0.009769976 -0.680363 0 -0.56697 0 -0.56697 0.009769976 -0.680363 0.009769976 -0.56697 0 -0.56697 0.009769976 -0.56697 0 -0.453576 0 -0.453576 0.009769976 -0.56697 0.009769976 -0.453576 0 -0.453576 0.009769976 -0.453576 0 -0.340182 0 -0.340182 0.009769976 -0.453576 0.009769976 -0.340182 0 -0.340182 0.009769976 -0.340182 0 -0.226788 0 -0.226788 0.009769976 -0.340182 0.009769976 -0.226788 0 -0.226788 0.009769976 -0.226788 0 -0.113394 0 -0.113394 0.009769976 -0.226788 0.009769976 -0.113394 0 -0.113394 0.009769976 -0.113394 0 0 0 0 0.009769976 -0.113394 0.009769976 0 0 0 0.009769976 0 0 0.113394 0 0.113394 0.009769976 0 0.009769976 0.113394 0 0.113394 0.009769976 0.113394 0 0.226788 0 0.226788 0.009769976 0.113394 0.009769976 0.226788 0 0.226788 0.009769976 0.226788 0 0.340182 0 0.340182 0.009769976 0.226788 0.009769976 0.340182 0 0.340182 0.009769976 0.340182 0 0.453576 0 0.453576 0.009769976 0.340182 0.009769976 0.453576 0 0.453576 0.009769976 0.453576 0 0.56697 0 0.56697 0.009769976 0.453576 0.009769976 0.56697 0 0.56697 0.009769976 0.56697 0 0.680363 0 0.680363 0.009769976 0.56697 0.009769976 0.680363 0.01953995 -0.164126 0.01953995 -0.04774898 0.009769976 -0.113394 0.009769976 -0.113394 0.01953995 -0.04774898 0.01274299 -0.04680895 0.009769976 -0.113394 0.01274299 -0.04680895 0.009769976 0 0.009769976 0 0.01274299 -0.04680895 0.01274299 -0.01560294 0.009769976 0 0.01274299 -0.01560294 0.01274299 0.01560294 0.01274299 0.01560294 0.01274299 0.04680895 0.009769976 0 0.009769976 0 0.01274299 0.04680895 0.009769976 0.113394 0.01274299 0.04680895 0.01953995 0.04774898 0.009769976 0.113394 0.009769976 0.113394 0.01953995 0.04774898 0.01953995 0.164126 0.009769976 0.113394 0.01953995 0.164126 0.009769976 0.226788 0.009769976 0.226788 0.01953995 0.164126 0.01953995 0.280502 0.009769976 0.226788 0.01953995 0.280502 0.009769976 0.340182 0.009769976 0.340182 0.01953995 0.280502 0.01953995 0.396879 0.009769976 0.340182 0.01953995 0.396879 0.009769976 0.453576 0.009769976 0.453576 0.01953995 0.396879 0.01953995 0.513255 0.009769976 0.453576 0.01953995 0.513255 0.009769976 0.56697 0.009769976 0.56697 0.01953995 0.513255 0.01953995 0.629632 0.009769976 0.56697 0.01953995 0.629632 0.009769976 0.680363 0.009769976 0.680363 0.01953995 0.629632 0.01953995 0.746008 0.009769976 0.680363 0.01953995 0.746008 0.01274299 0.746948 0.009769976 0.680363 0.01274299 0.746948 0.009769976 0.793757 0.009769976 0.793757 0.01274299 0.746948 0.01274299 0.778154 0.009769976 -0.793757 0.01274299 -0.80936 0.01274299 -0.778154 0.01274299 -0.778154 0.01274299 -0.746948 0.009769976 -0.793757 0.009769976 -0.793757 0.01274299 -0.746948 0.009769976 -0.680363 0.01274299 -0.746948 0.01953995 -0.746008 0.009769976 -0.680363 0.009769976 -0.680363 0.01953995 -0.746008 0.01953995 -0.629632 0.009769976 -0.680363 0.01953995 -0.629632 0.009769976 -0.56697 0.009769976 -0.56697 0.01953995 -0.629632 0.01953995 -0.513255 0.009769976 -0.56697 0.01953995 -0.513255 0.009769976 -0.453576 0.009769976 -0.453576 0.01953995 -0.513255 0.01953995 -0.396879 0.009769976 -0.453576 0.01953995 -0.396879 0.009769976 -0.340182 0.009769976 -0.340182 0.01953995 -0.396879 0.01953995 -0.280502 0.009769976 -0.340182 0.01953995 -0.280502 0.009769976 -0.226788 0.009769976 -0.226788 0.01953995 -0.280502 0.01953995 -0.164126 0.009769976 -0.226788 0.01953995 -0.164126 0.009769976 -0.113394 -1.556049 0 -1.54237 0 -1.556049 0.02170699 -1.556049 0.02170699 -1.54237 0 -1.501938 0.02170795 -1.556049 0.02170699 -1.501938 0.02170795 -1.556049 0.04344898 -1.556049 0.04344898 -1.501938 0.02170795 -1.391665 0.04344898 -1.391665 0.04344898 -1.501938 0.02170795 -1.360809 0.02170896 -1.391665 0.04344898 -1.360809 0.02170896 -1.281392 0.04344898 -1.281392 0.04344898 -1.360809 0.02170896 -1.219681 0.02171099 -1.281392 0.04344898 -1.219681 0.02171099 -1.133706 0.04344999 -1.133706 0.04344999 -1.219681 0.02171099 -1.092192 0.021712 -1.133706 0.04344999 -1.092192 0.021712 -0.985987 0.04344898 -0.985987 0.04344898 -1.092192 0.021712 -0.964702 0.02171295 -0.985987 0.04344898 -0.964702 0.02171295 -0.843094 0.04344898 -0.843094 0.04344898 -0.964702 0.02171295 -0.837213 0.02171397 -0.843094 0.04344898 -0.837213 0.02171397 -0.709723 0.02171498 -0.709723 0.02171498 -0.837213 0.02171397 -0.778677 8.7e-5 -0.709723 0.02171498 -0.778677 8.7e-5 -0.681441 2.3e-5 -1.54237 0 -1.507106 0 -1.501938 0.02170795 -1.501938 0.02170795 -1.507106 0 -1.45851 0 -1.501938 0.02170795 -1.45851 0 -1.420206 1.1e-5 -1.501938 0.02170795 -1.420206 1.1e-5 -1.360809 0.02170896 -1.360809 0.02170896 -1.420206 1.1e-5 -1.361222 10e-7 -1.360809 0.02170896 -1.361222 10e-7 -1.264095 1.1e-5 -1.360809 0.02170896 -1.264095 1.1e-5 -1.219681 0.02171099 -1.219681 0.02171099 -1.264095 1.1e-5 -1.166893 10e-6 -1.219681 0.02171099 -1.166893 10e-6 -1.092192 0.021712 -1.092192 0.021712 -1.166893 10e-6 -1.125835 0 -1.092192 0.021712 -1.125835 0 -1.070087 2e-6 -1.092192 0.021712 -1.070087 2e-6 -0.964702 0.02171295 -0.964702 0.02171295 -1.070087 2e-6 -0.97322 3e-6 -0.964702 0.02171295 -0.97322 3e-6 -0.875929 1.79e-4 -0.964702 0.02171295 -0.875929 1.79e-4 -0.837213 0.02171397 -0.837213 0.02171397 -0.875929 1.79e-4 -0.778677 8.7e-5 -0.681441 2.3e-5 -0.647306 4.9e-5 -0.709723 0.02171498 -0.709723 0.02171498 -0.647306 4.9e-5 -0.562065 0.02171695 -0.709723 0.02171498 -0.562065 0.02171695 -0.700197 0.04344898 -0.700197 0.04344898 -0.562065 0.02171695 -0.571582 0.04344999 -0.571582 0.04344999 -0.562065 0.02171695 -0.442985 0.04344898 -0.442985 0.04344898 -0.562065 0.02171695 -0.414406 0.02171796 -0.442985 0.04344898 -0.414406 0.02171796 -0.400568 0.04344898 -0.400568 0.04344898 -0.414406 0.02171796 -0.270894 0.02171999 -0.400568 0.04344898 -0.270894 0.02171999 -0.276027 0.04344898 -0.276027 0.04344898 -0.270894 0.02171999 -0.135447 0.021721 -0.276027 0.04344898 -0.135447 0.021721 -0.136086 0.04344898 -0.136086 0.04344898 -0.135447 0.021721 -2e-6 0.04344898 -2e-6 0.04344898 -0.135447 0.021721 0 0.02172195 0 0.02172195 -0.135447 0.021721 -0.09741097 5e-6 0 0.02172195 -0.09741097 5e-6 -7e-6 0 -0.647306 4.9e-5 -0.584352 2e-6 -0.562065 0.02171695 -0.562065 0.02171695 -0.584352 2e-6 -0.499495 7.2e-5 -0.562065 0.02171695 -0.499495 7.2e-5 -0.414406 0.02171796 -0.414406 0.02171796 -0.499495 7.2e-5 -0.414406 9.6e-5 -0.414406 0.02171796 -0.414406 9.6e-5 -0.389996 7.7e-5 -0.389996 7.7e-5 -0.29204 10e-6 -0.414406 0.02171796 -0.414406 0.02171796 -0.29204 10e-6 -0.270894 0.02171999 -0.29204 10e-6 -0.194536 0 -0.270894 0.02171999 -0.270894 0.02171999 -0.194536 0 -0.135447 0.021721 -0.194536 0 -0.09741097 5e-6 -0.135447 0.021721 -0.700197 0.04344898 -0.843094 0.04344898 -0.709723 0.02171498 0.01708495 0.02999198 0.016909 0.04620796 -0.01719498 0.02896797 -0.01719498 0.02896797 0.016909 0.04620796 -0.01682198 0.05380898 -0.01682198 0.05380898 0.016909 0.04620796 0.01668 0.06242299 -0.01682198 0.05380898 0.01668 0.06242299 -0.01635295 0.07863199 -0.01635295 0.07863199 0.01668 0.06242299 0.01642096 0.078637 0.02996897 -12.65867 0.03047597 -12.71503 0.04617697 -12.65869 0.04617697 -12.65869 0.03047597 -12.71503 0.03100997 -12.8108 0.04617697 -12.65869 0.03100997 -12.8108 0.05428695 -12.96289 0.05428695 -12.96289 0.03100997 -12.8108 0.03142499 -12.90212 0.05428695 -12.96289 0.03142499 -12.90212 0.03172397 -12.96286 0.03172397 -12.96286 0.03340399 -13.26716 0.05428695 -12.96289 0.05428695 -12.96289 0.03340399 -13.26716 0.05600398 -13.2671 0.05428695 -12.96289 0.05600398 -13.2671 0.07849597 -13.13657 0.07849597 -13.13657 0.05600398 -13.2671 0.07859396 -13.26702 0.07849597 -13.13657 0.07855898 -13.00608 0.05428695 -12.96289 0.05428695 -12.96289 0.07855898 -13.00608 0.07856398 -12.87558 0.05428695 -12.96289 0.07856398 -12.87558 0.06238996 -12.65872 0.06238996 -12.65872 0.07856398 -12.87558 0.07846897 -12.74508 0.06238996 -12.65872 0.07846897 -12.74508 0.07847696 -12.72349 0.07847696 -12.72349 0.07851296 -12.70191 0.06238996 -12.65872 0.06238996 -12.65872 0.07851296 -12.70191 0.078561 -12.68033 0.06238996 -12.65872 0.078561 -12.68033 0.07860499 -12.65874 0.06238996 -12.65872 0.04617697 -12.65869 0.05428695 -12.96289 -0.64097 0.02382999 -0.64097 0 -0.373224 1.5e-5 -0.373224 1.5e-5 -0.64097 0 -0.504301 0 -0.373224 1.5e-5 -0.504301 0 -0.480448 0 -0.64097 0.02382999 -0.373224 1.5e-5 -0.320485 0.02085 -0.320485 0.02085 -0.373224 1.5e-5 -0.315713 0 -0.320485 0.02085 -0.315713 0 -0.208106 5.7e-5 -0.320485 0.02085 -0.208106 5.7e-5 -0.160242 0.02085 -0.160242 0.02085 -0.208106 5.7e-5 -0.157124 10e-7 -0.160242 0.02085 -0.157124 10e-7 -0.106828 0.02085 -0.106828 0.02085 -0.157124 10e-7 0 0 -0.106828 0.02085 0 0 0 0.02381598 0 0.02381598 0 0.04761898 -0.106828 0.02085 -0.106828 0.02085 0 0.04761898 -0.119323 0.04786497 -0.106828 0.02085 -0.119323 0.04786497 -0.160242 0.02085 -0.160242 0.02085 -0.119323 0.04786497 -0.29291 0.047634 -0.160242 0.02085 -0.29291 0.047634 -0.320485 0.02085 -0.320485 0.02085 -0.29291 0.047634 -0.64097 0.04761999 -0.320485 0.02085 -0.64097 0.04761999 -0.64097 0.02382999 -1.556048 0 -1.542361 0 -1.556048 0.02170699 -1.556048 0.02170699 -1.542361 0 -1.501931 0.02170795 -1.556048 0.02170699 -1.501931 0.02170795 -1.556048 0.04344898 -1.556048 0.04344898 -1.501931 0.02170795 -1.391661 0.04344898 -1.391661 0.04344898 -1.501931 0.02170795 -1.360805 0.02170896 -1.391661 0.04344898 -1.360805 0.02170896 -1.281391 0.04344898 -1.281391 0.04344898 -1.360805 0.02170896 -1.219679 0.02171099 -1.281391 0.04344898 -1.219679 0.02171099 -1.133705 0.04344999 -1.133705 0.04344999 -1.219679 0.02171099 -1.092191 0.021712 -1.133705 0.04344999 -1.092191 0.021712 -0.985987 0.04344898 -0.985987 0.04344898 -1.092191 0.021712 -0.964702 0.02171295 -0.985987 0.04344898 -0.964702 0.02171295 -0.843094 0.04344898 -0.843094 0.04344898 -0.964702 0.02171295 -0.837213 0.02171397 -0.843094 0.04344898 -0.837213 0.02171397 -0.709724 0.02171599 -0.709724 0.02171599 -0.837213 0.02171397 -0.778677 8.7e-5 -0.709724 0.02171599 -0.778677 8.7e-5 -0.681441 2.3e-5 -1.542361 0 -1.507105 0 -1.501931 0.02170795 -1.501931 0.02170795 -1.507105 0 -1.458509 0 -1.501931 0.02170795 -1.458509 0 -1.420201 1.1e-5 -1.501931 0.02170795 -1.420201 1.1e-5 -1.360805 0.02170896 -1.360805 0.02170896 -1.420201 1.1e-5 -1.361221 10e-7 -1.360805 0.02170896 -1.361221 10e-7 -1.264094 1.1e-5 -1.360805 0.02170896 -1.264094 1.1e-5 -1.219679 0.02171099 -1.219679 0.02171099 -1.264094 1.1e-5 -1.166893 10e-6 -1.219679 0.02171099 -1.166893 10e-6 -1.092191 0.021712 -1.092191 0.021712 -1.166893 10e-6 -1.125836 0 -1.092191 0.021712 -1.125836 0 -1.070086 2e-6 -1.092191 0.021712 -1.070086 2e-6 -0.964702 0.02171295 -0.964702 0.02171295 -1.070086 2e-6 -0.973219 3e-6 -0.964702 0.02171295 -0.973219 3e-6 -0.875929 1.79e-4 -0.964702 0.02171295 -0.875929 1.79e-4 -0.837213 0.02171397 -0.837213 0.02171397 -0.875929 1.79e-4 -0.778677 8.7e-5 -0.681441 2.3e-5 -0.647306 4.9e-5 -0.709724 0.02171599 -0.709724 0.02171599 -0.647306 4.9e-5 -0.562066 0.02171695 -0.709724 0.02171599 -0.562066 0.02171695 -0.700198 0.04344898 -0.700198 0.04344898 -0.562066 0.02171695 -0.571584 0.04344999 -0.571584 0.04344999 -0.562066 0.02171695 -0.442987 0.04344898 -0.442987 0.04344898 -0.562066 0.02171695 -0.414408 0.02171796 -0.442987 0.04344898 -0.414408 0.02171796 -0.40057 0.04344898 -0.40057 0.04344898 -0.414408 0.02171796 -0.270894 0.02171999 -0.40057 0.04344898 -0.270894 0.02171999 -0.276027 0.04344898 -0.276027 0.04344898 -0.270894 0.02171999 -0.135448 0.021721 -0.276027 0.04344898 -0.135448 0.021721 -0.136086 0.04344898 -0.136086 0.04344898 -0.135448 0.021721 -2e-6 0.04344898 -2e-6 0.04344898 -0.135448 0.021721 0 0.02172195 0 0.02172195 -0.135448 0.021721 -0.09740996 5e-6 0 0.02172195 -0.09740996 5e-6 -7e-6 0 -0.647306 4.9e-5 -0.584352 2e-6 -0.562066 0.02171695 -0.562066 0.02171695 -0.584352 2e-6 -0.499496 7.2e-5 -0.562066 0.02171695 -0.499496 7.2e-5 -0.414408 0.02171796 -0.414408 0.02171796 -0.499496 7.2e-5 -0.414408 9.6e-5 -0.414408 0.02171796 -0.414408 9.6e-5 -0.389995 7.7e-5 -0.389995 7.7e-5 -0.292039 10e-6 -0.414408 0.02171796 -0.414408 0.02171796 -0.292039 10e-6 -0.270894 0.02171999 -0.292039 10e-6 -0.194535 0 -0.270894 0.02171999 -0.270894 0.02171999 -0.194535 0 -0.135448 0.021721 -0.194535 0 -0.09740996 5e-6 -0.135448 0.021721 -0.700198 0.04344898 -0.843094 0.04344898 -0.709724 0.02171599 -0.01708197 -0.02999299 -0.01690697 -0.04620796 0.017192 -0.02896898 0.017192 -0.02896898 -0.01690697 -0.04620796 0.016819 -0.05380898 0.016819 -0.05380898 -0.01690697 -0.04620796 -0.01667696 -0.06242299 0.016819 -0.05380898 -0.01667696 -0.06242299 0.01635098 -0.07863199 0.01635098 -0.07863199 -0.01667696 -0.06242299 -0.01641899 -0.078637 -0.02996999 12.65868 -0.03047698 12.71503 -0.04617798 12.65871 -0.04617798 12.65871 -0.03047698 12.71503 -0.03101098 12.81082 -0.04617798 12.65871 -0.03101098 12.81082 -0.05428695 12.9629 -0.05428695 12.9629 -0.03101098 12.81082 -0.03142696 12.90232 -0.05428695 12.9629 -0.03142696 12.90232 -0.03172498 12.96288 -0.03172498 12.96288 -0.03340399 13.26717 -0.05428695 12.9629 -0.05428695 12.9629 -0.03340399 13.26717 -0.05599898 13.2671 -0.05428695 12.9629 -0.05599898 13.2671 -0.07849597 13.13658 -0.07849597 13.13658 -0.05599898 13.2671 -0.07859396 13.26703 -0.07849597 13.13658 -0.07855898 13.00609 -0.05428695 12.9629 -0.05428695 12.9629 -0.07855898 13.00609 -0.07856398 12.87559 -0.05428695 12.9629 -0.07856398 12.87559 -0.06238996 12.65873 -0.06238996 12.65873 -0.07856398 12.87559 -0.07846897 12.74509 -0.06238996 12.65873 -0.07846897 12.74509 -0.07860499 12.65876 -0.06238996 12.65873 -0.04617798 12.65871 -0.05428695 12.9629 -0.640978 0.02382498 -0.640978 0 -0.373256 1.5e-5 -0.373256 1.5e-5 -0.640978 0 -0.504308 0 -0.373256 1.5e-5 -0.504308 0 -0.480454 0 -0.640978 0.02382498 -0.373256 1.5e-5 -0.320489 0.02085 -0.320489 0.02085 -0.373256 1.5e-5 -0.31572 0 -0.320489 0.02085 -0.31572 0 -0.208119 5.7e-5 -0.320489 0.02085 -0.208119 5.7e-5 -0.160244 0.02085 -0.160244 0.02085 -0.208119 5.7e-5 -0.157126 10e-7 -0.160244 0.02085 -0.157126 10e-7 -0.10683 0.02085 -0.10683 0.02085 -0.157126 10e-7 0 0 -0.10683 0.02085 0 0 0 0.02381598 0 0.02381598 0 0.04762095 -0.10683 0.02085 -0.10683 0.02085 0 0.04762095 -0.119327 0.04786598 -0.10683 0.02085 -0.119327 0.04786598 -0.160244 0.02085 -0.160244 0.02085 -0.119327 0.04786598 -0.292917 0.04763495 -0.160244 0.02085 -0.292917 0.04763495 -0.320489 0.02085 -0.320489 0.02085 -0.292917 0.04763495 -0.640978 0.04762095 -0.320489 0.02085 -0.640978 0.04762095 -0.640978 0.02382498 -2.1 -0.482459 -1.95 -0.16082 -2.1 0 -2.1 0 -1.95 -0.16082 -1.95 0.321639 -2.1 0 -1.95 0.321639 -2.1 0.482459 -2.1 0.482459 -1.95 0.321639 -1.95 0.804098 -2.1 0.482459 -1.95 0.804098 -2.1 0.964918 -2.1 0.964918 -1.95 0.804098 -1.95 1.286557 -2.1 0.964918 -1.95 1.286557 -2.1 1.447377 -2.1 1.447377 -1.95 1.286557 -1.95 1.769016 -2.1 1.447377 -1.95 1.769016 -2.1 1.929836 -2.1 1.929836 -1.95 1.769016 -1.95 2.251475 -2.1 1.929836 -1.95 2.251475 -2.1 2.412294 -2.1 2.412294 -1.95 2.251475 -1.95 2.733934 -2.1 2.412294 -1.95 2.733934 -2.1 2.894753 -2.1 2.894753 -1.95 2.733934 -1.95 3.216393 -2.1 2.894753 -1.95 3.216393 -2.1 3.377212 -2.1 3.377212 -1.95 3.216393 -1.95 3.698851 -2.1 3.377212 -1.95 3.698851 -2.1 3.859671 -2.1 3.859671 -1.95 3.698851 -1.95 4.181311 -2.1 3.859671 -1.95 4.181311 -2.1 4.34213 -2.1 4.34213 -1.95 4.181311 -1.95 4.663769 -2.1 4.34213 -1.95 4.663769 -2.1 4.824589 -2.1 4.824589 -1.95 4.663769 -1.95 5.146228 -2.1 4.824589 -1.95 5.146228 -2.1 5.307048 -2.1 5.307048 -1.95 5.146228 -1.95 5.628687 -2.1 5.307048 -1.95 5.628687 -2.1 5.789506 -2.1 5.789506 -1.95 5.628687 -1.95 6.111146 -2.1 5.789506 -1.95 6.111146 -2.1 6.271966 -2.1 6.271966 -1.95 6.111146 -1.95 6.593605 -2.1 6.271966 -1.95 6.593605 -2.1 6.754425 -2.1 6.754425 -1.95 6.593605 -1.95 7.076064 -2.1 6.754425 -1.95 7.076064 -2.1 7.236883 -2.1 7.236883 -1.95 7.076064 -1.95 7.558523 -2.1 7.236883 -1.95 7.558523 -2.1 7.719342 -2.1 7.719342 -1.95 7.558523 -1.95 8.040982 -2.1 7.719342 -1.95 8.040982 -2.1 8.201802 -2.1 8.201802 -1.95 8.040982 -1.95 8.523441 -2.1 8.201802 -1.95 8.523441 -2.1 8.684261 -2.1 8.684261 -1.95 8.523441 -1.95 9.0059 -2.1 8.684261 -1.95 9.0059 -2.1 9.166718 -2.1 9.166718 -1.95 9.0059 -1.95 9.488358 -2.1 9.166718 -1.95 9.488358 -2.1 9.649178 -2.1 9.649178 -1.95 9.488358 -1.95 9.970817 -2.1 9.649178 -1.95 9.970817 -2.1 10.13164 -2.1 10.13164 -1.95 9.970817 -1.95 10.45328 -2.1 10.13164 -1.95 10.45328 -2.1 10.6141 -2.1 10.6141 -1.95 10.45328 -1.95 10.93573 -2.1 10.6141 -1.95 10.93573 -2.1 11.09655 -2.1 11.09655 -1.95 10.93573 -1.95 11.41819 -2.1 11.09655 -1.95 11.41819 -2.1 11.57901 -2.1 11.57901 -1.95 11.41819 -1.95 11.90065 -2.1 11.57901 -1.95 11.90065 -2.1 12.06147 -2.1 12.06147 -1.95 11.90065 -1.95 12.38311 -2.1 12.06147 -1.95 12.38311 -2.1 12.54393 -2.1 12.54393 -1.95 12.38311 -1.95 12.86557 -2.1 12.54393 -1.95 12.86557 -2.1 13.02639 -2.1 13.02639 -1.95 12.86557 -1.95 13.34803 -2.1 13.02639 -1.95 13.34803 -2.1 13.50885 -2.1 -13.50885 -1.95 -13.66967 -1.95 -13.18721 -2.1 -13.50885 -1.95 -13.18721 -2.1 -13.02639 -2.1 -13.02639 -1.95 -13.18721 -1.95 -12.70475 -2.1 -13.02639 -1.95 -12.70475 -2.1 -12.54393 -2.1 -12.54393 -1.95 -12.70475 -1.95 -12.22229 -2.1 -12.54393 -1.95 -12.22229 -2.1 -12.06147 -2.1 -12.06147 -1.95 -12.22229 -1.95 -11.73983 -2.1 -12.06147 -1.95 -11.73983 -2.1 -11.57901 -2.1 -11.57901 -1.95 -11.73983 -1.95 -11.25737 -2.1 -11.57901 -1.95 -11.25737 -2.1 -11.09655 -2.1 -11.09655 -1.95 -11.25737 -1.95 -10.77491 -2.1 -11.09655 -1.95 -10.77491 -2.1 -10.6141 -2.1 -10.6141 -1.95 -10.77491 -1.95 -10.29246 -2.1 -10.6141 -1.95 -10.29246 -2.1 -10.13164 -2.1 -10.13164 -1.95 -10.29246 -1.95 -9.809998 -2.1 -10.13164 -1.95 -9.809998 -2.1 -9.649178 -2.1 -9.649178 -1.95 -9.809998 -1.95 -9.327538 -2.1 -9.649178 -1.95 -9.327538 -2.1 -9.166718 -2.1 -9.166718 -1.95 -9.327538 -1.95 -8.84508 -2.1 -9.166718 -1.95 -8.84508 -2.1 -8.684261 -2.1 -8.684261 -1.95 -8.84508 -1.95 -8.362622 -2.1 -8.684261 -1.95 -8.362622 -2.1 -8.201802 -2.1 -8.201802 -1.95 -8.362622 -1.95 -7.880162 -2.1 -8.201802 -1.95 -7.880162 -2.1 -7.719342 -2.1 -7.719342 -1.95 -7.880162 -1.95 -7.397703 -2.1 -7.719342 -1.95 -7.397703 -2.1 -7.236883 -2.1 -7.236883 -1.95 -7.397703 -1.95 -6.915244 -2.1 -7.236883 -1.95 -6.915244 -2.1 -6.754425 -2.1 -6.754425 -1.95 -6.915244 -1.95 -6.432785 -2.1 -6.754425 -1.95 -6.432785 -2.1 -6.271966 -2.1 -6.271966 -1.95 -6.432785 -1.95 -5.950326 -2.1 -6.271966 -1.95 -5.950326 -2.1 -5.789506 -2.1 -5.789506 -1.95 -5.950326 -1.95 -5.467867 -2.1 -5.789506 -1.95 -5.467867 -2.1 -5.307048 -2.1 -5.307048 -1.95 -5.467867 -1.95 -4.985408 -2.1 -5.307048 -1.95 -4.985408 -2.1 -4.824589 -2.1 -4.824589 -1.95 -4.985408 -1.95 -4.50295 -2.1 -4.824589 -1.95 -4.50295 -2.1 -4.34213 -2.1 -4.34213 -1.95 -4.50295 -1.95 -4.020491 -2.1 -4.34213 -1.95 -4.020491 -2.1 -3.859671 -2.1 -3.859671 -1.95 -4.020491 -1.95 -3.538032 -2.1 -3.859671 -1.95 -3.538032 -2.1 -3.377212 -2.1 -3.377212 -1.95 -3.538032 -1.95 -3.055573 -2.1 -3.377212 -1.95 -3.055573 -2.1 -2.894753 -2.1 -2.894753 -1.95 -3.055573 -1.95 -2.573114 -2.1 -2.894753 -1.95 -2.573114 -2.1 -2.412294 -2.1 -2.412294 -1.95 -2.573114 -1.95 -2.090655 -2.1 -2.412294 -1.95 -2.090655 -2.1 -1.929836 -2.1 -1.929836 -1.95 -2.090655 -1.95 -1.608196 -2.1 -1.929836 -1.95 -1.608196 -2.1 -1.447377 -2.1 -1.447377 -1.95 -1.608196 -1.95 -1.125737 -2.1 -1.447377 -1.95 -1.125737 -2.1 -0.964918 -2.1 -0.964918 -1.95 -1.125737 -1.95 -0.643279 -2.1 -0.964918 -1.95 -0.643279 -2.1 -0.482459 -2.1 -0.482459 -1.95 -0.643279 -1.95 -0.16082 -3.123051 0.411158 -4.322648 0.487045 -3.15 0 -3.15 0 -4.322648 0.487045 -4.35 0 -3.15 0 -4.35 0 -4.322648 -0.487045 -4.322648 0.487045 -3.123051 0.411158 -4.240936 0.967966 -4.240936 0.967966 -3.123051 0.411158 -3.042666 0.81528 -4.240936 0.967966 -3.042666 0.81528 -4.105893 1.436714 -4.105893 1.436714 -3.042666 0.81528 -2.910221 1.205453 -4.105893 1.436714 -2.910221 1.205453 -3.919214 1.887394 -3.919214 1.887394 -2.910221 1.205453 -2.72798 1.575 -3.919214 1.887394 -2.72798 1.575 -3.68325 2.31434 -3.68325 2.31434 -2.72798 1.575 -2.499063 1.917598 -3.68325 2.31434 -2.499063 1.917598 -3.400967 2.712181 -3.400967 2.712181 -2.499063 1.917598 -2.227386 2.227386 -3.400967 2.712181 -2.227386 2.227386 -3.075914 3.075914 -3.075914 3.075914 -2.227386 2.227386 -2.712181 3.400967 -2.712181 3.400967 -2.227386 2.227386 -1.917598 2.499063 -2.712181 3.400967 -1.917598 2.499063 -2.31434 3.68325 -2.31434 3.68325 -1.917598 2.499063 -1.575 2.72798 -2.31434 3.68325 -1.575 2.72798 -1.887394 3.919214 -1.887394 3.919214 -1.575 2.72798 -1.205453 2.910221 -1.887394 3.919214 -1.205453 2.910221 -1.436714 4.105893 -1.436714 4.105893 -1.205453 2.910221 -0.81528 3.042666 -1.436714 4.105893 -0.81528 3.042666 -0.967966 4.240936 -0.967966 4.240936 -0.81528 3.042666 -0.411158 3.123051 -0.967966 4.240936 -0.411158 3.123051 -0.487045 4.322648 -0.487045 4.322648 -0.411158 3.123051 0 3.15 -0.487045 4.322648 0 3.15 0 4.35 0 4.35 0 3.15 0.487045 4.322648 0.487045 4.322648 0 3.15 0.411158 3.123051 0.487045 4.322648 0.411158 3.123051 0.967966 4.240936 0.967966 4.240936 0.411158 3.123051 0.81528 3.042666 0.967966 4.240936 0.81528 3.042666 1.436714 4.105893 1.436714 4.105893 0.81528 3.042666 1.205453 2.910221 1.436714 4.105893 1.205453 2.910221 1.887394 3.919214 1.887394 3.919214 1.205453 2.910221 1.575 2.72798 1.887394 3.919214 1.575 2.72798 2.31434 3.68325 2.31434 3.68325 1.575 2.72798 1.917598 2.499063 2.31434 3.68325 1.917598 2.499063 2.712181 3.400967 2.712181 3.400967 1.917598 2.499063 2.227386 2.227386 2.712181 3.400967 2.227386 2.227386 3.075914 3.075914 3.075914 3.075914 2.227386 2.227386 3.400967 2.712181 3.400967 2.712181 2.227386 2.227386 2.499063 1.917598 3.400967 2.712181 2.499063 1.917598 3.68325 2.31434 3.68325 2.31434 2.499063 1.917598 2.72798 1.575 3.68325 2.31434 2.72798 1.575 3.919214 1.887394 3.919214 1.887394 2.72798 1.575 2.910221 1.205453 3.919214 1.887394 2.910221 1.205453 4.105893 1.436714 4.105893 1.436714 2.910221 1.205453 3.042666 0.81528 4.105893 1.436714 3.042666 0.81528 4.240936 0.967966 4.240936 0.967966 3.042666 0.81528 3.123051 0.411158 4.240936 0.967966 3.123051 0.411158 4.322648 0.487045 4.322648 0.487045 3.123051 0.411158 3.15 0 4.322648 0.487045 3.15 0 4.35 0 4.35 0 3.15 0 4.322648 -0.487045 4.322648 -0.487045 3.15 0 3.123051 -0.411158 4.322648 -0.487045 3.123051 -0.411158 4.240936 -0.967966 4.240936 -0.967966 3.123051 -0.411158 3.042666 -0.81528 4.240936 -0.967966 3.042666 -0.81528 4.105893 -1.436714 4.105893 -1.436714 3.042666 -0.81528 2.910221 -1.205453 4.105893 -1.436714 2.910221 -1.205453 3.919214 -1.887394 3.919214 -1.887394 2.910221 -1.205453 2.72798 -1.575 3.919214 -1.887394 2.72798 -1.575 3.68325 -2.31434 3.68325 -2.31434 2.72798 -1.575 2.499063 -1.917598 3.68325 -2.31434 2.499063 -1.917598 3.400967 -2.712181 3.400967 -2.712181 2.499063 -1.917598 2.227386 -2.227386 3.400967 -2.712181 2.227386 -2.227386 3.075914 -3.075914 3.075914 -3.075914 2.227386 -2.227386 2.712181 -3.400967 2.712181 -3.400967 2.227386 -2.227386 1.917598 -2.499063 2.712181 -3.400967 1.917598 -2.499063 2.31434 -3.68325 2.31434 -3.68325 1.917598 -2.499063 1.575 -2.72798 2.31434 -3.68325 1.575 -2.72798 1.887394 -3.919214 1.887394 -3.919214 1.575 -2.72798 1.205453 -2.910221 1.887394 -3.919214 1.205453 -2.910221 1.436714 -4.105893 1.436714 -4.105893 1.205453 -2.910221 0.81528 -3.042666 1.436714 -4.105893 0.81528 -3.042666 0.967966 -4.240936 0.967966 -4.240936 0.81528 -3.042666 0.411158 -3.123051 0.967966 -4.240936 0.411158 -3.123051 0.487045 -4.322648 0.487045 -4.322648 0.411158 -3.123051 0 -3.15 0.487045 -4.322648 0 -3.15 0 -4.35 0 -4.35 0 -3.15 -0.487045 -4.322648 -0.487045 -4.322648 0 -3.15 -0.411158 -3.123051 -0.487045 -4.322648 -0.411158 -3.123051 -0.967966 -4.240936 -0.967966 -4.240936 -0.411158 -3.123051 -0.81528 -3.042666 -0.967966 -4.240936 -0.81528 -3.042666 -1.436714 -4.105893 -1.436714 -4.105893 -0.81528 -3.042666 -1.205453 -2.910221 -1.436714 -4.105893 -1.205453 -2.910221 -1.887394 -3.919214 -1.887394 -3.919214 -1.205453 -2.910221 -1.575 -2.72798 -1.887394 -3.919214 -1.575 -2.72798 -2.31434 -3.68325 -2.31434 -3.68325 -1.575 -2.72798 -1.917598 -2.499063 -2.31434 -3.68325 -1.917598 -2.499063 -2.712181 -3.400967 -2.712181 -3.400967 -1.917598 -2.499063 -2.227386 -2.227386 -2.712181 -3.400967 -2.227386 -2.227386 -3.075914 -3.075914 -3.075914 -3.075914 -2.227386 -2.227386 -3.400967 -2.712181 -3.400967 -2.712181 -2.227386 -2.227386 -2.499063 -1.917598 -3.400967 -2.712181 -2.499063 -1.917598 -3.68325 -2.31434 -3.68325 -2.31434 -2.499063 -1.917598 -2.72798 -1.575 -3.68325 -2.31434 -2.72798 -1.575 -3.919214 -1.887394 -3.919214 -1.887394 -2.72798 -1.575 -2.910221 -1.205453 -3.919214 -1.887394 -2.910221 -1.205453 -4.105893 -1.436714 -4.105893 -1.436714 -2.910221 -1.205453 -3.042666 -0.81528 -4.105893 -1.436714 -3.042666 -0.81528 -4.240936 -0.967966 -4.240936 -0.967966 -3.042666 -0.81528 -3.123051 -0.411158 -4.240936 -0.967966 -3.123051 -0.411158 -4.322648 -0.487045 -4.322648 -0.487045 -3.123051 -0.411158 -3.15 0 -0.207055 0.772741 -0.04790097 0.4977 0 0.8 0 0.8 -0.04790097 0.4977 0.116298 0.486287 0 0.8 0.116298 0.486287 0.207055 0.772741 0.207055 0.772741 0.116298 0.486287 0.4 0.69282 0.4 0.69282 0.116298 0.486287 0.267893 0.422177 0.4 0.69282 0.267893 0.422177 0.565685 0.565685 0.565685 0.565685 0.267893 0.422177 0.390459 0.312317 0.565685 0.565685 0.390459 0.312317 0.69282 0.4 0.69282 0.4 0.390459 0.312317 0.470712 0.168613 0.69282 0.4 0.470712 0.168613 0.772741 0.207055 0.772741 0.207055 0.470712 0.168613 0.499956 0.006636977 0.772741 0.207055 0.499956 0.006636977 0.8 0 0.8 0 0.499956 0.006636977 0.772741 -0.207055 0.772741 -0.207055 0.499956 0.006636977 0.475022 -0.156058 0.772741 -0.207055 0.475022 -0.156058 0.69282 -0.4 0.69282 -0.4 0.475022 -0.156058 0.398612 -0.301842 0.69282 -0.4 0.398612 -0.301842 0.565685 -0.565685 0.565685 -0.565685 0.398612 -0.301842 0.279007 -0.414916 0.565685 -0.565685 0.279007 -0.414916 0.4 -0.69282 0.4 -0.69282 0.279007 -0.414916 0.129166 -0.483028 0.4 -0.69282 0.129166 -0.483028 0.207055 -0.772741 0.207055 -0.772741 0.129166 -0.483028 0 -0.8 0 -0.8 0.129166 -0.483028 -0.03467094 -0.498796 0 -0.8 -0.03467094 -0.498796 -0.207055 -0.772741 -0.207055 -0.772741 -0.03467094 -0.498796 -0.194752 -0.460512 -0.207055 -0.772741 -0.194752 -0.460512 -0.4 -0.69282 -0.4 -0.69282 -0.194752 -0.460512 -0.333728 -0.372325 -0.4 -0.69282 -0.333728 -0.372325 -0.565685 -0.565685 -0.565685 -0.565685 -0.333728 -0.372325 -0.436539 -0.24379 -0.565685 -0.565685 -0.436539 -0.24379 -0.69282 -0.4 -0.69282 -0.4 -0.436539 -0.24379 -0.772741 -0.207055 -0.772741 -0.207055 -0.436539 -0.24379 -0.492045 -0.08883696 -0.772741 -0.207055 -0.492045 -0.08883696 -0.8 0 -0.8 0 -0.492045 -0.08883696 -0.49423 0.07574295 -0.8 0 -0.49423 0.07574295 -0.772741 0.207055 -0.772741 0.207055 -0.49423 0.07574295 -0.442857 0.232115 -0.772741 0.207055 -0.442857 0.232115 -0.69282 0.4 -0.69282 0.4 -0.442857 0.232115 -0.343494 0.363334 -0.69282 0.4 -0.343494 0.363334 -0.565685 0.565685 -0.565685 0.565685 -0.343494 0.363334 -0.4 0.69282 -0.4 0.69282 -0.343494 0.363334 -0.206908 0.45518 -0.4 0.69282 -0.206908 0.45518 -0.207055 0.772741 -0.207055 0.772741 -0.206908 0.45518 -0.04790097 0.4977 -0.482963 -0.12941 -0.5 0 -0.775 0 -0.775 0 -0.5 0 -0.482963 0.12941 -0.775 0 -0.482963 0.12941 -0.748592 0.200585 -0.748592 0.200585 -0.482963 0.12941 -0.433013 0.25 -0.748592 0.200585 -0.433013 0.25 -0.67117 0.3875 -0.67117 0.3875 -0.433013 0.25 -0.353553 0.353553 -0.67117 0.3875 -0.353553 0.353553 -0.548008 0.548008 -0.548008 0.548008 -0.353553 0.353553 -0.25 0.433013 -0.548008 0.548008 -0.25 0.433013 -0.3875 0.67117 -0.3875 0.67117 -0.25 0.433013 -0.12941 0.482963 -0.3875 0.67117 -0.12941 0.482963 -0.200585 0.748592 -0.200585 0.748592 -0.12941 0.482963 0 0.5 -0.200585 0.748592 0 0.5 0 0.775 0 0.775 0 0.5 0.200585 0.748592 0.200585 0.748592 0 0.5 0.12941 0.482963 0.200585 0.748592 0.12941 0.482963 0.3875 0.67117 0.3875 0.67117 0.12941 0.482963 0.25 0.433013 0.3875 0.67117 0.25 0.433013 0.548008 0.548008 0.548008 0.548008 0.25 0.433013 0.353553 0.353553 0.548008 0.548008 0.353553 0.353553 0.67117 0.3875 0.67117 0.3875 0.353553 0.353553 0.433013 0.25 0.67117 0.3875 0.433013 0.25 0.748592 0.200585 0.748592 0.200585 0.433013 0.25 0.482963 0.12941 0.748592 0.200585 0.482963 0.12941 0.775 0 0.775 0 0.482963 0.12941 0.5 0 0.775 0 0.5 0 0.748592 -0.200585 0.748592 -0.200585 0.5 0 0.482963 -0.12941 0.748592 -0.200585 0.482963 -0.12941 0.433013 -0.25 0.748592 -0.200585 0.433013 -0.25 0.67117 -0.3875 0.67117 -0.3875 0.433013 -0.25 0.353553 -0.353553 0.67117 -0.3875 0.353553 -0.353553 0.548008 -0.548008 0.548008 -0.548008 0.353553 -0.353553 0.25 -0.433013 0.548008 -0.548008 0.25 -0.433013 0.3875 -0.67117 0.3875 -0.67117 0.25 -0.433013 0.12941 -0.482963 0.3875 -0.67117 0.12941 -0.482963 0.200585 -0.748592 0.200585 -0.748592 0.12941 -0.482963 0 -0.5 0.200585 -0.748592 0 -0.5 0 -0.775 0 -0.775 0 -0.5 -0.200585 -0.748592 -0.200585 -0.748592 0 -0.5 -0.12941 -0.482963 -0.200585 -0.748592 -0.12941 -0.482963 -0.3875 -0.67117 -0.3875 -0.67117 -0.12941 -0.482963 -0.25 -0.433013 -0.3875 -0.67117 -0.25 -0.433013 -0.548008 -0.548008 -0.548008 -0.548008 -0.25 -0.433013 -0.353553 -0.353553 -0.548008 -0.548008 -0.353553 -0.353553 -0.67117 -0.3875 -0.67117 -0.3875 -0.353553 -0.353553 -0.433013 -0.25 -0.67117 -0.3875 -0.433013 -0.25 -0.748592 -0.200585 -0.748592 -0.200585 -0.433013 -0.25 -0.482963 -0.12941 -0.748592 -0.200585 -0.482963 -0.12941 -0.775 0 0.277164 0.242305 0.231602 0.167318 0.3 0.1274999 0.3 0.1274999 0.231602 0.167318 0.223578 0.05512595 0.3 0.1274999 0.223578 0.05512595 0.3 -0.104956 0.3 -0.104956 0.223578 0.05512595 0.1643339 -0.04048597 0.3 -0.104956 0.1643339 -0.04048597 0.153755 -0.155405 0.153755 -0.155405 0.1643339 -0.04048597 0.06744396 -0.09761399 0.153755 -0.155405 0.06744396 -0.09761399 0 -0.1725 0 -0.1725 0.06744396 -0.09761399 -0.04489696 -0.103171 0 -0.1725 -0.04489696 -0.103171 -0.153755 -0.155405 -0.153755 -0.155405 -0.04489696 -0.103171 -0.146953 -0.05588495 -0.153755 -0.155405 -0.146953 -0.05588495 -0.3 -0.104956 -0.3 -0.104956 -0.146953 -0.05588495 -0.2153429 0.03341299 -0.3 -0.104956 -0.2153429 0.03341299 -0.3 0.1274999 -0.3 0.1274999 -0.2153429 0.03341299 -0.234401 0.1442649 -0.3 0.1274999 -0.234401 0.1442649 -0.277164 0.242305 -0.277164 0.242305 -0.234401 0.1442649 -0.199761 0.251277 -0.277164 0.242305 -0.199761 0.251277 -0.212132 0.339632 -0.212132 0.339632 -0.199761 0.251277 -0.119358 0.329932 -0.212132 0.339632 -0.119358 0.329932 -0.114805 0.404664 -0.114805 0.404664 -0.119358 0.329932 -0.01161098 0.362213 -0.114805 0.404664 -0.01161098 0.362213 0 0.4275 0 0.4275 -0.01161098 0.362213 0.09879601 0.340724 0 0.4275 0.09879601 0.340724 0.114805 0.404664 0.114805 0.404664 0.09879601 0.340724 0.212132 0.339632 0.212132 0.339632 0.09879601 0.340724 0.186569 0.270388 0.212132 0.339632 0.186569 0.270388 0.277164 0.242305 0.277164 0.242305 0.186569 0.270388 0.231602 0.167318 -3.770695 0.686662 -3.742593 0.686662 -3.770695 0.801106 -3.770695 0.801106 -3.742593 0.686662 -3.742593 0.801106 -3.770695 -0.801106 -3.742593 -0.801106 -3.770695 -0.686662 -3.770695 -0.686662 -3.742593 -0.801106 -3.742593 -0.686662 -3.770695 -0.686662 -3.742593 -0.686662 -3.770695 -0.572219 -3.770695 -0.572219 -3.742593 -0.686662 -3.742593 -0.572219 -3.770695 -0.572219 -3.742593 -0.572219 -3.770695 -0.457775 -3.770695 -0.457775 -3.742593 -0.572219 -3.742593 -0.457775 -3.770695 -0.457775 -3.742593 -0.457775 -3.770695 -0.343331 -3.770695 -0.343331 -3.742593 -0.457775 -3.742593 -0.343331 -3.770695 -0.343331 -3.742593 -0.343331 -3.770695 -0.228887 -3.770695 -0.228887 -3.742593 -0.343331 -3.742593 -0.228887 -3.770695 -0.228887 -3.742593 -0.228887 -3.770695 -0.114444 -3.770695 -0.114444 -3.742593 -0.228887 -3.742593 -0.114444 -3.770695 -0.114444 -3.742593 -0.114444 -3.770695 0 -3.770695 0 -3.742593 -0.114444 -3.742593 0 -3.770695 0 -3.742593 0 -3.770695 0.114444 -3.770695 0.114444 -3.742593 0 -3.742593 0.114444 -3.770695 0.114444 -3.742593 0.114444 -3.770695 0.228887 -3.770695 0.228887 -3.742593 0.114444 -3.742593 0.228887 -3.770695 0.228887 -3.742593 0.228887 -3.770695 0.343331 -3.770695 0.343331 -3.742593 0.228887 -3.742593 0.343331 -3.770695 0.343331 -3.742593 0.343331 -3.770695 0.457775 -3.770695 0.457775 -3.742593 0.343331 -3.742593 0.457775 -3.770695 0.457775 -3.742593 0.457775 -3.770695 0.572219 -3.770695 0.572219 -3.742593 0.457775 -3.742593 0.572219 -3.770695 0.572219 -3.742593 0.572219 -3.770695 0.686662 -3.770695 0.686662 -3.742593 0.572219 -3.742593 0.686662 -0.04351097 0.171727 -0.03711897 0.11456 -0.01840394 0.171727 -0.01840394 0.171727 -0.03711897 0.11456 -0.03147399 0.05731397 -0.01840394 0.171727 -0.03147399 0.05731397 0 0 0 0 -0.03147399 0.05731397 -0.02657896 0 0.05866295 -0.462397 0.019553 -0.467922 0.05866295 -0.485907 0.05866295 -0.485907 0.019553 -0.467922 -0.01960599 -0.473096 0.05866295 -0.485907 -0.01960599 -0.473096 -0.05880796 -0.503024 -0.05880796 -0.503024 -0.01960599 -0.473096 -0.05880796 -0.477917 0.2288399 0.785399 0.213746 0.688881 0.252404 0.7854 0.252404 0.7854 0.213746 0.688881 0.229241 0.648761 0.229241 0.648761 0.213746 0.688881 0.196728 0.589714 0.229241 0.648761 0.196728 0.589714 0.204355 0.508461 0.204355 0.508461 0.196728 0.589714 0.179136 0.490587 0.204355 0.508461 0.179136 0.490587 0.18341 0.383353 0.18341 0.383353 0.179136 0.490587 0.1626459 0.394117 0.18341 0.383353 0.1626459 0.394117 0.176905 0.340674 0.176905 0.340674 0.1626459 0.394117 0.148046 0.297617 0.176905 0.340674 0.148046 0.297617 0.1605229 0.210471 0.1605229 0.210471 0.148046 0.297617 0.136116 0.197793 0.1605229 0.210471 0.136116 0.197793 0.128564 0.09759598 0.1605229 0.210471 0.128564 0.09759598 0.151029 0.07948595 0.151029 0.07948595 0.128564 0.09759598 0.125994 10e-7 0.151029 0.07948595 0.125994 10e-7 0.150664 -0.06644797 0.150664 -0.06644797 0.125994 10e-7 0.128564 -0.097593 0.150664 -0.06644797 0.128564 -0.097593 0.160612 -0.212009 0.160612 -0.212009 0.128564 -0.097593 0.136116 -0.19779 0.160612 -0.212009 0.136116 -0.19779 0.148046 -0.297615 0.160612 -0.212009 0.148046 -0.297615 0.18004 -0.361344 0.18004 -0.361344 0.148046 -0.297615 0.1626459 -0.394115 0.18004 -0.361344 0.1626459 -0.394115 0.179135 -0.490584 0.18004 -0.361344 0.179135 -0.490584 0.2046959 -0.509844 0.2046959 -0.509844 0.179135 -0.490584 0.196727 -0.589712 0.2046959 -0.509844 0.196727 -0.589712 0.224133 -0.620331 0.224133 -0.620331 0.196727 -0.589712 0.2137449 -0.688879 0.224133 -0.620331 0.2137449 -0.688879 0.25235 -0.785397 0.25235 -0.785397 0.2137449 -0.688879 0.2288399 -0.785397 0.01618397 -0.47319 0.005403995 -0.471686 0.01618397 -0.497542 0.01618397 -0.497542 0.005403995 -0.471686 -0.016146 -0.492161 -0.016146 -0.492161 0.005403995 -0.471686 -0.005372941 -0.470155 -0.016146 -0.492161 -0.005372941 -0.470155 -0.016146 -0.468597 0.01187497 0.08503597 -0.01343697 0.08503597 0.009094953 0.06375199 0.009094953 0.06375199 -0.01343697 0.08503597 -0.016891 0.05666798 0.009094953 0.06375199 -0.016891 0.05666798 0.006178975 0.04248595 0.006178975 0.04248595 -0.016891 0.05666798 0.003141999 0.02123898 0.003141999 0.02123898 -0.016891 0.05666798 -0.02052897 0.02832198 0.003141999 0.02123898 -0.02052897 0.02832198 0 0 0 0 -0.02052897 0.02832198 -0.02435195 10e-7 0.03368198 0.517638 0.00524199 0.517638 0.03132599 0.387933 0.03132599 0.387933 0.00524199 0.517638 0.001843988 0.344736 0.03132599 0.387933 0.001843988 0.344736 0.02480596 0.258336 0.02480596 0.258336 0.001843988 0.344736 0.01434695 0.1289809 0.01434695 0.1289809 0.001843988 0.344736 -0.008345961 0.172101 0.01434695 0.1289809 -0.008345961 0.172101 0 0 0 0 -0.008345961 0.172101 -0.025312 0 -0.04205 0.345803 -0.03448998 0.230668 -0.01547098 0.345803 -0.01547098 0.345803 -0.03448998 0.230668 -0.029953 0.115374 -0.01547098 0.345803 -0.029953 0.115374 0 0 0 0 -0.029953 0.115374 -0.02843999 0 -0.04351097 0.171723 -0.03711897 0.114558 -0.01840496 0.171723 -0.01840496 0.171723 -0.03711897 0.114558 -0.03147494 0.05731296 -0.01840496 0.171723 -0.03147494 0.05731296 0 0 0 0 -0.03147494 0.05731296 -0.02657896 0 0.05866098 -0.462397 0.01955199 -0.467922 0.05866098 -0.485907 0.05866098 -0.485907 0.01955199 -0.467922 -0.01960498 -0.473095 0.05866098 -0.485907 -0.01960498 -0.473095 -0.058806 -0.503024 -0.058806 -0.503024 -0.01960498 -0.473095 -0.058806 -0.477917 0.2288399 -0.785407 0.213742 -0.881948 0.252404 -0.785407 0.252404 -0.785407 0.213742 -0.881948 0.229241 -0.922045 0.229241 -0.922045 0.213742 -0.881948 0.196717 -0.981153 0.229241 -0.922045 0.196717 -0.981153 0.204354 -1.062345 0.204354 -1.062345 0.196717 -0.981153 0.179122 -1.080295 0.204354 -1.062345 0.179122 -1.080295 0.183409 -1.187455 0.183409 -1.187455 0.179122 -1.080295 0.162644 -1.176699 0.183409 -1.187455 0.162644 -1.176699 0.176904 -1.230134 0.176904 -1.230134 0.162644 -1.176699 0.148036 -1.273264 0.176904 -1.230134 0.148036 -1.273264 0.160522 -1.360337 0.160522 -1.360337 0.148036 -1.273264 0.13611 -1.373076 0.160522 -1.360337 0.13611 -1.373076 0.128563 -1.473233 0.160522 -1.360337 0.128563 -1.473233 0.151028 -1.491321 0.151028 -1.491321 0.128563 -1.473233 0.125994 -1.570804 0.151028 -1.491321 0.125994 -1.570804 0.150664 -1.637254 0.150664 -1.637254 0.125994 -1.570804 0.128564 -1.668398 0.150664 -1.637254 0.128564 -1.668398 0.160612 -1.782815 0.160612 -1.782815 0.128564 -1.668398 0.136116 -1.768595 0.160612 -1.782815 0.136116 -1.768595 0.148046 -1.86842 0.160612 -1.782815 0.148046 -1.86842 0.18004 -1.93215 0.18004 -1.93215 0.148046 -1.86842 0.1626459 -1.964921 0.18004 -1.93215 0.1626459 -1.964921 0.179135 -2.06139 0.18004 -1.93215 0.179135 -2.06139 0.2046959 -2.08065 0.2046959 -2.08065 0.179135 -2.06139 0.196727 -2.160517 0.2046959 -2.08065 0.196727 -2.160517 0.224133 -2.191134 0.224133 -2.191134 0.196727 -2.160517 0.2137449 -2.259685 0.224133 -2.191134 0.2137449 -2.259685 0.252349 -2.356203 0.252349 -2.356203 0.2137449 -2.259685 0.2288399 -2.356203 0.016182 -0.473189 0.005402982 -0.471685 0.016182 -0.497542 0.016182 -0.497542 0.005402982 -0.471685 -0.01614296 -0.492162 -0.01614296 -0.492162 0.005402982 -0.471685 -0.005371987 -0.470155 -0.01614296 -0.492162 -0.005371987 -0.470155 -0.01614296 -0.468597 -0.01343697 0.08503496 -0.01689195 0.05666595 0.01187497 0.08503496 0.01187497 0.08503496 -0.01689195 0.05666595 0 -10e-7 0 -10e-7 -0.01689195 0.05666595 -0.02052998 0.02832096 0 -10e-7 -0.02052998 0.02832096 -0.02435195 -10e-7 -0.008366942 0.863439 0.004862964 0.575462 0.01821196 0.863439 0.01821196 0.863439 0.004862964 0.575462 0.033683 0.517635 0.033683 0.517635 0.004862964 0.575462 0.03132599 0.387931 0.03132599 0.387931 0.004862964 0.575462 0.02480596 0.258334 0.02480596 0.258334 0.004862964 0.575462 -7.94e-4 0.287236 0.02480596 0.258334 -7.94e-4 0.287236 0.01434695 0.12898 0.01434695 0.12898 -7.94e-4 0.287236 0 0 0 0 -7.94e-4 0.287236 -0.025312 0 0.808325 0 0.853051 0.113685 0.45 0 0.45 0 0.853051 0.113685 0.45 0.11781 0.45 0.11781 0.853051 0.113685 0.889491 0.230514 0.45 0.11781 0.889491 0.230514 0.45 0.235619 0.45 0.235619 0.889491 0.230514 0.913099 0.34969 0.45 0.235619 0.913099 0.34969 0.45 0.353429 0.45 0.353429 0.913099 0.34969 0.921331 0.471239 0.45 0.353429 0.921331 0.471239 0.45 0.471239 0.45 0.471239 0.921331 0.471239 0.45 0.589049 0.45 0.589049 0.921331 0.471239 0.913099 0.592788 0.45 0.589049 0.913099 0.592788 0.45 0.706858 0.45 0.706858 0.913099 0.592788 0.889491 0.711964 0.45 0.706858 0.889491 0.711964 0.45 0.824668 0.45 0.824668 0.889491 0.711964 0.853051 0.828793 0.45 0.824668 0.853051 0.828793 0.45 0.942478 0.45 0.942478 0.853051 0.828793 0.808325 0.942478 0.702925 0.267544 0.739555 0.344345 0.45 0.267544 0.45 0.267544 0.739555 0.344345 0.45 0.5 0.45 0.5 0.739555 0.344345 0.774692 0.42184 0.45 0.5 0.774692 0.42184 0.808325 0.5 -0.808325 0 -0.774692 -0.07815998 -0.45 0 -0.45 0 -0.774692 -0.07815998 -0.739555 -0.155655 -0.45 0 -0.739555 -0.155655 -0.45 -0.232456 -0.45 -0.232456 -0.739555 -0.155655 -0.702925 -0.232456 1.719536 -3.941218 1.909088 -3.964263 2.15 -3.723909 2.15 -3.723909 1.909088 -3.964263 2.340941 -3.725586 2.15 -3.723909 2.340941 -3.725586 2.553427 -3.45977 2.553427 -3.45977 2.340941 -3.725586 2.743355 -3.440058 2.553427 -3.45977 2.743355 -3.440058 2.924743 -3.152123 2.924743 -3.152123 2.743355 -3.440058 3.11127 -3.11127 2.924743 -3.152123 3.11127 -3.11127 3.259278 -2.804836 3.259278 -2.804836 3.11127 -3.11127 3.440058 -2.743355 3.259278 -2.804836 3.440058 -2.743355 3.552827 -2.422276 3.552827 -2.422276 3.440058 -2.743355 3.725586 -2.340941 3.552827 -2.422276 3.725586 -2.340941 3.801696 -2.009255 3.801696 -2.009255 3.725586 -2.340941 3.964263 -1.909088 3.801696 -2.009255 3.964263 -1.909088 4.002757 -1.570966 4.002757 -1.570966 3.964263 -1.909088 4.153087 -1.453228 4.002757 -1.570966 4.153087 -1.453228 4.153481 -1.112922 4.153481 -1.112922 4.153087 -1.453228 4.289683 -0.979092 4.153481 -1.112922 4.289683 -0.979092 4.251973 -0.640882 4.251973 -0.640882 4.289683 -0.979092 4.372334 -0.492644 4.251973 -0.640882 4.372334 -0.492644 4.296993 -0.160782 4.296993 -0.160782 4.372334 -0.492644 4.4 0 4.296993 -0.160782 4.4 0 4.287976 0.321339 4.287976 0.321339 4.4 0 4.372334 0.492644 4.287976 0.321339 4.372334 0.492644 4.225036 0.79942 4.225036 0.79942 4.372334 0.492644 4.289683 0.979092 4.225036 0.79942 4.289683 0.979092 4.108963 1.267447 4.108963 1.267447 4.289683 0.979092 4.153087 1.453228 4.108963 1.267447 4.153087 1.453228 3.941218 1.719536 3.941218 1.719536 4.153087 1.453228 3.964263 1.909088 3.941218 1.719536 3.964263 1.909088 3.723909 2.15 3.723909 2.15 3.964263 1.909088 3.725586 2.340941 3.723909 2.15 3.725586 2.340941 3.45977 2.553427 3.45977 2.553427 3.725586 2.340941 3.440058 2.743355 3.45977 2.553427 3.440058 2.743355 3.152123 2.924743 3.152123 2.924743 3.440058 2.743355 3.11127 3.11127 3.152123 2.924743 3.11127 3.11127 2.804836 3.259278 2.804836 3.259278 3.11127 3.11127 2.743355 3.440058 2.804836 3.259278 2.743355 3.440058 2.422276 3.552827 2.422276 3.552827 2.743355 3.440058 2.340941 3.725586 2.422276 3.552827 2.340941 3.725586 2.009255 3.801696 2.009255 3.801696 2.340941 3.725586 1.909088 3.964263 2.009255 3.801696 1.909088 3.964263 1.570966 4.002757 1.570966 4.002757 1.909088 3.964263 1.453228 4.153087 1.570966 4.002757 1.453228 4.153087 1.112922 4.153481 1.112922 4.153481 1.453228 4.153087 0.979092 4.289683 1.112922 4.153481 0.979092 4.289683 0.640882 4.251973 0.640882 4.251973 0.979092 4.289683 0.492644 4.372334 0.640882 4.251973 0.492644 4.372334 0.160782 4.296993 0.160782 4.296993 0.492644 4.372334 0 4.4 0.160782 4.296993 0 4.4 -0.321339 4.287976 -0.321339 4.287976 0 4.4 -0.492644 4.372334 -0.321339 4.287976 -0.492644 4.372334 -0.79942 4.225036 -0.79942 4.225036 -0.492644 4.372334 -0.979092 4.289683 -0.79942 4.225036 -0.979092 4.289683 -1.267447 4.108963 -1.267447 4.108963 -0.979092 4.289683 -1.453228 4.153087 -1.267447 4.108963 -1.453228 4.153087 -1.719536 3.941218 -1.719536 3.941218 -1.453228 4.153087 -1.909088 3.964263 -1.719536 3.941218 -1.909088 3.964263 -2.15 3.723909 -2.15 3.723909 -1.909088 3.964263 -2.340941 3.725586 -2.15 3.723909 -2.340941 3.725586 -2.553427 3.45977 -2.553427 3.45977 -2.340941 3.725586 -2.743355 3.440058 -2.553427 3.45977 -2.743355 3.440058 -2.924743 3.152123 -2.924743 3.152123 -2.743355 3.440058 -3.11127 3.11127 -2.924743 3.152123 -3.11127 3.11127 -3.259278 2.804836 -3.259278 2.804836 -3.11127 3.11127 -3.440058 2.743355 -3.259278 2.804836 -3.440058 2.743355 -3.552827 2.422276 -3.552827 2.422276 -3.440058 2.743355 -3.725586 2.340941 -3.552827 2.422276 -3.725586 2.340941 -3.801696 2.009255 -3.801696 2.009255 -3.725586 2.340941 -3.964263 1.909088 -3.801696 2.009255 -3.964263 1.909088 -4.002757 1.570966 -4.002757 1.570966 -3.964263 1.909088 -4.153087 1.453228 -4.002757 1.570966 -4.153087 1.453228 -4.153481 1.112922 -4.153481 1.112922 -4.153087 1.453228 -4.289683 0.979092 -4.153481 1.112922 -4.289683 0.979092 -4.251973 0.640882 -4.251973 0.640882 -4.289683 0.979092 -4.372334 0.492644 -4.251973 0.640882 -4.372334 0.492644 -4.296993 0.160782 -4.296993 0.160782 -4.372334 0.492644 -4.4 0 -4.296993 0.160782 -4.4 0 -4.287976 -0.321339 -4.287976 -0.321339 -4.4 0 -4.372334 -0.492644 -4.287976 -0.321339 -4.372334 -0.492644 -4.225036 -0.79942 -4.225036 -0.79942 -4.372334 -0.492644 -4.289683 -0.979092 -4.225036 -0.79942 -4.289683 -0.979092 -4.108963 -1.267447 -4.108963 -1.267447 -4.289683 -0.979092 -4.153087 -1.453228 -4.108963 -1.267447 -4.153087 -1.453228 -3.941218 -1.719536 -3.941218 -1.719536 -4.153087 -1.453228 -3.964263 -1.909088 -3.941218 -1.719536 -3.964263 -1.909088 -3.723909 -2.15 -3.723909 -2.15 -3.964263 -1.909088 -3.725586 -2.340941 -3.723909 -2.15 -3.725586 -2.340941 -3.45977 -2.553427 -3.45977 -2.553427 -3.725586 -2.340941 -3.440058 -2.743355 -3.45977 -2.553427 -3.440058 -2.743355 -3.152123 -2.924743 -3.152123 -2.924743 -3.440058 -2.743355 -3.11127 -3.11127 -3.152123 -2.924743 -3.11127 -3.11127 -2.804836 -3.259278 -2.804836 -3.259278 -3.11127 -3.11127 -2.743355 -3.440058 -2.804836 -3.259278 -2.743355 -3.440058 -2.422276 -3.552827 -2.422276 -3.552827 -2.743355 -3.440058 -2.340941 -3.725586 -2.422276 -3.552827 -2.340941 -3.725586 -2.009255 -3.801696 -2.009255 -3.801696 -2.340941 -3.725586 -1.909088 -3.964263 -2.009255 -3.801696 -1.909088 -3.964263 -1.570966 -4.002757 -1.570966 -4.002757 -1.909088 -3.964263 -1.453228 -4.153087 -1.570966 -4.002757 -1.453228 -4.153087 -1.112922 -4.153481 -1.112922 -4.153481 -1.453228 -4.153087 -0.979092 -4.289683 -1.112922 -4.153481 -0.979092 -4.289683 -0.640882 -4.251973 -0.640882 -4.251973 -0.979092 -4.289683 -0.492644 -4.372334 -0.640882 -4.251973 -0.492644 -4.372334 -0.160782 -4.296993 -0.160782 -4.296993 -0.492644 -4.372334 0 -4.4 -0.160782 -4.296993 0 -4.4 0.321339 -4.287976 0.321339 -4.287976 0 -4.4 0.492644 -4.372334 0.321339 -4.287976 0.492644 -4.372334 0.79942 -4.225036 0.79942 -4.225036 0.492644 -4.372334 0.979092 -4.289683 0.79942 -4.225036 0.979092 -4.289683 1.267447 -4.108963 1.267447 -4.108963 0.979092 -4.289683 1.453228 -4.153087 1.267447 -4.108963 1.453228 -4.153087 1.719536 -3.941218 1.719536 -3.941218 1.453228 -4.153087 1.909088 -3.964263 0 0.490874 -0.07071095 0 0 0 0 0 -0.07071095 0 -0.07071095 -0.490874 0 0 -0.07071095 -0.490874 0 -0.490874 0 -0.490874 -0.07071095 -0.490874 -0.07071095 -0.981748 0 -0.490874 -0.07071095 -0.981748 0 -0.981748 0 -0.981748 -0.07071095 -0.981748 -0.07071095 -1.472622 0 -0.981748 -0.07071095 -1.472622 0 -1.472622 0 -1.472622 -0.07071095 -1.472622 -0.07071095 -1.963495 0 -1.472622 -0.07071095 -1.963495 0 -1.963495 0 -1.963495 -0.07071095 -1.963495 -0.07071095 -2.454369 0 -1.963495 -0.07071095 -2.454369 0 -2.454369 0 -2.454369 -0.07071095 -2.454369 -0.07071095 -2.945243 0 -2.454369 -0.07071095 -2.945243 0 -2.945243 0 -2.945243 -0.07071095 -2.945243 -0.07071095 -3.436117 0 -2.945243 -0.07071095 -3.436117 0 -3.436117 0 -3.436117 -0.07071095 -3.436117 -0.07071095 -3.926991 0 -3.436117 -0.07071095 -3.926991 0 -3.926991 0 -3.926991 -0.07071095 -3.926991 -0.07071095 -4.417865 0 -3.926991 -0.07071095 -4.417865 0 -4.417865 0 -4.417865 -0.07071095 -4.417865 -0.07071095 -4.908739 0 -4.417865 -0.07071095 -4.908739 0 -4.908739 0 -4.908739 -0.07071095 -4.908739 -0.07071095 -5.399612 0 -4.908739 -0.07071095 -5.399612 0 -5.399612 0 -5.399612 -0.07071095 -5.399612 -0.07071095 -5.890486 0 -5.399612 -0.07071095 -5.890486 0 -5.890486 0 -5.890486 -0.07071095 -5.890486 -0.07071095 -6.38136 0 -5.890486 -0.07071095 -6.38136 0 -6.38136 0 -6.38136 -0.07071095 -6.38136 -0.07071095 -6.872234 0 -6.38136 -0.07071095 -6.872234 0 -6.872234 0 -6.872234 -0.07071095 -6.872234 -0.07071095 -7.363108 0 -6.872234 -0.07071095 -7.363108 0 -7.363108 0 -7.363108 -0.07071095 -7.363108 -0.07071095 -7.853981 0 -7.363108 -0.07071095 -7.853981 0 -7.853981 0 -7.853981 -0.07071095 -7.853981 -0.07071095 -8.344856 0 -7.853981 -0.07071095 -8.344856 0 -8.344856 0 -8.344856 -0.07071095 -8.344856 -0.07071095 -8.83573 0 -8.344856 -0.07071095 -8.83573 0 -8.83573 0 -8.83573 -0.07071095 -8.83573 -0.07071095 -9.326603 0 -8.83573 -0.07071095 -9.326603 0 -9.326603 0 -9.326603 -0.07071095 -9.326603 -0.07071095 -9.817478 0 -9.326603 -0.07071095 -9.817478 0 -9.817478 0 -9.817478 -0.07071095 -9.817478 -0.07071095 -10.30835 0 -9.817478 -0.07071095 -10.30835 0 -10.30835 0 -10.30835 -0.07071095 -10.30835 -0.07071095 -10.79922 0 -10.30835 -0.07071095 -10.79922 0 -10.79922 0 -10.79922 -0.07071095 -10.79922 -0.07071095 -11.2901 0 -10.79922 -0.07071095 -11.2901 0 -11.2901 0 -11.2901 -0.07071095 -11.2901 -0.07071095 -11.78097 0 -11.2901 -0.07071095 -11.78097 0 -11.78097 0 -11.78097 -0.07071095 -11.78097 -0.07071095 -12.27185 0 -11.78097 -0.07071095 -12.27185 0 -12.27185 0 -12.27185 -0.07071095 -12.27185 -0.07071095 -12.76272 0 -12.27185 -0.07071095 -12.76272 0 -12.76272 0 -12.76272 -0.07071095 -12.76272 -0.07071095 -13.25359 0 -12.76272 -0.07071095 -13.25359 0 -13.25359 0 -13.25359 -0.07071095 -13.25359 -0.07071095 -13.74447 0 -13.25359 -0.07071095 -13.74447 0 -13.74447 0 13.74447 -0.07071095 13.74447 -0.07071095 13.25359 0 13.74447 -0.07071095 13.25359 0 13.25359 0 13.25359 -0.07071095 13.25359 -0.07071095 12.76272 0 13.25359 -0.07071095 12.76272 0 12.76272 0 12.76272 -0.07071095 12.76272 -0.07071095 12.27185 0 12.76272 -0.07071095 12.27185 0 12.27185 0 12.27185 -0.07071095 12.27185 -0.07071095 11.78097 0 12.27185 -0.07071095 11.78097 0 11.78097 0 11.78097 -0.07071095 11.78097 -0.07071095 11.2901 0 11.78097 -0.07071095 11.2901 0 11.2901 0 11.2901 -0.07071095 11.2901 -0.07071095 10.79922 0 11.2901 -0.07071095 10.79922 0 10.79922 0 10.79922 -0.07071095 10.79922 -0.07071095 10.30835 0 10.79922 -0.07071095 10.30835 0 10.30835 0 10.30835 -0.07071095 10.30835 -0.07071095 9.817478 0 10.30835 -0.07071095 9.817478 0 9.817478 0 9.817478 -0.07071095 9.817478 -0.07071095 9.326603 0 9.817478 -0.07071095 9.326603 0 9.326603 0 9.326603 -0.07071095 9.326603 -0.07071095 8.83573 0 9.326603 -0.07071095 8.83573 0 8.83573 0 8.83573 -0.07071095 8.83573 -0.07071095 8.344856 0 8.83573 -0.07071095 8.344856 0 8.344856 0 8.344856 -0.07071095 8.344856 -0.07071095 7.853981 0 8.344856 -0.07071095 7.853981 0 7.853981 0 7.853981 -0.07071095 7.853981 -0.07071095 7.363108 0 7.853981 -0.07071095 7.363108 0 7.363108 0 7.363108 -0.07071095 7.363108 -0.07071095 6.872234 0 7.363108 -0.07071095 6.872234 0 6.872234 0 6.872234 -0.07071095 6.872234 -0.07071095 6.38136 0 6.872234 -0.07071095 6.38136 0 6.38136 0 6.38136 -0.07071095 6.38136 -0.07071095 5.890486 0 6.38136 -0.07071095 5.890486 0 5.890486 0 5.890486 -0.07071095 5.890486 -0.07071095 5.399612 0 5.890486 -0.07071095 5.399612 0 5.399612 0 5.399612 -0.07071095 5.399612 -0.07071095 4.908739 0 5.399612 -0.07071095 4.908739 0 4.908739 0 4.908739 -0.07071095 4.908739 -0.07071095 4.417865 0 4.908739 -0.07071095 4.417865 0 4.417865 0 4.417865 -0.07071095 4.417865 -0.07071095 3.926991 0 4.417865 -0.07071095 3.926991 0 3.926991 0 3.926991 -0.07071095 3.926991 -0.07071095 3.436117 0 3.926991 -0.07071095 3.436117 0 3.436117 0 3.436117 -0.07071095 3.436117 -0.07071095 2.945243 0 3.436117 -0.07071095 2.945243 0 2.945243 0 2.945243 -0.07071095 2.945243 -0.07071095 2.454369 0 2.945243 -0.07071095 2.454369 0 2.454369 0 2.454369 -0.07071095 2.454369 -0.07071095 1.963495 0 2.454369 -0.07071095 1.963495 0 1.963495 0 1.963495 -0.07071095 1.963495 -0.07071095 1.472622 0 1.963495 -0.07071095 1.472622 0 1.472622 0 1.472622 -0.07071095 1.472622 -0.07071095 0.981748 0 1.472622 -0.07071095 0.981748 0 0.981748 0 0.981748 -0.07071095 0.981748 -0.07071095 0.490874 0 0.981748 -0.07071095 0.490874 0 0.490874 0 0.490874 -0.07071095 0.490874 -0.07071095 0 -1.05 -0.2094399 -0.935791 -0.155148 -1.05 0 -1.05 0 -0.935791 -0.155148 -0.939718 0 -1.05 0 -0.939718 0 -0.935791 0.155148 -0.935791 -0.155148 -1.05 -0.2094399 -0.924427 -0.314485 -0.924427 -0.314485 -1.05 -0.2094399 -1.05 -0.418879 -0.924427 -0.314485 -1.05 -0.418879 -0.90687 -0.473406 -0.90687 -0.473406 -1.05 -0.418879 -1.05 -0.628319 -0.90687 -0.473406 -1.05 -0.628319 -0.886133 -0.627388 -0.886133 -0.627388 -1.05 -0.628319 -0.864044 -0.781199 -0.864044 -0.781199 -1.05 -0.628319 -1.05 -0.837758 -0.864044 -0.781199 -1.05 -0.837758 -0.842312 -0.939674 -0.842312 -0.939674 -1.05 -0.837758 -1.05 -1.047198 -0.842312 -0.939674 -1.05 -1.047198 -0.82387 -1.09851 -0.82387 -1.09851 -1.05 -1.047198 -1.05 -1.256637 -0.82387 -1.09851 -1.05 -1.256637 -0.810466 -1.253339 -0.810466 -1.253339 -1.05 -1.256637 -0.8026 -1.40828 -0.8026 -1.40828 -1.05 -1.256637 -1.05 -1.466077 -0.8026 -1.40828 -1.05 -1.466077 -0.800002 -1.568048 -0.800002 -1.568048 -1.05 -1.466077 -1.05 -1.675516 -0.800002 -1.568048 -1.05 -1.675516 -0.802396 -1.727923 -0.802396 -1.727923 -1.05 -1.675516 -1.05 -1.884956 -0.802396 -1.727923 -1.05 -1.884956 -0.807955 -1.88323 -0.807955 -1.88323 -1.05 -1.884956 -0.815009 -2.038372 -0.815009 -2.038372 -1.05 -1.884956 -1.05 -2.094395 -0.815009 -2.038372 -1.05 -2.094395 -0.821928 -2.198136 -0.821928 -2.198136 -1.05 -2.094395 -1.05 -2.303835 -0.821928 -2.198136 -1.05 -2.303835 -0.826758 -2.357963 -0.826758 -2.357963 -1.05 -2.303835 -1.05 -2.513274 -0.826758 -2.357963 -1.05 -2.513274 -0.828501 -2.513274 -0.828501 2.513274 -1.05 2.513274 -0.826758 2.357963 -0.826758 2.357963 -1.05 2.513274 -1.05 2.303835 -0.826758 2.357963 -1.05 2.303835 -0.821928 2.198136 -0.821928 2.198136 -1.05 2.303835 -1.05 2.094395 -0.821928 2.198136 -1.05 2.094395 -0.815009 2.038372 -0.815009 2.038372 -1.05 2.094395 -1.05 1.884956 -0.815009 2.038372 -1.05 1.884956 -0.807955 1.88323 -0.807955 1.88323 -1.05 1.884956 -0.802396 1.727923 -0.802396 1.727923 -1.05 1.884956 -1.05 1.675516 -0.802396 1.727923 -1.05 1.675516 -0.800002 1.568048 -0.800002 1.568048 -1.05 1.675516 -1.05 1.466077 -0.800002 1.568048 -1.05 1.466077 -0.8026 1.40828 -0.8026 1.40828 -1.05 1.466077 -1.05 1.256637 -0.8026 1.40828 -1.05 1.256637 -0.810466 1.253339 -0.810466 1.253339 -1.05 1.256637 -0.82387 1.09851 -0.82387 1.09851 -1.05 1.256637 -1.05 1.047198 -0.82387 1.09851 -1.05 1.047198 -0.842312 0.939674 -0.842312 0.939674 -1.05 1.047198 -1.05 0.837758 -0.842312 0.939674 -1.05 0.837758 -0.864044 0.781199 -0.864044 0.781199 -1.05 0.837758 -1.05 0.628319 -0.864044 0.781199 -1.05 0.628319 -0.886133 0.627388 -0.886133 0.627388 -1.05 0.628319 -0.90687 0.473406 -0.90687 0.473406 -1.05 0.628319 -1.05 0.418879 -0.90687 0.473406 -1.05 0.418879 -0.924427 0.314485 -0.924427 0.314485 -1.05 0.418879 -1.05 0.2094399 -0.924427 0.314485 -1.05 0.2094399 -0.935791 0.155148 -0.935791 0.155148 -1.05 0.2094399 -1.05 0 -0.95 -0.202895 -0.702593 -0.150194 -0.95 0 -0.95 0 -0.702593 -0.150194 -0.7 0 -0.95 0 -0.7 0 -0.702593 0.150194 -0.702593 -0.150194 -0.95 -0.202895 -0.710026 -0.304652 -0.710026 -0.304652 -0.95 -0.202895 -0.95 -0.405789 -0.710026 -0.304652 -0.95 -0.405789 -0.72133 -0.458946 -0.72133 -0.458946 -0.95 -0.405789 -0.95 -0.608684 -0.72133 -0.458946 -0.95 -0.608684 -0.734261 -0.608693 -0.734261 -0.608693 -0.95 -0.608684 -0.747231 -0.758439 -0.747231 -0.758439 -0.95 -0.608684 -0.95 -0.811578 -0.747231 -0.758439 -0.95 -0.811578 -0.758629 -0.912725 -0.758629 -0.912725 -0.95 -0.811578 -0.95 -1.014473 -0.758629 -0.912725 -0.95 -1.014473 -0.766157 -1.067176 -0.766157 -1.067176 -0.95 -1.014473 -0.95 -1.217367 -0.766157 -1.067176 -0.95 -1.217367 -0.768791 -1.217367 -0.768791 -1.217367 -0.95 -1.217367 -0.766157 -1.367558 -0.766157 -1.367558 -0.95 -1.217367 -0.95 -1.420262 -0.766157 -1.367558 -0.95 -1.420262 -0.758629 -1.522009 -0.758629 -1.522009 -0.95 -1.420262 -0.95 -1.623156 -0.758629 -1.522009 -0.95 -1.623156 -0.747231 -1.676296 -0.747231 -1.676296 -0.95 -1.623156 -0.95 -1.826051 -0.747231 -1.676296 -0.95 -1.826051 -0.734261 -1.826041 -0.734261 -1.826041 -0.95 -1.826051 -0.72133 -1.975789 -0.72133 -1.975789 -0.95 -1.826051 -0.95 -2.028945 -0.72133 -1.975789 -0.95 -2.028945 -0.710026 -2.130082 -0.710026 -2.130082 -0.95 -2.028945 -0.95 -2.23184 -0.710026 -2.130082 -0.95 -2.23184 -0.702593 -2.28454 -0.702593 -2.28454 -0.95 -2.23184 -0.95 -2.434734 -0.702593 -2.28454 -0.95 -2.434734 -0.7 -2.434734 -0.7 2.434734 -0.95 2.434734 -0.702593 2.28454 -0.702593 2.28454 -0.95 2.434734 -0.95 2.23184 -0.702593 2.28454 -0.95 2.23184 -0.710026 2.130082 -0.710026 2.130082 -0.95 2.23184 -0.95 2.028945 -0.710026 2.130082 -0.95 2.028945 -0.72133 1.975789 -0.72133 1.975789 -0.95 2.028945 -0.95 1.826051 -0.72133 1.975789 -0.95 1.826051 -0.734261 1.826041 -0.734261 1.826041 -0.95 1.826051 -0.747231 1.676296 -0.747231 1.676296 -0.95 1.826051 -0.95 1.623156 -0.747231 1.676296 -0.95 1.623156 -0.758629 1.522009 -0.758629 1.522009 -0.95 1.623156 -0.95 1.420262 -0.758629 1.522009 -0.95 1.420262 -0.766157 1.367558 -0.766157 1.367558 -0.95 1.420262 -0.95 1.217367 -0.766157 1.367558 -0.95 1.217367 -0.768791 1.217367 -0.768791 1.217367 -0.95 1.217367 -0.766157 1.067176 -0.766157 1.067176 -0.95 1.217367 -0.95 1.014473 -0.766157 1.067176 -0.95 1.014473 -0.758629 0.912725 -0.758629 0.912725 -0.95 1.014473 -0.95 0.811578 -0.758629 0.912725 -0.95 0.811578 -0.747231 0.758439 -0.747231 0.758439 -0.95 0.811578 -0.95 0.608684 -0.747231 0.758439 -0.95 0.608684 -0.734261 0.608693 -0.734261 0.608693 -0.95 0.608684 -0.72133 0.458946 -0.72133 0.458946 -0.95 0.608684 -0.95 0.405789 -0.72133 0.458946 -0.95 0.405789 -0.710026 0.304652 -0.710026 0.304652 -0.95 0.405789 -0.95 0.202895 -0.710026 0.304652 -0.95 0.202895 -0.702593 0.150194 -0.702593 0.150194 -0.95 0.202895 -0.95 0 -1.65 -1.409595 -1.397075 -1.409595 -1.65 -1.254576 -1.65 -1.254576 -1.397075 -1.409595 -1.422144 -1.253424 -1.65 -1.254576 -1.422144 -1.253424 -1.430816 -1.099759 -1.65 -1.254576 -1.430816 -1.099759 -1.65 -1.099557 -1.65 -1.099557 -1.430816 -1.099759 -1.422177 -0.945939 -1.65 -1.099557 -1.422177 -0.945939 -1.65 -0.944539 -1.65 -0.944539 -1.422177 -0.945939 -1.65 -0.78952 -1.65 -0.78952 -1.422177 -0.945939 -1.397075 -0.78952 -0.03141599 0.662287 -0.02094399 0.670888 -0.03141599 0.782703 -0.03141599 0.782703 -0.02094399 0.670888 -0.02094399 0.782703 -0.03141599 -0.782703 -0.02094399 -0.782703 -0.02094399 -0.670888 -0.02094399 -0.670888 -0.02094399 -0.782703 -0.01047199 -0.782703 -0.02094399 -0.670888 -0.01047199 -0.782703 -0.01047199 -0.670888 -0.01047199 -0.670888 -0.01047199 -0.782703 0 -0.782703 -0.01047199 -0.670888 0 -0.782703 0 -0.670888 -0.02094399 0.670888 -0.03141599 0.662287 -0.02094399 0.559074 -0.02094399 0.559074 -0.03141599 0.662287 -0.03141599 0.541871 -0.02094399 0.559074 -0.03141599 0.541871 -0.02094399 0.447259 -0.02094399 0.447259 -0.03141599 0.541871 -0.03141599 0.421456 -0.02094399 0.447259 -0.03141599 0.421456 -0.02094399 0.335444 -0.02094399 0.335444 -0.03141599 0.421456 -0.03141599 0.30104 -0.02094399 0.335444 -0.03141599 0.30104 -0.02094399 0.2236289 -0.02094399 0.2236289 -0.03141599 0.30104 -0.03141599 0.180624 -0.02094399 0.2236289 -0.03141599 0.180624 -0.02094399 0.111815 -0.02094399 0.111815 -0.03141599 0.180624 -0.03141599 0.06020796 -0.02094399 0.111815 -0.03141599 0.06020796 -0.02094399 0 -0.02094399 0 -0.03141599 0.06020796 -0.03141599 -0.06020796 -0.02094399 0 -0.03141599 -0.06020796 -0.02094399 -0.111815 -0.02094399 -0.111815 -0.03141599 -0.06020796 -0.03141599 -0.180624 -0.02094399 -0.111815 -0.03141599 -0.180624 -0.02094399 -0.2236289 -0.02094399 -0.2236289 -0.03141599 -0.180624 -0.03141599 -0.30104 -0.02094399 -0.2236289 -0.03141599 -0.30104 -0.02094399 -0.335444 -0.02094399 -0.335444 -0.03141599 -0.30104 -0.03141599 -0.421456 -0.02094399 -0.335444 -0.03141599 -0.421456 -0.02094399 -0.447259 -0.02094399 -0.447259 -0.03141599 -0.421456 -0.03141599 -0.541871 -0.02094399 -0.447259 -0.03141599 -0.541871 -0.02094399 -0.559074 -0.02094399 -0.559074 -0.03141599 -0.541871 -0.03141599 -0.662287 -0.02094399 -0.559074 -0.03141599 -0.662287 -0.02094399 -0.670888 -0.02094399 -0.670888 -0.03141599 -0.662287 -0.03141599 -0.782703 -0.01047199 -0.670888 0 -0.670888 -0.01047199 -0.559074 -0.01047199 -0.559074 0 -0.670888 0 -0.559074 -0.01047199 -0.559074 0 -0.559074 -0.01047199 -0.447259 -0.01047199 -0.447259 0 -0.559074 0 -0.447259 -0.01047199 -0.447259 0 -0.447259 -0.01047199 -0.335444 -0.01047199 -0.335444 0 -0.447259 0 -0.335444 -0.01047199 -0.335444 0 -0.335444 -0.01047199 -0.2236289 -0.01047199 -0.2236289 0 -0.335444 0 -0.2236289 -0.01047199 -0.2236289 0 -0.2236289 -0.01047199 -0.111815 -0.01047199 -0.111815 0 -0.2236289 0 -0.111815 -0.01047199 -0.111815 0 -0.111815 -0.01047199 0 -0.01047199 0 0 -0.111815 0 0 -0.01047199 0 0 0 -0.01047199 0.111815 -0.01047199 0.111815 0 0 0 0.111815 -0.01047199 0.111815 0 0.111815 -0.01047199 0.2236289 -0.01047199 0.2236289 0 0.111815 0 0.2236289 -0.01047199 0.2236289 0 0.2236289 -0.01047199 0.335444 -0.01047199 0.335444 0 0.2236289 0 0.335444 -0.01047199 0.335444 0 0.335444 -0.01047199 0.447259 -0.01047199 0.447259 0 0.335444 0 0.447259 -0.01047199 0.447259 0 0.447259 -0.01047199 0.559074 -0.01047199 0.559074 0 0.447259 0 0.559074 -0.01047199 0.559074 0 0.559074 -0.01047199 0.670888 -0.01047199 0.670888 0 0.559074 0 0.670888 -0.01047199 0.670888 0 0.670888 -0.01047199 0.782703 -0.01047199 -0.782703 0 -0.894518 0 -0.782703 -0.01047199 -0.894518 -0.01047199 -0.782703 -0.02094399 -0.782703 -0.01047199 0.670888 -0.02094399 0.782703 -0.02094399 0.670888 -0.01047199 0.559074 -0.01047199 0.670888 -0.02094399 0.670888 -0.01047199 0.447259 -0.01047199 0.559074 -0.02094399 0.559074 -0.02094399 0.559074 -0.01047199 0.559074 -0.02094399 0.670888 -0.01047199 0.335444 -0.01047199 0.447259 -0.02094399 0.447259 -0.02094399 0.447259 -0.01047199 0.447259 -0.02094399 0.559074 -0.01047199 0.2236289 -0.01047199 0.335444 -0.02094399 0.335444 -0.02094399 0.335444 -0.01047199 0.335444 -0.02094399 0.447259 -0.01047199 0.111815 -0.01047199 0.2236289 -0.02094399 0.2236289 -0.02094399 0.2236289 -0.01047199 0.2236289 -0.02094399 0.335444 -0.01047199 0 -0.01047199 0.111815 -0.02094399 0.111815 -0.02094399 0.111815 -0.01047199 0.111815 -0.02094399 0.2236289 -0.01047199 -0.111815 -0.01047199 0 -0.02094399 0 -0.02094399 0 -0.01047199 0 -0.02094399 0.111815 -0.01047199 -0.2236289 -0.01047199 -0.111815 -0.02094399 -0.111815 -0.02094399 -0.111815 -0.01047199 -0.111815 -0.02094399 0 -0.01047199 -0.335444 -0.01047199 -0.2236289 -0.02094399 -0.2236289 -0.02094399 -0.2236289 -0.01047199 -0.2236289 -0.02094399 -0.111815 -0.01047199 -0.447259 -0.01047199 -0.335444 -0.02094399 -0.335444 -0.02094399 -0.335444 -0.01047199 -0.335444 -0.02094399 -0.2236289 -0.01047199 -0.559074 -0.01047199 -0.447259 -0.02094399 -0.447259 -0.02094399 -0.447259 -0.01047199 -0.447259 -0.02094399 -0.335444 -0.01047199 -0.670888 -0.01047199 -0.559074 -0.02094399 -0.559074 -0.02094399 -0.559074 -0.01047199 -0.559074 -0.02094399 -0.447259 -0.02094399 -0.670888 -0.01047199 -0.670888 -0.02094399 -0.559074 -0.45 0 -0.808325 0 -0.45 -0.11781 -0.45 -0.11781 -0.808325 0 -0.853051 -0.113685 -0.45 -0.11781 -0.853051 -0.113685 -0.889491 -0.230514 -0.45 -0.11781 -0.889491 -0.230514 -0.45 -0.235619 -0.45 -0.235619 -0.889491 -0.230514 -0.913099 -0.34969 -0.45 -0.235619 -0.913099 -0.34969 -0.45 -0.353429 -0.45 -0.353429 -0.913099 -0.34969 -0.921331 -0.471239 -0.45 -0.353429 -0.921331 -0.471239 -0.45 -0.471239 -0.45 -0.471239 -0.921331 -0.471239 -0.45 -0.589049 -0.45 -0.589049 -0.921331 -0.471239 -0.913099 -0.592788 -0.45 -0.589049 -0.913099 -0.592788 -0.45 -0.706858 -0.45 -0.706858 -0.913099 -0.592788 -0.889491 -0.711964 -0.45 -0.706858 -0.889491 -0.711964 -0.45 -0.824668 -0.45 -0.824668 -0.889491 -0.711964 -0.853051 -0.828793 -0.45 -0.824668 -0.853051 -0.828793 -0.45 -0.942478 -0.45 -0.942478 -0.853051 -0.828793 -0.808325 -0.942478 0.3 -1.830508 2.152 -1.974715 0.3 -1.745418 0.3 -1.745418 2.152 -1.974715 2.152 -1.481037 0.3 -1.745418 2.152 -1.481037 0.278715 -1.625757 0.278715 -1.625757 2.152 -1.481037 0.215706 -1.521664 0.215706 -1.521664 2.152 -1.481037 0.11825 -1.450416 0.11825 -1.450416 2.152 -1.481037 0 -1.424769 0 -1.424769 2.152 -1.481037 0.09694999 -1.138012 0 -1.424769 0.09694999 -1.138012 0 -1.147977 0.3 -1.830508 0.3 -1.915598 2.152 -1.974715 2.152 -1.974715 0.3 -1.915598 0.3 -2.000688 2.152 -1.974715 0.3 -2.000688 0.152348 -2.057149 2.152 -1.974715 0.152348 -2.057149 2.152 -2.468394 2.152 -2.468394 0.152348 -2.057149 -2.02e-4 -2.076192 2.152 -2.468394 -2.02e-4 -2.076192 -1.898 -2.468394 -1.898 -2.468394 -2.02e-4 -2.076192 -0.152588 -2.057079 -1.898 -2.468394 -0.152588 -2.057079 -1.898 -1.974715 -1.898 -1.974715 -0.152588 -2.057079 -0.3 -2.000688 -1.898 -1.974715 -0.3 -2.000688 -0.3 -1.915598 -0.3 -1.915598 -0.3 -1.830508 -1.898 -1.974715 -1.898 -1.974715 -0.3 -1.830508 -0.3 -1.745418 -1.898 -1.974715 -0.3 -1.745418 -1.898 -1.481037 -1.898 -1.481037 -0.3 -1.745418 -0.278715 -1.625757 -1.898 -1.481037 -0.278715 -1.625757 -0.215706 -1.521664 -0.215706 -1.521664 -0.11825 -1.450416 -1.898 -1.481037 -1.898 -1.481037 -0.11825 -1.450416 0 -1.424769 -1.898 -1.481037 0 -1.424769 -0.09694898 -1.138011 -0.09694898 -1.138011 0 -1.424769 0 -1.147977 -0.3 1.830508 -1.898 1.974715 -0.3 1.745418 -0.3 1.745418 -1.898 1.974715 -1.898 1.481037 -0.3 1.745418 -1.898 1.481037 -0.278715 1.625757 -0.278715 1.625757 -1.898 1.481037 -0.215706 1.521664 -0.215706 1.521664 -1.898 1.481037 -0.11825 1.450416 -0.11825 1.450416 -1.898 1.481037 0 1.424769 0 1.424769 -1.898 1.481037 0 1.147977 0 1.424769 0 1.147977 2.152 1.481037 2.152 1.481037 0 1.147977 2.152 0.987358 2.152 0.987358 0 1.147977 0.09692698 1.138015 2.152 0.987358 0.09692698 1.138015 0.192615 1.108083 -0.3 1.830508 -0.3 1.915598 -1.898 1.974715 -1.898 1.974715 -0.3 1.915598 -0.3 2.000688 -1.898 1.974715 -0.3 2.000688 -0.15245 2.057123 -0.15245 2.057123 0 2.076192 -1.898 1.974715 -1.898 1.974715 0 2.076192 -1.898 2.468394 -1.898 2.468394 0 2.076192 2.152 2.468394 -1.898 2.468394 2.152 2.468394 -1.898 2.962073 -1.898 2.962073 2.152 2.468394 2.152 2.962073 -1.898 2.962073 2.152 2.962073 -1.898 3.455752 -1.898 3.455752 2.152 2.962073 2.152 3.455752 -1.898 3.455752 2.152 3.455752 -1.898 3.949431 -1.898 3.949431 2.152 3.455752 2.152 3.949431 -1.898 3.949431 2.152 3.949431 -1.898 4.44311 -1.898 4.44311 2.152 3.949431 2.152 4.44311 -1.898 4.44311 2.152 4.44311 -1.898 4.936789 -1.898 4.936789 2.152 4.44311 2.152 4.936789 -1.898 4.936789 2.152 4.936789 -1.898 5.430468 -1.898 5.430468 2.152 4.936789 2.152 5.430468 -1.898 5.430468 2.152 5.430468 -1.898 5.924146 -1.898 5.924146 2.152 5.430468 2.152 5.924146 -1.898 5.924146 2.152 5.924146 -1.898 6.417825 -1.898 6.417825 2.152 5.924146 2.152 6.417825 -1.898 6.417825 2.152 6.417825 -1.898 6.911504 -1.898 6.911504 2.152 6.417825 2.152 6.911504 -1.898 6.911504 2.152 6.911504 -1.898 7.405183 -1.898 7.405183 2.152 6.911504 2.152 7.405183 -1.898 7.405183 2.152 7.405183 -1.898 7.898862 -1.898 7.898862 2.152 7.405183 2.152 7.898862 -1.898 7.898862 2.152 7.898862 -0.2 8.103546 -0.2 8.103546 2.152 7.898862 -0.04586499 8.119256 -0.04586499 8.119256 2.152 7.898862 0.106447 8.166455 0.106447 8.166455 2.152 7.898862 2.152 8.39254 0.106447 8.166455 2.152 8.39254 0.246139 8.243664 0.246139 8.243664 2.152 8.39254 0.365027 8.343298 0.365027 8.343298 2.152 8.39254 0.462661 8.463863 0.462661 8.463863 2.152 8.39254 0.538026 8.604645 0.538026 8.604645 2.152 8.39254 2.152 8.88622 0.538026 8.604645 2.152 8.88622 0.584213 8.75745 0.584213 8.75745 2.152 8.88622 0.599993 8.9118 0.599993 8.9118 2.152 8.88622 0.585457 9.066004 0.585457 9.066004 2.152 8.88622 2.152 9.379899 0.585457 9.066004 2.152 9.379899 0.540151 9.218945 0.540151 9.218945 2.152 9.379899 0.464969 9.35974 0.464969 9.35974 2.152 9.379899 0.366904 9.479962 0.366904 9.479962 2.152 9.379899 0.247378 9.578708 0.247378 9.578708 2.152 9.379899 0.107051 9.654798 0.107051 9.654798 2.152 9.379899 2.152 9.873578 0.107051 9.654798 2.152 9.873578 -0.04570496 9.701082 -0.04570496 9.701082 2.152 9.873578 -0.2 9.716422 -0.2 9.716422 2.152 9.873578 -1.898 9.873578 -0.2 9.716422 -1.898 9.873578 -0.354295 9.701082 -0.354295 9.701082 -1.898 9.873578 -0.507051 9.654798 -0.507051 9.654798 -1.898 9.873578 -1.898 9.379899 -0.507051 9.654798 -1.898 9.379899 -0.647378 9.578708 -0.647378 9.578708 -1.898 9.379899 -0.766904 9.479962 -0.766904 9.479962 -1.898 9.379899 -0.864969 9.35974 -0.864969 9.35974 -1.898 9.379899 -0.940151 9.218945 -0.940151 9.218945 -1.898 9.379899 -0.985457 9.066004 -0.985457 9.066004 -1.898 9.379899 -1.898 8.88622 -0.985457 9.066004 -1.898 8.88622 -0.999993 8.9118 -0.999993 8.9118 -1.898 8.88622 -0.984213 8.75745 -0.984213 8.75745 -1.898 8.88622 -0.938026 8.604645 -0.938026 8.604645 -1.898 8.88622 -1.898 8.39254 -0.938026 8.604645 -1.898 8.39254 -0.862661 8.463863 -0.862661 8.463863 -1.898 8.39254 -0.765027 8.343298 -0.765027 8.343298 -1.898 8.39254 -0.646139 8.243664 -0.646139 8.243664 -1.898 8.39254 -1.898 7.898862 -0.646139 8.243664 -1.898 7.898862 -0.506447 8.166455 -0.506447 8.166455 -1.898 7.898862 -0.354135 8.119256 -0.354135 8.119256 -1.898 7.898862 -0.2 8.103546 2.152 2.468394 0 2.076192 2.152 1.974715 2.152 1.974715 0 2.076192 0.15245 2.057123 2.152 1.974715 0.15245 2.057123 0.3 2.000688 0.3 2.000688 0.3 1.915598 2.152 1.974715 2.152 1.974715 0.3 1.915598 0.3 1.830508 2.152 1.974715 0.3 1.830508 0.3 1.745418 2.152 1.974715 0.3 1.745418 2.152 1.481037 2.152 1.481037 0.3 1.745418 0.278715 1.625757 2.152 1.481037 0.278715 1.625757 0.215706 1.521664 0.215706 1.521664 0.11825 1.450416 2.152 1.481037 2.152 1.481037 0.11825 1.450416 0 1.424769 -1.898 13.32933 -0.933888 13.52591 -1.898 13.82301 -1.898 13.82301 -0.933888 13.52591 -0.978286 13.67376 -1.898 13.82301 -0.978286 13.67376 -0.993 13.82301 -1.898 12.83565 -0.650458 13.17782 -1.898 13.32933 -1.898 13.32933 -0.650458 13.17782 -0.766001 13.27357 -1.898 13.32933 -0.766001 13.27357 -0.860863 13.38983 -1.898 12.34197 2.152 12.34197 -1.898 12.83565 -1.898 12.83565 2.152 12.34197 2.152 12.83565 -1.898 12.83565 2.152 12.83565 -0.2179999 13.04394 -0.2179999 13.04394 2.152 12.83565 -0.06878799 13.05889 -0.06878799 13.05889 2.152 12.83565 0.078857 13.10392 0.078857 13.10392 2.152 12.83565 2.152 13.32933 0.078857 13.10392 2.152 13.32933 0.214458 13.17782 0.214458 13.17782 2.152 13.32933 0.330001 13.27357 0.330001 13.27357 2.152 13.32933 0.424863 13.38983 0.424863 13.38983 2.152 13.32933 0.497888 13.52591 0.497888 13.52591 2.152 13.32933 2.152 13.82301 0.497888 13.52591 2.152 13.82301 0.542286 13.67376 0.542286 13.67376 2.152 13.82301 0.557 13.82301 0.557 -13.82301 2.152 -13.82301 0.542286 -13.67376 0.542286 -13.67376 2.152 -13.82301 0.497888 -13.52591 0.497888 -13.52591 2.152 -13.82301 2.152 -13.32933 0.497888 -13.52591 2.152 -13.32933 0.424863 -13.38983 0.424863 -13.38983 2.152 -13.32933 0.330001 -13.27357 0.330001 -13.27357 2.152 -13.32933 0.214458 -13.17782 0.214458 -13.17782 2.152 -13.32933 0.078857 -13.10392 0.078857 -13.10392 2.152 -13.32933 2.152 -12.83565 0.078857 -13.10392 2.152 -12.83565 -0.06878799 -13.05889 -0.06878799 -13.05889 2.152 -12.83565 -0.2179999 -13.04394 -0.2179999 -13.04394 2.152 -12.83565 -1.898 -12.83565 -0.2179999 -13.04394 -1.898 -12.83565 -0.367213 -13.05889 -0.367213 -13.05889 -1.898 -12.83565 -0.514857 -13.10392 -0.514857 -13.10392 -1.898 -12.83565 -1.898 -13.32933 -0.514857 -13.10392 -1.898 -13.32933 -0.650458 -13.17782 -0.650458 -13.17782 -1.898 -13.32933 -0.766001 -13.27357 -0.766001 -13.27357 -1.898 -13.32933 -0.860863 -13.38983 -0.860863 -13.38983 -1.898 -13.32933 -0.933888 -13.52591 -0.933888 -13.52591 -1.898 -13.32933 -1.898 -13.82301 -0.933888 -13.52591 -1.898 -13.82301 -0.978286 -13.67376 -0.978286 -13.67376 -1.898 -13.82301 -0.993 -13.82301 2.152 12.34197 -1.898 12.34197 2.152 11.84829 2.152 11.84829 -1.898 12.34197 -1.898 11.84829 2.152 11.84829 -1.898 11.84829 2.152 11.35461 2.152 11.35461 -1.898 11.84829 -1.898 11.35461 2.152 11.35461 -1.898 11.35461 2.152 10.86093 2.152 10.86093 -1.898 11.35461 -1.898 10.86093 2.152 10.86093 -1.898 10.86093 2.152 10.36726 2.152 10.36726 -1.898 10.86093 -1.898 10.36726 2.152 10.36726 -1.898 10.36726 2.152 9.873578 2.152 9.873578 -1.898 10.36726 -1.898 9.873578 -1.898 1.481037 -1.898 0.987358 0 1.147977 0 1.147977 -1.898 0.987358 -0.09694898 1.138012 -0.09694898 1.138012 -1.898 0.987358 -0.192673 1.108059 -0.192673 1.108059 -1.898 0.987358 -0.280276 1.059097 -0.280276 1.059097 -1.898 0.987358 -0.354554 0.996034 -0.354554 0.996034 -1.898 0.987358 -0.415468 0.919635 -0.415468 0.919635 -1.898 0.987358 -0.462196 0.830653 -0.462196 0.830653 -1.898 0.987358 -0.490586 0.734303 -0.490586 0.734303 -1.898 0.987358 -1.898 0.493679 -0.490586 0.734303 -1.898 0.493679 -0.500005 0.637225 -0.500005 0.637225 -1.898 0.493679 -0.5 0.597728 -0.5 0.597728 -1.898 0.493679 -0.5 0.558231 -0.5 0.558231 -1.898 0.493679 -0.5 0.518734 -0.5 0.518734 -1.898 0.493679 -0.5 0.461211 -0.5 0.461211 -1.898 0.493679 -0.5 0.403689 -0.5 0.403689 -1.898 0.493679 -0.5 0.346167 -0.5 0.346167 -1.898 0.493679 -0.5 0.23078 -0.5 0.23078 -1.898 0.493679 -1.898 0 -0.5 0.23078 -1.898 0 -0.5 0.115393 -0.5 0.115393 -1.898 0 -0.5 6e-6 -0.5 6e-6 -1.898 0 -0.5 -0.17294 -0.5 -0.17294 -1.898 0 -1.898 -0.493679 -0.5 -0.17294 -1.898 -0.493679 -0.499999 -0.345887 -0.499999 -0.345887 -1.898 -0.493679 -0.499999 -0.518833 -0.499999 -0.518833 -1.898 -0.493679 -0.499999 -0.547412 -0.499999 -0.547412 -1.898 -0.493679 -0.499999 -0.57599 -0.499999 -0.57599 -1.898 -0.493679 -0.499998 -0.604568 -0.499998 -0.604568 -1.898 -0.493679 -0.499999 -0.615453 -0.499999 -0.615453 -1.898 -0.493679 -0.5 -0.626338 -0.5 -0.626338 -1.898 -0.493679 -0.500001 -0.637223 -0.500001 -0.637223 -1.898 -0.493679 -0.490584 -0.7343 -0.490584 -0.7343 -1.898 -0.493679 -1.898 -0.987358 -0.490584 -0.7343 -1.898 -0.987358 -0.462194 -0.830651 -0.462194 -0.830651 -1.898 -0.987358 -0.415466 -0.919633 -0.415466 -0.919633 -1.898 -0.987358 -0.354553 -0.996032 -0.354553 -0.996032 -1.898 -0.987358 -0.280276 -1.059095 -0.280276 -1.059095 -1.898 -0.987358 -0.192673 -1.108058 -0.192673 -1.108058 -1.898 -0.987358 -0.09694898 -1.138011 -0.09694898 -1.138011 -1.898 -0.987358 -1.898 -1.481037 2.152 -2.468394 -1.898 -2.468394 2.152 -2.962073 2.152 -2.962073 -1.898 -2.468394 -1.898 -2.962073 2.152 -2.962073 -1.898 -2.962073 2.152 -3.455752 2.152 -3.455752 -1.898 -2.962073 -1.898 -3.455752 2.152 -3.455752 -1.898 -3.455752 2.152 -3.949431 2.152 -3.949431 -1.898 -3.455752 -1.898 -3.949431 2.152 -3.949431 -1.898 -3.949431 2.152 -4.44311 2.152 -4.44311 -1.898 -3.949431 -1.898 -4.44311 2.152 -4.44311 -1.898 -4.44311 2.152 -4.936789 2.152 -4.936789 -1.898 -4.44311 -1.898 -4.936789 2.152 -4.936789 -1.898 -4.936789 2.152 -5.430468 2.152 -5.430468 -1.898 -4.936789 -1.898 -5.430468 2.152 -5.430468 -1.898 -5.430468 2.152 -5.924146 2.152 -5.924146 -1.898 -5.430468 -1.898 -5.924146 2.152 -5.924146 -1.898 -5.924146 2.152 -6.417825 2.152 -6.417825 -1.898 -5.924146 -1.898 -6.417825 2.152 -6.417825 -1.898 -6.417825 2.152 -6.911504 2.152 -6.911504 -1.898 -6.417825 -1.898 -6.911504 2.152 -6.911504 -1.898 -6.911504 2.152 -7.405183 2.152 -7.405183 -1.898 -6.911504 -1.898 -7.405183 2.152 -7.405183 -1.898 -7.405183 2.152 -7.898862 2.152 -7.898862 -1.898 -7.405183 -1.898 -7.898862 2.152 -7.898862 -1.898 -7.898862 2.152 -8.39254 2.152 -8.39254 -1.898 -7.898862 -1.898 -8.39254 2.152 -8.39254 -1.898 -8.39254 2.152 -8.88622 2.152 -8.88622 -1.898 -8.39254 -1.898 -8.88622 2.152 -8.88622 -1.898 -8.88622 2.152 -9.379899 2.152 -9.379899 -1.898 -8.88622 -1.898 -9.379899 2.152 -9.379899 -1.898 -9.379899 2.152 -9.873578 2.152 -9.873578 -1.898 -9.379899 -1.898 -9.873578 2.152 -9.873578 -1.898 -9.873578 2.152 -10.36726 2.152 -10.36726 -1.898 -9.873578 -1.898 -10.36726 2.152 -10.36726 -1.898 -10.36726 2.152 -10.86093 2.152 -10.86093 -1.898 -10.36726 -1.898 -10.86093 2.152 -10.86093 -1.898 -10.86093 2.152 -11.35461 2.152 -11.35461 -1.898 -10.86093 -1.898 -11.35461 2.152 -11.35461 -1.898 -11.35461 2.152 -11.84829 2.152 -11.84829 -1.898 -11.35461 -1.898 -11.84829 2.152 -11.84829 -1.898 -11.84829 2.152 -12.34197 2.152 -12.34197 -1.898 -11.84829 -1.898 -12.34197 2.152 -12.34197 -1.898 -12.34197 2.152 -12.83565 2.152 -12.83565 -1.898 -12.34197 -1.898 -12.83565 2.152 -1.481037 2.152 -0.987358 0.09694999 -1.138012 0.09694999 -1.138012 2.152 -0.987358 0.192673 -1.108059 0.192673 -1.108059 2.152 -0.987358 0.280277 -1.059096 0.280277 -1.059096 2.152 -0.987358 0.354555 -0.996033 0.354555 -0.996033 2.152 -0.987358 0.415468 -0.919635 0.415468 -0.919635 2.152 -0.987358 0.462196 -0.830653 0.462196 -0.830653 2.152 -0.987358 0.490586 -0.734302 0.490586 -0.734302 2.152 -0.987358 2.152 -0.493679 0.490586 -0.734302 2.152 -0.493679 0.500005 -0.637225 0.500005 -0.637225 2.152 -0.493679 0.5 -0.597727 0.5 -0.597727 2.152 -0.493679 0.5 -0.558228 0.5 -0.558228 2.152 -0.493679 0.5 -0.51873 0.5 -0.51873 2.152 -0.493679 0.5 -0.461206 0.5 -0.461206 2.152 -0.493679 0.5 -0.403682 0.5 -0.403682 2.152 -0.493679 0.5 -0.346159 0.5 -0.346159 2.152 -0.493679 2.152 0 0.5 -0.346159 2.152 0 0.5 -0.05782598 0.5 -0.05782598 2.152 0 0.5 0.230506 0.5 0.230506 2.152 0 2.152 0.493679 0.5 0.230506 2.152 0.493679 0.499999 0.518839 0.499999 0.518839 2.152 0.493679 0.499999 0.547417 0.499999 0.547417 2.152 0.493679 0.499999 0.575995 0.499999 0.575995 2.152 0.493679 0.499999 0.604573 0.499999 0.604573 2.152 0.493679 0.499999 0.615456 0.499999 0.615456 2.152 0.493679 0.5 0.62634 0.5 0.62634 2.152 0.493679 0.500001 0.637223 0.500001 0.637223 2.152 0.493679 0.49058 0.734323 0.49058 0.734323 2.152 0.493679 2.152 0.987358 0.49058 0.734323 2.152 0.987358 0.462171 0.830708 0.462171 0.830708 2.152 0.987358 0.415425 0.919697 0.415425 0.919697 2.152 0.987358 0.354547 0.996039 0.354547 0.996039 2.152 0.987358 0.280212 1.059138 0.280212 1.059138 2.152 0.987358 0.192615 1.108083 -0.2179999 13.04394 -0.367213 13.05889 -1.898 12.83565 -1.898 12.83565 -0.367213 13.05889 -0.514857 13.10392 -1.898 12.83565 -0.514857 13.10392 -0.650458 13.17782 -0.860863 13.38983 -0.933888 13.52591 -1.898 13.32933 -0.45 0.232456 -0.739555 0.155655 -0.45 0 -0.45 0 -0.739555 0.155655 -0.774692 0.07815998 -0.45 0 -0.774692 0.07815998 -0.808325 0 -0.45 0.232456 -0.702925 0.232456 -0.739555 0.155655 0.3 0.104956 0.229462 -0.076783 0.3 -0.1274999 0.3 -0.1274999 0.229462 -0.076783 0.226748 -0.189229 0.3 -0.1274999 0.226748 -0.189229 0.277164 -0.242305 0.277164 -0.242305 0.226748 -0.189229 0.172088 -0.287533 0.277164 -0.242305 0.172088 -0.287533 0.212132 -0.339632 0.212132 -0.339632 0.172088 -0.287533 0.114805 -0.404664 0.114805 -0.404664 0.172088 -0.287533 0.07800495 -0.349176 0.114805 -0.404664 0.07800495 -0.349176 0 -0.4275 0 -0.4275 0.07800495 -0.349176 -0.03394699 -0.360035 0 -0.4275 -0.03394699 -0.360035 -0.114805 -0.404664 -0.114805 -0.404664 -0.03394699 -0.360035 -0.138123 -0.317623 -0.114805 -0.404664 -0.138123 -0.317623 -0.212132 -0.339632 -0.212132 -0.339632 -0.138123 -0.317623 -0.210657 -0.231657 -0.212132 -0.339632 -0.210657 -0.231657 -0.277164 -0.242305 -0.277164 -0.242305 -0.210657 -0.231657 -0.234932 -0.121829 -0.277164 -0.242305 -0.234932 -0.121829 -0.3 -0.1274999 -0.3 -0.1274999 -0.234932 -0.121829 -0.205386 -0.0133 -0.3 -0.1274999 -0.205386 -0.0133 -0.3 0.104956 -0.3 0.104956 -0.205386 -0.0133 -0.128789 0.06906598 -0.3 0.104956 -0.128789 0.06906598 -0.153755 0.155405 -0.153755 0.155405 -0.128789 0.06906598 -0.02268797 0.106402 -0.153755 0.155405 -0.02268797 0.106402 0 0.1725 0 0.1725 -0.02268797 0.106402 0.08860999 0.09015399 0 0.1725 0.08860999 0.09015399 0.153755 0.155405 0.153755 0.155405 0.08860999 0.09015399 0.179609 0.02404397 0.153755 0.155405 0.179609 0.02404397 0.3 0.104956 0.3 0.104956 0.179609 0.02404397 0.229462 -0.076783 0.702925 -0.267544 0.45 -0.267544 0.739555 -0.344345 0.739555 -0.344345 0.45 -0.267544 0.45 -0.5 0.739555 -0.344345 0.45 -0.5 0.774692 -0.42184 0.774692 -0.42184 0.45 -0.5 0.808325 -0.5</float_array>
          <technique_common>
            <accessor source="#LINK_20_003-mesh-map-0-array" count="21282" stride="2">
              <param name="S" type="float" />
              <param name="T" type="float" />
            </accessor>
          </technique_common>
        </source>
        <vertices id="LINK_20_003-mesh-vertices">
          <input semantic="POSITION" source="#LINK_20_003-mesh-positions" />
        </vertices>
        <triangles material="_9_69_69_008-material" count="2933">
          <input semantic="VERTEX" source="#LINK_20_003-mesh-vertices" offset="0" />
          <input semantic="NORMAL" source="#LINK_20_003-mesh-normals" offset="1" />
          <input semantic="TEXCOORD" source="#LINK_20_003-mesh-map-0" offset="2" set="0" />
          <p>0 0 0 1 1 1 2 2 2 2 2 3 1 1 4 3 3 5 2 2 6 3 3 7 4 4 8 4 4 9 3 3 10 5 5 11 4 4 12 5 5 13 6 6 14 7 7 15 8 8 16 6 6 17 6 6 18 8 8 19 9 9 20 6 6 21 9 9 22 4 4 23 1580 2466 9342 1581 2467 9343 1582 2468 9344 1582 2468 9345 1581 2467 9346 1583 2469 9347 1582 2468 9348 1583 2469 9349 1584 2470 9350 1584 2470 9351 1583 2469 9352 1585 2471 9353 1584 2470 9354 1585 2471 9355 1586 2472 9356 1586 2472 9357 1585 2471 9358 1587 2473 9359 1586 2472 9360 1587 2473 9361 1588 2474 9362 1588 2474 9363 1587 2473 9364 1589 2475 9365 1588 2474 9366 1589 2475 9367 1590 2476 9368 1590 2476 9369 1589 2475 9370 1591 2477 9371 1590 2476 9372 1591 2477 9373 1592 2478 9374 1592 2478 9375 1591 2477 9376 1593 2479 9377 1592 2478 9378 1593 2479 9379 1594 2480 9380 1594 2480 9381 1593 2479 9382 1595 2481 9383 1594 2480 9384 1595 2481 9385 1596 2482 9386 1596 2482 9387 1595 2481 9388 1597 2483 9389 1596 2482 9390 1597 2483 9391 1598 701 9392 1598 701 9393 1597 2483 9394 1599 701 9395 1581 2467 9396 1580 2466 9397 1600 2484 9398 1600 2484 9399 1580 2466 9400 1601 2485 9401 1600 2484 9402 1601 2485 9403 1602 2486 9404 1602 2486 9405 1601 2485 9406 1603 2487 9407 1602 2486 9408 1603 2487 9409 1604 2488 9410 1604 2488 9411 1603 2487 9412 1605 2489 9413 1604 2488 9414 1605 2489 9415 1606 2490 9416 1606 2490 9417 1605 2489 9418 1607 2491 9419 1606 2490 9420 1607 2491 9421 1608 2492 9422 1608 2492 9423 1607 2491 9424 1609 2493 9425 1608 2492 9426 1609 2493 9427 1610 2494 9428 1610 2494 9429 1609 2493 9430 1611 2495 9431 1610 2494 9432 1611 2495 9433 1612 701 9434 1612 701 9435 1611 2495 9436 1613 701 9437 1652 2568 9654 1653 2569 9655 1654 2570 9656 1654 2570 9657 1653 2569 9658 1655 2571 9659 1654 2570 9660 1655 2571 9661 1656 2572 9662 1656 2572 9663 1655 2571 9664 1657 2573 9665 1656 2572 9666 1657 2573 9667 1658 2574 9668 1658 2574 9669 1657 2573 9670 1659 2575 9671 1658 2574 9672 1659 2575 9673 1660 2576 9674 1653 2569 9675 1652 2568 9676 1661 2577 9677 1661 2577 9678 1652 2568 9679 1662 2578 9680 1661 2577 9681 1662 2578 9682 1663 2579 9683 1663 2579 9684 1662 2578 9685 1664 2580 9686 1663 2579 9687 1664 2580 9688 1665 2581 9689 1666 2582 9690 1667 2583 9691 1668 2584 9692 1668 2584 9693 1667 2583 9694 1669 2585 9695 1668 2584 9696 1669 2585 9697 1670 2586 9698 1670 2586 9699 1669 2585 9700 1671 2587 9701 1670 2586 9702 1671 2587 9703 1672 2588 9704 1672 2588 9705 1671 2587 9706 1673 2589 9707 1672 2588 9708 1673 2589 9709 1674 2590 9710 1667 2583 9711 1666 2582 9712 1675 2591 9713 1675 2591 9714 1666 2582 9715 1676 2592 9716 1675 2591 9717 1676 2592 9718 1677 2593 9719 1677 2593 9720 1676 2592 9721 1678 2594 9722 1677 2593 9723 1678 2594 9724 1679 2595 9725 1680 2596 9726 1681 2597 9727 1682 2598 9728 1682 2598 9729 1681 2597 9730 1683 2599 9731 1682 2598 9732 1683 2599 9733 1684 2600 9734 1684 2600 9735 1683 2599 9736 1685 2601 9737 1684 2600 9738 1685 2601 9739 1686 2602 9740 1686 2602 9741 1685 2601 9742 1687 2603 9743 1686 2602 9744 1687 2603 9745 1688 2590 9746 1681 2597 9747 1680 2596 9748 1689 2604 9749 1689 2604 9750 1680 2596 9751 1690 2605 9752 1689 2604 9753 1690 2605 9754 1691 2606 9755 1691 2606 9756 1690 2605 9757 1692 2607 9758 1691 2606 9759 1692 2607 9760 1693 2595 9761 1694 2608 9762 1695 2609 9763 1696 2610 9764 1696 2610 9765 1695 2609 9766 1697 2611 9767 1696 2610 9768 1697 2611 9769 1698 2612 9770 1698 2612 9771 1697 2611 9772 1699 2613 9773 1698 2612 9774 1699 2613 9775 1700 2614 9776 1700 2614 9777 1699 2613 9778 1701 2615 9779 1700 2614 9780 1701 2615 9781 1702 2576 9782 1695 2609 9783 1694 2608 9784 1703 2616 9785 1703 2616 9786 1694 2608 9787 1704 2617 9788 1703 2616 9789 1704 2617 9790 1705 2618 9791 1705 2618 9792 1704 2617 9793 1706 2619 9794 1705 2618 9795 1706 2619 9796 1707 2581 9797 1708 2620 9798 1585 2621 9799 1709 1693 9800 1709 1693 9801 1585 2621 9802 1583 1693 9803 1709 1693 9804 1583 1693 9805 1710 2622 9806 1710 2622 9807 1583 1693 9808 1581 2623 9809 1710 2622 9810 1581 2623 9811 1711 2624 9812 1711 2624 9813 1581 2623 9814 1600 2625 9815 1711 2624 9816 1600 2625 9817 1712 2626 9818 1712 2626 9819 1600 2625 9820 1602 2627 9821 1712 2626 9822 1602 2627 9823 1713 2628 9824 1713 2628 9825 1602 2627 9826 1604 2629 9827 1713 2628 9828 1604 2629 9829 1714 2630 9830 1714 2630 9831 1604 2629 9832 1606 2631 9833 1714 2630 9834 1606 2631 9835 1715 2632 9836 1715 2632 9837 1606 2631 9838 1608 2633 9839 1715 2632 9840 1608 2633 9841 1716 2634 9842 1716 2634 9843 1608 2633 9844 1610 2635 9845 1716 2634 9846 1610 2635 9847 1717 2636 9848 1717 2636 9849 1610 2635 9850 1612 2637 9851 1717 2636 9852 1612 2637 9853 1718 2638 9854 1718 2638 9855 1612 2637 9856 1613 2639 9857 1718 2638 9858 1613 2639 9859 1719 2640 9860 1719 2640 9861 1613 2639 9862 1611 2641 9863 1719 2640 9864 1611 2641 9865 1720 2642 9866 1720 2642 9867 1611 2641 9868 1609 2643 9869 1720 2642 9870 1609 2643 9871 1721 2644 9872 1721 2644 9873 1609 2643 9874 1607 2645 9875 1721 2644 9876 1607 2645 9877 1722 2646 9878 1722 2646 9879 1607 2645 9880 1605 2647 9881 1722 2646 9882 1605 2647 9883 1723 2648 9884 1723 2648 9885 1605 2647 9886 1603 2649 9887 1723 2648 9888 1603 2649 9889 1724 2650 9890 1724 2650 9891 1603 2649 9892 1601 2651 9893 1724 2650 9894 1601 2651 9895 1725 2652 9896 1725 2652 9897 1601 2651 9898 1580 2653 9899 1725 2652 9900 1580 2653 9901 1726 2654 9902 1726 2654 9903 1580 2653 9904 1582 2654 9905 1726 2654 9906 1582 2654 9907 1727 2655 9908 1727 2655 9909 1582 2654 9910 1584 2656 9911 1727 2655 9912 1584 2656 9913 1728 2657 9914 1728 2657 9915 1584 2656 9916 1586 2658 9917 1728 2657 9918 1586 2658 9919 1729 2659 9920 1729 2659 9921 1586 2658 9922 1588 2660 9923 1729 2659 9924 1588 2660 9925 1730 2661 9926 1730 2661 9927 1588 2660 9928 1590 2662 9929 1730 2661 9930 1590 2662 9931 1731 2663 9932 1731 2663 9933 1590 2662 9934 1592 2664 9935 1731 2663 9936 1592 2664 9937 1732 2665 9938 1732 2665 9939 1592 2664 9940 1594 2666 9941 1732 2665 9942 1594 2666 9943 1733 2667 9944 1733 2667 9945 1594 2666 9946 1596 2668 9947 1733 2667 9948 1596 2668 9949 1734 2669 9950 1734 2669 9951 1596 2668 9952 1598 2670 9953 1734 2669 9954 1598 2670 9955 1735 2671 9956 1735 2671 9957 1598 2670 9958 1599 2672 9959 1735 2671 9960 1599 2672 9961 1736 2673 9962 1736 2673 9963 1599 2672 9964 1597 2674 9965 1736 2673 9966 1597 2674 9967 1737 2675 9968 1737 2675 9969 1597 2674 9970 1595 2676 9971 1737 2675 9972 1595 2676 9973 1738 2677 9974 1738 2677 9975 1595 2676 9976 1593 2678 9977 1738 2677 9978 1593 2678 9979 1739 2679 9980 1739 2679 9981 1593 2678 9982 1591 2680 9983 1739 2679 9984 1591 2680 9985 1740 2681 9986 1740 2681 9987 1591 2680 9988 1589 2682 9989 1740 2681 9990 1589 2682 9991 1741 2683 9992 1741 2683 9993 1589 2682 9994 1587 2684 9995 1741 2683 9996 1587 2684 9997 1708 2620 9998 1708 2620 9999 1587 2684 10000 1585 2621 10001 1742 701 10002 1743 701 10003 1744 701 10004 1744 701 10005 1743 701 10006 1745 701 10007 1744 701 10008 1745 701 10009 1746 701 10010 1746 701 10011 1745 701 10012 1747 701 10013 1746 701 10014 1747 701 10015 1748 701 10016 1748 701 10017 1747 701 10018 1749 701 10019 1748 701 10020 1749 701 10021 1750 701 10022 1750 701 10023 1749 701 10024 1751 701 10025 1750 701 10026 1751 701 10027 1752 701 10028 1752 701 10029 1751 701 10030 1753 701 10031 1752 701 10032 1753 701 10033 1754 701 10034 1754 701 10035 1753 701 10036 1755 701 10037 1754 701 10038 1755 701 10039 1756 701 10040 1825 2805 10365 1826 2806 10366 1827 2807 10367 1827 2807 10368 1826 2806 10369 1828 2808 10370 1827 2807 10371 1828 2808 10372 1829 2809 10373 1829 2809 10374 1828 2808 10375 1830 2810 10376 1829 2809 10377 1830 2810 10378 1831 2811 10379 1831 2811 10380 1830 2810 10381 1832 2812 10382 1831 2811 10383 1832 2812 10384 1833 2813 10385 1833 2813 10386 1832 2812 10387 1834 2814 10388 1833 2813 10389 1834 2814 10390 1835 2815 10391 1835 2815 10392 1834 2814 10393 1836 2816 10394 1835 2815 10395 1836 2816 10396 1837 2817 10397 1837 2817 10398 1836 2816 10399 1838 2818 10400 1837 2817 10401 1838 2818 10402 1839 2819 10403 1839 2819 10404 1838 2818 10405 1840 2820 10406 1839 2819 10407 1840 2820 10408 1841 2821 10409 1841 2821 10410 1840 2820 10411 1842 2822 10412 1841 2821 10413 1842 2822 10414 1843 2823 10415 1843 2823 10416 1842 2822 10417 1844 2824 10418 1843 2823 10419 1844 2824 10420 1845 2825 10421 1845 2825 10422 1844 2824 10423 1846 2826 10424 1845 2825 10425 1846 2826 10426 1847 2827 10427 1847 2827 10428 1846 2826 10429 1848 2828 10430 1847 2827 10431 1848 2828 10432 1849 2829 10433 1849 2829 10434 1848 2828 10435 1850 2830 10436 1849 2829 10437 1850 2830 10438 1851 2831 10439 1851 2831 10440 1850 2830 10441 1852 2832 10442 1851 2831 10443 1852 2832 10444 1853 2833 10445 1853 2833 10446 1852 2832 10447 1854 2834 10448 1853 2833 10449 1854 2834 10450 1855 2835 10451 1855 2835 10452 1854 2834 10453 1856 2836 10454 1855 2835 10455 1856 2836 10456 1857 2837 10457 1826 2806 10458 1825 2805 10459 1858 2838 10460 1858 2838 10461 1825 2805 10462 1859 2839 10463 1858 2838 10464 1859 2839 10465 1860 2840 10466 1860 2840 10467 1859 2839 10468 1861 2841 10469 1860 2840 10470 1861 2841 10471 1862 2842 10472 1862 2842 10473 1863 2843 10474 1860 2840 10475 1860 2840 10476 1863 2843 10477 1864 2844 10478 1860 2840 10479 1864 2844 10480 1858 2838 10481 1858 2838 10482 1864 2844 10483 1865 2845 10484 1858 2838 10485 1865 2845 10486 1830 2810 10487 1830 2810 10488 1865 2845 10489 1832 2812 10490 1863 2843 10491 1866 2846 10492 1864 2844 10493 1864 2844 10494 1866 2846 10495 1867 2847 10496 1864 2844 10497 1867 2847 10498 1868 2848 10499 1868 2848 10500 1867 2847 10501 1869 2849 10502 1868 2848 10503 1869 2849 10504 1870 2850 10505 1866 2846 10506 1869 2849 10507 1867 2847 10508 1868 2848 10509 1870 2850 10510 1871 2851 10511 1871 2851 10512 1870 2850 10513 1872 2852 10514 1871 2851 10515 1872 2852 10516 1873 2853 10517 1871 2851 10518 1873 2853 10519 1874 2854 10520 1874 2854 10521 1873 2853 10522 1875 2855 10523 1874 2854 10524 1875 2855 10525 1876 2856 10526 1876 2856 10527 1875 2855 10528 1877 2857 10529 1876 2856 10530 1877 2857 10531 1878 2858 10532 1878 2858 10533 1877 2857 10534 1879 2859 10535 1878 2858 10536 1879 2859 10537 1880 2860 10538 1880 2860 10539 1879 2859 10540 1881 2861 10541 1880 2860 10542 1881 2861 10543 1882 2862 10544 1880 2860 10545 1882 2862 10546 1883 2863 10547 1883 2863 10548 1882 2862 10549 1884 2864 10550 1883 2863 10551 1884 2864 10552 1885 2865 10553 1885 2865 10554 1884 2864 10555 1886 2866 10556 1885 2865 10557 1886 2866 10558 1887 2867 10559 1885 2865 10560 1887 2867 10561 1888 2868 10562 1888 2868 10563 1887 2867 10564 1889 2869 10565 1888 2868 10566 1889 2869 10567 1890 2870 10568 1890 2870 10569 1889 2869 10570 1891 2871 10571 1890 2870 10572 1891 2871 10573 1892 2872 10574 1892 2872 10575 1891 2871 10576 1893 2873 10577 1892 2872 10578 1893 2873 10579 1894 2874 10580 1894 2874 10581 1893 2873 10582 1895 2875 10583 1894 2874 10584 1895 2875 10585 1852 2832 10586 1852 2832 10587 1895 2875 10588 1854 2834 10589 1891 2871 10590 1896 2876 10591 1893 2873 10592 1893 2873 10593 1896 2876 10594 1897 2877 10595 1893 2873 10596 1897 2877 10597 1895 2875 10598 1895 2875 10599 1897 2877 10600 1898 2878 10601 1895 2875 10602 1898 2878 10603 1856 2836 10604 1899 2879 10605 1900 2880 10606 1857 2837 10607 1857 2837 10608 1900 2880 10609 1901 2881 10610 1857 2837 10611 1901 2881 10612 1855 2835 10613 1855 2835 10614 1901 2881 10615 1902 2882 10616 1855 2835 10617 1902 2882 10618 1853 2833 10619 1853 2833 10620 1902 2882 10621 1903 2883 10622 1853 2833 10623 1903 2883 10624 1851 2831 10625 1851 2831 10626 1903 2883 10627 1904 2884 10628 1851 2831 10629 1904 2884 10630 1849 2829 10631 1849 2829 10632 1904 2884 10633 1905 2885 10634 1849 2829 10635 1905 2885 10636 1847 2827 10637 1847 2827 10638 1905 2885 10639 1906 2886 10640 1847 2827 10641 1906 2886 10642 1845 2825 10643 1845 2825 10644 1906 2886 10645 1907 2887 10646 1845 2825 10647 1907 2887 10648 1843 2823 10649 1843 2823 10650 1907 2887 10651 1908 2888 10652 1843 2823 10653 1908 2888 10654 1841 2821 10655 1841 2821 10656 1908 2888 10657 1909 2889 10658 1841 2821 10659 1909 2889 10660 1839 2819 10661 1839 2819 10662 1909 2889 10663 1910 2890 10664 1839 2819 10665 1910 2890 10666 1837 2817 10667 1837 2817 10668 1910 2890 10669 1911 2891 10670 1837 2817 10671 1911 2891 10672 1835 2815 10673 1835 2815 10674 1911 2891 10675 1912 2892 10676 1835 2815 10677 1912 2892 10678 1833 2813 10679 1833 2813 10680 1912 2892 10681 1913 2893 10682 1833 2813 10683 1913 2893 10684 1831 2811 10685 1831 2811 10686 1913 2893 10687 1914 2894 10688 1831 2811 10689 1914 2894 10690 1829 2809 10691 1829 2809 10692 1914 2894 10693 1827 2807 10694 1900 2880 10695 1899 2879 10696 1915 2895 10697 1915 2895 10698 1899 2879 10699 1916 2896 10700 1915 2895 10701 1916 2896 10702 1917 2897 10703 1917 2897 10704 1916 2896 10705 1918 2898 10706 1917 2897 10707 1918 2898 10708 1919 2899 10709 1920 2900 10710 1921 2901 10711 1919 2899 10712 1919 2899 10713 1921 2901 10714 1922 2902 10715 1919 2899 10716 1922 2902 10717 1915 2895 10718 1915 2895 10719 1922 2902 10720 1900 2880 10721 1920 2900 10722 1923 2903 10723 1921 2901 10724 1921 2901 10725 1923 2903 10726 1924 2904 10727 1921 2901 10728 1924 2904 10729 1925 2905 10730 1925 2905 10731 1924 2904 10732 1926 2906 10733 1925 2905 10734 1926 2906 10735 1927 2907 10736 1927 2907 10737 1926 2906 10738 1928 2908 10739 1927 2907 10740 1928 2908 10741 1929 2909 10742 1929 2909 10743 1928 2908 10744 1930 2910 10745 1929 2909 10746 1930 2910 10747 1931 2911 10748 1931 2911 10749 1930 2910 10750 1932 2912 10751 1931 2911 10752 1932 2912 10753 1933 2913 10754 1933 2913 10755 1932 2912 10756 1934 2914 10757 1933 2913 10758 1934 2914 10759 1935 2915 10760 1926 2906 10761 1936 2916 10762 1928 2908 10763 1933 2913 10764 1935 2915 10765 1937 2917 10766 1937 2917 10767 1935 2915 10768 1938 2918 10769 1937 2917 10770 1938 2918 10771 1939 2919 10772 1939 2919 10773 1938 2918 10774 1940 2920 10775 1939 2919 10776 1940 2920 10777 1941 2921 10778 1941 2921 10779 1940 2920 10780 1942 2922 10781 1941 2921 10782 1942 2922 10783 1943 2923 10784 1943 2923 10785 1942 2922 10786 1944 2924 10787 1943 2923 10788 1944 2924 10789 1945 2925 10790 1946 2926 10791 1947 2927 10792 1945 2925 10793 1945 2925 10794 1947 2927 10795 1948 2928 10796 1945 2925 10797 1948 2928 10798 1943 2923 10799 1943 2923 10800 1948 2928 10801 1949 2929 10802 1943 2923 10803 1949 2929 10804 1950 2930 10805 1950 2930 10806 1949 2929 10807 1951 2931 10808 1950 2930 10809 1951 2931 10810 1952 2932 10811 1952 2932 10812 1951 2931 10813 1909 2889 10814 1952 2932 10815 1909 2889 10816 1908 2888 10817 1947 2927 10818 1946 2926 10819 1953 2933 10820 1953 2933 10821 1946 2926 10822 1954 2934 10823 1953 2933 10824 1954 2934 10825 1955 2935 10826 1955 2935 10827 1954 2934 10828 1956 2936 10829 1955 2935 10830 1956 2936 10831 1913 2893 10832 1913 2893 10833 1956 2936 10834 1914 2894 10835 1956 2936 10836 1827 2807 10837 1914 2894 10838 1856 2836 10839 1854 2834 10840 1895 2875 10841 1852 2832 10842 1850 2830 10843 1894 2874 10844 1894 2874 10845 1850 2830 10846 1957 2937 10847 1894 2874 10848 1957 2937 10849 1892 2872 10850 1892 2872 10851 1957 2937 10852 1958 2938 10853 1892 2872 10854 1958 2938 10855 1890 2870 10856 1890 2870 10857 1958 2938 10858 1888 2868 10859 1850 2830 10860 1848 2828 10861 1957 2937 10862 1957 2937 10863 1848 2828 10864 1959 2939 10865 1957 2937 10866 1959 2939 10867 1958 2938 10868 1958 2938 10869 1959 2939 10870 1960 2940 10871 1958 2938 10872 1960 2940 10873 1888 2868 10874 1888 2868 10875 1960 2940 10876 1885 2865 10877 1848 2828 10878 1846 2826 10879 1959 2939 10880 1959 2939 10881 1846 2826 10882 1961 2941 10883 1959 2939 10884 1961 2941 10885 1960 2940 10886 1960 2940 10887 1961 2941 10888 1962 2942 10889 1960 2940 10890 1962 2942 10891 1885 2865 10892 1885 2865 10893 1962 2942 10894 1883 2863 10895 1846 2826 10896 1844 2824 10897 1961 2941 10898 1961 2941 10899 1844 2824 10900 1963 2943 10901 1961 2941 10902 1963 2943 10903 1962 2942 10904 1962 2942 10905 1963 2943 10906 1964 2944 10907 1962 2942 10908 1964 2944 10909 1883 2863 10910 1883 2863 10911 1964 2944 10912 1880 2860 10913 1844 2824 10914 1842 2822 10915 1963 2943 10916 1963 2943 10917 1842 2822 10918 1965 2945 10919 1963 2943 10920 1965 2945 10921 1964 2944 10922 1964 2944 10923 1965 2945 10924 1966 2946 10925 1964 2944 10926 1966 2946 10927 1880 2860 10928 1880 2860 10929 1966 2946 10930 1878 2858 10931 1842 2822 10932 1840 2820 10933 1965 2945 10934 1965 2945 10935 1840 2820 10936 1967 2947 10937 1965 2945 10938 1967 2947 10939 1966 2946 10940 1966 2946 10941 1967 2947 10942 1968 2948 10943 1966 2946 10944 1968 2948 10945 1878 2858 10946 1878 2858 10947 1968 2948 10948 1876 2856 10949 1840 2820 10950 1838 2818 10951 1967 2947 10952 1967 2947 10953 1838 2818 10954 1969 2949 10955 1967 2947 10956 1969 2949 10957 1968 2948 10958 1968 2948 10959 1969 2949 10960 1970 2950 10961 1968 2948 10962 1970 2950 10963 1876 2856 10964 1876 2856 10965 1970 2950 10966 1874 2854 10967 1838 2818 10968 1836 2816 10969 1969 2949 10970 1969 2949 10971 1836 2816 10972 1971 2951 10973 1969 2949 10974 1971 2951 10975 1970 2950 10976 1970 2950 10977 1971 2951 10978 1972 2952 10979 1970 2950 10980 1972 2952 10981 1874 2854 10982 1874 2854 10983 1972 2952 10984 1871 2851 10985 1836 2816 10986 1834 2814 10987 1971 2951 10988 1971 2951 10989 1834 2814 10990 1973 2953 10991 1971 2951 10992 1973 2953 10993 1972 2952 10994 1972 2952 10995 1973 2953 10996 1974 2954 10997 1972 2952 10998 1974 2954 10999 1871 2851 11000 1871 2851 11001 1974 2954 11002 1868 2848 11003 1834 2814 11004 1832 2812 11005 1973 2953 11006 1973 2953 11007 1832 2812 11008 1865 2845 11009 1973 2953 11010 1865 2845 11011 1974 2954 11012 1974 2954 11013 1865 2845 11014 1864 2844 11015 1974 2954 11016 1864 2844 11017 1868 2848 11018 1826 2806 11019 1858 2838 11020 1828 2808 11021 1828 2808 11022 1858 2838 11023 1830 2810 11024 1913 2893 11025 1912 2892 11026 1955 2935 11027 1955 2935 11028 1912 2892 11029 1975 2955 11030 1955 2935 11031 1975 2955 11032 1953 2933 11033 1953 2933 11034 1975 2955 11035 1976 2956 11036 1953 2933 11037 1976 2956 11038 1947 2927 11039 1947 2927 11040 1976 2956 11041 1948 2928 11042 1912 2892 11043 1911 2891 11044 1975 2955 11045 1975 2955 11046 1911 2891 11047 1977 2957 11048 1975 2955 11049 1977 2957 11050 1976 2956 11051 1976 2956 11052 1977 2957 11053 1949 2929 11054 1976 2956 11055 1949 2929 11056 1948 2928 11057 1911 2891 11058 1910 2890 11059 1977 2957 11060 1977 2957 11061 1910 2890 11062 1951 2931 11063 1977 2957 11064 1951 2931 11065 1949 2929 11066 1910 2890 11067 1909 2889 11068 1951 2931 11069 1908 2888 11070 1907 2887 11071 1978 2958 11072 1978 2958 11073 1907 2887 11074 1979 2959 11075 1978 2958 11076 1979 2959 11077 1980 2960 11078 1980 2960 11079 1979 2959 11080 1981 2961 11081 1980 2960 11082 1981 2961 11083 1937 2917 11084 1937 2917 11085 1981 2961 11086 1933 2913 11087 1907 2887 11088 1906 2886 11089 1979 2959 11090 1979 2959 11091 1906 2886 11092 1982 2962 11093 1979 2959 11094 1982 2962 11095 1981 2961 11096 1981 2961 11097 1982 2962 11098 1983 2963 11099 1981 2961 11100 1983 2963 11101 1933 2913 11102 1933 2913 11103 1983 2963 11104 1931 2911 11105 1906 2886 11106 1905 2885 11107 1982 2962 11108 1982 2962 11109 1905 2885 11110 1984 2964 11111 1982 2962 11112 1984 2964 11113 1983 2963 11114 1983 2963 11115 1984 2964 11116 1985 2965 11117 1983 2963 11118 1985 2965 11119 1931 2911 11120 1931 2911 11121 1985 2965 11122 1929 2909 11123 1905 2885 11124 1904 2884 11125 1984 2964 11126 1984 2964 11127 1904 2884 11128 1986 2966 11129 1984 2964 11130 1986 2966 11131 1985 2965 11132 1985 2965 11133 1986 2966 11134 1987 2967 11135 1985 2965 11136 1987 2967 11137 1929 2909 11138 1929 2909 11139 1987 2967 11140 1927 2907 11141 1904 2884 11142 1903 2883 11143 1986 2966 11144 1986 2966 11145 1903 2883 11146 1988 2968 11147 1986 2966 11148 1988 2968 11149 1987 2967 11150 1987 2967 11151 1988 2968 11152 1989 2969 11153 1987 2967 11154 1989 2969 11155 1927 2907 11156 1927 2907 11157 1989 2969 11158 1925 2905 11159 1903 2883 11160 1902 2882 11161 1988 2968 11162 1988 2968 11163 1902 2882 11164 1990 2970 11165 1988 2968 11166 1990 2970 11167 1989 2969 11168 1989 2969 11169 1990 2970 11170 1922 2902 11171 1989 2969 11172 1922 2902 11173 1925 2905 11174 1925 2905 11175 1922 2902 11176 1921 2901 11177 1902 2882 11178 1901 2881 11179 1990 2970 11180 1990 2970 11181 1901 2881 11182 1900 2880 11183 1990 2970 11184 1900 2880 11185 1922 2902 11186 1908 2888 11187 1978 2958 11188 1952 2932 11189 1952 2932 11190 1978 2958 11191 1991 2971 11192 1952 2932 11193 1991 2971 11194 1950 2930 11195 1950 2930 11196 1991 2971 11197 1941 2921 11198 1950 2930 11199 1941 2921 11200 1943 2923 11201 1991 2971 11202 1978 2958 11203 1980 2960 11204 1917 2897 11205 1919 2899 11206 1915 2895 11207 1937 2917 11208 1939 2919 11209 1980 2960 11210 1980 2960 11211 1939 2919 11212 1991 2971 11213 1939 2919 11214 1941 2921 11215 1991 2971 11216 1656 2972 11217 1992 2973 11218 1654 2974 11219 1654 2974 11220 1992 2973 11221 1993 2975 11222 1654 2974 11223 1993 2975 11224 1652 2976 11225 1652 2976 11226 1993 2975 11227 1994 2977 11228 1652 2976 11229 1994 2977 11230 1662 2978 11231 1662 2978 11232 1994 2977 11233 1995 2979 11234 1662 2978 11235 1995 2979 11236 1664 2980 11237 1664 2980 11238 1995 2979 11239 1996 2981 11240 1664 2980 11241 1996 2981 11242 1665 2982 11243 1665 2982 11244 1996 2981 11245 1997 2983 11246 1665 2982 11247 1997 2983 11248 1663 2984 11249 1663 2984 11250 1997 2983 11251 1998 2985 11252 1663 2984 11253 1998 2985 11254 1661 2986 11255 1661 2986 11256 1998 2985 11257 1999 2987 11258 1661 2986 11259 1999 2987 11260 1653 2988 11261 1653 2988 11262 1999 2987 11263 2000 2989 11264 1653 2988 11265 2000 2989 11266 1655 2990 11267 1655 2990 11268 2000 2989 11269 2001 2991 11270 1655 2990 11271 2001 2991 11272 1657 2992 11273 1657 2992 11274 2001 2991 11275 2002 2993 11276 1657 2992 11277 2002 2993 11278 1659 2994 11279 1659 2994 11280 2002 2993 11281 2003 2995 11282 1659 2994 11283 2003 2995 11284 1660 2996 11285 1660 2996 11286 2003 2995 11287 2004 2997 11288 1660 2996 11289 2004 2997 11290 1658 2998 11291 1658 2998 11292 2004 2997 11293 2005 2999 11294 1658 2998 11295 2005 2999 11296 1656 2972 11297 1656 2972 11298 2005 2999 11299 1992 2973 11300 1670 3000 11301 2006 3001 11302 1668 3002 11303 1668 3002 11304 2006 3001 11305 2007 3003 11306 1668 3002 11307 2007 3003 11308 1666 3004 11309 1666 3004 11310 2007 3003 11311 2008 3005 11312 1666 3004 11313 2008 3005 11314 1676 2978 11315 1676 2978 11316 2008 3005 11317 2009 2979 11318 1676 2978 11319 2009 2979 11320 1678 2980 11321 1678 2980 11322 2009 2979 11323 2010 2981 11324 1678 2980 11325 2010 2981 11326 1679 2982 11327 1679 2982 11328 2010 2981 11329 2011 2983 11330 1679 2982 11331 2011 2983 11332 1677 2984 11333 1677 2984 11334 2011 2983 11335 2012 2985 11336 1677 2984 11337 2012 2985 11338 1675 3006 11339 1675 3006 11340 2012 2985 11341 2013 3007 11342 1675 3006 11343 2013 3007 11344 1667 3008 11345 1667 3008 11346 2013 3007 11347 2014 3009 11348 1667 3008 11349 2014 3009 11350 1669 3010 11351 1669 3010 11352 2014 3009 11353 2015 3011 11354 1669 3010 11355 2015 3011 11356 1671 2992 11357 1671 2992 11358 2015 3011 11359 2016 2993 11360 1671 2992 11361 2016 2993 11362 1673 2994 11363 1673 2994 11364 2016 2993 11365 2017 2995 11366 1673 2994 11367 2017 2995 11368 1674 2996 11369 1674 2996 11370 2017 2995 11371 2018 2997 11372 1674 2996 11373 2018 2997 11374 1672 2998 11375 1672 2998 11376 2018 2997 11377 2019 2999 11378 1672 2998 11379 2019 2999 11380 1670 3000 11381 1670 3000 11382 2019 2999 11383 2006 3001 11384 1684 3012 11385 2020 3013 11386 1682 3014 11387 1682 3014 11388 2020 3013 11389 2021 3015 11390 1682 3014 11391 2021 3015 11392 1680 3016 11393 1680 3016 11394 2021 3015 11395 2022 3017 11396 1680 3016 11397 2022 3017 11398 1690 2978 11399 1690 2978 11400 2022 3017 11401 2023 2979 11402 1690 2978 11403 2023 2979 11404 1692 2980 11405 1692 2980 11406 2023 2979 11407 2024 2981 11408 1692 2980 11409 2024 2981 11410 1693 2982 11411 1693 2982 11412 2024 2981 11413 2025 2983 11414 1693 2982 11415 2025 2983 11416 1691 2984 11417 1691 2984 11418 2025 2983 11419 2026 2985 11420 1691 2984 11421 2026 2985 11422 1689 3018 11423 1689 3018 11424 2026 2985 11425 2027 3019 11426 1689 3018 11427 2027 3019 11428 1681 3020 11429 1681 3020 11430 2027 3019 11431 2028 3021 11432 1681 3020 11433 2028 3021 11434 1683 3022 11435 1683 3022 11436 2028 3021 11437 2029 3023 11438 1683 3022 11439 2029 3023 11440 1685 2992 11441 1685 2992 11442 2029 3023 11443 2030 2993 11444 1685 2992 11445 2030 2993 11446 1687 2994 11447 1687 2994 11448 2030 2993 11449 2031 2995 11450 1687 2994 11451 2031 2995 11452 1688 2996 11453 1688 2996 11454 2031 2995 11455 2032 2997 11456 1688 2996 11457 2032 2997 11458 1686 2998 11459 1686 2998 11460 2032 2997 11461 2033 2999 11462 1686 2998 11463 2033 2999 11464 1684 3012 11465 1684 3012 11466 2033 2999 11467 2020 3013 11468 1698 3024 11469 2034 3025 11470 1696 3026 11471 1696 3026 11472 2034 3025 11473 2035 3027 11474 1696 3026 11475 2035 3027 11476 1694 3028 11477 1694 3028 11478 2035 3027 11479 2036 3029 11480 1694 3028 11481 2036 3029 11482 1704 2978 11483 1704 2978 11484 2036 3029 11485 2037 2979 11486 1704 2978 11487 2037 2979 11488 1706 2980 11489 1706 2980 11490 2037 2979 11491 2038 2981 11492 1706 2980 11493 2038 2981 11494 1707 2982 11495 1707 2982 11496 2038 2981 11497 2039 2983 11498 1707 2982 11499 2039 2983 11500 1705 2984 11501 1705 2984 11502 2039 2983 11503 2040 2985 11504 1705 2984 11505 2040 2985 11506 1703 3030 11507 1703 3030 11508 2040 2985 11509 2041 3031 11510 1703 3030 11511 2041 3031 11512 1695 3032 11513 1695 3032 11514 2041 3031 11515 2042 3033 11516 1695 3032 11517 2042 3033 11518 1697 3034 11519 1697 3034 11520 2042 3033 11521 2043 3035 11522 1697 3034 11523 2043 3035 11524 1699 2992 11525 1699 2992 11526 2043 3035 11527 2044 2993 11528 1699 2992 11529 2044 2993 11530 1701 2994 11531 1701 2994 11532 2044 2993 11533 2045 2995 11534 1701 2994 11535 2045 2995 11536 1702 2996 11537 1702 2996 11538 2045 2995 11539 2046 2997 11540 1702 2996 11541 2046 2997 11542 1700 2998 11543 1700 2998 11544 2046 2997 11545 2047 2999 11546 1700 2998 11547 2047 2999 11548 1698 3024 11549 1698 3024 11550 2047 2999 11551 2034 3025 11552 1710 3036 11553 2048 3037 11554 1709 3038 11555 1709 3038 11556 2048 3037 11557 2049 3039 11558 1709 3038 11559 2049 3039 11560 1708 3040 11561 1708 3040 11562 2049 3039 11563 2050 3041 11564 1708 3040 11565 2050 3041 11566 1741 3042 11567 1741 3042 11568 2050 3041 11569 2051 3043 11570 1741 3042 11571 2051 3043 11572 1740 3044 11573 1740 3044 11574 2051 3043 11575 2052 3045 11576 1740 3044 11577 2052 3045 11578 1739 3046 11579 1739 3046 11580 2052 3045 11581 2053 3047 11582 1739 3046 11583 2053 3047 11584 1738 3048 11585 1738 3048 11586 2053 3047 11587 2054 3049 11588 1738 3048 11589 2054 3049 11590 1737 3050 11591 1737 3050 11592 2054 3049 11593 2055 3051 11594 1737 3050 11595 2055 3051 11596 1736 3052 11597 1736 3052 11598 2055 3051 11599 2056 3053 11600 1736 3052 11601 2056 3053 11602 1735 3054 11603 1735 3054 11604 2056 3053 11605 2057 3055 11606 1735 3054 11607 2057 3055 11608 1734 3056 11609 1734 3056 11610 2057 3055 11611 2058 3057 11612 1734 3056 11613 2058 3057 11614 1733 3058 11615 1733 3058 11616 2058 3057 11617 2059 3059 11618 1733 3058 11619 2059 3059 11620 1732 3060 11621 1732 3060 11622 2059 3059 11623 2060 3061 11624 1732 3060 11625 2060 3061 11626 1731 3062 11627 1731 3062 11628 2060 3061 11629 2061 3063 11630 1731 3062 11631 2061 3063 11632 1730 3064 11633 1730 3064 11634 2061 3063 11635 2062 3065 11636 1730 3064 11637 2062 3065 11638 1729 3066 11639 1729 3066 11640 2062 3065 11641 2063 3067 11642 1729 3066 11643 2063 3067 11644 1728 3068 11645 1728 3068 11646 2063 3067 11647 2064 3069 11648 1728 3068 11649 2064 3069 11650 1727 3070 11651 1727 3070 11652 2064 3069 11653 2065 3071 11654 1727 3070 11655 2065 3071 11656 1726 3072 11657 1726 3072 11658 2065 3071 11659 2066 3073 11660 1726 3072 11661 2066 3073 11662 1725 3074 11663 1725 3074 11664 2066 3073 11665 2067 3075 11666 1725 3074 11667 2067 3075 11668 1724 3076 11669 1724 3076 11670 2067 3075 11671 2068 3077 11672 1724 3076 11673 2068 3077 11674 1723 3078 11675 1723 3078 11676 2068 3077 11677 2069 3079 11678 1723 3078 11679 2069 3079 11680 1722 3080 11681 1722 3080 11682 2069 3079 11683 2070 3081 11684 1722 3080 11685 2070 3081 11686 1721 3082 11687 1721 3082 11688 2070 3081 11689 2071 3083 11690 1721 3082 11691 2071 3083 11692 1720 3084 11693 1720 3084 11694 2071 3083 11695 2072 3085 11696 1720 3084 11697 2072 3085 11698 1719 3086 11699 1719 3086 11700 2072 3085 11701 2073 3087 11702 1719 3086 11703 2073 3087 11704 1718 3088 11705 1718 3088 11706 2073 3087 11707 2074 3089 11708 1718 3088 11709 2074 3089 11710 1717 3090 11711 1717 3090 11712 2074 3089 11713 2075 3091 11714 1717 3090 11715 2075 3091 11716 1716 3092 11717 1716 3092 11718 2075 3091 11719 2076 3093 11720 1716 3092 11721 2076 3093 11722 1715 3094 11723 1715 3094 11724 2076 3093 11725 2077 3095 11726 1715 3094 11727 2077 3095 11728 1714 3096 11729 1714 3096 11730 2077 3095 11731 2078 3097 11732 1714 3096 11733 2078 3097 11734 1713 3098 11735 1713 3098 11736 2078 3097 11737 2079 3099 11738 1713 3098 11739 2079 3099 11740 1712 3100 11741 1712 3100 11742 2079 3099 11743 2080 3101 11744 1712 3100 11745 2080 3101 11746 1711 3102 11747 1711 3102 11748 2080 3101 11749 2081 3103 11750 1711 3102 11751 2081 3103 11752 1710 3036 11753 1710 3036 11754 2081 3103 11755 2048 3037 11756 2082 3104 11757 1742 3105 11758 2083 3106 11759 2083 3106 11760 1742 3105 11761 1744 3107 11762 2083 3106 11763 1744 3107 11764 2084 3108 11765 2084 3108 11766 1744 3107 11767 1746 3109 11768 2084 3108 11769 1746 3109 11770 2085 3110 11771 2085 3110 11772 1746 3109 11773 1748 3111 11774 2085 3110 11775 1748 3111 11776 2086 3112 11777 2086 3112 11778 1748 3111 11779 1750 3113 11780 2086 3112 11781 1750 3113 11782 2087 3114 11783 2087 3114 11784 1750 3113 11785 1752 3115 11786 2087 3114 11787 1752 3115 11788 2088 3116 11789 2088 3116 11790 1752 3115 11791 1754 3117 11792 2088 3116 11793 1754 3117 11794 2089 3117 11795 2089 3117 11796 1754 3117 11797 1756 3118 11798 2089 3117 11799 1756 3118 11800 2090 3119 11801 2090 3119 11802 1756 3118 11803 1755 3120 11804 2090 3119 11805 1755 3120 11806 2091 3121 11807 2091 3121 11808 1755 3120 11809 1753 3122 11810 2091 3121 11811 1753 3122 11812 2092 3122 11813 2092 3122 11814 1753 3122 11815 1751 3123 11816 2092 3122 11817 1751 3123 11818 2093 3124 11819 2093 3124 11820 1751 3123 11821 1749 3125 11822 2093 3124 11823 1749 3125 11824 2094 3126 11825 2094 3126 11826 1749 3125 11827 1747 3127 11828 2094 3126 11829 1747 3127 11830 2095 3128 11831 2095 3128 11832 1747 3127 11833 1745 3129 11834 2095 3128 11835 1745 3129 11836 2096 3130 11837 2096 3130 11838 1745 3129 11839 1743 3131 11840 2096 3130 11841 1743 3131 11842 2082 3104 11843 2082 3104 11844 1743 3131 11845 1742 3105 11846 1856 3286 12285 1898 3287 12286 2171 3288 12287 2171 3288 12288 1898 3287 12289 2172 3289 12290 2171 3288 12291 2172 3289 12292 2173 3290 12293 2173 3290 12294 2172 3289 12295 2174 3291 12296 2173 3290 12297 2174 3291 12298 2175 3292 12299 1897 3293 12300 1896 3294 12301 1898 3287 12302 1898 3287 12303 1896 3294 12304 2172 3289 12305 1891 3295 12306 2176 3296 12307 1896 3294 12308 1896 3294 12309 2176 3296 12310 2177 3297 12311 1896 3294 12312 2177 3297 12313 2172 3289 12314 2172 3289 12315 2177 3297 12316 2178 3298 12317 2172 3289 12318 2178 3298 12319 2174 3291 12320 2176 3296 12321 1891 3295 12322 2179 3299 12323 2179 3299 12324 1891 3295 12325 1889 3300 12326 2179 3299 12327 1889 3300 12328 2180 3301 12329 2180 3301 12330 1889 3300 12331 1887 3302 12332 2180 3301 12333 1887 3302 12334 2181 3303 12335 2181 3303 12336 1887 3302 12337 1886 3304 12338 2181 3303 12339 1886 3304 12340 2182 3305 12341 2182 3305 12342 1886 3304 12343 1884 3306 12344 2182 3305 12345 1884 3306 12346 2183 3307 12347 2183 3307 12348 1884 3306 12349 1882 3308 12350 2183 3307 12351 1882 3308 12352 2184 3309 12353 2184 3309 12354 1882 3308 12355 1881 3310 12356 2184 3309 12357 1881 3310 12358 2185 3311 12359 2185 3311 12360 1881 3310 12361 1879 3312 12362 2185 3311 12363 1879 3312 12364 2186 3313 12365 2186 3313 12366 1879 3312 12367 1877 3314 12368 2186 3313 12369 1877 3314 12370 2187 3315 12371 2187 3315 12372 1877 3314 12373 1875 3316 12374 2187 3315 12375 1875 3316 12376 2188 3317 12377 2188 3317 12378 1875 3316 12379 1873 3318 12380 2188 3317 12381 1873 3318 12382 2189 3319 12383 2189 3319 12384 1873 3318 12385 1872 3320 12386 2189 3319 12387 1872 3320 12388 2190 3321 12389 2190 3321 12390 1872 3320 12391 1870 3322 12392 2190 3321 12393 1870 3322 12394 2191 3323 12395 2191 3323 12396 1870 3322 12397 1869 3324 12398 2191 3323 12399 1869 3324 12400 2192 3325 12401 2192 3325 12402 1869 3324 12403 2193 3326 12404 2192 3325 12405 2193 3326 12406 2194 3327 12407 2194 3327 12408 2193 3326 12409 2195 3328 12410 2195 3328 12411 2193 3326 12412 2196 3329 12413 2195 3328 12414 2196 3329 12415 2197 3330 12416 2197 3330 12417 2196 3329 12418 1861 3331 12419 2197 3330 12420 1861 3331 12421 1825 3332 12422 1825 3332 12423 1861 3331 12424 1859 3333 12425 1869 3324 12426 1866 3334 12427 2193 3326 12428 2193 3326 12429 1866 3334 12430 1863 3335 12431 2193 3326 12432 1863 3335 12433 2196 3329 12434 2196 3329 12435 1863 3335 12436 1861 3331 12437 1863 3335 12438 1862 3336 12439 1861 3331 12440 1827 3337 12441 2198 3338 12442 1825 3332 12443 1825 3332 12444 2198 3338 12445 2197 3330 12446 2198 3338 12447 2199 3339 12448 2197 3330 12449 2197 3330 12450 2199 3339 12451 2200 3340 12452 2197 3330 12453 2200 3340 12454 2195 3328 12455 2199 3339 12456 2201 3341 12457 2200 3340 12458 2194 3327 12459 2202 3342 12460 2192 3325 12461 2192 3325 12462 2202 3342 12463 2191 3323 12464 2202 3342 12465 2203 3343 12466 2191 3323 12467 2191 3323 12468 2203 3343 12469 2190 3321 12470 2190 3321 12471 2203 3343 12472 2189 3319 12473 2189 3319 12474 2203 3343 12475 2204 3344 12476 2189 3319 12477 2204 3344 12478 2205 3345 12479 2189 3319 12480 2205 3345 12481 2188 3317 12482 2188 3317 12483 2205 3345 12484 2206 3346 12485 2188 3317 12486 2206 3346 12487 2187 3315 12488 2187 3315 12489 2206 3346 12490 2207 3347 12491 2187 3315 12492 2207 3347 12493 2186 3313 12494 2186 3313 12495 2207 3347 12496 2185 3311 12497 2207 3347 12498 2208 3348 12499 2185 3311 12500 2185 3311 12501 2208 3348 12502 2184 3309 12503 2208 3348 12504 2209 3349 12505 2184 3309 12506 2184 3309 12507 2209 3349 12508 2183 3307 12509 2209 3349 12510 2210 3350 12511 2183 3307 12512 2183 3307 12513 2210 3350 12514 2211 3351 12515 2183 3307 12516 2211 3351 12517 2182 3305 12518 2182 3305 12519 2211 3351 12520 2212 3352 12521 2182 3305 12522 2212 3352 12523 2181 3303 12524 2181 3303 12525 2212 3352 12526 2180 3301 12527 2212 3352 12528 2213 3353 12529 2180 3301 12530 2180 3301 12531 2213 3353 12532 2214 3354 12533 2180 3301 12534 2214 3354 12535 2179 3299 12536 2179 3299 12537 2214 3354 12538 2176 3296 12539 2214 3354 12540 2215 3355 12541 2176 3296 12542 2176 3296 12543 2215 3355 12544 2177 3297 12545 2215 3355 12546 2178 3298 12547 2177 3297 12548 2173 3290 12549 2175 3292 12550 2216 3356 12551 2216 3356 12552 2175 3292 12553 2217 3357 12554 2216 3356 12555 2217 3357 12556 2218 3358 12557 2218 3358 12558 2217 3357 12559 2219 3359 12560 2218 3358 12561 2219 3359 12562 2220 3360 12563 2220 3360 12564 2219 3359 12565 2221 3361 12566 2220 3360 12567 2221 3361 12568 1920 3362 12569 1920 3362 12570 2221 3361 12571 1923 3363 12572 1923 3363 12573 2221 3361 12574 2222 3364 12575 1923 3363 12576 2222 3364 12577 2223 3365 12578 2223 3365 12579 2222 3364 12580 2224 3366 12581 2223 3365 12582 2224 3366 12583 2225 3367 12584 2219 3359 12585 2224 3366 12586 2221 3361 12587 2221 3361 12588 2224 3366 12589 2222 3364 12590 2225 3367 12591 2226 3368 12592 2223 3365 12593 2223 3365 12594 2226 3368 12595 2227 3369 12596 2223 3365 12597 2227 3369 12598 1926 3370 12599 1926 3370 12600 2227 3369 12601 2228 3371 12602 1926 3370 12603 2228 3371 12604 1936 3372 12605 1936 3372 12606 2228 3371 12607 1928 3373 12608 1928 3373 12609 2228 3371 12610 2229 3374 12611 1928 3373 12612 2229 3374 12613 1930 3375 12614 1930 3375 12615 2229 3374 12616 2230 3376 12617 1930 3375 12618 2230 3376 12619 1932 3377 12620 1932 3377 12621 2230 3376 12622 2231 3378 12623 1932 3377 12624 2231 3378 12625 2232 3379 12626 2232 3379 12627 2231 3378 12628 2233 3380 12629 2232 3379 12630 2233 3380 12631 2234 3381 12632 2227 3369 12633 2226 3368 12634 2228 3371 12635 2228 3371 12636 2226 3368 12637 2235 3382 12638 2228 3371 12639 2235 3382 12640 2236 3383 12641 2228 3371 12642 2236 3383 12643 2229 3374 12644 2229 3374 12645 2236 3383 12646 2237 3384 12647 2229 3374 12648 2237 3384 12649 2230 3376 12650 2230 3376 12651 2237 3384 12652 2233 3380 12653 2230 3376 12654 2233 3380 12655 2231 3378 12656 2232 3379 12657 2234 3381 12658 2238 3385 12659 2238 3385 12660 2234 3381 12661 2239 3386 12662 2238 3385 12663 2239 3386 12664 2240 3387 12665 2240 3387 12666 2239 3386 12667 2241 3388 12668 2240 3387 12669 2241 3388 12670 2242 3389 12671 2242 3389 12672 2241 3388 12673 2243 3390 12674 2242 3389 12675 2243 3390 12676 2244 3391 12677 2245 3392 12678 2246 3393 12679 2244 3391 12680 2244 3391 12681 2246 3393 12682 2247 3394 12683 2244 3391 12684 2247 3394 12685 2242 3389 12686 2242 3389 12687 2247 3394 12688 1940 3395 12689 2242 3389 12690 1940 3395 12691 1938 3396 12692 2245 3392 12693 2248 3397 12694 2246 3393 12695 2246 3393 12696 2248 3397 12697 2249 3398 12698 2246 3393 12699 2249 3398 12700 1944 3399 12701 1944 3399 12702 2249 3398 12703 1945 3400 12704 1945 3400 12705 2249 3398 12706 2250 3401 12707 1945 3400 12708 2250 3401 12709 1946 3402 12710 1946 3402 12711 2250 3401 12712 2251 3403 12713 1946 3402 12714 2251 3403 12715 2252 3404 12716 2252 3404 12717 2251 3403 12718 2253 3405 12719 2252 3404 12720 2253 3405 12721 2254 3406 12722 2249 3398 12723 2248 3397 12724 2250 3401 12725 2250 3401 12726 2248 3397 12727 2251 3403 12728 2201 3341 12729 2199 3339 12730 2254 3406 12731 2254 3406 12732 2199 3339 12733 2198 3338 12734 2254 3406 12735 2198 3338 12736 2252 3404 12737 2252 3404 12738 2198 3338 12739 1827 3337 12740 2252 3404 12741 1827 3337 12742 1956 3407 12743 1956 3407 12744 1954 3408 12745 2252 3404 12746 2252 3404 12747 1954 3408 12748 1946 3402 12749 1944 3399 12750 1942 3409 12751 2246 3393 12752 2246 3393 12753 1942 3409 12754 2247 3394 12755 1942 3409 12756 1940 3395 12757 2247 3394 12758 2242 3389 12759 1938 3396 12760 2240 3387 12761 2240 3387 12762 1938 3396 12763 1935 3410 12764 2240 3387 12765 1935 3410 12766 2238 3385 12767 2238 3385 12768 1935 3410 12769 1934 3411 12770 2238 3385 12771 1934 3411 12772 2232 3379 12773 2232 3379 12774 1934 3411 12775 1932 3377 12776 1926 3370 12777 1924 3412 12778 2223 3365 12779 2223 3365 12780 1924 3412 12781 1923 3363 12782 1920 3362 12783 1919 3413 12784 2220 3360 12785 2220 3360 12786 1919 3413 12787 1918 3414 12788 2220 3360 12789 1918 3414 12790 1916 3415 12791 2220 3360 12792 1916 3415 12793 2218 3358 12794 2218 3358 12795 1916 3415 12796 1899 3416 12797 2218 3358 12798 1899 3416 12799 1857 3417 12800 1856 3286 12801 2171 3288 12802 1857 3417 12803 1857 3417 12804 2171 3288 12805 2173 3290 12806 1857 3417 12807 2173 3290 12808 2216 3356 12809 1857 3417 12810 2216 3356 12811 2218 3358 12812 2255 3418 12813 2066 701 12814 2256 701 12815 2256 701 12816 2066 701 12817 2065 3419 12818 2256 701 12819 2065 3419 12820 2257 3420 12821 2257 3420 12822 2065 3419 12823 2064 3421 12824 2257 3420 12825 2064 3421 12826 2258 3422 12827 2258 3422 12828 2064 3421 12829 2259 3423 12830 2259 3423 12831 2064 3421 12832 2063 3424 12833 2259 3423 12834 2063 3424 12835 2038 3425 12836 2038 3425 12837 2063 3424 12838 2039 3426 12839 2039 3426 12840 2063 3424 12841 2062 3427 12842 2039 3426 12843 2062 3427 12844 2040 3428 12845 2040 3428 12846 2062 3427 12847 2061 3429 12848 2040 3428 12849 2061 3429 12850 2041 3430 12851 2041 3430 12852 2061 3429 12853 2060 3431 12854 2041 3430 12855 2060 3431 12856 2042 3432 12857 2042 3432 12858 2060 3431 12859 2059 3433 12860 2042 3432 12861 2059 3433 12862 2043 3434 12863 2043 3434 12864 2059 3433 12865 2260 3435 12866 2043 3434 12867 2260 3435 12868 2261 3436 12869 2066 701 12870 2255 3418 12871 2067 3437 12872 2067 3437 12873 2255 3418 12874 2262 3438 12875 2067 3437 12876 2262 3438 12877 2263 3439 12878 2264 3440 12879 2005 3441 12880 2263 3439 12881 2263 3439 12882 2005 3441 12883 2004 3442 12884 2263 3439 12885 2004 3442 12886 2068 3443 12887 2068 3443 12888 2004 3442 12889 2003 3444 12890 2068 3443 12891 2003 3444 12892 2069 3445 12893 2069 3445 12894 2003 3444 12895 2002 3446 12896 2069 3445 12897 2002 3446 12898 2070 3447 12899 2070 3447 12900 2002 3446 12901 2001 3448 12902 2070 3447 12903 2001 3448 12904 2071 3449 12905 2071 3449 12906 2001 3448 12907 2000 3450 12908 2071 3449 12909 2000 3450 12910 2072 3451 12911 2072 3451 12912 2000 3450 12913 1999 3452 12914 2072 3451 12915 1999 3452 12916 2265 3453 12917 2265 3453 12918 1999 3452 12919 2266 3454 12920 2266 3454 12921 1999 3452 12922 1998 3455 12923 2266 3454 12924 1998 3455 12925 2267 3456 12926 2267 3456 12927 1998 3455 12928 1997 3457 12929 2267 3456 12930 1997 3457 12931 1996 3458 12932 2005 3441 12933 2264 3440 12934 1992 3459 12935 1992 3459 12936 2264 3440 12937 2268 3460 12938 1992 3459 12939 2268 3460 12940 1993 701 12941 1993 701 12942 2268 3460 12943 1994 701 12944 1994 701 12945 2268 3460 12946 2269 701 12947 1994 701 12948 2269 701 12949 1995 701 12950 1995 701 12951 2269 701 12952 1996 3458 12953 1996 3458 12954 2269 701 12955 2267 3456 12956 2265 3453 12957 2270 3461 12958 2072 3451 12959 2072 3451 12960 2270 3461 12961 2073 3462 12962 2073 3462 12963 2270 3461 12964 2271 3463 12965 2073 3462 12966 2271 3463 12967 2074 3464 12968 2074 3464 12969 2271 3463 12970 2272 3465 12971 2074 3464 12972 2272 3465 12973 2075 3466 12974 2075 3466 12975 2272 3465 12976 2273 701 12977 2075 3466 12978 2273 701 12979 2274 3467 12980 2075 3466 12981 2274 3467 12982 2076 3468 12983 2076 3468 12984 2274 3467 12985 2275 3469 12986 2076 3468 12987 2275 3469 12988 2008 3470 12989 2008 3470 12990 2275 3469 12991 2009 3471 12992 2009 3471 12993 2275 3469 12994 2276 3472 12995 2009 3471 12996 2276 3472 12997 2010 3473 12998 2010 3473 12999 2276 3472 13000 2277 3474 13001 2010 3473 13002 2277 3474 13003 2011 3475 13004 2011 3475 13005 2277 3474 13006 2012 3476 13007 2012 3476 13008 2277 3474 13009 2278 3477 13010 2012 3476 13011 2278 3477 13012 2013 3478 13013 2013 3478 13014 2278 3477 13015 2014 3479 13016 2014 3479 13017 2278 3477 13018 2279 3480 13019 2014 3479 13020 2279 3480 13021 2015 3481 13022 2015 3481 13023 2279 3480 13024 2280 3482 13025 2015 3481 13026 2280 3482 13027 2016 3483 13028 2016 3483 13029 2280 3482 13030 2095 3484 13031 2016 3483 13032 2095 3484 13033 2017 701 13034 2017 701 13035 2095 3484 13036 2080 3485 13037 2017 701 13038 2080 3485 13039 2018 3486 13040 2018 3486 13041 2080 3485 13042 2079 3487 13043 2018 3486 13044 2079 3487 13045 2019 3488 13046 2019 3488 13047 2079 3487 13048 2078 3489 13049 2019 3488 13050 2078 3489 13051 2006 3490 13052 2006 3490 13053 2078 3489 13054 2077 3491 13055 2006 3490 13056 2077 3491 13057 2007 3492 13058 2007 3492 13059 2077 3491 13060 2076 3468 13061 2007 3492 13062 2076 3468 13063 2008 3470 13064 2280 3482 13065 2281 701 13066 2095 3484 13067 2095 3484 13068 2281 701 13069 2094 701 13070 2094 701 13071 2281 701 13072 2282 3493 13073 2094 701 13074 2282 3493 13075 2093 701 13076 2093 701 13077 2282 3493 13078 2092 3494 13079 2092 3494 13080 2282 3493 13081 2283 3495 13082 2092 3494 13083 2283 3495 13084 2091 701 13085 2091 701 13086 2283 3495 13087 2284 3496 13088 2091 701 13089 2284 3496 13090 2090 701 13091 2090 701 13092 2284 3496 13093 2089 3497 13094 2089 3497 13095 2284 3496 13096 2285 3498 13097 2089 3497 13098 2285 3498 13099 2088 701 13100 2088 701 13101 2285 3498 13102 2087 701 13103 2087 701 13104 2285 3498 13105 2286 701 13106 2087 701 13107 2286 701 13108 2086 3499 13109 2086 3499 13110 2286 701 13111 2051 3500 13112 2086 3499 13113 2051 3500 13114 2050 3501 13115 2286 701 13116 2287 3502 13117 2051 3500 13118 2051 3500 13119 2287 3502 13120 2025 3503 13121 2051 3500 13122 2025 3503 13123 2024 3504 13124 2288 3505 13125 2027 3506 13126 2287 3502 13127 2287 3502 13128 2027 3506 13129 2026 3507 13130 2287 3502 13131 2026 3507 13132 2025 3503 13133 2027 3506 13134 2288 3505 13135 2028 3508 13136 2028 3508 13137 2288 3505 13138 2289 3509 13139 2028 3508 13140 2289 3509 13141 2029 3510 13142 2029 3510 13143 2289 3509 13144 2030 701 13145 2030 701 13146 2289 3509 13147 2290 701 13148 2030 701 13149 2290 701 13150 2031 701 13151 2031 701 13152 2290 701 13153 2032 3511 13154 2032 3511 13155 2290 701 13156 2291 3512 13157 2032 3511 13158 2291 3512 13159 2033 3513 13160 2033 3513 13161 2291 3512 13162 2292 3514 13163 2033 3513 13164 2292 3514 13165 2020 3515 13166 2020 3515 13167 2292 3514 13168 2055 3516 13169 2020 3515 13170 2055 3516 13171 2021 3517 13172 2021 3517 13173 2055 3516 13174 2054 3518 13175 2021 3517 13176 2054 3518 13177 2022 3430 13178 2022 3430 13179 2054 3518 13180 2053 3519 13181 2022 3430 13182 2053 3519 13183 2023 3520 13184 2023 3520 13185 2053 3519 13186 2052 3521 13187 2023 3520 13188 2052 3521 13189 2024 3504 13190 2024 3504 13191 2052 3521 13192 2051 3500 13193 2292 3514 13194 2293 701 13195 2055 3516 13196 2055 3516 13197 2293 701 13198 2056 3522 13199 2056 3522 13200 2293 701 13201 2294 701 13202 2056 3522 13203 2294 701 13204 2295 3523 13205 2056 3522 13206 2295 3523 13207 2057 3524 13208 2057 3524 13209 2295 3523 13210 2296 3525 13211 2057 3524 13212 2296 3525 13213 2058 3526 13214 2058 3526 13215 2296 3525 13216 2297 3527 13217 2058 3526 13218 2297 3527 13219 2059 3433 13220 2059 3433 13221 2297 3527 13222 2260 3435 13223 2043 3434 13224 2261 3436 13225 2044 3528 13226 2044 3528 13227 2261 3436 13228 2298 3529 13229 2044 3528 13230 2298 3529 13231 2045 3530 13232 2045 3530 13233 2298 3529 13234 2046 3531 13235 2046 3531 13236 2298 3529 13237 2299 701 13238 2046 3531 13239 2299 701 13240 2047 701 13241 2047 701 13242 2299 701 13243 2034 701 13244 2034 701 13245 2299 701 13246 2300 3532 13247 2034 701 13248 2300 3532 13249 2035 701 13250 2035 701 13251 2300 3532 13252 2036 3533 13253 2036 3533 13254 2300 3532 13255 2301 3534 13256 2036 3533 13257 2301 3534 13258 2037 3535 13259 2037 3535 13260 2301 3534 13261 2259 3423 13262 2037 3535 13263 2259 3423 13264 2038 3425 13265 2084 3536 13266 2049 3537 13267 2083 701 13268 2083 701 13269 2049 3537 13270 2048 3538 13271 2083 701 13272 2048 3538 13273 2082 3539 13274 2082 3539 13275 2048 3538 13276 2081 3540 13277 2082 3539 13278 2081 3540 13279 2096 3541 13280 2096 3541 13281 2081 3540 13282 2095 3484 13283 2095 3484 13284 2081 3540 13285 2080 3485 13286 2049 3537 13287 2084 3536 13288 2050 3501 13289 2050 3501 13290 2084 3536 13291 2085 3542 13292 2050 3501 13293 2085 3542 13294 2086 3499 13295 2068 3443 13296 2067 3437 13297 2263 3439 13298 2406 3713 13821 2407 3714 13822 2408 3715 13823 2408 3715 13824 2407 3714 13825 2175 3716 13826 2408 3715 13827 2175 3716 13828 2409 3717 13829 2409 3717 13830 2175 3716 13831 2174 3718 13832 2409 3717 13833 2174 3718 13834 2410 3719 13835 2410 3719 13836 2174 3718 13837 2178 3720 13838 2410 3719 13839 2178 3720 13840 2411 3721 13841 2411 3721 13842 2178 3720 13843 2215 3722 13844 2411 3721 13845 2215 3722 13846 2412 3723 13847 2412 3723 13848 2215 3722 13849 2413 3724 13850 2412 3723 13851 2413 3724 13852 2414 3725 13853 2414 3725 13854 2413 3724 13855 2415 3726 13856 2415 3726 13857 2413 3724 13858 2214 3727 13859 2415 3726 13860 2214 3727 13861 2213 3728 13862 2407 3714 13863 2406 3713 13864 2416 3729 13865 2416 3729 13866 2406 3713 13867 2417 3730 13868 2416 3729 13869 2417 3730 13870 2418 3731 13871 2418 3731 13872 2417 3730 13873 2419 3732 13874 2418 3731 13875 2419 3732 13876 2420 3733 13877 2420 3733 13878 2419 3732 13879 2421 3734 13880 2420 3733 13881 2421 3734 13882 2422 3735 13883 2423 3736 13884 2224 3737 13885 2422 3735 13886 2422 3735 13887 2224 3737 13888 2219 3738 13889 2422 3735 13890 2219 3738 13891 2420 3733 13892 2420 3733 13893 2219 3738 13894 2424 3739 13895 2420 3733 13896 2424 3739 13897 2418 3731 13898 2418 3731 13899 2424 3739 13900 2407 3714 13901 2418 3731 13902 2407 3714 13903 2416 3729 13904 2224 3737 13905 2423 3736 13906 2225 3740 13907 2225 3740 13908 2423 3736 13909 2425 3741 13910 2225 3740 13911 2425 3741 13912 2226 3742 13913 2226 3742 13914 2425 3741 13915 2235 3743 13916 2235 3743 13917 2425 3741 13918 2426 3744 13919 2235 3743 13920 2426 3744 13921 2236 3745 13922 2236 3745 13923 2426 3744 13924 2427 3746 13925 2236 3745 13926 2427 3746 13927 2237 3747 13928 2237 3747 13929 2427 3746 13930 2428 3748 13931 2237 3747 13932 2428 3748 13933 2233 3749 13934 2233 3749 13935 2428 3748 13936 2429 3750 13937 2233 3749 13938 2429 3750 13939 2430 3751 13940 2430 3751 13941 2429 3750 13942 2431 3752 13943 2430 3751 13944 2431 3752 13945 2234 3753 13946 2234 3753 13947 2431 3752 13948 2432 3754 13949 2234 3753 13950 2432 3754 13951 2239 3755 13952 2239 3755 13953 2432 3754 13954 2433 3756 13955 2239 3755 13956 2433 3756 13957 2434 3757 13958 2434 3757 13959 2433 3756 13960 2435 3758 13961 2434 3757 13962 2435 3758 13963 2241 3759 13964 2241 3759 13965 2435 3758 13966 2436 3760 13967 2241 3759 13968 2436 3760 13969 2243 3761 13970 2243 3761 13971 2436 3760 13972 2437 3762 13973 2243 3761 13974 2437 3762 13975 2438 3763 13976 2438 3763 13977 2437 3762 13978 2439 3764 13979 2438 3763 13980 2439 3764 13981 2440 3765 13982 2440 3765 13983 2439 3764 13984 2441 3766 13985 2440 3765 13986 2441 3766 13987 2442 3767 13988 2443 3768 13989 2444 3769 13990 2429 3750 13991 2429 3750 13992 2444 3769 13993 2431 3752 13994 2431 3752 13995 2433 3756 13996 2432 3754 13997 2435 3758 13998 2437 3762 13999 2436 3760 14000 2445 3770 14001 2446 3771 14002 2442 3767 14003 2442 3767 14004 2446 3771 14005 2248 3772 14006 2442 3767 14007 2248 3772 14008 2245 3773 14009 2447 3774 14010 2448 3775 14011 2445 3770 14012 2445 3770 14013 2448 3775 14014 2449 3776 14015 2445 3770 14016 2449 3776 14017 2450 3777 14018 2450 3777 14019 2449 3776 14020 2251 3778 14021 2450 3777 14022 2251 3778 14023 2248 3772 14024 2448 3775 14025 2447 3774 14026 2451 3779 14027 2451 3779 14028 2447 3774 14029 2452 3780 14030 2451 3779 14031 2452 3780 14032 2201 3781 14033 2201 3781 14034 2452 3780 14035 2453 3782 14036 2201 3781 14037 2453 3782 14038 2200 3783 14039 2200 3783 14040 2453 3782 14041 2454 3784 14042 2200 3783 14043 2454 3784 14044 2455 3785 14045 2455 3785 14046 2454 3784 14047 2456 3786 14048 2455 3785 14049 2456 3786 14050 2457 3787 14051 2457 3787 14052 2456 3786 14053 2458 3788 14054 2457 3787 14055 2458 3788 14056 2459 3789 14057 2452 3780 14058 2460 3790 14059 2453 3782 14060 2453 3782 14061 2460 3790 14062 2454 3784 14063 2454 3784 14064 2460 3790 14065 2461 3791 14066 2461 3791 14067 2460 3790 14068 2458 3788 14069 2461 3791 14070 2458 3788 14071 2456 3786 14072 2462 3792 14073 2194 3793 14074 2459 3789 14075 2459 3789 14076 2194 3793 14077 2195 3794 14078 2459 3789 14079 2195 3794 14080 2457 3787 14081 2457 3787 14082 2195 3794 14083 2455 3785 14084 2462 3792 14085 2463 3795 14086 2194 3793 14087 2194 3793 14088 2463 3795 14089 2202 3796 14090 2202 3796 14091 2463 3795 14092 2464 3797 14093 2202 3796 14094 2464 3797 14095 2203 3798 14096 2203 3798 14097 2464 3797 14098 2204 3799 14099 2204 3799 14100 2464 3797 14101 2465 3800 14102 2204 3799 14103 2465 3800 14104 2205 3801 14105 2205 3801 14106 2465 3800 14107 2466 3802 14108 2205 3801 14109 2466 3802 14110 2206 3803 14111 2206 3803 14112 2466 3802 14113 2467 3804 14114 2206 3803 14115 2467 3804 14116 2207 3805 14117 2207 3805 14118 2467 3804 14119 2468 3806 14120 2207 3805 14121 2468 3806 14122 2469 3807 14123 2207 3805 14124 2469 3807 14125 2208 3808 14126 2208 3808 14127 2469 3807 14128 2470 3809 14129 2208 3808 14130 2470 3809 14131 2209 3810 14132 2209 3810 14133 2470 3809 14134 2471 3811 14135 2209 3810 14136 2471 3811 14137 2210 3812 14138 2210 3812 14139 2471 3811 14140 2472 3813 14141 2210 3812 14142 2472 3813 14143 2211 3814 14144 2211 3814 14145 2472 3813 14146 2473 3815 14147 2211 3814 14148 2473 3815 14149 2212 3816 14150 2212 3816 14151 2473 3815 14152 2474 3817 14153 2212 3816 14154 2474 3817 14155 2213 3728 14156 2213 3728 14157 2474 3817 14158 2415 3726 14159 2412 3723 14160 2414 3725 14161 2475 3818 14162 2475 3818 14163 2414 3725 14164 2476 3819 14165 2475 3818 14166 2476 3819 14167 2410 3719 14168 2410 3719 14169 2476 3819 14170 2409 3717 14171 2476 3819 14172 2408 3715 14173 2409 3717 14174 2201 3781 14175 2254 3820 14176 2451 3779 14177 2451 3779 14178 2254 3820 14179 2253 3821 14180 2451 3779 14181 2253 3821 14182 2477 3822 14183 2477 3822 14184 2253 3821 14185 2251 3778 14186 2477 3822 14187 2251 3778 14188 2449 3776 14189 2442 3767 14190 2245 3773 14191 2440 3765 14192 2440 3765 14193 2245 3773 14194 2244 3823 14195 2440 3765 14196 2244 3823 14197 2438 3763 14198 2438 3763 14199 2244 3823 14200 2243 3761 14201 2241 3759 14202 2239 3755 14203 2434 3757 14204 2234 3753 14205 2233 3749 14206 2430 3751 14207 2219 3738 14208 2217 3824 14209 2424 3739 14210 2424 3739 14211 2217 3824 14212 2407 3714 14213 2217 3824 14214 2175 3716 14215 2407 3714 14216 2215 3722 14217 2214 3727 14218 2413 3724 14219 2195 3794 14220 2200 3783 14221 2455 3785 14222 2248 3772 14223 2446 3771 14224 2450 3777 14225 2450 3777 14226 2446 3771 14227 2445 3770 14228 2477 3822 14229 2449 3776 14230 2448 3775 14231 2451 3779 14232 2477 3822 14233 2448 3775 14234 2461 3791 14235 2456 3786 14236 2454 3784 14237 2411 3721 14238 2412 3723 14239 2475 3818 14240 2410 3719 14241 2411 3721 14242 2475 3818 14243 2478 3825 14244 2479 3826 14245 2256 3827 14246 2256 3827 14247 2479 3826 14248 2480 3828 14249 2256 3827 14250 2480 3828 14251 2255 3829 14252 2255 3829 14253 2480 3828 14254 2481 3830 14255 2255 3829 14256 2481 3830 14257 2262 3831 14258 2262 3831 14259 2481 3830 14260 2482 3832 14261 2262 3831 14262 2482 3832 14263 2263 3833 14264 2263 3833 14265 2482 3832 14266 2483 3834 14267 2263 3833 14268 2483 3834 14269 2264 3835 14270 2264 3835 14271 2483 3834 14272 2484 3836 14273 2264 3835 14274 2484 3836 14275 2268 3837 14276 2268 3837 14277 2484 3836 14278 2485 3838 14279 2268 3837 14280 2485 3838 14281 2269 3839 14282 2269 3839 14283 2485 3838 14284 2486 3840 14285 2269 3839 14286 2486 3840 14287 2267 3841 14288 2267 3841 14289 2486 3840 14290 2487 3842 14291 2267 3841 14292 2487 3842 14293 2266 3843 14294 2266 3843 14295 2487 3842 14296 2488 3844 14297 2266 3843 14298 2488 3844 14299 2265 3845 14300 2265 3845 14301 2488 3844 14302 2489 3846 14303 2265 3845 14304 2489 3846 14305 2270 3847 14306 2270 3847 14307 2489 3846 14308 2490 3848 14309 2270 3847 14310 2490 3848 14311 2271 3849 14312 2271 3849 14313 2490 3848 14314 2491 3850 14315 2271 3849 14316 2491 3850 14317 2272 3851 14318 2272 3851 14319 2491 3850 14320 2492 3852 14321 2272 3851 14322 2492 3852 14323 2273 3853 14324 2273 3853 14325 2492 3852 14326 2493 3854 14327 2273 3853 14328 2493 3854 14329 2274 3855 14330 2274 3855 14331 2493 3854 14332 2494 3856 14333 2274 3855 14334 2494 3856 14335 2275 3857 14336 2275 3857 14337 2494 3856 14338 2495 3858 14339 2275 3857 14340 2495 3858 14341 2276 3859 14342 2276 3859 14343 2495 3858 14344 2496 3860 14345 2276 3859 14346 2496 3860 14347 2277 3861 14348 2277 3861 14349 2496 3860 14350 2497 3862 14351 2277 3861 14352 2497 3862 14353 2278 3863 14354 2278 3863 14355 2497 3862 14356 2498 3864 14357 2278 3863 14358 2498 3864 14359 2279 3865 14360 2279 3865 14361 2498 3864 14362 2499 3866 14363 2279 3865 14364 2499 3866 14365 2280 3867 14366 2280 3867 14367 2499 3866 14368 2500 3868 14369 2280 3867 14370 2500 3868 14371 2281 3869 14372 2281 3869 14373 2500 3868 14374 2501 3870 14375 2281 3869 14376 2501 3870 14377 2282 3871 14378 2282 3871 14379 2501 3870 14380 2502 3872 14381 2282 3871 14382 2502 3872 14383 2283 3873 14384 2283 3873 14385 2502 3872 14386 2503 3874 14387 2283 3873 14388 2503 3874 14389 2284 3875 14390 2284 3875 14391 2503 3874 14392 2504 3876 14393 2284 3875 14394 2504 3876 14395 2285 3877 14396 2285 3877 14397 2504 3876 14398 2505 3878 14399 2285 3877 14400 2505 3878 14401 2286 3879 14402 2286 3879 14403 2505 3878 14404 2506 3880 14405 2286 3879 14406 2506 3880 14407 2287 3881 14408 2287 3881 14409 2506 3880 14410 2507 3882 14411 2287 3881 14412 2507 3882 14413 2288 3883 14414 2288 3883 14415 2507 3882 14416 2508 3884 14417 2288 3883 14418 2508 3884 14419 2289 3885 14420 2289 3885 14421 2508 3884 14422 2509 3886 14423 2289 3885 14424 2509 3886 14425 2290 3887 14426 2290 3887 14427 2509 3886 14428 2510 3888 14429 2290 3887 14430 2510 3888 14431 2291 3889 14432 2291 3889 14433 2510 3888 14434 2511 3890 14435 2291 3889 14436 2511 3890 14437 2292 3891 14438 2292 3891 14439 2511 3890 14440 2512 3892 14441 2292 3891 14442 2512 3892 14443 2293 3893 14444 2293 3893 14445 2512 3892 14446 2513 3894 14447 2293 3893 14448 2513 3894 14449 2294 3895 14450 2294 3895 14451 2513 3894 14452 2514 3896 14453 2294 3895 14454 2514 3896 14455 2295 3897 14456 2295 3897 14457 2514 3896 14458 2515 3898 14459 2295 3897 14460 2515 3898 14461 2296 3899 14462 2296 3899 14463 2515 3898 14464 2516 3900 14465 2296 3899 14466 2516 3900 14467 2297 3901 14468 2297 3901 14469 2516 3900 14470 2517 3902 14471 2297 3901 14472 2517 3902 14473 2260 3903 14474 2260 3903 14475 2517 3902 14476 2518 3904 14477 2260 3903 14478 2518 3904 14479 2261 3905 14480 2261 3905 14481 2518 3904 14482 2519 3906 14483 2261 3905 14484 2519 3906 14485 2298 3907 14486 2298 3907 14487 2519 3906 14488 2520 3908 14489 2298 3907 14490 2520 3908 14491 2299 3909 14492 2299 3909 14493 2520 3908 14494 2521 3910 14495 2299 3909 14496 2521 3910 14497 2300 3911 14498 2300 3911 14499 2521 3910 14500 2522 3912 14501 2300 3911 14502 2522 3912 14503 2301 3913 14504 2301 3913 14505 2522 3912 14506 2523 3914 14507 2301 3913 14508 2523 3914 14509 2259 3915 14510 2259 3915 14511 2523 3914 14512 2524 3916 14513 2259 3915 14514 2524 3916 14515 2258 3917 14516 2258 3917 14517 2524 3916 14518 2525 3918 14519 2258 3917 14520 2525 3918 14521 2257 3919 14522 2257 3919 14523 2525 3918 14524 2478 3825 14525 2257 3919 14526 2478 3825 14527 2256 3827 14528 2628 4146 15165 2629 4147 15166 2630 4148 15167 2630 4148 15168 2629 4147 15169 2631 4149 15170 2630 4148 15171 2631 4149 15172 2632 4150 15173 2632 4150 15174 2631 4149 15175 2633 4151 15176 2632 4150 15177 2633 4151 15178 2634 4152 15179 2634 4152 15180 2633 4151 15181 2635 4153 15182 2634 4152 15183 2635 4153 15184 2636 4154 15185 2636 4154 15186 2635 4153 15187 2637 4155 15188 2636 4154 15189 2637 4155 15190 2638 4156 15191 2638 4156 15192 2637 4155 15193 2639 4157 15194 2638 4156 15195 2639 4157 15196 2640 4158 15197 2640 4158 15198 2639 4157 15199 2641 4159 15200 2640 4158 15201 2641 4159 15202 2642 4160 15203 2642 4160 15204 2641 4159 15205 2643 4161 15206 2642 4160 15207 2643 4161 15208 2644 4162 15209 2642 4160 15210 2644 4162 15211 2645 4163 15212 2645 4163 15213 2644 4162 15214 2646 4164 15215 2645 4163 15216 2646 4164 15217 2647 4165 15218 2647 4165 15219 2646 4164 15220 2648 4166 15221 2647 4165 15222 2648 4166 15223 2649 4167 15224 2650 4168 15225 2651 4169 15226 2649 4167 15227 2649 4167 15228 2651 4169 15229 2652 4170 15230 2649 4167 15231 2652 4170 15232 2647 4165 15233 2647 4165 15234 2652 4170 15235 2429 4171 15236 2647 4165 15237 2429 4171 15238 2428 4172 15239 2651 4169 15240 2650 4168 15241 2653 4173 15242 2653 4173 15243 2650 4168 15244 2654 4174 15245 2653 4173 15246 2654 4174 15247 2655 4175 15248 2655 4175 15249 2654 4174 15250 2656 4176 15251 2655 4175 15252 2656 4176 15253 2657 4177 15254 2655 4175 15255 2657 4177 15256 2658 4178 15257 2658 4178 15258 2657 4177 15259 2659 4179 15260 2658 4178 15261 2659 4179 15262 2660 4180 15263 2660 4180 15264 2659 4179 15265 2661 4181 15266 2660 4180 15267 2661 4181 15268 2662 4182 15269 2662 4182 15270 2661 4181 15271 2663 4183 15272 2662 4182 15273 2663 4183 15274 2664 4184 15275 2664 4184 15276 2663 4183 15277 2665 4185 15278 2664 4184 15279 2665 4185 15280 2666 4186 15281 2664 4184 15282 2666 4186 15283 2667 4187 15284 2667 4187 15285 2666 4186 15286 2668 4188 15287 2667 4187 15288 2668 4188 15289 2669 4189 15290 2669 4189 15291 2670 4190 15292 2667 4187 15293 2667 4187 15294 2670 4190 15295 2671 4191 15296 2667 4187 15297 2671 4191 15298 2445 4192 15299 2445 4192 15300 2671 4191 15301 2447 4193 15302 2447 4193 15303 2671 4191 15304 2672 4194 15305 2447 4193 15306 2672 4194 15307 2673 4195 15308 2673 4195 15309 2672 4194 15310 2674 4196 15311 2674 4196 15312 2672 4194 15313 2675 4197 15314 2675 4197 15315 2672 4194 15316 2671 4191 15317 2675 4197 15318 2671 4191 15319 2676 4198 15320 2676 4198 15321 2671 4191 15322 2670 4190 15323 2673 4195 15324 2677 4199 15325 2447 4193 15326 2447 4193 15327 2677 4199 15328 2452 4200 15329 2452 4200 15330 2677 4199 15331 2678 4201 15332 2452 4200 15333 2678 4201 15334 2679 4202 15335 2445 4192 15336 2442 4203 15337 2667 4187 15338 2667 4187 15339 2442 4203 15340 2664 4184 15341 2664 4184 15342 2442 4203 15343 2662 4182 15344 2662 4182 15345 2442 4203 15346 2441 4204 15347 2662 4182 15348 2441 4204 15349 2660 4180 15350 2660 4180 15351 2441 4204 15352 2439 4205 15353 2660 4180 15354 2439 4205 15355 2658 4178 15356 2658 4178 15357 2439 4205 15358 2437 4206 15359 2658 4178 15360 2437 4206 15361 2435 4207 15362 2433 4208 15363 2653 4173 15364 2435 4207 15365 2435 4207 15366 2653 4173 15367 2655 4175 15368 2435 4207 15369 2655 4175 15370 2658 4178 15371 2653 4173 15372 2433 4208 15373 2651 4169 15374 2651 4169 15375 2433 4208 15376 2431 4209 15377 2651 4169 15378 2431 4209 15379 2652 4170 15380 2652 4170 15381 2431 4209 15382 2444 4210 15383 2652 4170 15384 2444 4210 15385 2443 4211 15386 2443 4211 15387 2429 4171 15388 2652 4170 15389 2428 4172 15390 2427 4212 15391 2647 4165 15392 2647 4165 15393 2427 4212 15394 2645 4163 15395 2427 4212 15396 2426 4213 15397 2645 4163 15398 2645 4163 15399 2426 4213 15400 2642 4160 15401 2426 4213 15402 2425 4214 15403 2642 4160 15404 2642 4160 15405 2425 4214 15406 2640 4158 15407 2640 4158 15408 2425 4214 15409 2638 4156 15410 2638 4156 15411 2425 4214 15412 2423 4215 15413 2638 4156 15414 2423 4215 15415 2422 4216 15416 2421 4217 15417 2634 4152 15418 2422 4216 15419 2422 4216 15420 2634 4152 15421 2636 4154 15422 2422 4216 15423 2636 4154 15424 2638 4156 15425 2634 4152 15426 2421 4217 15427 2632 4150 15428 2632 4150 15429 2421 4217 15430 2419 4218 15431 2632 4150 15432 2419 4218 15433 2630 4148 15434 2630 4148 15435 2419 4218 15436 2417 4219 15437 2630 4148 15438 2417 4219 15439 2680 4220 15440 2680 4220 15441 2417 4219 15442 2681 4221 15443 2680 4220 15444 2681 4221 15445 2682 4222 15446 2682 4222 15447 2681 4221 15448 2683 4223 15449 2683 4223 15450 2681 4221 15451 2684 4224 15452 2684 4224 15453 2681 4221 15454 2408 4225 15455 2684 4224 15456 2408 4225 15457 2685 4226 15458 2417 4219 15459 2406 4227 15460 2681 4221 15461 2681 4221 15462 2406 4227 15463 2408 4225 15464 2682 4222 15465 2628 4146 15466 2680 4220 15467 2680 4220 15468 2628 4146 15469 2630 4148 15470 2686 4228 15471 2687 4229 15472 2688 4230 15473 2688 4230 15474 2687 4229 15475 2689 4231 15476 2688 4230 15477 2689 4231 15478 2690 4232 15479 2690 4232 15480 2689 4231 15481 2691 4233 15482 2691 4233 15483 2689 4231 15484 2692 4234 15485 2691 4233 15486 2692 4234 15487 2693 4235 15488 2693 4235 15489 2692 4234 15490 2694 4236 15491 2693 4235 15492 2694 4236 15493 2695 4237 15494 2695 4237 15495 2694 4236 15496 2696 4238 15497 2696 4238 15498 2694 4236 15499 2452 4200 15500 2696 4238 15501 2452 4200 15502 2679 4202 15503 2687 4229 15504 2686 4228 15505 2697 4239 15506 2697 4239 15507 2686 4228 15508 2698 4240 15509 2697 4239 15510 2698 4240 15511 2699 4241 15512 2699 4241 15513 2698 4240 15514 2700 4242 15515 2699 4241 15516 2700 4242 15517 2701 4243 15518 2701 4243 15519 2700 4242 15520 2702 4244 15521 2701 4243 15522 2702 4244 15523 2703 4245 15524 2703 4245 15525 2702 4244 15526 2704 4246 15527 2703 4245 15528 2704 4246 15529 2705 4247 15530 2705 4247 15531 2704 4246 15532 2706 4248 15533 2705 4247 15534 2706 4248 15535 2707 4249 15536 2705 4247 15537 2707 4249 15538 2708 4250 15539 2708 4250 15540 2707 4249 15541 2709 4251 15542 2708 4250 15543 2709 4251 15544 2710 4252 15545 2710 4252 15546 2709 4251 15547 2711 4253 15548 2710 4252 15549 2711 4253 15550 2712 4254 15551 2713 4255 15552 2714 4256 15553 2712 4254 15554 2712 4254 15555 2714 4256 15556 2715 4257 15557 2712 4254 15558 2715 4257 15559 2710 4252 15560 2710 4252 15561 2715 4257 15562 2467 4258 15563 2710 4252 15564 2467 4258 15565 2466 4259 15566 2714 4256 15567 2713 4255 15568 2716 4260 15569 2716 4260 15570 2713 4255 15571 2717 4261 15572 2716 4260 15573 2717 4261 15574 2718 4262 15575 2718 4262 15576 2717 4261 15577 2719 4263 15578 2718 4262 15579 2719 4263 15580 2720 4264 15581 2718 4262 15582 2720 4264 15583 2721 4265 15584 2721 4265 15585 2720 4264 15586 2722 4266 15587 2721 4265 15588 2722 4266 15589 2723 4267 15590 2723 4267 15591 2722 4266 15592 2724 4268 15593 2723 4267 15594 2724 4268 15595 2725 4269 15596 2725 4269 15597 2724 4268 15598 2726 4270 15599 2725 4269 15600 2726 4270 15601 2727 4271 15602 2727 4271 15603 2726 4270 15604 2728 4272 15605 2727 4271 15606 2728 4272 15607 2729 4273 15608 2727 4271 15609 2729 4273 15610 2730 4274 15611 2730 4274 15612 2729 4273 15613 2731 4275 15614 2730 4274 15615 2731 4275 15616 2732 4276 15617 2732 4276 15618 2733 4277 15619 2730 4274 15620 2730 4274 15621 2733 4277 15622 2734 4278 15623 2730 4274 15624 2734 4278 15625 2414 4279 15626 2414 4279 15627 2734 4278 15628 2476 4280 15629 2476 4280 15630 2734 4278 15631 2735 4281 15632 2476 4280 15633 2735 4281 15634 2736 4282 15635 2736 4282 15636 2735 4281 15637 2737 4283 15638 2737 4283 15639 2735 4281 15640 2738 4284 15641 2738 4284 15642 2735 4281 15643 2734 4278 15644 2738 4284 15645 2734 4278 15646 2739 4285 15647 2739 4285 15648 2734 4278 15649 2733 4277 15650 2736 4282 15651 2740 4286 15652 2476 4280 15653 2476 4280 15654 2740 4286 15655 2408 4225 15656 2408 4225 15657 2740 4286 15658 2741 4287 15659 2408 4225 15660 2741 4287 15661 2685 4226 15662 2414 4279 15663 2415 4288 15664 2730 4274 15665 2730 4274 15666 2415 4288 15667 2727 4271 15668 2415 4288 15669 2474 4289 15670 2727 4271 15671 2727 4271 15672 2474 4289 15673 2725 4269 15674 2474 4289 15675 2473 4290 15676 2725 4269 15677 2725 4269 15678 2473 4290 15679 2723 4267 15680 2473 4290 15681 2472 4291 15682 2723 4267 15683 2723 4267 15684 2472 4291 15685 2721 4265 15686 2472 4291 15687 2471 4292 15688 2721 4265 15689 2721 4265 15690 2471 4292 15691 2718 4262 15692 2471 4292 15693 2470 4293 15694 2718 4262 15695 2718 4262 15696 2470 4293 15697 2716 4260 15698 2470 4293 15699 2469 4294 15700 2716 4260 15701 2716 4260 15702 2469 4294 15703 2714 4256 15704 2469 4294 15705 2468 4295 15706 2714 4256 15707 2714 4256 15708 2468 4295 15709 2715 4257 15710 2468 4295 15711 2467 4258 15712 2715 4257 15713 2710 4252 15714 2466 4259 15715 2708 4250 15716 2708 4250 15717 2466 4259 15718 2465 4296 15719 2708 4250 15720 2465 4296 15721 2705 4247 15722 2705 4247 15723 2465 4296 15724 2464 4297 15725 2705 4247 15726 2464 4297 15727 2703 4245 15728 2703 4245 15729 2464 4297 15730 2463 4298 15731 2703 4245 15732 2463 4298 15733 2701 4243 15734 2701 4243 15735 2463 4298 15736 2462 4299 15737 2701 4243 15738 2462 4299 15739 2699 4241 15740 2699 4241 15741 2462 4299 15742 2459 4300 15743 2699 4241 15744 2459 4300 15745 2697 4239 15746 2697 4239 15747 2459 4300 15748 2458 4301 15749 2697 4239 15750 2458 4301 15751 2687 4229 15752 2687 4229 15753 2458 4301 15754 2689 4231 15755 2458 4301 15756 2460 4302 15757 2689 4231 15758 2689 4231 15759 2460 4302 15760 2692 4234 15761 2692 4234 15762 2460 4302 15763 2694 4236 15764 2694 4236 15765 2460 4302 15766 2452 4200 15767 2742 665 15768 2743 4303 15769 2744 665 15770 2744 665 15771 2743 4303 15772 2745 4304 15773 2745 4304 15774 2743 4303 15775 2746 4305 15776 2745 4304 15777 2746 4305 15778 2747 4306 15779 2747 4306 15780 2746 4305 15781 2748 4307 15782 2747 4306 15783 2748 4307 15784 2749 4308 15785 2749 4308 15786 2748 4307 15787 2750 4309 15788 2749 4308 15789 2750 4309 15790 2751 4310 15791 2751 4310 15792 2750 4309 15793 2752 4311 15794 2751 4310 15795 2752 4311 15796 2753 4312 15797 2753 4312 15798 2752 4311 15799 2754 4313 15800 2753 4312 15801 2754 4313 15802 2755 4314 15803 2755 4314 15804 2754 4313 15805 2756 4315 15806 2755 4314 15807 2756 4315 15808 2757 4316 15809 2757 4316 15810 2756 4315 15811 2758 4317 15812 2757 4316 15813 2758 4317 15814 2759 4318 15815 2759 4318 15816 2758 4317 15817 2760 4319 15818 2759 4318 15819 2760 4319 15820 2761 4320 15821 2761 4320 15822 2760 4319 15823 2762 4321 15824 2761 4320 15825 2762 4321 15826 2763 4322 15827 2763 4322 15828 2762 4321 15829 2764 4323 15830 2763 4322 15831 2764 4323 15832 2765 4324 15833 2765 4324 15834 2764 4323 15835 2766 4325 15836 2765 4324 15837 2766 4325 15838 2767 4326 15839 2767 4326 15840 2766 4325 15841 2768 4327 15842 2767 4326 15843 2768 4327 15844 2769 4328 15845 2769 4328 15846 2768 4327 15847 2770 4329 15848 2769 4328 15849 2770 4329 15850 2771 4330 15851 2771 4330 15852 2770 4329 15853 2772 4331 15854 2771 4330 15855 2772 4331 15856 2773 4332 15857 2773 4332 15858 2772 4331 15859 2774 4333 15860 2773 4332 15861 2774 4333 15862 2775 4334 15863 2775 4334 15864 2774 4333 15865 2776 4335 15866 2775 4334 15867 2776 4335 15868 2777 4336 15869 2777 4336 15870 2776 4335 15871 2778 4337 15872 2777 4336 15873 2778 4337 15874 2779 4338 15875 2779 4338 15876 2778 4337 15877 2780 4339 15878 2779 4338 15879 2780 4339 15880 2781 4340 15881 2781 4340 15882 2780 4339 15883 2782 4341 15884 2781 4340 15885 2782 4341 15886 2783 4342 15887 2783 4342 15888 2782 4341 15889 2784 4343 15890 2783 4342 15891 2784 4343 15892 2785 4344 15893 2785 4344 15894 2784 4343 15895 2786 4345 15896 2785 4344 15897 2786 4345 15898 2787 4346 15899 2787 4346 15900 2786 4345 15901 2788 4347 15902 2787 4346 15903 2788 4347 15904 2789 4348 15905 2789 4348 15906 2788 4347 15907 2790 4349 15908 2789 4348 15909 2790 4349 15910 2791 4350 15911 2791 4350 15912 2790 4349 15913 2792 4351 15914 2791 4350 15915 2792 4351 15916 2793 4352 15917 2793 4352 15918 2792 4351 15919 2794 4353 15920 2793 4352 15921 2794 4353 15922 2795 665 15923 2795 665 15924 2794 4353 15925 2796 665 15926 2795 665 15927 2796 665 15928 2797 665 15929 2798 4354 15930 2504 4355 15931 2799 4356 15932 2799 4356 15933 2504 4355 15934 2503 4357 15935 2799 4356 15936 2503 4357 15937 2800 4358 15938 2800 4358 15939 2503 4357 15940 2502 4359 15941 2800 4358 15942 2502 4359 15943 2801 4360 15944 2801 4360 15945 2502 4359 15946 2501 4361 15947 2801 4360 15948 2501 4361 15949 2802 4362 15950 2802 4362 15951 2501 4361 15952 2500 4363 15953 2802 4362 15954 2500 4363 15955 2803 4364 15956 2803 4364 15957 2500 4363 15958 2499 4365 15959 2803 4364 15960 2499 4365 15961 2804 4366 15962 2804 4366 15963 2499 4365 15964 2498 4367 15965 2804 4366 15966 2498 4367 15967 2805 4368 15968 2805 4368 15969 2498 4367 15970 2497 4369 15971 2805 4368 15972 2497 4369 15973 2806 4370 15974 2806 4370 15975 2497 4369 15976 2496 4371 15977 2806 4370 15978 2496 4371 15979 2807 4372 15980 2807 4372 15981 2496 4371 15982 2495 4373 15983 2807 4372 15984 2495 4373 15985 2808 4374 15986 2808 4374 15987 2495 4373 15988 2494 4375 15989 2808 4374 15990 2494 4375 15991 2809 4376 15992 2809 4376 15993 2494 4375 15994 2493 4377 15995 2809 4376 15996 2493 4377 15997 2810 4378 15998 2810 4378 15999 2493 4377 16000 2492 4379 16001 2810 4378 16002 2492 4379 16003 2811 4380 16004 2811 4380 16005 2492 4379 16006 2491 4381 16007 2811 4380 16008 2491 4381 16009 2812 4382 16010 2812 4382 16011 2491 4381 16012 2490 4383 16013 2812 4382 16014 2490 4383 16015 2813 4384 16016 2813 4384 16017 2490 4383 16018 2489 4385 16019 2813 4384 16020 2489 4385 16021 2814 4386 16022 2814 4386 16023 2489 4385 16024 2488 4387 16025 2814 4386 16026 2488 4387 16027 2815 4388 16028 2815 4388 16029 2488 4387 16030 2487 4389 16031 2815 4388 16032 2487 4389 16033 2816 4390 16034 2816 4390 16035 2487 4389 16036 2486 4391 16037 2816 4390 16038 2486 4391 16039 2817 4392 16040 2817 4392 16041 2486 4391 16042 2485 4393 16043 2817 4392 16044 2485 4393 16045 2818 4394 16046 2818 4394 16047 2485 4393 16048 2484 4395 16049 2818 4394 16050 2484 4395 16051 2819 4396 16052 2819 4396 16053 2484 4395 16054 2483 4397 16055 2819 4396 16056 2483 4397 16057 2820 4398 16058 2820 4398 16059 2483 4397 16060 2482 4399 16061 2820 4398 16062 2482 4399 16063 2821 4400 16064 2821 4400 16065 2482 4399 16066 2481 4401 16067 2821 4400 16068 2481 4401 16069 2822 4402 16070 2822 4402 16071 2481 4401 16072 2480 4403 16073 2822 4402 16074 2480 4403 16075 2823 4404 16076 2823 4404 16077 2480 4403 16078 2479 4405 16079 2823 4404 16080 2479 4405 16081 2824 4406 16082 2824 4406 16083 2479 4405 16084 2478 4407 16085 2824 4406 16086 2478 4407 16087 2825 4408 16088 2825 4408 16089 2478 4407 16090 2525 4409 16091 2825 4408 16092 2525 4409 16093 2826 4410 16094 2826 4410 16095 2525 4409 16096 2524 4411 16097 2826 4410 16098 2524 4411 16099 2827 4412 16100 2827 4412 16101 2524 4411 16102 2523 4413 16103 2827 4412 16104 2523 4413 16105 2828 4414 16106 2828 4414 16107 2523 4413 16108 2522 4415 16109 2828 4414 16110 2522 4415 16111 2829 4416 16112 2829 4416 16113 2522 4415 16114 2521 4417 16115 2829 4416 16116 2521 4417 16117 2830 4418 16118 2830 4418 16119 2521 4417 16120 2520 4419 16121 2830 4418 16122 2520 4419 16123 2831 4420 16124 2831 4420 16125 2520 4419 16126 2519 4421 16127 2831 4420 16128 2519 4421 16129 2832 4422 16130 2832 4422 16131 2519 4421 16132 2518 4423 16133 2832 4422 16134 2518 4423 16135 2833 4424 16136 2833 4424 16137 2518 4423 16138 2517 4425 16139 2833 4424 16140 2517 4425 16141 2834 4426 16142 2834 4426 16143 2517 4425 16144 2516 4427 16145 2834 4426 16146 2516 4427 16147 2835 4428 16148 2835 4428 16149 2516 4427 16150 2515 4429 16151 2835 4428 16152 2515 4429 16153 2836 4430 16154 2836 4430 16155 2515 4429 16156 2514 4431 16157 2836 4430 16158 2514 4431 16159 2837 4432 16160 2837 4432 16161 2514 4431 16162 2513 4433 16163 2837 4432 16164 2513 4433 16165 2838 4434 16166 2838 4434 16167 2513 4433 16168 2512 4435 16169 2838 4434 16170 2512 4435 16171 2839 4436 16172 2839 4436 16173 2512 4435 16174 2511 4437 16175 2839 4436 16176 2511 4437 16177 2840 4438 16178 2840 4438 16179 2511 4437 16180 2510 4439 16181 2840 4438 16182 2510 4439 16183 2841 4440 16184 2841 4440 16185 2510 4439 16186 2509 4441 16187 2841 4440 16188 2509 4441 16189 2842 4442 16190 2842 4442 16191 2509 4441 16192 2508 4443 16193 2842 4442 16194 2508 4443 16195 2843 4444 16196 2843 4444 16197 2508 4443 16198 2507 4445 16199 2843 4444 16200 2507 4445 16201 2844 4446 16202 2844 4446 16203 2507 4445 16204 2506 4447 16205 2844 4446 16206 2506 4447 16207 2845 4448 16208 2845 4448 16209 2506 4447 16210 2505 4449 16211 2845 4448 16212 2505 4449 16213 2798 4354 16214 2798 4354 16215 2505 4449 16216 2504 4355 16217 2733 4277 16914 2732 4276 16915 2952 4624 16916 2952 4624 16917 2732 4276 16918 2953 4625 16919 2952 4624 16920 2953 4625 16921 2954 4626 16922 2954 4626 16923 2953 4625 16924 2955 4627 16925 2955 4627 16926 2953 4625 16927 2956 4628 16928 2955 4627 16929 2956 4628 16930 2957 4629 16931 2957 4629 16932 2956 4628 16933 2958 4630 16934 2957 4629 16935 2958 4630 16936 2959 4631 16937 2959 4631 16938 2958 4630 16939 2960 4632 16940 2959 4631 16941 2960 4632 16942 2961 4633 16943 2961 4633 16944 2960 4632 16945 2962 4634 16946 2961 4633 16947 2962 4634 16948 2963 4635 16949 2963 4635 16950 2962 4634 16951 2964 4636 16952 2963 4635 16953 2964 4636 16954 2965 4637 16955 2965 4637 16956 2964 4636 16957 2712 4254 16958 2965 4637 16959 2712 4254 16960 2711 4253 16961 2732 4276 16962 2731 4275 16963 2953 4625 16964 2953 4625 16965 2731 4275 16966 2729 4273 16967 2953 4625 16968 2729 4273 16969 2728 4272 16970 2953 4625 16971 2728 4272 16972 2956 4628 16973 2956 4628 16974 2728 4272 16975 2726 4270 16976 2956 4628 16977 2726 4270 16978 2724 4268 16979 2956 4628 16980 2724 4268 16981 2958 4630 16982 2958 4630 16983 2724 4268 16984 2722 4266 16985 2958 4630 16986 2722 4266 16987 2960 4632 16988 2960 4632 16989 2722 4266 16990 2720 4264 16991 2960 4632 16992 2720 4264 16993 2719 4263 16994 2960 4632 16995 2719 4263 16996 2962 4634 16997 2962 4634 16998 2719 4263 16999 2717 4261 17000 2962 4634 17001 2717 4261 17002 2713 4255 17003 2962 4634 17004 2713 4255 17005 2964 4636 17006 2964 4636 17007 2713 4255 17008 2712 4254 17009 2711 4253 17010 2709 4251 17011 2965 4637 17012 2965 4637 17013 2709 4251 17014 2966 4638 17015 2965 4637 17016 2966 4638 17017 2967 4639 17018 2967 4639 17019 2966 4638 17020 2968 4640 17021 2968 4640 17022 2966 4638 17023 2969 4641 17024 2969 4641 17025 2966 4638 17026 2970 4642 17027 2969 4641 17028 2970 4642 17029 2971 4643 17030 2971 4643 17031 2970 4642 17032 2972 4644 17033 2971 4643 17034 2972 4644 17035 2973 4645 17036 2973 4645 17037 2972 4644 17038 2974 4646 17039 2973 4645 17040 2974 4646 17041 2975 4647 17042 2975 4647 17043 2974 4646 17044 2976 4648 17045 2976 4648 17046 2974 4646 17047 2977 4649 17048 2977 4649 17049 2974 4646 17050 2686 4228 17051 2977 4649 17052 2686 4228 17053 2688 4230 17054 2709 4251 17055 2707 4249 17056 2966 4638 17057 2966 4638 17058 2707 4249 17059 2706 4248 17060 2966 4638 17061 2706 4248 17062 2970 4642 17063 2970 4642 17064 2706 4248 17065 2704 4246 17066 2970 4642 17067 2704 4246 17068 2702 4244 17069 2702 4244 17070 2700 4242 17071 2970 4642 17072 2970 4642 17073 2700 4242 17074 2972 4644 17075 2700 4242 17076 2698 4240 17077 2972 4644 17078 2972 4644 17079 2698 4240 17080 2974 4646 17081 2698 4240 17082 2686 4228 17083 2974 4646 17084 2967 4639 17085 2963 4635 17086 2965 4637 17087 2690 4650 17088 2978 4651 17089 2688 4652 17090 2688 4652 17091 2978 4651 17092 2977 4649 17093 2977 4649 17094 2978 4651 17095 2979 4653 17096 2977 4649 17097 2979 4653 17098 2976 4648 17099 2976 4648 17100 2979 4653 17101 2980 4654 17102 2690 4232 17103 2691 4233 17104 2978 4651 17105 2978 4651 17106 2691 4233 17107 2693 4235 17108 2978 4651 17109 2693 4235 17110 2981 4655 17111 2981 4655 17112 2693 4235 17113 2695 4237 17114 2981 4655 17115 2695 4237 17116 2696 4238 17117 2696 4238 17118 2679 4202 17119 2981 4655 17120 2981 4655 17121 2679 4202 17122 2982 4656 17123 2981 4655 17124 2982 4656 17125 2983 4657 17126 2983 4657 17127 2982 4656 17128 2984 4658 17129 2983 4657 17130 2985 4659 17131 2981 4655 17132 2981 4655 17133 2985 4659 17134 2986 4660 17135 2981 4655 17136 2986 4660 17137 2979 4653 17138 2979 4653 17139 2986 4660 17140 2987 4661 17141 2979 4653 17142 2987 4661 17143 2988 4662 17144 2988 4662 17145 2989 4663 17146 2979 4653 17147 2979 4653 17148 2989 4663 17149 2990 4664 17150 2979 4653 17151 2990 4664 17152 2980 4654 17153 2979 4653 17154 2978 4651 17155 2981 4655 17156 2982 4656 17157 2679 4202 17158 2673 4195 17159 2673 4195 17160 2679 4202 17161 2678 4201 17162 2673 4195 17163 2678 4201 17164 2677 4199 17165 2982 4656 17166 2673 4195 17167 2991 4665 17168 2991 4665 17169 2673 4195 17170 2674 4196 17171 2991 4665 17172 2674 4196 17173 2675 4197 17174 2991 4665 17175 2675 4197 17176 2992 4666 17177 2992 4666 17178 2675 4197 17179 2676 4198 17180 2992 4666 17181 2676 4198 17182 2993 4667 17183 2993 4667 17184 2676 4198 17185 2670 4190 17186 2993 4667 17187 2670 4190 17188 2994 4668 17189 2994 4668 17190 2995 4669 17191 2993 4667 17192 2993 4667 17193 2995 4669 17194 2996 4670 17195 2993 4667 17196 2996 4670 17197 2992 4666 17198 2992 4666 17199 2996 4670 17200 2997 4671 17201 2992 4666 17202 2997 4671 17203 2991 4665 17204 2991 4665 17205 2997 4671 17206 2984 4658 17207 2991 4665 17208 2984 4658 17209 2982 4656 17210 2670 4190 17211 2669 4189 17212 2994 4668 17213 2994 4668 17214 2669 4189 17215 2998 4672 17216 2994 4668 17217 2998 4672 17218 2995 4669 17219 2995 4669 17220 2998 4672 17221 2999 4673 17222 2999 4673 17223 2998 4672 17224 3000 4674 17225 2999 4673 17226 3000 4674 17227 3001 4675 17228 3001 4675 17229 3000 4674 17230 3002 4676 17231 3001 4675 17232 3002 4676 17233 3003 4677 17234 3003 4677 17235 3002 4676 17236 3004 4678 17237 3003 4677 17238 3004 4678 17239 3005 4679 17240 3005 4679 17241 3004 4678 17242 3006 4680 17243 3005 4679 17244 3006 4680 17245 3007 4681 17246 3007 4681 17247 3006 4680 17248 3008 4682 17249 3007 4681 17250 3008 4682 17251 3009 4683 17252 3009 4683 17253 3008 4682 17254 2649 4167 17255 3009 4683 17256 2649 4167 17257 2648 4166 17258 2669 4189 17259 2668 4188 17260 2998 4672 17261 2998 4672 17262 2668 4188 17263 2666 4186 17264 2998 4672 17265 2666 4186 17266 2665 4185 17267 2998 4672 17268 2665 4185 17269 3000 4674 17270 3000 4674 17271 2665 4185 17272 2663 4183 17273 3000 4674 17274 2663 4183 17275 2661 4181 17276 3000 4674 17277 2661 4181 17278 3002 4676 17279 3002 4676 17280 2661 4181 17281 2659 4179 17282 3002 4676 17283 2659 4179 17284 3004 4678 17285 3004 4678 17286 2659 4179 17287 2657 4177 17288 3004 4678 17289 2657 4177 17290 2656 4176 17291 3004 4678 17292 2656 4176 17293 3006 4680 17294 3006 4680 17295 2656 4176 17296 2654 4174 17297 3006 4680 17298 2654 4174 17299 2650 4168 17300 3006 4680 17301 2650 4168 17302 3008 4682 17303 3008 4682 17304 2650 4168 17305 2649 4167 17306 2648 4166 17307 2646 4164 17308 3009 4683 17309 3009 4683 17310 2646 4164 17311 3010 4684 17312 3009 4683 17313 3010 4684 17314 3011 4685 17315 3011 4685 17316 3010 4684 17317 3012 4686 17318 3012 4686 17319 3010 4684 17320 3013 4687 17321 3013 4687 17322 3010 4684 17323 3014 4688 17324 3013 4687 17325 3014 4688 17326 3015 4689 17327 3015 4689 17328 3014 4688 17329 3016 4690 17330 3015 4689 17331 3016 4690 17332 3017 4691 17333 3017 4691 17334 3016 4690 17335 3018 4692 17336 3017 4691 17337 3018 4692 17338 3019 4693 17339 3019 4693 17340 3018 4692 17341 3020 4694 17342 3020 4694 17343 3018 4692 17344 3021 4695 17345 3021 4695 17346 3018 4692 17347 2633 4151 17348 3021 4695 17349 2633 4151 17350 2631 4149 17351 2646 4164 17352 2644 4162 17353 3010 4684 17354 3010 4684 17355 2644 4162 17356 2643 4161 17357 3010 4684 17358 2643 4161 17359 3014 4688 17360 3014 4688 17361 2643 4161 17362 2641 4159 17363 3014 4688 17364 2641 4159 17365 2639 4157 17366 2639 4157 17367 2637 4155 17368 3014 4688 17369 3014 4688 17370 2637 4155 17371 3016 4690 17372 2637 4155 17373 2635 4153 17374 3016 4690 17375 3016 4690 17376 2635 4153 17377 3018 4692 17378 2635 4153 17379 2633 4151 17380 3018 4692 17381 3011 4685 17382 3007 4681 17383 3009 4683 17384 2629 4147 17385 3022 4696 17386 2631 4697 17387 2631 4697 17388 3022 4696 17389 3021 4695 17390 3021 4695 17391 3022 4696 17392 3023 4698 17393 3021 4695 17394 3023 4698 17395 3020 4694 17396 3020 4694 17397 3023 4698 17398 3024 4699 17399 2629 4147 17400 2628 4146 17401 3022 4696 17402 3022 4696 17403 2628 4146 17404 2682 4222 17405 3022 4696 17406 2682 4222 17407 3025 4700 17408 3025 4700 17409 2682 4222 17410 2683 4223 17411 3025 4700 17412 2683 4223 17413 2684 4224 17414 2684 4224 17415 2685 4226 17416 3025 4700 17417 3025 4700 17418 2685 4226 17419 3026 4701 17420 3025 4700 17421 3026 4701 17422 3027 4702 17423 3027 4702 17424 3026 4701 17425 3028 4703 17426 3027 4702 17427 3029 4704 17428 3025 4700 17429 3025 4700 17430 3029 4704 17431 3030 4705 17432 3025 4700 17433 3030 4705 17434 3023 4698 17435 3023 4698 17436 3030 4705 17437 3031 4706 17438 3023 4698 17439 3031 4706 17440 3024 4699 17441 3023 4698 17442 3022 4696 17443 3025 4700 17444 3026 4701 17445 2685 4226 17446 2736 4282 17447 2736 4282 17448 2685 4226 17449 2741 4287 17450 2736 4282 17451 2741 4287 17452 2740 4286 17453 3026 4701 17454 2736 4282 17455 3032 4707 17456 3032 4707 17457 2736 4282 17458 2737 4283 17459 3032 4707 17460 2737 4283 17461 2738 4284 17462 3032 4707 17463 2738 4284 17464 3033 4708 17465 3033 4708 17466 2738 4284 17467 2739 4285 17468 3033 4708 17469 2739 4285 17470 3034 4709 17471 3034 4709 17472 2739 4285 17473 2733 4277 17474 3034 4709 17475 2733 4277 17476 2952 4624 17477 2952 4624 17478 2954 4626 17479 3034 4709 17480 3034 4709 17481 2954 4626 17482 3035 4710 17483 3034 4709 17484 3035 4710 17485 3033 4708 17486 3033 4708 17487 3035 4710 17488 3036 4711 17489 3033 4708 17490 3036 4711 17491 3032 4707 17492 3032 4707 17493 3036 4711 17494 3028 4703 17495 3032 4707 17496 3028 4703 17497 3026 4701 17498 2744 4712 17499 3037 4713 17500 2742 4714 17501 2742 4714 17502 3037 4713 17503 3038 4715 17504 2742 4714 17505 3038 4715 17506 2743 4716 17507 2743 4716 17508 3038 4715 17509 3039 4717 17510 2743 4716 17511 3039 4717 17512 2746 4718 17513 2746 4718 17514 3039 4717 17515 3040 4719 17516 2746 4718 17517 3040 4719 17518 2748 4720 17519 2748 4720 17520 3040 4719 17521 3041 4721 17522 2748 4720 17523 3041 4721 17524 2750 4722 17525 2750 4722 17526 3041 4721 17527 3042 4723 17528 2750 4722 17529 3042 4723 17530 2752 4724 17531 2752 4724 17532 3042 4723 17533 3043 4725 17534 2752 4724 17535 3043 4725 17536 2754 4726 17537 2754 4726 17538 3043 4725 17539 3044 4727 17540 2754 4726 17541 3044 4727 17542 2756 4728 17543 2756 4728 17544 3044 4727 17545 3045 4729 17546 2756 4728 17547 3045 4729 17548 2758 4730 17549 2758 4730 17550 3045 4729 17551 3046 4731 17552 2758 4730 17553 3046 4731 17554 2760 4732 17555 2760 4732 17556 3046 4731 17557 3047 4733 17558 2760 4732 17559 3047 4733 17560 2762 4734 17561 2762 4734 17562 3047 4733 17563 3048 4735 17564 2762 4734 17565 3048 4735 17566 2764 4736 17567 2764 4736 17568 3048 4735 17569 3049 4737 17570 2764 4736 17571 3049 4737 17572 2766 4738 17573 2766 4738 17574 3049 4737 17575 3050 4739 17576 2766 4738 17577 3050 4739 17578 2768 4740 17579 2768 4740 17580 3050 4739 17581 3051 4741 17582 2768 4740 17583 3051 4741 17584 2770 4742 17585 2770 4742 17586 3051 4741 17587 3052 4743 17588 2770 4742 17589 3052 4743 17590 2772 4744 17591 2772 4744 17592 3052 4743 17593 3053 4745 17594 2772 4744 17595 3053 4745 17596 2774 4746 17597 2774 4746 17598 3053 4745 17599 3054 4747 17600 2774 4746 17601 3054 4747 17602 2776 4748 17603 2776 4748 17604 3054 4747 17605 3055 4749 17606 2776 4748 17607 3055 4749 17608 2778 4750 17609 2778 4750 17610 3055 4749 17611 3056 4751 17612 2778 4750 17613 3056 4751 17614 2780 4752 17615 2780 4752 17616 3056 4751 17617 3057 4753 17618 2780 4752 17619 3057 4753 17620 2782 4754 17621 2782 4754 17622 3057 4753 17623 3058 4755 17624 2782 4754 17625 3058 4755 17626 2784 4756 17627 2784 4756 17628 3058 4755 17629 3059 4757 17630 2784 4756 17631 3059 4757 17632 2786 4758 17633 2786 4758 17634 3059 4757 17635 3060 4759 17636 2786 4758 17637 3060 4759 17638 2788 4760 17639 2788 4760 17640 3060 4759 17641 3061 4761 17642 2788 4760 17643 3061 4761 17644 2790 4762 17645 2790 4762 17646 3061 4761 17647 3062 4763 17648 2790 4762 17649 3062 4763 17650 2792 4764 17651 2792 4764 17652 3062 4763 17653 3063 4765 17654 2792 4764 17655 3063 4765 17656 2794 4766 17657 2794 4766 17658 3063 4765 17659 3064 4767 17660 2794 4766 17661 3064 4767 17662 2796 4768 17663 2796 4768 17664 3064 4767 17665 3065 4769 17666 2796 4768 17667 3065 4769 17668 2797 4770 17669 2797 4770 17670 3065 4769 17671 3066 4771 17672 2797 4770 17673 3066 4771 17674 2795 4772 17675 2795 4772 17676 3066 4771 17677 3067 4773 17678 2795 4772 17679 3067 4773 17680 2793 4774 17681 2793 4774 17682 3067 4773 17683 3068 4775 17684 2793 4774 17685 3068 4775 17686 2791 4776 17687 2791 4776 17688 3068 4775 17689 3069 4777 17690 2791 4776 17691 3069 4777 17692 2789 4778 17693 2789 4778 17694 3069 4777 17695 3070 4779 17696 2789 4778 17697 3070 4779 17698 2787 4780 17699 2787 4780 17700 3070 4779 17701 3071 4781 17702 2787 4780 17703 3071 4781 17704 2785 4782 17705 2785 4782 17706 3071 4781 17707 3072 4783 17708 2785 4782 17709 3072 4783 17710 2783 4784 17711 2783 4784 17712 3072 4783 17713 3073 4785 17714 2783 4784 17715 3073 4785 17716 2781 4786 17717 2781 4786 17718 3073 4785 17719 3074 4787 17720 2781 4786 17721 3074 4787 17722 2779 4788 17723 2779 4788 17724 3074 4787 17725 3075 4789 17726 2779 4788 17727 3075 4789 17728 2777 4790 17729 2777 4790 17730 3075 4789 17731 3076 4791 17732 2777 4790 17733 3076 4791 17734 2775 4792 17735 2775 4792 17736 3076 4791 17737 3077 4793 17738 2775 4792 17739 3077 4793 17740 2773 4794 17741 2773 4794 17742 3077 4793 17743 3078 4795 17744 2773 4794 17745 3078 4795 17746 2771 4796 17747 2771 4796 17748 3078 4795 17749 3079 4797 17750 2771 4796 17751 3079 4797 17752 2769 4798 17753 2769 4798 17754 3079 4797 17755 3080 4799 17756 2769 4798 17757 3080 4799 17758 2767 4800 17759 2767 4800 17760 3080 4799 17761 3081 4801 17762 2767 4800 17763 3081 4801 17764 2765 4802 17765 2765 4802 17766 3081 4801 17767 3082 4803 17768 2765 4802 17769 3082 4803 17770 2763 4804 17771 2763 4804 17772 3082 4803 17773 3083 4805 17774 2763 4804 17775 3083 4805 17776 2761 4806 17777 2761 4806 17778 3083 4805 17779 3084 4807 17780 2761 4806 17781 3084 4807 17782 2759 4808 17783 2759 4808 17784 3084 4807 17785 3085 4809 17786 2759 4808 17787 3085 4809 17788 2757 4810 17789 2757 4810 17790 3085 4809 17791 3086 4811 17792 2757 4810 17793 3086 4811 17794 2755 4812 17795 2755 4812 17796 3086 4811 17797 3087 4813 17798 2755 4812 17799 3087 4813 17800 2753 4814 17801 2753 4814 17802 3087 4813 17803 3088 4815 17804 2753 4814 17805 3088 4815 17806 2751 4816 17807 2751 4816 17808 3088 4815 17809 3089 4817 17810 2751 4816 17811 3089 4817 17812 2749 4818 17813 2749 4818 17814 3089 4817 17815 3090 4819 17816 2749 4818 17817 3090 4819 17818 2747 4820 17819 2747 4820 17820 3090 4819 17821 3091 4821 17822 2747 4820 17823 3091 4821 17824 2745 4822 17825 2745 4822 17826 3091 4821 17827 3092 4823 17828 2745 4822 17829 3092 4823 17830 2744 4712 17831 2744 4712 17832 3092 4823 17833 3037 4713 17834 2800 4824 17835 3093 4825 17836 2799 4826 17837 2799 4826 17838 3093 4825 17839 3094 701 17840 2799 4826 17841 3094 701 17842 3095 4827 17843 3093 4825 17844 2800 4824 17845 3096 4828 17846 3096 4828 17847 2800 4824 17848 2801 4829 17849 3096 4828 17850 2801 4829 17851 3097 4830 17852 3097 4830 17853 2801 4829 17854 2802 4831 17855 3097 4830 17856 2802 4831 17857 3098 4832 17858 3098 4832 17859 2802 4831 17860 2803 4833 17861 3098 4832 17862 2803 4833 17863 3099 4834 17864 3099 4834 17865 2803 4833 17866 2804 4835 17867 3099 4834 17868 2804 4835 17869 3100 4836 17870 3100 4836 17871 2804 4835 17872 2805 4837 17873 3100 4836 17874 2805 4837 17875 3101 4838 17876 3101 4838 17877 2805 4837 17878 3102 4839 17879 3102 4839 17880 2805 4837 17881 2806 4840 17882 3102 4839 17883 2806 4840 17884 3103 4841 17885 3103 4841 17886 2806 4840 17887 2807 4842 17888 3103 4841 17889 2807 4842 17890 3104 4843 17891 3104 4843 17892 2807 4842 17893 2808 4844 17894 3104 4843 17895 2808 4844 17896 3105 4845 17897 3105 4845 17898 2808 4844 17899 2809 4846 17900 3105 4845 17901 2809 4846 17902 3106 4847 17903 3106 4847 17904 2809 4846 17905 2810 4848 17906 3106 4847 17907 2810 4848 17908 3107 4849 17909 3107 4849 17910 2810 4848 17911 2811 701 17912 3107 4849 17913 2811 701 17914 3108 701 17915 3108 701 17916 2811 701 17917 3109 701 17918 3109 701 17919 2811 701 17920 2812 701 17921 3109 701 17922 2812 701 17923 3110 701 17924 3110 701 17925 2812 701 17926 2813 4846 17927 3110 701 17928 2813 4846 17929 3111 4850 17930 3111 4850 17931 2813 4846 17932 2814 4851 17933 3111 4850 17934 2814 4851 17935 3112 4852 17936 3112 4852 17937 2814 4851 17938 2815 4853 17939 3112 4852 17940 2815 4853 17941 3113 4854 17942 3113 4854 17943 2815 4853 17944 2816 4840 17945 3113 4854 17946 2816 4840 17947 3114 4855 17948 3114 4855 17949 2816 4840 17950 2817 4856 17951 3114 4855 17952 2817 4856 17953 3115 4857 17954 3115 4857 17955 2817 4856 17956 3116 4858 17957 3116 4858 17958 2817 4856 17959 2818 4835 17960 3116 4858 17961 2818 4835 17962 3117 4834 17963 3117 4834 17964 2818 4835 17965 2819 4833 17966 3117 4834 17967 2819 4833 17968 3118 4859 17969 3118 4859 17970 2819 4833 17971 2820 4860 17972 3118 4859 17973 2820 4860 17974 3119 4861 17975 3119 4861 17976 2820 4860 17977 2821 4829 17978 3119 4861 17979 2821 4829 17980 3120 4862 17981 3120 4862 17982 2821 4829 17983 2822 4863 17984 3120 4862 17985 2822 4863 17986 3121 4864 17987 3121 4864 17988 2822 4863 17989 2823 701 17990 3121 4864 17991 2823 701 17992 3122 701 17993 3122 701 17994 2823 701 17995 3123 4865 17996 3123 4865 17997 2823 701 17998 2824 4866 17999 3123 4865 18000 2824 4866 18001 3124 4867 18002 3124 4867 18003 2824 4866 18004 2825 4868 18005 3124 4867 18006 2825 4868 18007 3125 4869 18008 3125 4869 18009 2825 4868 18010 2826 4870 18011 3125 4869 18012 2826 4870 18013 3126 4871 18014 3126 4871 18015 2826 4870 18016 2827 4872 18017 3126 4871 18018 2827 4872 18019 3127 4873 18020 3127 4873 18021 2827 4872 18022 2828 4874 18023 3127 4873 18024 2828 4874 18025 3128 4875 18026 3128 4875 18027 2828 4874 18028 2829 4876 18029 3128 4875 18030 2829 4876 18031 3129 4877 18032 3129 4877 18033 2829 4876 18034 3130 4878 18035 3130 4878 18036 2829 4876 18037 2830 4879 18038 3130 4878 18039 2830 4879 18040 3131 4880 18041 3131 4880 18042 2830 4879 18043 2831 4881 18044 3131 4880 18045 2831 4881 18046 3132 4882 18047 3132 4882 18048 2831 4881 18049 2832 4883 18050 3132 4882 18051 2832 4883 18052 3133 4884 18053 3133 4884 18054 2832 4883 18055 2833 4885 18056 3133 4884 18057 2833 4885 18058 3134 4886 18059 3134 4886 18060 2833 4885 18061 2834 4887 18062 3134 4886 18063 2834 4887 18064 3135 4888 18065 3135 4888 18066 2834 4887 18067 2835 701 18068 3135 4888 18069 2835 701 18070 3136 701 18071 3136 701 18072 2835 701 18073 3137 701 18074 3137 701 18075 2835 701 18076 2836 701 18077 3137 701 18078 2836 701 18079 3138 701 18080 3138 701 18081 2836 701 18082 2837 4885 18083 3138 701 18084 2837 4885 18085 3139 4889 18086 3139 4889 18087 2837 4885 18088 2838 4890 18089 3139 4889 18090 2838 4890 18091 3140 4891 18092 3140 4891 18093 2838 4890 18094 2839 4892 18095 3140 4891 18096 2839 4892 18097 3141 4893 18098 3141 4893 18099 2839 4892 18100 2840 4879 18101 3141 4893 18102 2840 4879 18103 3142 4894 18104 3142 4894 18105 2840 4879 18106 2841 4895 18107 3142 4894 18108 2841 4895 18109 3143 4896 18110 3143 4896 18111 2841 4895 18112 3144 4897 18113 3144 4897 18114 2841 4895 18115 2842 4874 18116 3144 4897 18117 2842 4874 18118 3145 4873 18119 3145 4873 18120 2842 4874 18121 2843 4872 18122 3145 4873 18123 2843 4872 18124 3146 4898 18125 3146 4898 18126 2843 4872 18127 2844 4899 18128 3146 4898 18129 2844 4899 18130 3147 4900 18131 3147 4900 18132 2844 4899 18133 2845 4868 18134 3147 4900 18135 2845 4868 18136 3148 4901 18137 3148 4901 18138 2845 4868 18139 2798 4866 18140 3148 4901 18141 2798 4866 18142 3095 4827 18143 3095 4827 18144 2798 4866 18145 2799 4826 18146 3149 4902 18147 2861 4903 18148 3150 4904 18149 3150 4904 18150 2861 4903 18151 2862 4905 18152 3150 4904 18153 2862 4905 18154 3151 4906 18155 3151 4906 18156 2862 4905 18157 3152 4907 18158 3152 4907 18159 2862 4905 18160 2864 4908 18161 3152 4907 18162 2864 4908 18163 3153 4909 18164 3153 4909 18165 2864 4908 18166 2863 4910 18167 3153 4909 18168 2863 4910 18169 3154 4911 18170 3154 4911 18171 2863 4910 18172 2859 4912 18173 3154 4911 18174 2859 4912 18175 3155 4913 18176 3155 4913 18177 2859 4912 18178 2858 4914 18179 3155 4913 18180 2858 4914 18181 3156 4915 18182 3156 4915 18183 2858 4914 18184 3157 4916 18185 3157 4916 18186 2858 4914 18187 2857 4917 18188 3157 4916 18189 2857 4917 18190 3158 4918 18191 3158 4918 18192 2857 4917 18193 2856 4919 18194 3158 4918 18195 2856 4919 18196 3159 4920 18197 3159 4920 18198 2856 4919 18199 2855 4921 18200 3159 4920 18201 2855 4921 18202 3160 4922 18203 3160 4922 18204 2855 4921 18205 2854 4923 18206 3160 4922 18207 2854 4923 18208 3161 4924 18209 3161 4924 18210 2854 4923 18211 3162 4925 18212 3162 4925 18213 2854 4923 18214 2853 4926 18215 3162 4925 18216 2853 4926 18217 3163 4927 18218 3163 4927 18219 2853 4926 18220 2852 4928 18221 3163 4927 18222 2852 4928 18223 3164 4929 18224 3164 4929 18225 2852 4928 18226 2851 4930 18227 3164 4929 18228 2851 4930 18229 3165 4931 18230 3165 4931 18231 2851 4930 18232 2850 4932 18233 3165 4931 18234 2850 4932 18235 3166 4933 18236 3166 4933 18237 2850 4932 18238 3167 4934 18239 3167 4934 18240 2850 4932 18241 2849 4935 18242 3167 4934 18243 2849 4935 18244 3168 4936 18245 3168 4936 18246 2849 4935 18247 2848 4937 18248 3168 4936 18249 2848 4937 18250 3169 4938 18251 3169 4938 18252 2848 4937 18253 2847 4939 18254 3169 4938 18255 2847 4939 18256 3170 4940 18257 3170 4940 18258 2847 4939 18259 2846 4941 18260 3170 4940 18261 2846 4941 18262 3171 4942 18263 3171 4942 18264 2846 4941 18265 3172 4943 18266 3172 4943 18267 2846 4941 18268 2860 4944 18269 3172 4943 18270 2860 4944 18271 3149 4902 18272 3149 4902 18273 2860 4944 18274 2861 4903 18275 2877 4945 18276 2574 1693 18277 3173 4946 18278 3173 4946 18279 2574 1693 18280 2882 4947 18281 3173 4946 18282 2882 4947 18283 3174 4948 18284 3174 4948 18285 2882 4947 18286 2881 1693 18287 3174 4948 18288 2881 1693 18289 3175 1693 18290 3175 1693 18291 2881 1693 18292 2880 1693 18293 3175 1693 18294 2880 1693 18295 3176 1693 18296 3176 1693 18297 2880 1693 18298 2578 4949 18299 3176 1693 18300 2578 4949 18301 3177 4950 18302 3177 4950 18303 2578 4949 18304 2867 4951 18305 3177 4950 18306 2867 4951 18307 3178 4952 18308 3178 4952 18309 2867 4951 18310 2866 1693 18311 3178 4952 18312 2866 1693 18313 3179 1693 18314 3179 1693 18315 2866 1693 18316 3180 4953 18317 3180 4953 18318 2866 1693 18319 2865 4954 18320 3180 4953 18321 2865 4954 18322 3181 4955 18323 3181 4955 18324 2865 4954 18325 2558 4956 18326 3181 4955 18327 2558 4956 18328 3182 4957 18329 3182 4957 18330 2558 4956 18331 2868 1693 18332 3182 4957 18333 2868 1693 18334 3183 1693 18335 3183 1693 18336 2868 1693 18337 2869 1693 18338 3183 1693 18339 2869 1693 18340 3184 4958 18341 3184 4958 18342 2869 1693 18343 2870 4959 18344 3184 4958 18345 2870 4959 18346 3185 4960 18347 3185 4960 18348 2870 4959 18349 2562 4961 18350 3185 4960 18351 2562 4961 18352 3186 4962 18353 3186 4962 18354 2562 4961 18355 2871 4963 18356 3186 4962 18357 2871 4963 18358 2872 1693 18359 3186 4962 18360 2872 1693 18361 3187 1693 18362 3187 1693 18363 2872 1693 18364 2873 1693 18365 3187 1693 18366 2873 1693 18367 3188 1693 18368 3188 1693 18369 2873 1693 18370 2566 4964 18371 3188 1693 18372 2566 4964 18373 3189 4965 18374 3189 4965 18375 2566 4964 18376 2874 4954 18377 3189 4965 18378 2874 4954 18379 3190 4953 18380 3190 4953 18381 2874 4954 18382 2875 1693 18383 3190 4953 18384 2875 1693 18385 3191 1693 18386 3191 1693 18387 2875 1693 18388 3192 4952 18389 3192 4952 18390 2875 1693 18391 2876 4951 18392 3192 4952 18393 2876 4951 18394 3193 4966 18395 3193 4966 18396 2876 4951 18397 2570 4967 18398 3193 4966 18399 2570 4967 18400 3194 4968 18401 3194 4968 18402 2570 4967 18403 2879 1693 18404 3194 4968 18405 2879 1693 18406 3195 1693 18407 3195 1693 18408 2879 1693 18409 2878 1693 18410 3195 1693 18411 2878 1693 18412 3196 4969 18413 3196 4969 18414 2878 1693 18415 2877 4945 18416 3196 4969 18417 2877 4945 18418 3173 4946 18419 3197 4970 18420 2893 4971 18421 3198 4972 18422 3198 4972 18423 2893 4971 18424 2891 4973 18425 3198 4972 18426 2891 4973 18427 3199 4974 18428 3199 4974 18429 2891 4973 18430 2883 4975 18431 3199 4974 18432 2883 4975 18433 3200 4976 18434 3200 4976 18435 2883 4975 18436 2885 4977 18437 3200 4976 18438 2885 4977 18439 3201 4978 18440 3201 4978 18441 2885 4977 18442 2911 4979 18443 3201 4978 18444 2911 4979 18445 3202 4980 18446 3202 4980 18447 2911 4979 18448 2909 2654 18449 3202 4980 18450 2909 2654 18451 3203 2654 18452 3203 2654 18453 2909 2654 18454 2907 2654 18455 3203 2654 18456 2907 2654 18457 3204 2654 18458 3204 2654 18459 2907 2654 18460 2905 2654 18461 3204 2654 18462 2905 2654 18463 3205 4981 18464 3205 4981 18465 2905 2654 18466 2903 4982 18467 3205 4981 18468 2903 4982 18469 3206 4983 18470 3206 4983 18471 2903 4982 18472 2901 2654 18473 3206 4983 18474 2901 2654 18475 3207 4984 18476 3207 4984 18477 2901 2654 18478 2899 4985 18479 3207 4984 18480 2899 4985 18481 3208 4986 18482 3208 4986 18483 2899 4985 18484 2897 4987 18485 3208 4986 18486 2897 4987 18487 3209 4988 18488 3209 4988 18489 2897 4987 18490 3210 4989 18491 3210 4989 18492 2897 4987 18493 2895 4990 18494 3210 4989 18495 2895 4990 18496 3197 4970 18497 3197 4970 18498 2895 4990 18499 2893 4971 18500 3225 5005 18585 3226 701 18586 3035 4710 18587 3035 4710 18588 3226 701 18589 3227 701 18590 3035 4710 18591 3227 701 18592 3036 4711 18593 3036 4711 18594 3227 701 18595 3228 701 18596 3229 5006 18597 3230 5007 18598 2954 4626 18599 2954 4626 18600 3230 5007 18601 3231 5008 18602 2954 4626 18603 3231 5008 18604 3035 4710 18605 3035 4710 18606 3231 5008 18607 3225 5005 18608 3232 5009 18609 3233 5010 18610 2976 4648 18611 2976 4648 18612 3233 5010 18613 2975 4647 18614 2975 4647 18615 3233 5010 18616 3234 5011 18617 2975 4647 18618 3234 5011 18619 2973 4645 18620 2973 4645 18621 3234 5011 18622 3235 5012 18623 2973 4645 18624 3235 5012 18625 2971 4643 18626 2971 4643 18627 3235 5012 18628 3236 5013 18629 2971 4643 18630 3236 5013 18631 2969 4641 18632 2969 4641 18633 3236 5013 18634 3237 5014 18635 2969 4641 18636 3237 5014 18637 2968 4640 18638 2968 4640 18639 3237 5014 18640 3238 5015 18641 2968 4640 18642 3238 5015 18643 3239 5016 18644 2968 4640 18645 3239 5016 18646 2967 4639 18647 2967 4639 18648 3239 5016 18649 3240 5017 18650 2967 4639 18651 3240 5017 18652 2963 4635 18653 2963 4635 18654 3240 5017 18655 3241 5018 18656 2963 4635 18657 3241 5018 18658 2961 4633 18659 2961 4633 18660 3241 5018 18661 3242 5019 18662 2961 4633 18663 3242 5019 18664 3243 5020 18665 2961 4633 18666 3243 5020 18667 2959 4631 18668 2959 4631 18669 3243 5020 18670 3244 5021 18671 2959 4631 18672 3244 5021 18673 3245 5022 18674 2959 4631 18675 3245 5022 18676 2957 4629 18677 2957 4629 18678 3245 5022 18679 3246 5023 18680 2957 4629 18681 3246 5023 18682 2955 4627 18683 2955 4627 18684 3246 5023 18685 3247 5024 18686 2955 4627 18687 3247 5024 18688 2954 4626 18689 2954 4626 18690 3247 5024 18691 3229 5006 18692 3248 5025 18693 3249 5026 18694 2980 4654 18695 2980 4654 18696 3249 5026 18697 2976 4648 18698 2976 4648 18699 3249 5026 18700 3250 5027 18701 2976 4648 18702 3250 5027 18703 3232 5009 18704 2987 4661 18705 3251 5028 18706 2988 4662 18707 2988 4662 18708 3251 5028 18709 3252 5029 18710 2988 4662 18711 3252 5029 18712 2989 4663 18713 2989 4663 18714 3252 5029 18715 2990 4664 18716 2990 4664 18717 3252 5029 18718 3253 5030 18719 2990 4664 18720 3253 5030 18721 2980 4654 18722 2980 4654 18723 3253 5030 18724 3248 5025 18725 2984 4658 18726 3254 5031 18727 2983 4657 18728 2983 4657 18729 3254 5031 18730 3255 5032 18731 2983 4657 18732 3255 5032 18733 2985 4659 18734 2985 4659 18735 3255 5032 18736 2986 4660 18737 2986 4660 18738 3255 5032 18739 3256 5033 18740 2986 4660 18741 3256 5033 18742 2987 4661 18743 2987 4661 18744 3256 5033 18745 3251 5028 18746 3257 5034 18747 3258 5035 18748 2997 4671 18749 2997 4671 18750 3258 5035 18751 3259 5036 18752 2997 4671 18753 3259 5036 18754 2984 4658 18755 2984 4658 18756 3259 5036 18757 3254 5031 18758 3260 5037 18759 3261 5038 18760 2996 4670 18761 2996 4670 18762 3261 5038 18763 3262 5039 18764 2996 4670 18765 3262 5039 18766 2997 4671 18767 2997 4671 18768 3262 5039 18769 3257 5034 18770 3263 5040 18771 3264 5041 18772 2995 4669 18773 2995 4669 18774 3264 5041 18775 3265 5042 18776 2995 4669 18777 3265 5042 18778 2996 4670 18779 2996 4670 18780 3265 5042 18781 3260 5037 18782 3266 5043 18783 3267 5044 18784 3020 4694 18785 3020 4694 18786 3267 5044 18787 3019 4693 18788 3019 4693 18789 3267 5044 18790 3268 5045 18791 3019 4693 18792 3268 5045 18793 3017 4691 18794 3017 4691 18795 3268 5045 18796 3269 5046 18797 3017 4691 18798 3269 5046 18799 3015 4689 18800 3015 4689 18801 3269 5046 18802 3270 5047 18803 3015 4689 18804 3270 5047 18805 3013 4687 18806 3013 4687 18807 3270 5047 18808 3271 5048 18809 3013 4687 18810 3271 5048 18811 3012 4686 18812 3012 4686 18813 3271 5048 18814 3272 5049 18815 3012 4686 18816 3272 5049 18817 3273 5050 18818 3012 4686 18819 3273 5050 18820 3011 4685 18821 3011 4685 18822 3273 5050 18823 3274 5051 18824 3011 4685 18825 3274 5051 18826 3007 4681 18827 3007 4681 18828 3274 5051 18829 3275 5052 18830 3007 4681 18831 3275 5052 18832 3005 4679 18833 3005 4679 18834 3275 5052 18835 3276 5053 18836 3005 4679 18837 3276 5053 18838 3277 5054 18839 3005 4679 18840 3277 5054 18841 3003 4677 18842 3003 4677 18843 3277 5054 18844 3278 5055 18845 3003 4677 18846 3278 5055 18847 3279 5056 18848 3003 4677 18849 3279 5056 18850 3001 4675 18851 3001 4675 18852 3279 5056 18853 3280 5057 18854 3001 4675 18855 3280 5057 18856 2999 4673 18857 2999 4673 18858 3280 5057 18859 3281 5058 18860 2999 4673 18861 3281 5058 18862 2995 4669 18863 2995 4669 18864 3281 5058 18865 3263 5040 18866 3282 5059 18867 3283 5060 18868 3024 4699 18869 3024 4699 18870 3283 5060 18871 3020 4694 18872 3020 4694 18873 3283 5060 18874 3284 5061 18875 3020 4694 18876 3284 5061 18877 3266 5043 18878 3285 701 18879 3286 701 18880 3031 4706 18881 3031 4706 18882 3286 701 18883 3024 4699 18884 3024 4699 18885 3286 701 18886 3287 5062 18887 3024 4699 18888 3287 5062 18889 3282 5059 18890 3228 701 18891 3288 5063 18892 3036 4711 18893 3036 4711 18894 3288 5063 18895 3028 4703 18896 3028 4703 18897 3288 5063 18898 3027 4702 18899 3027 4702 18900 3288 5063 18901 3029 4704 18902 3029 4704 18903 3288 5063 18904 3289 5064 18905 3029 4704 18906 3289 5064 18907 3030 4705 18908 3030 4705 18909 3289 5064 18910 3031 4706 18911 3031 4706 18912 3289 5064 18913 3285 701 18914 3290 5065 18915 3291 5066 18916 3198 5067 18917 3198 5067 18918 3291 5066 18919 3197 5068 18920 3197 5068 18921 3291 5066 18922 3292 5069 18923 3197 5068 18924 3292 5069 18925 3210 5070 18926 3210 5070 18927 3292 5069 18928 3293 5071 18929 3210 5070 18930 3293 5071 18931 3209 5072 18932 3209 5072 18933 3293 5071 18934 3294 5073 18935 3209 5072 18936 3294 5073 18937 3208 5074 18938 3208 5074 18939 3294 5073 18940 3207 5075 18941 3207 5075 18942 3294 5073 18943 3295 5076 18944 3207 5075 18945 3295 5076 18946 3206 5077 18947 3206 5077 18948 3295 5076 18949 3296 5078 18950 3206 5077 18951 3296 5078 18952 3205 5079 18953 3205 5079 18954 3296 5078 18955 3297 5080 18956 3205 5079 18957 3297 5080 18958 3204 5081 18959 3204 5081 18960 3297 5080 18961 3298 5082 18962 3299 5083 18963 3300 5084 18964 3199 5085 18965 3199 5085 18966 3300 5084 18967 3198 5067 18968 3198 5067 18969 3300 5084 18970 3301 5086 18971 3198 5067 18972 3301 5086 18973 3290 5065 18974 3298 5082 18975 3302 5087 18976 3204 5081 18977 3204 5081 18978 3302 5087 18979 3303 5088 18980 3204 5081 18981 3303 5088 18982 3203 5089 18983 3203 5089 18984 3303 5088 18985 3304 5090 18986 3041 665 18987 3305 5091 18988 3042 5092 18989 3042 5092 18990 3305 5091 18991 3306 5093 18992 3042 5092 18993 3306 5093 18994 3043 5094 18995 3043 5094 18996 3306 5093 18997 3307 5095 18998 3043 5094 18999 3307 5095 19000 3044 5096 19001 3044 5096 19002 3307 5095 19003 3308 5097 19004 3044 5096 19005 3308 5097 19006 3045 5098 19007 3045 5098 19008 3308 5097 19009 3309 665 19010 3045 5098 19011 3309 665 19012 3046 665 19013 3046 665 19014 3309 665 19015 3310 665 19016 3046 665 19017 3310 665 19018 3047 5099 19019 3047 5099 19020 3310 665 19021 3311 5100 19022 3047 5099 19023 3311 5100 19024 3048 5101 19025 3048 5101 19026 3311 5100 19027 3312 5102 19028 3048 5101 19029 3312 5102 19030 3049 5103 19031 3049 5103 19032 3312 5102 19033 3313 5104 19034 3049 5103 19035 3313 5104 19036 3050 5105 19037 3050 5105 19038 3313 5104 19039 3314 5106 19040 3050 5105 19041 3314 5106 19042 3051 5107 19043 3051 5107 19044 3314 5106 19045 3315 5108 19046 3051 5107 19047 3315 5108 19048 3052 5109 19049 3052 5109 19050 3315 5108 19051 3316 5110 19052 3052 5109 19053 3316 5110 19054 3053 665 19055 3053 665 19056 3316 5110 19057 3317 5111 19058 3053 665 19059 3317 5111 19060 3054 5112 19061 3054 5112 19062 3317 5111 19063 3318 5113 19064 3054 5112 19065 3318 5113 19066 3055 5114 19067 3055 5114 19068 3318 5113 19069 3319 5115 19070 3055 5114 19071 3319 5115 19072 3056 5116 19073 3056 5116 19074 3319 5115 19075 3320 665 19076 3056 5116 19077 3320 665 19078 3057 665 19079 3057 665 19080 3320 665 19081 3321 665 19082 3057 665 19083 3321 665 19084 3058 5117 19085 3058 5117 19086 3321 665 19087 3322 5118 19088 3058 5117 19089 3322 5118 19090 3059 5119 19091 3059 5119 19092 3322 5118 19093 3323 665 19094 3059 5119 19095 3323 665 19096 3060 665 19097 3060 665 19098 3323 665 19099 3324 665 19100 3060 665 19101 3324 665 19102 3061 665 19103 3061 665 19104 3324 665 19105 3325 665 19106 3061 665 19107 3325 665 19108 3062 665 19109 3062 665 19110 3325 665 19111 3326 5120 19112 3062 665 19113 3326 5120 19114 3063 5121 19115 3063 5121 19116 3326 5120 19117 3327 5122 19118 3063 5121 19119 3327 5122 19120 3064 665 19121 3064 665 19122 3327 5122 19123 3328 5123 19124 3064 665 19125 3328 5123 19126 3065 5124 19127 3065 5124 19128 3328 5123 19129 3329 5125 19130 3065 5124 19131 3329 5125 19132 3066 5126 19133 3066 5126 19134 3329 5125 19135 3330 5127 19136 3066 5126 19137 3330 5127 19138 3067 665 19139 3067 665 19140 3330 5127 19141 3331 665 19142 3067 665 19143 3331 665 19144 3068 665 19145 3068 665 19146 3331 665 19147 3332 665 19148 3068 665 19149 3332 665 19150 3069 665 19151 3069 665 19152 3332 665 19153 3333 5128 19154 3069 665 19155 3333 5128 19156 3070 5129 19157 3070 5129 19158 3333 5128 19159 3334 5130 19160 3070 5129 19161 3334 5130 19162 3071 5131 19163 3071 5131 19164 3334 5130 19165 3335 5132 19166 3071 5131 19167 3335 5132 19168 3072 5133 19169 3072 5133 19170 3335 5132 19171 3336 5134 19172 3072 5133 19173 3336 5134 19174 3073 5135 19175 3073 5135 19176 3336 5134 19177 3337 665 19178 3073 5135 19179 3337 665 19180 3074 665 19181 3074 665 19182 3337 665 19183 3338 665 19184 3074 665 19185 3338 665 19186 3075 5136 19187 3075 5136 19188 3338 665 19189 3339 5137 19190 3075 5136 19191 3339 5137 19192 3076 5138 19193 3076 5138 19194 3339 5137 19195 3340 5139 19196 3076 5138 19197 3340 5139 19198 3077 5140 19199 3077 5140 19200 3340 5139 19201 3341 5141 19202 3077 5140 19203 3341 5141 19204 3078 5142 19205 3078 5142 19206 3341 5141 19207 3342 5143 19208 3078 5142 19209 3342 5143 19210 3079 5144 19211 3079 5144 19212 3342 5143 19213 3343 5145 19214 3079 5144 19215 3343 5145 19216 3080 5146 19217 3080 5146 19218 3343 5145 19219 3344 5147 19220 3080 5146 19221 3344 5147 19222 3081 665 19223 3081 665 19224 3344 5147 19225 3345 5148 19226 3081 665 19227 3345 5148 19228 3082 5149 19229 3082 5149 19230 3345 5148 19231 3346 5150 19232 3082 5149 19233 3346 5150 19234 3083 5151 19235 3083 5151 19236 3346 5150 19237 3347 5152 19238 3083 5151 19239 3347 5152 19240 3084 5153 19241 3084 5153 19242 3347 5152 19243 3348 665 19244 3084 5153 19245 3348 665 19246 3085 665 19247 3085 665 19248 3348 665 19249 3349 665 19250 3085 665 19251 3349 665 19252 3086 5154 19253 3086 5154 19254 3349 665 19255 3350 5155 19256 3086 5154 19257 3350 5155 19258 3087 5156 19259 3087 5156 19260 3350 5155 19261 3351 665 19262 3087 5156 19263 3351 665 19264 3088 665 19265 3088 665 19266 3351 665 19267 3352 665 19268 3088 665 19269 3352 665 19270 3089 665 19271 3089 665 19272 3352 665 19273 3353 665 19274 3089 665 19275 3353 665 19276 3090 665 19277 3090 665 19278 3353 665 19279 3354 5157 19280 3090 665 19281 3354 5157 19282 3091 5158 19283 3091 5158 19284 3354 5157 19285 3355 5159 19286 3091 5158 19287 3355 5159 19288 3092 665 19289 3092 665 19290 3355 5159 19291 3356 5160 19292 3092 665 19293 3356 5160 19294 3037 5161 19295 3037 5161 19296 3356 5160 19297 3357 5162 19298 3037 5161 19299 3357 5162 19300 3038 5163 19301 3038 5163 19302 3357 5162 19303 3358 5164 19304 3038 5163 19305 3358 5164 19306 3039 665 19307 3039 665 19308 3358 5164 19309 3359 665 19310 3039 665 19311 3359 665 19312 3040 665 19313 3040 665 19314 3359 665 19315 3360 665 19316 3040 665 19317 3360 665 19318 3041 665 19319 3041 665 19320 3360 665 19321 3305 5091 19322 3361 5165 19323 3122 5166 19324 3362 5167 19325 3362 5167 19326 3122 5166 19327 3123 5168 19328 3362 5167 19329 3123 5168 19330 3363 5169 19331 3363 5169 19332 3123 5168 19333 3124 5170 19334 3363 5169 19335 3124 5170 19336 3364 5171 19337 3364 5171 19338 3124 5170 19339 3125 5172 19340 3364 5171 19341 3125 5172 19342 3365 5173 19343 3365 5173 19344 3125 5172 19345 3126 5174 19346 3365 5173 19347 3126 5174 19348 3366 5175 19349 3366 5175 19350 3126 5174 19351 3127 5176 19352 3366 5175 19353 3127 5176 19354 3367 5177 19355 3367 5177 19356 3127 5176 19357 3128 5178 19358 3367 5177 19359 3128 5178 19360 3368 5179 19361 3368 5179 19362 3128 5178 19363 3129 5180 19364 3368 5179 19365 3129 5180 19366 3369 5181 19367 3369 5181 19368 3129 5180 19369 3130 5182 19370 3369 5181 19371 3130 5182 19372 3370 5183 19373 3370 5183 19374 3130 5182 19375 3131 5184 19376 3370 5183 19377 3131 5184 19378 3371 5185 19379 3371 5185 19380 3131 5184 19381 3132 5186 19382 3371 5185 19383 3132 5186 19384 3372 5187 19385 3372 5187 19386 3132 5186 19387 3133 5188 19388 3372 5187 19389 3133 5188 19390 3373 5189 19391 3373 5189 19392 3133 5188 19393 3134 5190 19394 3373 5189 19395 3134 5190 19396 3374 5191 19397 3374 5191 19398 3134 5190 19399 3135 5192 19400 3374 5191 19401 3135 5192 19402 3375 5193 19403 3375 5193 19404 3135 5192 19405 3136 5194 19406 3375 5193 19407 3136 5194 19408 3376 5195 19409 3376 5195 19410 3136 5194 19411 3137 5196 19412 3376 5195 19413 3137 5196 19414 3377 5197 19415 3377 5197 19416 3137 5196 19417 3138 5198 19418 3377 5197 19419 3138 5198 19420 3378 5199 19421 3378 5199 19422 3138 5198 19423 3139 5200 19424 3378 5199 19425 3139 5200 19426 3379 5201 19427 3379 5201 19428 3139 5200 19429 3140 5202 19430 3379 5201 19431 3140 5202 19432 3380 5203 19433 3380 5203 19434 3140 5202 19435 3141 5204 19436 3380 5203 19437 3141 5204 19438 3381 5205 19439 3381 5205 19440 3141 5204 19441 3142 5206 19442 3381 5205 19443 3142 5206 19444 3382 5207 19445 3382 5207 19446 3142 5206 19447 3143 5208 19448 3382 5207 19449 3143 5208 19450 3383 5209 19451 3383 5209 19452 3143 5208 19453 3144 5210 19454 3383 5209 19455 3144 5210 19456 3384 5211 19457 3384 5211 19458 3144 5210 19459 3145 5212 19460 3384 5211 19461 3145 5212 19462 3385 5213 19463 3385 5213 19464 3145 5212 19465 3146 5214 19466 3385 5213 19467 3146 5214 19468 3386 5215 19469 3386 5215 19470 3146 5214 19471 3147 5216 19472 3386 5215 19473 3147 5216 19474 3387 5217 19475 3387 5217 19476 3147 5216 19477 3148 5218 19478 3387 5217 19479 3148 5218 19480 3388 5219 19481 3388 5219 19482 3148 5218 19483 3095 5220 19484 3388 5219 19485 3095 5220 19486 3389 5221 19487 3389 5221 19488 3095 5220 19489 3094 5222 19490 3389 5221 19491 3094 5222 19492 3390 5223 19493 3390 5223 19494 3094 5222 19495 3093 5224 19496 3390 5223 19497 3093 5224 19498 3391 5225 19499 3391 5225 19500 3093 5224 19501 3096 5226 19502 3391 5225 19503 3096 5226 19504 3392 5227 19505 3392 5227 19506 3096 5226 19507 3097 5228 19508 3392 5227 19509 3097 5228 19510 3393 5229 19511 3393 5229 19512 3097 5228 19513 3098 5230 19514 3393 5229 19515 3098 5230 19516 3394 5231 19517 3394 5231 19518 3098 5230 19519 3099 5232 19520 3394 5231 19521 3099 5232 19522 3395 5233 19523 3395 5233 19524 3099 5232 19525 3100 5234 19526 3395 5233 19527 3100 5234 19528 3396 5235 19529 3396 5235 19530 3100 5234 19531 3101 5236 19532 3396 5235 19533 3101 5236 19534 3397 5237 19535 3397 5237 19536 3101 5236 19537 3102 5238 19538 3397 5237 19539 3102 5238 19540 3398 5239 19541 3398 5239 19542 3102 5238 19543 3103 5240 19544 3398 5239 19545 3103 5240 19546 3399 5241 19547 3399 5241 19548 3103 5240 19549 3104 5242 19550 3399 5241 19551 3104 5242 19552 3400 5243 19553 3400 5243 19554 3104 5242 19555 3105 5244 19556 3400 5243 19557 3105 5244 19558 3401 5245 19559 3401 5245 19560 3105 5244 19561 3106 5246 19562 3401 5245 19563 3106 5246 19564 3402 5247 19565 3402 5247 19566 3106 5246 19567 3107 5248 19568 3402 5247 19569 3107 5248 19570 3403 5249 19571 3403 5249 19572 3107 5248 19573 3108 5250 19574 3403 5249 19575 3108 5250 19576 3404 5251 19577 3404 5251 19578 3108 5250 19579 3109 5252 19580 3404 5251 19581 3109 5252 19582 3405 5253 19583 3405 5253 19584 3109 5252 19585 3110 5254 19586 3405 5253 19587 3110 5254 19588 3406 5255 19589 3406 5255 19590 3110 5254 19591 3111 5256 19592 3406 5255 19593 3111 5256 19594 3407 5257 19595 3407 5257 19596 3111 5256 19597 3112 5258 19598 3407 5257 19599 3112 5258 19600 3408 5259 19601 3408 5259 19602 3112 5258 19603 3113 5260 19604 3408 5259 19605 3113 5260 19606 3409 5261 19607 3409 5261 19608 3113 5260 19609 3114 5262 19610 3409 5261 19611 3114 5262 19612 3410 5263 19613 3410 5263 19614 3114 5262 19615 3115 5264 19616 3410 5263 19617 3115 5264 19618 3411 5265 19619 3411 5265 19620 3115 5264 19621 3116 5266 19622 3411 5265 19623 3116 5266 19624 3412 5267 19625 3412 5267 19626 3116 5266 19627 3117 5268 19628 3412 5267 19629 3117 5268 19630 3413 5269 19631 3413 5269 19632 3117 5268 19633 3118 5270 19634 3413 5269 19635 3118 5270 19636 3414 5271 19637 3414 5271 19638 3118 5270 19639 3119 5272 19640 3414 5271 19641 3119 5272 19642 3415 5273 19643 3415 5273 19644 3119 5272 19645 3120 5274 19646 3415 5273 19647 3120 5274 19648 3416 5275 19649 3416 5275 19650 3120 5274 19651 3121 5276 19652 3416 5275 19653 3121 5276 19654 3361 5165 19655 3361 5165 19656 3121 5276 19657 3122 5166 19658 3151 5277 19659 3417 5278 19660 3150 5279 19661 3150 5279 19662 3417 5278 19663 3418 5280 19664 3150 5279 19665 3418 5280 19666 3419 5281 19667 3417 5278 19668 3151 5277 19669 3420 5282 19670 3420 5282 19671 3151 5277 19672 3152 5283 19673 3420 5282 19674 3152 5283 19675 3421 5284 19676 3421 5284 19677 3152 5283 19678 3153 5285 19679 3421 5284 19680 3153 5285 19681 3422 5286 19682 3422 5286 19683 3153 5285 19684 3423 5287 19685 3423 5287 19686 3153 5285 19687 3154 5288 19688 3423 5287 19689 3154 5288 19690 3424 5289 19691 3424 5289 19692 3154 5288 19693 3155 5290 19694 3424 5289 19695 3155 5290 19696 3425 5291 19697 3425 5291 19698 3155 5290 19699 3156 5292 19700 3425 5291 19701 3156 5292 19702 3426 5293 19703 3426 5293 19704 3156 5292 19705 3427 5294 19706 3427 5294 19707 3156 5292 19708 3157 5295 19709 3427 5294 19710 3157 5295 19711 3428 5296 19712 3428 5296 19713 3157 5295 19714 3158 5297 19715 3428 5296 19716 3158 5297 19717 3429 5298 19718 3429 5298 19719 3158 5297 19720 3159 5299 19721 3429 5298 19722 3159 5299 19723 3430 5300 19724 3430 5300 19725 3159 5299 19726 3431 5301 19727 3431 5301 19728 3159 5299 19729 3160 5302 19730 3431 5301 19731 3160 5302 19732 3432 5303 19733 3432 5303 19734 3160 5302 19735 3161 5304 19736 3432 5303 19737 3161 5304 19738 3433 5305 19739 3433 5305 19740 3161 5304 19741 3162 5306 19742 3433 5305 19743 3162 5306 19744 3434 5307 19745 3434 5307 19746 3162 5306 19747 3435 5308 19748 3435 5308 19749 3162 5306 19750 3163 5309 19751 3435 5308 19752 3163 5309 19753 3436 5310 19754 3436 5310 19755 3163 5309 19756 3164 5311 19757 3436 5310 19758 3164 5311 19759 3437 5312 19760 3437 5312 19761 3164 5311 19762 3165 5313 19763 3437 5312 19764 3165 5313 19765 3438 5314 19766 3438 5314 19767 3165 5313 19768 3439 5315 19769 3439 5315 19770 3165 5313 19771 3166 5316 19772 3439 5315 19773 3166 5316 19774 3440 5317 19775 3440 5317 19776 3166 5316 19777 3167 5318 19778 3440 5317 19779 3167 5318 19780 3441 5319 19781 3441 5319 19782 3167 5318 19783 3168 5320 19784 3441 5319 19785 3168 5320 19786 3442 5321 19787 3442 5321 19788 3168 5320 19789 3443 5322 19790 3443 5322 19791 3168 5320 19792 3169 5323 19793 3443 5322 19794 3169 5323 19795 3444 5324 19796 3444 5324 19797 3169 5323 19798 3170 5325 19799 3444 5324 19800 3170 5325 19801 3445 5326 19802 3445 5326 19803 3170 5325 19804 3171 5327 19805 3445 5326 19806 3171 5327 19807 3446 5328 19808 3446 5328 19809 3171 5327 19810 3447 5329 19811 3447 5329 19812 3171 5327 19813 3172 5330 19814 3447 5329 19815 3172 5330 19816 3448 5331 19817 3448 5331 19818 3172 5330 19819 3149 5332 19820 3448 5331 19821 3149 5332 19822 3419 5281 19823 3419 5281 19824 3149 5332 19825 3150 5279 19826 3186 5333 19827 3449 5334 19828 3185 5335 19829 3185 5335 19830 3449 5334 19831 3450 701 19832 3185 5335 19833 3450 701 19834 3451 5336 19835 3449 5334 19836 3186 5333 19837 3452 5337 19838 3452 5337 19839 3186 5333 19840 3187 5338 19841 3452 5337 19842 3187 5338 19843 3453 5339 19844 3453 5339 19845 3187 5338 19846 3188 5340 19847 3453 5339 19848 3188 5340 19849 3454 5341 19850 3454 5341 19851 3188 5340 19852 3455 5342 19853 3455 5342 19854 3188 5340 19855 3189 5343 19856 3455 5342 19857 3189 5343 19858 3456 5344 19859 3456 5344 19860 3189 5343 19861 3190 5345 19862 3456 5344 19863 3190 5345 19864 3457 5346 19865 3457 5346 19866 3190 5345 19867 3191 5347 19868 3457 5346 19869 3191 5347 19870 3458 5348 19871 3458 5348 19872 3191 5347 19873 3459 5349 19874 3459 5349 19875 3191 5347 19876 3192 5350 19877 3459 5349 19878 3192 5350 19879 3460 5351 19880 3460 5351 19881 3192 5350 19882 3193 5352 19883 3460 5351 19884 3193 5352 19885 3461 5353 19886 3461 5353 19887 3193 5352 19888 3194 5354 19889 3461 5353 19890 3194 5354 19891 3462 5355 19892 3462 5355 19893 3194 5354 19894 3463 5356 19895 3463 5356 19896 3194 5354 19897 3195 5357 19898 3463 5356 19899 3195 5357 19900 3464 5358 19901 3464 5358 19902 3195 5357 19903 3196 5359 19904 3464 5358 19905 3196 5359 19906 3465 5360 19907 3465 5360 19908 3196 5359 19909 3173 5361 19910 3465 5360 19911 3173 5361 19912 3466 665 19913 3466 665 19914 3173 5361 19915 3467 5362 19916 3467 5362 19917 3173 5361 19918 3174 5363 19919 3467 5362 19920 3174 5363 19921 3468 5364 19922 3468 5364 19923 3174 5363 19924 3175 5365 19925 3468 5364 19926 3175 5365 19927 3469 5366 19928 3469 5366 19929 3175 5365 19930 3176 5367 19931 3469 5366 19932 3176 5367 19933 3470 5368 19934 3470 5368 19935 3176 5367 19936 3471 5369 19937 3471 5369 19938 3176 5367 19939 3177 5370 19940 3471 5369 19941 3177 5370 19942 3472 5371 19943 3472 5371 19944 3177 5370 19945 3178 5372 19946 3472 5371 19947 3178 5372 19948 3473 5373 19949 3473 5373 19950 3178 5372 19951 3179 5374 19952 3473 5373 19953 3179 5374 19954 3474 5375 19955 3474 5375 19956 3179 5374 19957 3475 5376 19958 3475 5376 19959 3179 5374 19960 3180 5377 19961 3475 5376 19962 3180 5377 19963 3476 5378 19964 3476 5378 19965 3180 5377 19966 3181 5379 19967 3476 5378 19968 3181 5379 19969 3477 5380 19970 3477 5380 19971 3181 5379 19972 3182 5381 19973 3477 5380 19974 3182 5381 19975 3478 5382 19976 3478 5382 19977 3182 5381 19978 3479 5383 19979 3479 5383 19980 3182 5381 19981 3183 5384 19982 3479 5383 19983 3183 5384 19984 3480 5385 19985 3480 5385 19986 3183 5384 19987 3184 5386 19988 3480 5385 19989 3184 5386 19990 3451 5336 19991 3451 5336 19992 3184 5386 19993 3185 5335 19994 3203 5387 19995 3304 5388 19996 3202 5389 19997 3202 5389 19998 3304 5388 19999 3481 5390 20000 3202 5389 20001 3481 5390 20002 3482 5391 20003 3202 5389 20004 3482 5391 20005 3201 5392 20006 3201 5392 20007 3482 5391 20008 3483 5393 20009 3201 5392 20010 3483 5393 20011 3200 5394 20012 3200 5394 20013 3483 5393 20014 3199 5395 20015 3199 5395 20016 3483 5393 20017 3299 5396 20018 3525 5438 20268 3526 5439 20269 3527 5440 20270 3527 5440 20271 3526 5439 20272 3528 5441 20273 3527 5440 20274 3528 5441 20275 3529 5442 20276 3527 5440 20277 3529 5442 20278 3530 5443 20279 3530 5443 20280 3529 5442 20281 3531 5444 20282 3530 5443 20283 3531 5444 20284 3532 5445 20285 3532 5445 20286 3531 5444 20287 3533 5446 20288 3532 5445 20289 3533 5446 20290 3534 5447 20291 3534 5447 20292 3533 5446 20293 3535 5448 20294 3535 5448 20295 3533 5446 20296 3536 5449 20297 3535 5448 20298 3536 5449 20299 3537 5450 20300 3537 5450 20301 3536 5449 20302 3538 5451 20303 3537 5450 20304 3538 5451 20305 3539 5452 20306 3539 5452 20307 3538 5451 20308 3540 5453 20309 3539 5452 20310 3540 5453 20311 3541 5454 20312 3541 5454 20313 3540 5453 20314 3542 5455 20315 3301 5456 20316 3386 5457 20317 3290 5458 20318 3290 5458 20319 3386 5457 20320 3387 5459 20321 3290 5458 20322 3387 5459 20323 3291 5460 20324 3291 5460 20325 3387 5459 20326 3292 5461 20327 3292 5461 20328 3387 5459 20329 3293 5462 20330 3293 5462 20331 3387 5459 20332 3294 5463 20333 3294 5463 20334 3387 5459 20335 3241 5464 20336 3294 5463 20337 3241 5464 20338 3240 5465 20339 3301 5456 20340 3300 5466 20341 3386 5457 20342 3386 5457 20343 3300 5466 20344 3299 5467 20345 3386 5457 20346 3299 5467 20347 3483 5468 20348 3386 5457 20349 3483 5468 20350 3385 5469 20351 3385 5469 20352 3483 5468 20353 3482 5470 20354 3385 5469 20355 3482 5470 20356 3310 5471 20357 3310 5471 20358 3482 5470 20359 3481 5472 20360 3310 5471 20361 3481 5472 20362 3311 5473 20363 3311 5473 20364 3481 5472 20365 3304 5474 20366 3311 5473 20367 3304 5474 20368 3303 5475 20369 3303 5475 20370 3302 5476 20371 3311 5473 20372 3311 5473 20373 3302 5476 20374 3298 5477 20375 3311 5473 20376 3298 5477 20377 3312 5478 20378 3312 5478 20379 3298 5477 20380 3297 5479 20381 3312 5478 20382 3297 5479 20383 3296 5480 20384 3296 5480 20385 3295 5481 20386 3312 5478 20387 3312 5478 20388 3295 5481 20389 3294 5463 20390 3312 5478 20391 3294 5463 20392 3239 5482 20393 3239 5482 20394 3294 5463 20395 3240 5465 20396 3543 5483 20397 3319 5484 20398 3526 5485 20399 3526 5485 20400 3319 5484 20401 3318 5486 20402 3526 5485 20403 3318 5486 20404 3528 5487 20405 3528 5487 20406 3318 5486 20407 3529 5488 20408 3529 5488 20409 3318 5486 20410 3531 5489 20411 3531 5489 20412 3318 5486 20413 3533 5490 20414 3533 5490 20415 3318 5486 20416 3274 5491 20417 3533 5490 20418 3274 5491 20419 3393 5492 20420 3393 5492 20421 3274 5491 20422 3392 5493 20423 3392 5493 20424 3274 5491 20425 3273 5494 20426 3392 5493 20427 3273 5494 20428 3272 5495 20429 3543 5483 20430 3544 5496 20431 3319 5484 20432 3319 5484 20433 3544 5496 20434 7 5497 20435 3319 5484 20436 7 5497 20437 6 5498 20438 6 5498 20439 5 5499 20440 3319 5484 20441 3319 5484 20442 5 5499 20443 3320 5500 20444 3320 5500 20445 5 5499 20446 3395 5501 20447 3320 5500 20448 3395 5501 20449 3321 5502 20450 3321 5502 20451 3395 5501 20452 3396 5503 20453 3321 5502 20454 3396 5503 20455 3322 5504 20456 3322 5504 20457 3396 5503 20458 3397 5505 20459 3322 5504 20460 3397 5505 20461 3323 5506 20462 3323 5506 20463 3397 5505 20464 3398 5507 20465 3323 5506 20466 3398 5507 20467 3324 5508 20468 3324 5508 20469 3398 5507 20470 3399 5508 20471 3324 5508 20472 3399 5508 20473 3325 5509 20474 3325 5509 20475 3399 5508 20476 3400 5510 20477 3325 5509 20478 3400 5510 20479 3326 5511 20480 3326 5511 20481 3400 5510 20482 3401 5512 20483 3326 5511 20484 3401 5512 20485 3327 5513 20486 3327 5513 20487 3401 5512 20488 3402 5514 20489 3327 5513 20490 3402 5514 20491 3328 5515 20492 3328 5515 20493 3402 5514 20494 3403 5516 20495 3328 5515 20496 3403 5516 20497 3329 5517 20498 3329 5517 20499 3403 5516 20500 3404 5518 20501 3329 5517 20502 3404 5518 20503 3330 5519 20504 3330 5519 20505 3404 5518 20506 3405 5520 20507 3330 5519 20508 3405 5520 20509 3331 5521 20510 3331 5521 20511 3405 5520 20512 3406 5522 20513 3331 5521 20514 3406 5522 20515 3418 5523 20516 3418 5523 20517 3406 5522 20518 3419 5524 20519 3419 5524 20520 3406 5522 20521 3448 5525 20522 3448 5525 20523 3406 5522 20524 3407 5526 20525 3448 5525 20526 3407 5526 20527 3447 5527 20528 3447 5527 20529 3407 5526 20530 3446 5528 20531 3446 5528 20532 3407 5526 20533 3445 5529 20534 3445 5529 20535 3407 5526 20536 3444 5530 20537 3444 5530 20538 3407 5526 20539 3408 5531 20540 3444 5530 20541 3408 5531 20542 3443 5532 20543 3443 5532 20544 3408 5531 20545 3442 5533 20546 3442 5533 20547 3408 5531 20548 3441 5534 20549 3441 5534 20550 3408 5531 20551 3409 5535 20552 3441 5534 20553 3409 5535 20554 3440 5536 20555 3440 5536 20556 3409 5535 20557 3439 5537 20558 3439 5537 20559 3409 5535 20560 3438 5538 20561 3438 5538 20562 3409 5535 20563 3437 5539 20564 3437 5539 20565 3409 5535 20566 3436 5540 20567 3436 5540 20568 3409 5535 20569 3410 5541 20570 3436 5540 20571 3410 5541 20572 3435 5542 20573 3435 5542 20574 3410 5541 20575 3434 5543 20576 3434 5543 20577 3410 5541 20578 3335 5544 20579 3434 5543 20580 3335 5544 20581 3433 5545 20582 3433 5545 20583 3335 5544 20584 3432 5546 20585 3432 5546 20586 3335 5544 20587 3334 5547 20588 3432 5546 20589 3334 5547 20590 3431 5548 20591 3431 5548 20592 3334 5547 20593 3430 5549 20594 3430 5549 20595 3334 5547 20596 3429 5550 20597 3429 5550 20598 3334 5547 20599 3428 5551 20600 3428 5551 20601 3334 5547 20602 3427 5552 20603 3427 5552 20604 3334 5547 20605 3333 5553 20606 3427 5552 20607 3333 5553 20608 3426 5554 20609 3426 5554 20610 3333 5553 20611 3425 5555 20612 3425 5555 20613 3333 5553 20614 3424 5556 20615 3424 5556 20616 3333 5553 20617 3332 5557 20618 3424 5556 20619 3332 5557 20620 3423 5558 20621 3423 5558 20622 3332 5557 20623 3422 5559 20624 3422 5559 20625 3332 5557 20626 3421 5560 20627 3421 5560 20628 3332 5557 20629 3331 5521 20630 3421 5560 20631 3331 5521 20632 3420 5561 20633 3420 5561 20634 3331 5521 20635 3417 5562 20636 3417 5562 20637 3331 5521 20638 3418 5523 20639 3395 5501 20640 5 5499 20641 3394 5563 20642 3394 5563 20643 5 5499 20644 3 5564 20645 3394 5563 20646 3 5564 20647 1 5565 20648 1 5565 20649 3545 5566 20650 3394 5563 20651 3394 5563 20652 3545 5566 20653 3546 5567 20654 3394 5563 20655 3546 5567 20656 3542 5568 20657 3394 5563 20658 3542 5568 20659 3393 5492 20660 3393 5492 20661 3542 5568 20662 3540 5569 20663 3393 5492 20664 3540 5569 20665 3538 5570 20666 3538 5570 20667 3536 5571 20668 3393 5492 20669 3393 5492 20670 3536 5571 20671 3533 5490 20672 3342 5572 20673 3480 5573 20674 3343 5574 20675 3343 5574 20676 3480 5573 20677 3451 5575 20678 3343 5574 20679 3451 5575 20680 3450 1693 20681 3341 5576 20682 3477 5577 20683 3342 5572 20684 3342 5572 20685 3477 5577 20686 3478 5578 20687 3342 5572 20688 3478 5578 20689 3479 5579 20690 3340 5580 20691 3415 5581 20692 3341 5576 20693 3341 5576 20694 3415 5581 20695 3416 5582 20696 3341 5576 20697 3416 5582 20698 3474 5583 20699 3474 5583 20700 3416 5582 20701 3473 5584 20702 3473 5584 20703 3416 5582 20704 3472 5585 20705 3472 5585 20706 3416 5582 20707 3361 5586 20708 3472 5585 20709 3361 5586 20710 3471 5587 20711 3471 5587 20712 3361 5586 20713 3470 5588 20714 3470 5588 20715 3361 5586 20716 3469 5589 20717 3469 5589 20718 3361 5586 20719 3468 5590 20720 3468 5590 20721 3361 5586 20722 3362 5591 20723 3468 5590 20724 3362 5591 20725 3467 5592 20726 3467 5592 20727 3362 5591 20728 3466 1693 20729 3466 1693 20730 3362 5591 20731 3465 5593 20732 3465 5593 20733 3362 5591 20734 3464 5594 20735 3464 5594 20736 3362 5591 20737 3363 5595 20738 3464 5594 20739 3363 5595 20740 3463 5596 20741 3463 5596 20742 3363 5595 20743 3462 5597 20744 3462 5597 20745 3363 5595 20746 3461 5598 20747 3461 5598 20748 3363 5595 20749 3460 5599 20750 3460 5599 20751 3363 5595 20752 3364 5600 20753 3460 5599 20754 3364 5600 20755 3459 5601 20756 3459 5601 20757 3364 5600 20758 3458 5602 20759 3458 5602 20760 3364 5600 20761 3345 5603 20762 3458 5602 20763 3345 5603 20764 3457 5604 20765 3457 5604 20766 3345 5603 20767 3456 5605 20768 3456 5605 20769 3345 5603 20770 3344 5606 20771 3456 5605 20772 3344 5606 20773 3455 5607 20774 3455 5607 20775 3344 5606 20776 3454 5608 20777 3454 5608 20778 3344 5606 20779 3453 5609 20780 3453 5609 20781 3344 5606 20782 3452 5610 20783 3452 5610 20784 3344 5606 20785 3343 5574 20786 3452 5610 20787 3343 5574 20788 3449 5611 20789 3449 5611 20790 3343 5574 20791 3450 1693 20792 3415 5581 20793 3340 5580 20794 3414 5612 20795 3414 5612 20796 3340 5580 20797 3339 5613 20798 3414 5612 20799 3339 5613 20800 3413 5614 20801 3413 5614 20802 3339 5613 20803 3338 5615 20804 3413 5614 20805 3338 5615 20806 3412 5616 20807 3412 5616 20808 3338 5615 20809 3337 5617 20810 3412 5616 20811 3337 5617 20812 3411 4392 20813 3411 4392 20814 3337 5617 20815 3336 5618 20816 3411 4392 20817 3336 5618 20818 3410 5541 20819 3410 5541 20820 3336 5618 20821 3335 5544 20822 3318 5486 20823 3317 5619 20824 3274 5491 20825 3274 5491 20826 3317 5619 20827 3275 5620 20828 3275 5620 20829 3317 5619 20830 3276 5621 20831 3276 5621 20832 3317 5619 20833 3277 5622 20834 3277 5622 20835 3317 5619 20836 3278 5623 20837 3278 5623 20838 3317 5619 20839 3279 5624 20840 3279 5624 20841 3317 5619 20842 3280 5625 20843 3280 5625 20844 3317 5619 20845 3281 5626 20846 3281 5626 20847 3317 5619 20848 3316 5627 20849 3281 5626 20850 3316 5627 20851 3263 5628 20852 3263 5628 20853 3316 5627 20854 3264 5629 20855 3264 5629 20856 3316 5627 20857 3265 5630 20858 3265 5630 20859 3316 5627 20860 3260 5631 20861 3260 5631 20862 3316 5627 20863 3261 5632 20864 3261 5632 20865 3316 5627 20866 3262 5633 20867 3262 5633 20868 3316 5627 20869 3257 5634 20870 3257 5634 20871 3316 5627 20872 3258 5635 20873 3258 5635 20874 3316 5627 20875 3315 5636 20876 3258 5635 20877 3315 5636 20878 3259 5637 20879 3259 5637 20880 3315 5636 20881 3254 5638 20882 3254 5638 20883 3315 5636 20884 3255 5639 20885 3255 5639 20886 3315 5636 20887 3314 5640 20888 3255 5639 20889 3314 5640 20890 3256 5641 20891 3256 5641 20892 3314 5640 20893 3251 5642 20894 3251 5642 20895 3314 5640 20896 3252 5643 20897 3252 5643 20898 3314 5640 20899 3253 5644 20900 3253 5644 20901 3314 5640 20902 3248 5645 20903 3248 5645 20904 3314 5640 20905 3249 5646 20906 3249 5646 20907 3314 5640 20908 3250 5647 20909 3250 5647 20910 3314 5640 20911 3232 5648 20912 3232 5648 20913 3314 5640 20914 3233 5649 20915 3233 5649 20916 3314 5640 20917 3313 5650 20918 3233 5649 20919 3313 5650 20920 3234 5651 20921 3234 5651 20922 3313 5650 20923 3235 5652 20924 3235 5652 20925 3313 5650 20926 3236 5653 20927 3236 5653 20928 3313 5650 20929 3237 5654 20930 3237 5654 20931 3313 5650 20932 3238 5655 20933 3238 5655 20934 3313 5650 20935 3239 5482 20936 3239 5482 20937 3313 5650 20938 3312 5478 20939 3385 5469 20940 3310 5471 20941 3384 5656 20942 3384 5656 20943 3310 5471 20944 3309 5657 20945 3384 5656 20946 3309 5657 20947 3383 4440 20948 3383 4440 20949 3309 5657 20950 3308 5658 20951 3383 4440 20952 3308 5658 20953 3382 5659 20954 3382 5659 20955 3308 5658 20956 3307 5660 20957 3382 5659 20958 3307 5660 20959 3381 5661 20960 3381 5661 20961 3307 5660 20962 3306 5662 20963 3381 5661 20964 3306 5662 20965 3380 5663 20966 3380 5663 20967 3306 5662 20968 3305 5664 20969 3380 5663 20970 3305 5664 20971 3379 5665 20972 3379 5665 20973 3305 5664 20974 3360 5666 20975 3379 5665 20976 3360 5666 20977 3378 5667 20978 3378 5667 20979 3360 5666 20980 3359 5668 20981 3378 5667 20982 3359 5668 20983 3377 5669 20984 3377 5669 20985 3359 5668 20986 3358 5670 20987 3377 5669 20988 3358 5670 20989 3376 5671 20990 3376 5671 20991 3358 5670 20992 3357 5672 20993 3376 5671 20994 3357 5672 20995 3375 5673 20996 3375 5673 20997 3357 5672 20998 3356 5674 20999 3375 5673 21000 3356 5674 21001 3374 5675 21002 3374 5675 21003 3356 5674 21004 3355 5676 21005 3374 5675 21006 3355 5676 21007 3373 5677 21008 3373 5677 21009 3355 5676 21010 3354 5678 21011 3373 5677 21012 3354 5678 21013 3372 5679 21014 3372 5679 21015 3354 5678 21016 3353 5680 21017 3372 5679 21018 3353 5680 21019 3371 5681 21020 3371 5681 21021 3353 5680 21022 3352 5681 21023 3371 5681 21024 3352 5681 21025 3370 5682 21026 3370 5682 21027 3352 5681 21028 3351 5683 21029 3370 5682 21030 3351 5683 21031 3369 5684 21032 3369 5684 21033 3351 5683 21034 3350 5685 21035 3369 5684 21036 3350 5685 21037 3368 5686 21038 3368 5686 21039 3350 5685 21040 3349 5687 21041 3368 5686 21042 3349 5687 21043 3367 5688 21044 3367 5688 21045 3349 5687 21046 3348 5689 21047 3367 5688 21048 3348 5689 21049 3366 5690 21050 3366 5690 21051 3348 5689 21052 3347 5691 21053 3366 5690 21054 3347 5691 21055 3365 5692 21056 3365 5692 21057 3347 5691 21058 3346 5693 21059 3365 5692 21060 3346 5693 21061 3364 5600 21062 3364 5600 21063 3346 5693 21064 3345 5603 21065 3387 5459 21066 3388 5694 21067 3241 5464 21068 3241 5464 21069 3388 5694 21070 3242 5695 21071 3242 5695 21072 3388 5694 21073 3243 5696 21074 3243 5696 21075 3388 5694 21076 3244 5697 21077 3244 5697 21078 3388 5694 21079 3245 5698 21080 3245 5698 21081 3388 5694 21082 3246 5699 21083 3246 5699 21084 3388 5694 21085 3247 5700 21086 3247 5700 21087 3388 5694 21088 3389 5701 21089 3247 5700 21090 3389 5701 21091 3229 5702 21092 3229 5702 21093 3389 5701 21094 3230 5703 21095 3230 5703 21096 3389 5701 21097 3231 5704 21098 3231 5704 21099 3389 5701 21100 3225 5705 21101 3225 5705 21102 3389 5701 21103 3226 5706 21104 3226 5706 21105 3389 5701 21106 3227 5707 21107 3227 5707 21108 3389 5701 21109 3228 5708 21110 3228 5708 21111 3389 5701 21112 3390 5709 21113 3228 5708 21114 3390 5709 21115 3288 5710 21116 3288 5710 21117 3390 5709 21118 3289 5711 21119 3289 5711 21120 3390 5709 21121 3391 5712 21122 3289 5711 21123 3391 5712 21124 3285 5713 21125 3285 5713 21126 3391 5712 21127 3286 5714 21128 3286 5714 21129 3391 5712 21130 3287 5715 21131 3287 5715 21132 3391 5712 21133 3282 5716 21134 3282 5716 21135 3391 5712 21136 3283 5717 21137 3283 5717 21138 3391 5712 21139 3284 5718 21140 3284 5718 21141 3391 5712 21142 3266 5719 21143 3266 5719 21144 3391 5712 21145 3267 5720 21146 3267 5720 21147 3391 5712 21148 3392 5493 21149 3267 5720 21150 3392 5493 21151 3268 5721 21152 3268 5721 21153 3392 5493 21154 3269 5722 21155 3269 5722 21156 3392 5493 21157 3270 5723 21158 3270 5723 21159 3392 5493 21160 3271 5724 21161 3271 5724 21162 3392 5493 21163 3272 5495 21164 3474 5583 21165 3475 5725 21166 3341 5576 21167 3341 5576 21168 3475 5725 21169 3476 5726 21170 3341 5576 21171 3476 5726 21172 3477 5577 21173 3479 5579 21174 3480 5573 21175 3342 5572 21176 8 5727 21177 3544 5728 21178 3525 5438 21179 3525 5438 21180 3544 5728 21181 3543 5729 21182 3525 5438 21183 3543 5729 21184 3526 5439 21185 8 5727 21186 7 5730 21187 3544 5728 21188 0 5731 21189 3502 5732 21190 3541 5733 21191 3541 5733 21192 3502 5732 21193 3500 5734 21194 3541 5733 21195 3500 5734 21196 3539 5735 21197 3539 5735 21198 3500 5734 21199 3498 5736 21200 3539 5735 21201 3498 5736 21202 3537 2654 21203 3537 2654 21204 3498 5736 21205 3535 5737 21206 3535 5737 21207 3498 5736 21208 3496 5738 21209 3535 5737 21210 3496 5738 21211 3534 2654 21212 3534 2654 21213 3496 5738 21214 3494 2654 21215 3534 2654 21216 3494 2654 21217 3532 5739 21218 3532 5739 21219 3494 2654 21220 3492 5740 21221 3532 5739 21222 3492 5740 21223 3530 5741 21224 3530 5741 21225 3492 5740 21226 3484 5742 21227 3530 5741 21228 3484 5742 21229 3527 5743 21230 3527 5743 21231 3484 5742 21232 3486 5744 21233 3527 5743 21234 3486 5744 21235 3525 5745 21236 3525 5745 21237 3486 5744 21238 3512 5746 21239 3525 5745 21240 3512 5746 21241 8 5747 21242 8 5747 21243 3512 5746 21244 3510 5748 21245 8 5747 21246 3510 5748 21247 9 5749 21248 9 5749 21249 3510 5748 21250 3508 5750 21251 9 5749 21252 3508 5750 21253 4 2654 21254 4 2654 21255 3508 5750 21256 3506 2654 21257 4 2654 21258 3506 2654 21259 2 2654 21260 2 2654 21261 3506 2654 21262 3504 5751 21263 2 2654 21264 3504 5751 21265 0 5731 21266 0 5731 21267 3504 5751 21268 3502 5732 21269 1 5752 21270 0 5753 21271 3545 5754 21272 3545 5754 21273 0 5753 21274 3541 5454 21275 3545 5754 21276 3541 5454 21277 3546 5755 21278 3546 5755 21279 3541 5454 21280 3542 5455 21281</p>
        </triangles>
        </mesh>
    </geometry>
  </library_geometries>
  <library_visual_scenes>
    <visual_scene id="Scene" name="Scene">
      <node id="LINK_20_003" name="LINK_20.003" type="NODE">
        <matrix sid="transform">1 0 0 0 0 1 0 0 0 0 1 0 0 0 0 1</matrix>
        <instance_geometry url="#LINK_20_003-mesh" name="LINK_20.003">
          <bind_material>
            <technique_common>
              <instance_material symbol="_9_69_69_008-material" target="#_9_69_69_008-material">
                <bind_vertex_input semantic="UVMap" input_semantic="TEXCOORD" input_set="0" />
              </instance_material>
              </technique_common>
          </bind_material>
        </instance_geometry>
      </node>
    </visual_scene>
  </library_visual_scenes>
  <scene>
    <instance_visual_scene url="#Scene" />
  </scene>
</COLLADA>