<?xml version='1.0' encoding='utf-8'?>
<COLLADA xmlns="http://www.collada.org/2005/11/COLLADASchema" version="1.4.1">
  <asset>
    <contributor>
      <author>Blender User</author>
      <authoring_tool>Blender 4.0.2 commit date:2023-12-05, commit time:07:41, hash:9be62e85b727</authoring_tool>
    </contributor>
    <created>2024-09-20T12:02:07</created>
    <modified>2024-09-20T12:02:07</modified>
    <unit name="meter" meter="1" />
    <up_axis>Z_UP</up_axis>
  </asset>
  <library_effects>
    <effect id="_0_10_10_007-effect">
      <profile_COMMON>
        <technique sid="common">
          <lambert>
            <emission>
              <color sid="emission">0 0 0 1</color>
            </emission>
            <diffuse>
              <color sid="diffuse">0.039216 0.039216 0.039216 1</color>
            </diffuse>
            <index_of_refraction>
              <float sid="ior">1.45</float>
            </index_of_refraction>
          </lambert>
        </technique>
      </profile_COMMON>
    </effect>
    </library_effects>
  <library_images />
  <library_materials>
    <material id="_0_10_10_007-material" name="10,10,10.007">
      <instance_effect url="#_0_10_10_007-effect" />
    </material>
    </library_materials>
  <library_geometries>
    <geometry id="LINK_10-mesh" name="LINK_10">
      <mesh>
        <source id="LINK_10-mesh-positions">
          <float_array id="LINK_10-mesh-positions-array" count="2832">-0.06702095 0.001451969 -0.08710795 -0.06702095 0.001451969 -0.05159997 -0.066787 -0.004344999 -0.08710795 -0.066787 -0.004344999 -0.05159997 -0.06632095 0.007210969 -0.08710795 -0.06632095 0.007210969 -0.05159997 -0.06562697 -0.01002997 -0.08710795 -0.06562697 -0.01002997 -0.05159997 -0.06470698 0.012784 -0.08710795 -0.06470698 0.012784 -0.05159997 -0.06422996 -0.001411974 -0.102933 -0.06398999 0.004224956 -0.102933 -0.06366097 -0.001387 -0.107258 -0.06366097 0.001387 -0.107258 -0.06361198 -0.01536399 -0.05509996 -0.06361198 0.01536399 -0.05509996 -0.063569 -0.01545399 -0.08710795 -0.063569 -0.01545399 -0.05159997 -0.06351399 -0.01557099 -0.05624794 -0.06351399 -0.01557099 -0.05395197 -0.06351399 0.01557099 -0.05624794 -0.06351399 0.01557099 -0.05395197 -0.06351298 -0.007006943 -0.102933 -0.06347095 0.001378953 -0.154 -0.06347095 0.001378953 -0.111616 -0.063425 -0.004151999 -0.107258 -0.063425 0.004151999 -0.107258 -0.06339997 -0.002548992 -0.03899997 -0.06339997 0.002548992 -0.03899997 -0.06338298 -0.002755999 -0.05159997 -0.06338298 0.002755999 -0.05159997 -0.06323695 -0.004127979 -0.154 -0.06323695 -0.004127979 -0.111616 -0.06322699 -0.01615697 -0.05722099 -0.06322699 -0.01615697 -0.05297899 -0.06322699 0.01615697 -0.05722099 -0.06322699 0.01615697 -0.05297899 -0.06295698 -0.006886959 -0.107258 -0.06295698 0.006886959 -0.107258 -0.06285399 -0.01492697 -0.05509996 -0.06285399 0.01492697 -0.05509996 -0.06280195 0.009738981 -0.102933 -0.062779 -0.017021 -0.05787199 -0.062779 -0.017021 -0.05232799 -0.062779 0.017021 -0.05787199 -0.062779 0.017021 -0.05232799 -0.06277096 0.006846964 -0.154 -0.06277096 0.006846964 -0.111616 -0.062653 -0.015275 -0.05659997 -0.062653 -0.015275 -0.05359995 -0.062653 0.015275 -0.05659997 -0.062653 0.015275 -0.05359995 -0.06260299 -0.007583975 -0.03899997 -0.06260299 0.007583975 -0.03899997 -0.062451 -0.008188962 -0.05159997 -0.062451 0.008188962 -0.05159997 -0.06225699 -0.009571969 -0.107258 -0.06225699 0.009571969 -0.107258 -0.06221997 -0.01802498 -0.05809998 -0.06221997 -0.01802498 -0.0521 -0.06221997 0.01802498 -0.08710795 -0.06221997 0.01802498 -0.05809998 -0.06221997 0.01802498 -0.0521 -0.06221997 0.01802498 -0.05159997 -0.06210398 -0.01622599 -0.05769795 -0.06210398 -0.01622599 -0.05250197 -0.06210398 0.01622599 -0.05769795 -0.06210398 0.01622599 -0.05250197 -0.06207495 -0.009516954 -0.154 -0.06207495 -0.009516954 -0.111616 -0.06195998 -0.01647597 -0.05488598 -0.06195998 0.01647597 -0.05488598 -0.06188696 -0.01660299 -0.05571496 -0.06188696 0.01660299 -0.05571496 -0.06186097 -0.01240098 -0.102933 -0.06174898 -0.01684099 -0.05415797 -0.06174898 0.01684099 -0.05415797 -0.06162995 -0.01900994 -0.05787199 -0.06162995 -0.01900994 -0.05232799 -0.06162995 0.01900994 -0.05787199 -0.06162995 0.01900994 -0.05232799 -0.06156396 -0.01716095 -0.05625498 -0.06156396 0.01716095 -0.05625498 -0.06135398 -0.01752495 -0.05809998 -0.06135398 -0.01752495 -0.05387097 -0.06135398 -0.01752495 -0.0521 -0.06135398 0.01752495 -0.05809998 -0.06135398 0.01752495 -0.05387097 -0.06135398 0.01752495 -0.0521 -0.06134998 0 -0.02690595 -0.061333 -0.01218897 -0.107258 -0.061333 0.01218897 -0.107258 -0.06123298 -0.003151953 -0.03899997 -0.06123298 0.003151953 -0.03899997 -0.06115597 0.01211798 -0.154 -0.06115597 0.01211798 -0.111616 -0.06114399 -0.01788896 -0.05625498 -0.06114399 0.01788896 -0.05625498 -0.06114298 -0.004170954 -0.02237296 -0.06114298 0.004176974 -0.022367 -0.06110495 -0.019831 -0.05722099 -0.06110495 -0.019831 -0.05297899 -0.06110495 0.019831 -0.05722099 -0.06110495 0.019831 -0.05297899 -0.061028 -0.01243197 -0.03899997 -0.061028 0.01243197 -0.03899997 -0.06095898 -0.01820898 -0.05415797 -0.06095898 0.01820898 -0.05415797 -0.06082195 -0.01844698 -0.05571496 -0.06082195 0.01844698 -0.05571496 -0.06074899 -0.01857399 -0.05488598 -0.06074899 0.01857399 -0.05488598 -0.06074196 -0.02037197 -0.05624794 -0.06074196 -0.02037197 -0.05395197 -0.06074196 0.02037197 -0.05624794 -0.06074196 0.02037197 -0.05395197 -0.06069797 0.01497399 -0.102933 -0.060669 -0.02047896 -0.08710795 -0.060669 -0.02047896 -0.05159997 -0.060615 -0.01338696 -0.05159997 -0.060615 0.01338696 -0.05159997 -0.06061196 -0.02056097 -0.05509996 -0.06061196 0.02056097 -0.05509996 -0.06060397 -0.01882398 -0.05769795 -0.06060397 -0.01882398 -0.05250197 -0.06060397 0.01882398 -0.05769795 -0.06060397 0.01882398 -0.05250197 -0.06049996 -0.008441984 -0.017726 -0.06049597 0.008463978 -0.01770198 -0.06029599 -0.009386956 -0.03899997 -0.06029599 0.009386956 -0.03899997 -0.06018996 -0.01471698 -0.107258 -0.06018996 0.01471698 -0.107258 -0.06005495 -0.01977497 -0.05659997 -0.06005495 -0.01977497 -0.05359995 -0.06005495 0.01977497 -0.05659997 -0.06005495 0.01977497 -0.05359995 -0.06001996 -0.01463198 -0.154 -0.06001996 -0.01463198 -0.111616 -0.05985397 -0.020123 -0.05509996 -0.05985397 0.020123 -0.05509996 -0.05938899 -0.01273798 -0.01304095 -0.059376 0.01277798 -0.01299697 -0.05932199 -0.01743799 -0.102933 -0.05892497 0.02279996 -0.08710795 -0.05892497 0.02279996 -0.05159997 -0.05883699 -0.01713997 -0.107258 -0.05883699 0.01713997 -0.107258 -0.05871498 -0.01697498 -0.03899997 -0.05871498 0.01697498 -0.03899997 -0.05867499 0.01703995 -0.154 -0.05867499 0.01703995 -0.111616 -0.05844497 -0.01541399 -0.03899997 -0.05844497 0.01541399 -0.03899997 -0.05792695 -0.01819896 -0.05159997 -0.05792695 0.01819896 -0.05159997 -0.057796 -0.01698195 -0.008392989 -0.05777198 0.01703697 -0.008331954 -0.05774098 0.01977699 -0.102933 -0.05728298 -0.01943898 -0.107258 -0.05728298 0.01943898 -0.107258 -0.05712997 -0.01932597 -0.154 -0.05712997 -0.01932597 -0.111616 -0.05699896 -0.02497297 -0.08710795 -0.05699896 -0.02497297 -0.05159997 -0.05658996 -0.01337599 -0.05488598 -0.05658996 0.01337599 -0.05488598 -0.056517 -0.01350295 -0.05571496 -0.056517 0.01350295 -0.05571496 -0.05637997 -0.01374095 -0.05415797 -0.05637997 0.01374095 -0.05415797 -0.05619496 -0.01406097 -0.05625498 -0.05619496 0.01406097 -0.05625498 -0.05598497 -0.01442497 -0.05387097 -0.05598497 0.01442497 -0.05387097 -0.05596697 -0.02197396 -0.102933 -0.05577498 -0.01478898 -0.05625498 -0.05577498 0.01478898 -0.05625498 -0.05571997 -0.02109897 -0.03899997 -0.05571997 0.02109897 -0.03899997 -0.05571699 -0.02110195 -0.00385195 -0.05568397 0.02116096 -0.003787994 -0.05558997 -0.015109 -0.05415797 -0.05558997 0.015109 -0.05415797 -0.05553996 -0.02159798 -0.107258 -0.05553996 0.02159798 -0.107258 -0.05545198 -0.015347 -0.05571496 -0.05545198 0.015347 -0.05571496 -0.05539697 0.02147197 -0.154 -0.05539697 0.02147197 -0.111616 -0.05537897 -0.01547396 -0.05488598 -0.05537897 0.01547396 -0.05488598 -0.05534499 -0.01405596 -0.05509996 -0.05534499 0.01405596 -0.05509996 -0.05490595 0.02698397 -0.08710795 -0.05490595 0.02698397 -0.05159997 -0.05446398 -0.02248799 -0.05159997 -0.05446398 0.02248799 -0.05159997 -0.05401396 0.02401196 -0.102933 -0.05361998 -0.02360099 -0.107258 -0.05361998 0.02360099 -0.107258 -0.05348795 -0.02346396 -0.154 -0.05348795 -0.02346396 -0.111616 -0.05316197 -0.02502995 5.12e-4 -0.05312997 0.02507299 5.6e-4 -0.05265694 -0.02881997 -0.08710795 -0.05265694 -0.02881997 -0.05159997 -0.05215698 -0.02634596 -0.03899997 -0.05215698 0.02634596 -0.03899997 -0.05189394 -0.02587699 -0.102933 -0.05184495 -0.02493399 -0.03899997 -0.05184495 0.02493399 -0.03899997 -0.05153697 -0.02543395 -0.107258 -0.05153697 0.02543395 -0.107258 -0.05141699 0.02528595 -0.154 -0.05141699 0.02528595 -0.111616 -0.05032598 -0.02612996 -0.05159997 -0.05032598 0.02612996 -0.05159997 -0.05026698 0.030469 -0.08710795 -0.05026698 0.030469 -0.05159997 -0.05014699 -0.02869397 0.004632949 -0.05014199 0.02869999 0.004639983 -0.04962497 0.027556 -0.102933 -0.04930597 -0.02708399 -0.107258 -0.04930597 0.02708399 -0.107258 -0.04919898 -0.02692699 -0.154 -0.04919898 -0.02692699 -0.111616 -0.04785096 -0.03100198 -0.03899997 -0.04785096 0.03100198 -0.03899997 -0.04775297 -0.03192096 -0.08710795 -0.04775297 -0.03192096 -0.05159997 -0.04738396 -0.028068 -0.03899997 -0.04738396 0.028068 -0.03899997 -0.047221 -0.02903598 -0.102933 -0.04694294 -0.028539 -0.107258 -0.04694294 0.028539 -0.107258 -0.04684996 0.028373 -0.154 -0.04684996 0.028373 -0.111616 -0.04670494 -0.03202998 0.008448958 -0.04670494 0.03202998 0.008448958 -0.04635 0.03233397 -0.03099995 -0.04635 0.03233397 0.003904998 -0.04635 0.05584996 -0.03099995 -0.04635 0.05584996 0.003904998 -0.04624599 0.03242194 0.004912972 -0.04617995 0.05584996 0.005198955 -0.04607295 0.03256595 -0.03225797 -0.04594796 0.05584996 -0.03249996 -0.04594296 0.03267395 0.005881965 -0.04567998 0.05584996 0.006404995 -0.045632 -0.02901995 -0.05159997 -0.045632 0.02901995 -0.05159997 -0.04537397 0.03313499 -0.03321397 -0.04512995 0.03316497 -0.08710795 -0.04512995 0.03316497 -0.05159997 -0.04488599 0.03351795 0.00743997 -0.04488599 0.05584996 0.00743997 -0.04484999 0.05584996 -0.03359794 -0.04469996 0.03030699 -0.102933 -0.044465 -0.02978795 -0.107258 -0.044465 0.02978795 -0.107258 -0.04441797 0.03387397 -0.03380399 -0.04438698 -0.02961498 -0.154 -0.04438698 -0.02961498 -0.111616 -0.04334998 0.03464996 -0.03399997 -0.04334998 0.05584996 -0.03399997 -0.04289799 -0.03496295 -0.03899997 -0.04289799 0.03496295 -0.03899997 -0.04246199 -0.03041195 -0.03899997 -0.04246199 0.03041195 -0.03899997 -0.04241597 -0.03419494 -0.08710795 -0.04241597 -0.03419494 -0.05159997 -0.04241496 -0.03528797 0.012739 -0.04241496 0.03528797 0.012739 -0.04207998 -0.03135997 -0.102933 -0.04188996 -0.03082299 -0.107258 -0.04188996 0.03082299 -0.107258 -0.04182696 0.03064399 -0.154 -0.04182696 0.03064399 -0.111616 -0.04051697 -0.031075 -0.05159997 -0.04051697 0.031075 -0.05159997 -0.04030597 0.03659999 0.01201999 -0.03962695 0.03500199 -0.08710795 -0.03962695 0.03500199 -0.05159997 -0.03938096 0.03218597 -0.102933 -0.03923696 -0.03163498 -0.107258 -0.03923696 0.03163498 -0.107258 -0.03918898 -0.03145098 -0.154 -0.03918898 -0.03145098 -0.111616 -0.03807199 0.03781294 -0.03399997 -0.03774499 -0.03797495 0.01740896 -0.03774499 0.03797495 0.01740896 -0.03740894 -0.03813999 -0.03899997 -0.03740894 0.03813999 -0.03899997 -0.03721797 -0.03189998 -0.03899997 -0.03721797 0.03189998 -0.03899997 -0.03678297 -0.03558295 -0.08710795 -0.03678297 -0.03558295 -0.05159997 -0.03662097 -0.032781 -0.102933 -0.03652495 -0.03221994 -0.107258 -0.03652495 0.03221994 -0.107258 -0.036493 0.03203296 -0.154 -0.036493 0.03203296 -0.111616 -0.03536498 0.03905999 0.01696097 -0.03536498 0.05584996 0.01696097 -0.03512799 -0.03223699 -0.05159997 -0.03512799 0.03223699 -0.05159997 -0.03502899 0.05584996 0.01733195 -0.03473198 0.05584996 0.017735 -0.03447699 0.03942096 0.018166 -0.03447699 0.05584996 0.018166 -0.03399997 -0.03592497 -0.05509996 -0.03399997 -0.03504997 -0.05509996 -0.03399997 0.03504997 -0.05509996 -0.03399997 0.03592497 -0.05509996 -0.03390097 0.03593295 -0.08710795 -0.03390097 0.03593295 -0.05159997 -0.03382098 0.03314 -0.102933 -0.03377199 -0.03594297 -0.05624794 -0.03377199 -0.03594297 -0.05395197 -0.03377199 -0.03257197 -0.107258 -0.03377199 0.03257197 -0.107258 -0.03377199 0.03594297 -0.05624794 -0.03377199 0.03594297 -0.05395197 -0.03375595 -0.03238296 -0.154 -0.03375595 -0.03238296 -0.111616 -0.03359794 -0.03504997 -0.05659997 -0.03359794 -0.03504997 -0.05359995 -0.03359794 0.03504997 -0.05659997 -0.03359794 0.03504997 -0.05359995 -0.03312098 -0.03598797 -0.05722099 -0.03312098 -0.03598797 -0.05297899 -0.03312098 0.03598797 -0.05722099 -0.03312098 0.03598797 -0.05297899 -0.03277295 -0.040048 0.02238196 -0.03277295 0.040048 0.02238196 -0.03249996 -0.03504997 -0.05769795 -0.03249996 -0.03504997 -0.05250197 -0.03249996 0.03504997 -0.05769795 -0.03249996 0.03504997 -0.05250197 -0.03239095 0.04017698 -0.03399997 -0.03221094 -0.03504997 -0.05488598 -0.03221094 -0.02884995 -0.05488598 -0.03221094 0.02884995 -0.05488598 -0.03221094 0.03504997 -0.05488598 -0.032148 -0.03603196 -0.05787199 -0.032148 -0.03603196 -0.05232799 -0.032148 0.03603196 -0.05787199 -0.032148 0.03603196 -0.05232799 -0.03206497 -0.03504997 -0.05571496 -0.03206497 -0.02884995 -0.05571496 -0.03206497 0.02884995 -0.05571496 -0.03206497 0.03504997 -0.05571496 -0.03179895 -0.03248995 -0.03899997 -0.03179895 0.03248995 -0.03899997 -0.03178995 -0.03504997 -0.05415797 -0.03178995 -0.02884995 -0.05415797 -0.03178995 0.02884995 -0.05415797 -0.03178995 0.03504997 -0.05415797 -0.03150695 -0.040461 -0.03899997 -0.03150695 0.040461 -0.03899997 -0.03144496 0.04047995 0.023018 -0.03142094 -0.03504997 -0.05625498 -0.03142094 -0.02884995 -0.05625498 -0.03142094 0.02884995 -0.05625498 -0.03142094 0.03504997 -0.05625498 -0.03121495 0.05584996 0.02332997 -0.03099995 -0.03604996 -0.08710795 -0.03099995 -0.03604996 -0.05809998 -0.03099995 -0.03604996 -0.0521 -0.03099995 -0.03604996 -0.05159997 -0.03099995 -0.03504997 -0.05809998 -0.03099995 -0.03504997 -0.05387097 -0.03099995 -0.03504997 -0.0521 -0.03099995 -0.03325998 -0.102933 -0.03099995 -0.03268998 -0.107258 -0.03099995 -0.02884995 -0.05387097 -0.03099995 -0.02811098 -0.05509996 -0.03099995 0.02811098 -0.05509996 -0.03099995 0.02884995 -0.05387097 -0.03099995 0.03249996 -0.154 -0.03099995 0.03249996 -0.111616 -0.03099995 0.03268998 -0.107258 -0.03099995 0.03504997 -0.05809998 -0.03099995 0.03504997 -0.05387097 -0.03099995 0.03504997 -0.0521 -0.03099995 0.03604996 -0.05809998 -0.03099995 0.03604996 -0.0521 -0.03057897 -0.03504997 -0.05625498 -0.03057897 -0.02884995 -0.05625498 -0.03057897 0.02884995 -0.05625498 -0.03057897 0.03504997 -0.05625498 -0.03020995 -0.03504997 -0.05415797 -0.03020995 -0.02884995 -0.05415797 -0.03020995 0.02884995 -0.05415797 -0.03020995 0.03504997 -0.05415797 -0.029935 -0.03504997 -0.05571496 -0.029935 -0.02884995 -0.05571496 -0.029935 0.02884995 -0.05571496 -0.029935 0.03504997 -0.05571496 -0.02985197 -0.03603196 -0.05787199 -0.02985197 -0.03603196 -0.05232799 -0.02985197 0.03603196 -0.05787199 -0.02985197 0.03603196 -0.05232799 -0.02978897 -0.03504997 -0.05488598 -0.02978897 -0.02884995 -0.05488598 -0.02978897 0.02884995 -0.05488598 -0.02978897 0.03504997 -0.05488598 -0.029621 -0.032471 -0.05159997 -0.029621 0.032471 -0.05159997 -0.02949994 -0.03504997 -0.05769795 -0.02949994 -0.03504997 -0.05250197 -0.02949994 0.03504997 -0.05769795 -0.02949994 0.03504997 -0.05250197 -0.02887898 -0.03598797 -0.05722099 -0.02887898 -0.03598797 -0.05297899 -0.02887898 0.03598797 -0.05722099 -0.02887898 0.03598797 -0.05297899 -0.02840197 -0.03504997 -0.05659997 -0.02840197 -0.03504997 -0.05359995 -0.02840197 0.03504997 -0.05659997 -0.02840197 0.03504997 -0.05359995 -0.02824395 -0.03238296 -0.154 -0.02824395 -0.03238296 -0.111616 -0.02822798 -0.03594297 -0.05624794 -0.02822798 -0.03594297 -0.05395197 -0.02822798 -0.03257197 -0.107258 -0.02822798 0.03257197 -0.107258 -0.02822798 0.03594297 -0.05624794 -0.02822798 0.03594297 -0.05395197 -0.02817898 0.03314 -0.102933 -0.028099 0.03593295 -0.08710795 -0.028099 0.03593295 -0.05159997 -0.02799999 -0.03592497 -0.05509996 -0.02799999 -0.03504997 -0.05509996 -0.02799999 0.03504997 -0.05509996 -0.02799999 0.03592497 -0.05509996 -0.02757698 -0.04147195 0.02757698 -0.02757698 0.04147195 0.02757698 -0.027556 0.04147696 0.02755498 -0.02718496 0.05584996 0.02792197 -0.02642697 0.04169398 -0.03399997 -0.02635699 -0.03216695 -0.03899997 -0.02635699 0.03216695 -0.03899997 -0.02550697 0.03203296 -0.154 -0.02550697 0.03203296 -0.111616 -0.02547496 -0.03221994 -0.107258 -0.02547496 0.03221994 -0.107258 -0.025379 -0.032781 -0.102933 -0.02532398 -0.041875 -0.03899997 -0.02532398 0.041875 -0.03899997 -0.02521699 -0.03558295 -0.08710795 -0.02521699 -0.03558295 -0.05159997 -0.02499997 -0.04635 0 -0.02499997 -0.04192298 0 -0.02462196 -0.04197496 -0.004331946 -0.02462196 -0.04197496 0.004331946 -0.02451997 -0.04635 -0.004876971 -0.02451997 -0.04635 0.004876971 -0.02449995 -0.04684996 0 -0.02415299 -0.031771 -0.05159997 -0.02415299 0.031771 -0.05159997 -0.02402895 -0.04684996 -0.004779994 -0.02402895 -0.04684996 0.004779994 -0.02353399 -0.04210698 0.03109896 -0.02353399 0.04210698 0.03109896 -0.02345997 0.04211395 0.03111696 -0.02344995 -0.04211598 -0.008665978 -0.02344995 -0.04211598 0.008665978 -0.02309697 -0.04635 -0.009566962 -0.02309697 -0.04635 0.009566962 -0.02281099 -0.03145098 -0.154 -0.02281099 -0.03145098 -0.111616 -0.02276295 -0.03163498 -0.107258 -0.02276295 0.03163498 -0.107258 -0.02263498 -0.04684996 -0.009375989 -0.02263498 -0.04684996 0.009375989 -0.02261894 0.03218597 -0.102933 -0.02248799 0.05584996 0.03182697 -0.02237296 0.03500199 -0.08710795 -0.02237296 0.03500199 -0.05159997 -0.02152299 -0.04227495 -0.01271796 -0.02152299 -0.04227495 0.01271796 -0.02104598 -0.03093796 -0.03899997 -0.02104598 0.03093796 -0.03899997 -0.020787 -0.04635 -0.01388895 -0.020787 -0.04635 0.01388895 -0.02037096 -0.04684996 -0.01361095 -0.02037096 -0.04684996 0.01361095 -0.020307 0.04232996 -0.03399997 -0.020307 0.05584996 -0.03399997 -0.02017295 0.03064399 -0.154 -0.02017295 0.03064399 -0.111616 -0.02010995 -0.03082299 -0.107258 -0.02010995 0.03082299 -0.107258 -0.01991999 -0.03135997 -0.102933 -0.019584 -0.03419494 -0.08710795 -0.019584 -0.03419494 -0.05159997 -0.01950997 0.05584996 -0.03406399 -0.01899999 -0.04234999 -0.03899997 -0.01899999 -0.04234999 -0.01624798 -0.01899999 -0.04234999 0.01624798 -0.01899999 -0.04234999 0.03405898 -0.01899999 0.04234999 -0.03899997 -0.01899999 0.04234999 -0.03417396 -0.01899999 0.04234999 0.034024 -0.01899999 0.04234999 0.03405898 -0.01888197 -0.03015595 -0.05159997 -0.01888197 0.03015595 -0.05159997 -0.01873397 0.05584996 -0.03425395 -0.01865696 0.04234999 -0.03428 -0.01832199 0.04234999 -0.03441095 -0.01799798 0.04234999 -0.03456497 -0.01799798 0.05584996 -0.03456497 -0.01767796 -0.04635 -0.01767796 -0.01767796 -0.04635 0.01767796 -0.01761299 -0.02961498 -0.154 -0.01761299 -0.02961498 -0.111616 -0.01753497 -0.02978795 -0.107258 -0.01753497 0.02978795 -0.107258 -0.01732397 -0.04684996 -0.01732397 -0.01732397 -0.04684996 0.01732397 -0.01729995 0.03030699 -0.102933 -0.01723796 0.05584996 0.03494995 -0.01686996 0.03316497 -0.08710795 -0.01686996 0.03316497 -0.05159997 -0.01601499 0.02883899 -0.03899997 -0.01601397 -0.02883899 -0.03899997 -0.01551198 0.04234999 0.03578299 -0.01549994 0.04234999 0.03575497 -0.01549696 -0.04234999 -0.01961696 -0.01549696 -0.04234999 0.01961696 -0.01514995 0.028373 -0.154 -0.01514995 0.028373 -0.111616 -0.01505696 -0.028539 -0.107258 -0.01505696 0.028539 -0.107258 -0.01477897 -0.02903598 -0.102933 -0.014247 -0.03192096 -0.08710795 -0.014247 -0.03192096 -0.05159997 -0.01396 -0.02767497 -0.05159997 -0.01396 0.02767497 -0.05159997 -0.01389795 0.04234999 -0.03640794 -0.01388895 -0.04635 -0.020787 -0.01388895 -0.04635 0.020787 -0.01361095 -0.04684996 -0.02037096 -0.01361095 -0.04684996 0.02037096 -0.01359695 -0.04234999 0.03655296 -0.01359695 0.04234999 0.03655296 -0.01280099 -0.02692699 -0.154 -0.01280099 -0.02692699 -0.111616 -0.012694 -0.02708399 -0.107258 -0.012694 0.02708399 -0.107258 -0.01237499 0.027556 -0.102933 -0.01237499 0.05584996 -0.03695297 -0.01185297 0.04234999 0.03715497 -0.01184397 0.04234999 0.03712695 -0.01173299 0.030469 -0.08710795 -0.01173299 0.030469 -0.05159997 -0.01156395 0.05584996 0.03721499 -0.01140797 -0.04234999 -0.02224498 -0.01140797 -0.04234999 0.02224498 -0.01140499 -0.02592796 -0.03899997 -0.01140499 0.02592796 -0.03899997 -0.01058298 0.02528595 -0.154 -0.01058298 0.02528595 -0.111616 -0.01046299 -0.02543395 -0.107258 -0.01046299 0.02543395 -0.107258 -0.01010596 -0.02587699 -0.102933 -0.009612977 0.04234999 -0.03776597 -0.009566962 -0.04635 -0.02309697 -0.009566962 -0.04635 0.02309697 -0.009527981 -0.02439695 -0.05159997 -0.009527981 0.02439695 -0.05159997 -0.009375989 -0.04684996 -0.02263498 -0.009375989 -0.04684996 0.02263498 -0.009342968 -0.02881997 -0.08710795 -0.009342968 -0.02881997 -0.05159997 -0.00851196 -0.02346396 -0.154 -0.00851196 -0.02346396 -0.111616 -0.008379995 -0.02360099 -0.107258 -0.008379995 0.02360099 -0.107258 -0.008068978 0.04234999 0.03812599 -0.007985949 0.02401196 -0.102933 -0.007877945 -0.04234999 0.03819596 -0.007877945 0.04234999 0.03819596 -0.007346987 -0.02228897 -0.03899997 -0.007346987 0.02228897 -0.03899997 -0.007093966 0.02698397 -0.08710795 -0.007093966 0.02698397 -0.05159997 -0.006887972 -0.04234999 -0.02403199 -0.006887972 -0.04234999 0.02403199 -0.006654977 -0.01405596 -0.05509996 -0.006654977 0.01405596 -0.05509996 -0.006620943 -0.01547396 -0.05488598 -0.006620943 0.01547396 -0.05488598 -0.006602942 0.02147197 -0.154 -0.006602942 0.02147197 -0.111616 -0.006547987 -0.015347 -0.05571496 -0.006547987 0.015347 -0.05571496 -0.006459951 -0.02159798 -0.107258 -0.006459951 0.02159798 -0.107258 -0.00644797 0.05584996 -0.03843295 -0.006409943 -0.015109 -0.05415797 -0.006409943 0.015109 -0.05415797 -0.006224989 -0.01478898 -0.05625498 -0.006224989 0.01478898 -0.05625498 -0.006032943 -0.02197396 -0.102933 -0.006014943 -0.01442497 -0.05387097 -0.006014943 0.01442497 -0.05387097 -0.005804955 -0.01406097 -0.05625498 -0.005804955 0.01406097 -0.05625498 -0.005713999 -0.02041697 -0.05159997 -0.005713999 0.02041697 -0.05159997 -0.005619943 -0.01374095 -0.05415797 -0.005619943 0.01374095 -0.05415797 -0.005605995 0.05584996 0.03856498 -0.005482971 -0.01350295 -0.05571496 -0.005482971 0.01350295 -0.05571496 -0.005409955 -0.01337599 -0.05488598 -0.005409955 0.01337599 -0.05488598 -0.005200982 0.04234999 -0.03862094 -0.005000948 -0.02497297 -0.08710795 -0.005000948 -0.02497297 -0.05159997 -0.004876971 -0.04635 -0.02451997 -0.004876971 -0.04635 0.02451997 -0.004869997 -0.01932597 -0.154 -0.004869997 -0.01932597 -0.111616 -0.004779994 -0.04684996 -0.02402895 -0.004779994 -0.04684996 0.02402895 -0.004716992 -0.01943898 -0.107258 -0.004716992 0.01943898 -0.107258 -0.00425899 0.01977699 -0.102933 -0.004215955 0.04234999 0.03877097 -0.004212975 0.04234999 0.03874194 -0.003953993 -0.01802098 -0.03899997 -0.003953993 0.01802098 -0.03899997 -0.003324985 0.01703995 -0.154 -0.003324985 0.01703995 -0.111616 -0.00316298 -0.01713997 -0.107258 -0.00316298 0.01713997 -0.107258 -0.003074944 0.02279996 -0.08710795 -0.003074944 0.02279996 -0.05159997 -0.002677977 -0.01743799 -0.102933 -0.002626955 -0.01584994 -0.05159997 -0.002626955 0.01584994 -0.05159997 -0.002145946 -0.020123 -0.05509996 -0.002145946 0.020123 -0.05509996 -0.002106964 -0.04234999 -0.02491098 -0.002106964 -0.04234999 0.02491098 -0.001979947 -0.01463198 -0.154 -0.001979947 -0.01463198 -0.111616 -0.001974999 -0.04234999 0.03894996 -0.001974999 0.04234999 0.03894996 -0.001944959 -0.01977497 -0.05659997 -0.001944959 -0.01977497 -0.05359995 -0.001944959 0.01977497 -0.05659997 -0.001944959 0.01977497 -0.05359995 -0.001809954 -0.01471698 -0.107258 -0.001809954 0.01471698 -0.107258 -0.001396 -0.01882398 -0.05769795 -0.001396 -0.01882398 -0.05250197 -0.001396 0.01882398 -0.05769795 -0.001396 0.01882398 -0.05250197 -0.001387953 -0.02056097 -0.05509996 -0.001387953 0.02056097 -0.05509996 -0.001330971 -0.02047896 -0.08710795 -0.001330971 -0.02047896 -0.05159997 -0.001321971 -0.01324695 -0.03899997 -0.001321971 0.01324695 -0.03899997 -0.001301944 0.01497399 -0.102933 -0.001257956 -0.02037197 -0.05624794 -0.001257956 -0.02037197 -0.05395197 -0.001257956 0.02037197 -0.05624794 -0.001257956 0.02037197 -0.05395197 -0.001250982 -0.01857399 -0.05488598 -0.001250982 0.01857399 -0.05488598 -0.001177966 -0.01844698 -0.05571496 -0.001177966 0.01844698 -0.05571496 -0.001040995 -0.01820898 -0.05415797 -0.001040995 0.01820898 -0.05415797 -8.95e-4 -0.019831 -0.05722099 -8.95e-4 -0.019831 -0.05297899 -8.95e-4 0.019831 -0.05722099 -8.95e-4 0.019831 -0.05297899 -8.56e-4 -0.01788896 -0.05625498 -8.56e-4 0.01788896 -0.05625498 -8.44e-4 0.01211798 -0.154 -8.44e-4 0.01211798 -0.111616 -7.2e-4 0.04234999 -0.03896296 -6.67e-4 -0.01218897 -0.107258 -6.67e-4 0.01218897 -0.107258 -6.46e-4 -0.01752495 -0.05809998 -6.46e-4 -0.01752495 -0.05387097 -6.46e-4 -0.01752495 -0.0521 -6.46e-4 0.01752495 -0.05809998 -6.46e-4 0.01752495 -0.05387097 -6.46e-4 0.01752495 -0.0521 -4.36e-4 -0.01716095 -0.05625498 -4.36e-4 0.01716095 -0.05625498 -3.7e-4 -0.01900994 -0.05787199 -3.7e-4 -0.01900994 -0.05232799 -3.7e-4 0.01900994 -0.05787199 -3.7e-4 0.01900994 -0.05232799 -3.63e-4 0.05584996 -0.03896796 -3.56e-4 -0.010827 -0.05159997 -3.56e-4 0.010827 -0.05159997 -3.15e-4 0.04234999 0.03896898 -3.15e-4 0.04234999 0.03899896 -2.51e-4 -0.01684099 -0.05415797 -2.51e-4 0.01684099 -0.05415797 -1.39e-4 -0.01240098 -0.102933 -1.13e-4 -0.01660299 -0.05571496 -1.13e-4 0.01660299 -0.05571496 -4e-5 -0.01647597 -0.05488598 -4e-5 0.01647597 -0.05488598 0 -0.04684996 -0.02449995 0 -0.04684996 0.02449995 0 -0.04635 -0.02499997 0 -0.04635 0.02499997 7.5e-5 -0.009516954 -0.154 7.5e-5 -0.009516954 -0.111616 1.04e-4 -0.01622599 -0.05769795 1.04e-4 -0.01622599 -0.05250197 1.04e-4 0.01622599 -0.05769795 1.04e-4 0.01622599 -0.05250197 2.2e-4 -0.01802498 -0.05809998 2.2e-4 -0.01802498 -0.0521 2.2e-4 0.01802498 -0.08710795 2.2e-4 0.01802498 -0.05809998 2.2e-4 0.01802498 -0.0521 2.2e-4 0.01802498 -0.05159997 2.57e-4 -0.009571969 -0.107258 2.57e-4 0.009571969 -0.107258 4.74e-4 -0.008099973 -0.03899997 4.74e-4 0.008099973 -0.03899997 4.89e-4 0.05584996 0.03896695 6.53e-4 -0.015275 -0.05659997 6.53e-4 -0.015275 -0.05359995 6.53e-4 0.015275 -0.05659997 6.53e-4 0.015275 -0.05359995 7.71e-4 0.006846964 -0.154 7.71e-4 0.006846964 -0.111616 7.79e-4 -0.017021 -0.05787199 7.79e-4 -0.017021 -0.05232799 7.79e-4 0.017021 -0.05787199 7.79e-4 0.017021 -0.05232799 8.02e-4 0.009738981 -0.102933 8.54e-4 -0.01492697 -0.05509996 8.54e-4 0.01492697 -0.05509996 9.57e-4 -0.006886959 -0.107258 9.57e-4 0.006886959 -0.107258 0.001032948 -0.005492985 -0.05159997 0.001032948 0.005492985 -0.05159997 0.001226961 -0.01615697 -0.05722099 0.001226961 -0.01615697 -0.05297899 0.001226961 0.01615697 -0.05722099 0.001226961 0.01615697 -0.05297899 0.001236975 -0.004127979 -0.154 0.001236975 -0.004127979 -0.111616 0.001384973 -0.002725958 -0.03899997 0.001384973 0.002725958 -0.03899997 0.001424968 -0.004151999 -0.107258 0.001424968 0.004151999 -0.107258 0.001470983 0.001378953 -0.154 0.001470983 0.001378953 -0.111616 0.00149995 0 -0.05159997 0.001512944 -0.007006943 -0.102933 0.001513957 -0.01557099 -0.05624794 0.001513957 -0.01557099 -0.05395197 0.001513957 0.01557099 -0.05624794 0.001513957 0.01557099 -0.05395197 0.001568973 -0.01545399 -0.08710795 0.001568973 -0.01545399 -0.05159997 0.001611948 -0.01536399 -0.05509996 0.001611948 0.01536399 -0.05509996 0.001660943 -0.001387 -0.107258 0.001660943 0.001387 -0.107258 0.00198996 0.004224956 -0.102933 0.002229988 -0.001411974 -0.102933 0.002706944 0.012784 -0.08710795 0.002706944 0.012784 -0.05159997 0.002752959 -0.04234999 -0.02484798 0.002752959 -0.04234999 0.02484798 0.003586947 0.04234999 0.03880494 0.003626942 -0.01002997 -0.08710795 0.003626942 -0.01002997 -0.05159997 0.003770947 0.04234999 -0.03878694 0.00397396 -0.04234999 0.03879696 0.00397396 0.04234999 0.03879696 0.004320979 0.007210969 -0.08710795 0.004320979 0.007210969 -0.05159997 0.004779994 -0.04684996 -0.02402895 0.004779994 -0.04684996 0.02402895 0.004786968 -0.004344999 -0.08710795 0.004786968 -0.004344999 -0.05159997 0.004876971 -0.04635 -0.02451997 0.004876971 -0.04635 0.02451997 0.005020976 0.001451969 -0.08710795 0.005020976 0.001451969 -0.05159997 0.005731999 0.05584996 -0.03854596 0.006572961 0.05584996 0.03841197 0.007451951 0.04234999 0.03825098 0.007457971 0.04234999 0.03827995 0.007508993 -0.04234999 -0.02384597 0.007508993 -0.04234999 0.02384597 0.00821197 0.04234999 -0.03809499 0.008784949 -0.04234999 -0.03899997 0.008784949 0.04234999 -0.03899997 0.009375989 -0.04684996 -0.02263498 0.009375989 -0.04684996 0.02263498 0.009566962 -0.04635 -0.02309697 0.009566962 -0.04635 0.02309697 0.009829998 -0.04234999 0.037741 0.009829998 0.04234999 0.037741 0.01124298 0.04234999 0.03731298 0.01125097 0.04234999 0.03734195 0.01168495 0.05584996 -0.03717696 0.01198095 -0.04234999 -0.02194195 0.01198095 -0.04234999 0.02194195 0.01249498 0.05584996 0.03691297 0.01254397 0.04234999 -0.03689599 0.01361095 -0.04684996 -0.02037096 0.01361095 -0.04684996 0.02037096 0.01388895 -0.04635 -0.020787 0.01388895 -0.04635 0.020787 0.01491999 0.04234999 0.03600096 0.01493197 0.04234999 0.03602796 0.01545697 -0.04234999 0.035806 0.01545697 0.04234999 0.035806 0.01599997 -0.04234999 -0.01920896 0.01599997 -0.04234999 0.01920896 0.01670897 0.04234999 -0.03520596 0.01672196 -0.04234999 -0.03523296 0.01672196 0.04234999 -0.03523296 0.01732397 -0.04684996 -0.01732397 0.01732397 -0.04684996 0.01732397 0.01735097 0.05584996 -0.03489398 0.01767796 -0.04635 -0.01767796 0.01767796 -0.04635 0.01767796 0.01810997 0.05584996 0.03450697 0.01844799 0.04234999 0.03432697 0.018462 0.04234999 0.03435295 0.01941496 -0.04234999 -0.01574999 0.01941496 -0.04234999 0.01574999 0.02014797 0.04234999 -0.03335696 0.02016395 0.04234999 -0.03338295 0.02037096 -0.04684996 -0.01361095 0.02037096 -0.04684996 0.01361095 0.02072495 -0.04234999 0.03303796 0.02072495 0.04234999 0.03303796 0.020787 -0.04635 -0.01388895 0.020787 -0.04635 0.01388895 0.02179098 0.04234999 0.03230798 0.02180695 0.04234999 0.03233295 0.021887 -0.04234999 -0.03227895 0.021887 0.04234999 -0.03227895 0.02209597 -0.04234999 -0.01169496 0.02209597 -0.04234999 0.01169496 0.02259099 0.05584996 -0.03175395 0.02263498 -0.04684996 -0.009375989 0.02263498 -0.04684996 0.009375989 0.02309697 -0.04635 -0.009566962 0.02309697 -0.04635 0.009566962 0.02327996 0.05584996 0.03125298 0.02338498 0.04234999 -0.03117299 0.02340298 0.04234999 -0.03119695 0.02394098 -0.04234999 -0.007198989 0.02394098 -0.04234999 0.007198989 0.02402895 -0.04684996 -0.004779994 0.02402895 -0.04684996 0.004779994 0.02449995 -0.04684996 0 0.02451997 -0.04635 -0.004876971 0.02451997 -0.04635 0.004876971 0.02488195 -0.04234999 -0.002429962 0.02488195 -0.04234999 0.002429962 0.02491497 0.04234999 0.02996498 0.02493399 0.04234999 0.02998799 0.02499997 -0.04635 0 0.02550995 -0.04234999 0.02949994 0.02550995 0.04234999 0.02949994 0.02638798 0.04234999 -0.02867698 0.02654296 -0.04234999 -0.02857297 0.02654296 0.04234999 -0.02857297 0.02727597 0.05584996 -0.02783298 0.02778798 0.04234999 0.02732199 0.02780997 0.04234999 0.02734297 0.02787798 0.05584996 0.02723097 0.02912497 0.04234999 -0.02589195 0.02914696 0.04234999 -0.02591198 0.02970099 -0.04234999 0.025276 0.02970099 0.04234999 0.025276 0.03038299 0.04234999 0.02440398 0.03040599 0.04234999 0.02442198 0.03058195 -0.04234999 -0.024203 0.03058195 0.04234999 -0.024203 0.03128999 0.05584996 -0.023229 0.03156995 0.04234999 -0.02284699 0.03159397 0.04234999 -0.02286499 0.03178995 0.05584996 0.02253895 0.032673 0.04234999 0.02124094 0.03269797 0.04234999 0.02125698 0.03319996 -0.04234999 0.02046298 0.03319996 0.04234999 0.02046298 0.03369796 0.04234999 -0.01957297 0.03390794 -0.04234999 -0.01926797 0.03390794 0.04234999 -0.01926797 0.034536 0.05584996 -0.01805394 0.03463399 0.04234999 0.01786398 0.03466099 0.04234999 0.01787799 0.034922 0.05584996 0.017295 0.03548699 0.04234999 -0.01610296 0.03551495 0.04234999 -0.01611495 0.03592699 -0.04234999 0.01517397 0.03592699 0.04234999 0.01517397 0.03624796 0.04234999 0.01430898 0.03627598 0.04234999 0.01431995 0.03644394 -0.04234999 -0.01388496 0.03644394 0.04234999 -0.01388496 0.03692096 0.04234999 -0.01247096 0.036933 0.05584996 -0.01243495 0.03694897 0.04234999 -0.01247996 0.03719598 0.05584996 0.01162499 0.03749799 0.04234999 0.01060897 0.03752696 0.04234999 0.01061695 0.037817 -0.04234999 0.009530961 0.037817 0.04234999 0.009530961 0.037983 0.04234999 -0.008712947 0.03813296 -0.04234999 -0.008178949 0.03813296 0.04234999 -0.008178949 0.03837198 0.04234999 0.006802976 0.03840094 0.04234999 0.006808996 0.03842198 0.05584996 -0.006509959 0.03855496 0.05584996 0.005668997 0.03866499 0.04234999 -0.00486797 0.03869396 0.04234999 -0.004871964 0.038827 -0.04234999 0.003666996 0.038827 0.04234999 0.003666996 0.03885996 0.04234999 0.002928972 0.03889 0.04234999 0.002930998 0.03893297 -0.04234999 -0.002282977 0.03893297 0.04234999 -0.002282977 0.03895795 0.04234999 -9.74e-4 0.03896796 0.05584996 -4.26e-4 0.03898799 0.04234999 -9.75e-4</float_array>
          <technique_common>
            <accessor source="#LINK_10-mesh-positions-array" count="944" stride="3">
              <param name="X" type="float" />
              <param name="Y" type="float" />
              <param name="Z" type="float" />
            </accessor>
          </technique_common>
        </source>
        <source id="LINK_10-mesh-normals">
          <float_array id="LINK_10-mesh-normals-array" count="13284">0 -1 0 0 -1 1.25906e-6 0 -1 -1.18057e-6 0 -1 4.52451e-7 0 -1 7.01771e-7 0 -1 6.85517e-7 0 -1 -4.45464e-6 0 -1 2.18432e-6 0 -1 -1.01355e-6 0 -1 3.72775e-7 0 -1 1.14024e-6 0 -1 -1.25906e-6 0 -1 1.18057e-6 0 -1 -4.52451e-7 0 -1 -7.01771e-7 0 -1 -6.85517e-7 0 -1 4.45464e-6 0 -1 -2.18432e-6 -0.693519 -0.7071083 -0.1379466 -0.6532821 -0.7071074 -0.2705948 -0.6532837 -0.7071058 -0.2705956 -0.6532806 -0.7071063 -0.2706016 -0.65328 -0.7071068 -0.2706018 -0.5879388 -0.7071087 -0.3928426 -0.653286 -0.7071032 -0.2705967 -0.5879402 -0.7071039 -0.3928492 -0.587939 -0.7071054 -0.3928483 -0.5879497 -0.7071046 -0.3928338 -0.5879494 -0.7071049 -0.3928336 -0.5000066 -0.7071111 -0.4999874 -0.587935 -0.7071065 -0.3928524 -0.5000044 -0.7071036 -0.5000003 -0.4999996 -0.7071101 -0.4999958 -0.5000051 -0.7071033 -0.4999999 -0.5000053 -0.7071032 -0.4999999 -0.3928562 -0.7071105 -0.5879275 -0.4999875 -0.7071078 -0.5000112 -0.3928297 -0.7071076 -0.5879488 -0.3928291 -0.7071087 -0.5879479 -0.3928325 -0.7071104 -0.5879437 -0.3928323 -0.7071103 -0.5879438 -0.2705818 -0.7071036 -0.6532917 -0.3928623 -0.7071067 -0.5879281 -0.2705788 -0.7071077 -0.6532885 -0.2705802 -0.707104 -0.653292 -0.2706134 -0.7071085 -0.6532734 -0.2706131 -0.7071095 -0.6532724 -0.1379671 -0.7071049 -0.6935185 -0.27058 -0.7071084 -0.6532872 -0.1379641 -0.7071071 -0.6935168 -0.1379646 -0.7071055 -0.6935183 -0.1379624 -0.7071042 -0.6935201 -0.1379625 -0.7071042 -0.69352 1.6775e-5 -0.7071025 -0.7071111 -0.1379587 -0.7071101 -0.6935148 -4.27663e-6 -0.7071093 -0.7071043 -4.29593e-6 -0.7071094 -0.7071042 1.95652e-5 -0.7071038 -0.7071098 1.94033e-5 -0.7071043 -0.7071093 0.1379746 -0.7071059 -0.6935158 1.52501e-5 -0.7071095 -0.7071042 0.1379475 -0.7071072 -0.69352 0.137947 -0.7071096 -0.6935177 0.1379374 -0.7071051 -0.6935242 0.1379374 -0.7071048 -0.6935245 0.2705991 -0.7071058 -0.6532822 0.1379482 -0.7071095 -0.6935175 0.2705964 -0.7071084 -0.6532804 0.2705971 -0.7071067 -0.6532819 0.2706051 -0.7071064 -0.653279 0.2706048 -0.707107 -0.6532786 0.3928434 -0.7071106 -0.587936 0.2705958 -0.7071062 -0.6532831 0.3928481 -0.7071069 -0.5879372 0.3928475 -0.7071084 -0.5879359 0.3928319 -0.7071087 -0.5879459 0.3928317 -0.707109 -0.5879458 0.4999895 -0.7071081 -0.5000088 0.3928542 -0.7071049 -0.5879357 0.4999969 -0.7071093 -0.4999996 0.4999975 -0.7071084 -0.5000003 0.4999908 -0.7071096 -0.5000054 0.4999908 -0.7071094 -0.5000056 0.5879241 -0.7071102 -0.3928621 0.4999805 -0.7071096 -0.5000156 0.5879245 -0.7071091 -0.3928632 0.5879237 -0.7071102 -0.3928625 0.587952 -0.7071048 -0.3928299 0.5879521 -0.7071048 -0.3928297 0.6532935 -0.7071046 -0.2705748 0.5879282 -0.707106 -0.3928633 0.6532886 -0.7071072 -0.2705798 0.6532921 -0.7071035 -0.2705813 0.6532719 -0.7071081 -0.2706179 0.653271 -0.7071091 -0.2706176 0.6935175 -0.707105 -0.1379718 0.6532875 -0.7071085 -0.2705791 0.693517 -0.707107 -0.1379633 0.6935186 -0.7071055 -0.1379637 0.6935176 -0.7071067 -0.1379622 0.6935175 -0.7071068 -0.1379622 0.7071085 -0.7071051 1.70541e-5 0.6935142 -0.7071105 -0.1379597 0.7071038 -0.7071098 -5.38677e-6 0.7071037 -0.7071099 -5.37612e-6 0.7071068 -0.7071068 1.9677e-5 0.7071063 -0.7071073 1.97154e-5 0.6935222 -0.7071088 0.1379279 0.7071034 -0.7071102 1.56976e-5 0.6935192 -0.7071079 0.1379479 0.6935237 -0.7071033 0.1379488 0.6935232 -0.7071052 0.1379415 0.6935235 -0.7071049 0.1379415 0.6532806 -0.7071056 0.2706032 0.693519 -0.7071083 0.1379466 0.6532821 -0.7071074 0.2705948 0.6532837 -0.7071058 0.2705956 0.6532806 -0.7071063 0.2706016 0.65328 -0.7071068 0.2706018 0.5879388 -0.7071087 0.3928426 0.653286 -0.7071032 0.2705967 0.5879402 -0.7071039 0.3928492 0.587939 -0.7071054 0.3928483 0.5879497 -0.7071046 0.3928338 0.5879494 -0.7071049 0.3928336 0.5000066 -0.7071111 0.4999874 0.587935 -0.7071065 0.3928524 0.5000044 -0.7071036 0.5000003 0.4999996 -0.7071101 0.4999958 0.5000051 -0.7071033 0.4999999 0.5000053 -0.7071032 0.4999999 0.3928562 -0.7071105 0.5879275 0.4999875 -0.7071078 0.5000112 0.3928297 -0.7071076 0.5879488 0.3928291 -0.7071087 0.5879479 0.3928325 -0.7071104 0.5879437 0.3928323 -0.7071103 0.5879438 0.2705818 -0.7071036 0.6532917 0.3928623 -0.7071067 0.5879281 0.2705788 -0.7071077 0.6532885 0.2705802 -0.707104 0.653292 0.2706134 -0.7071085 0.6532734 0.2706131 -0.7071095 0.6532724 0.1379671 -0.7071049 0.6935185 0.27058 -0.7071084 0.6532872 0.1379641 -0.7071071 0.6935168 0.1379646 -0.7071055 0.6935183 0.1379624 -0.7071042 0.6935201 0.1379625 -0.7071042 0.69352 -1.6775e-5 -0.7071025 0.7071111 0.1379587 -0.7071101 0.6935148 4.27663e-6 -0.7071093 0.7071043 4.29593e-6 -0.7071094 0.7071042 -1.95652e-5 -0.7071038 0.7071098 -1.94033e-5 -0.7071043 0.7071093 -0.1379746 -0.7071059 0.6935158 -1.52501e-5 -0.7071095 0.7071042 -0.1379475 -0.7071072 0.69352 -0.137947 -0.7071096 0.6935177 -0.1379374 -0.7071051 0.6935242 -0.1379374 -0.7071048 0.6935245 -0.2705991 -0.7071058 0.6532822 -0.1379482 -0.7071095 0.6935175 -0.2705964 -0.7071084 0.6532804 -0.2705971 -0.7071067 0.6532819 -0.2706051 -0.7071064 0.653279 -0.2706048 -0.707107 0.6532786 -0.3928434 -0.7071106 0.587936 -0.2705958 -0.7071062 0.6532831 -0.3928481 -0.7071069 0.5879372 -0.3928475 -0.7071084 0.5879359 -0.3928319 -0.7071087 0.5879459 -0.3928317 -0.707109 0.5879458 -0.4999895 -0.7071081 0.5000088 -0.3928542 -0.7071049 0.5879357 -0.4999969 -0.7071093 0.4999996 -0.4999975 -0.7071084 0.5000003 -0.4999908 -0.7071096 0.5000054 -0.4999908 -0.7071094 0.5000056 -0.5879241 -0.7071102 0.3928621 -0.4999805 -0.7071096 0.5000156 -0.5879245 -0.7071091 0.3928632 -0.5879237 -0.7071102 0.3928625 -0.587952 -0.7071048 0.3928299 -0.5879521 -0.7071048 0.3928297 -0.6532935 -0.7071046 0.2705748 -0.5879282 -0.707106 0.3928633 -0.6532886 -0.7071072 0.2705798 -0.6532921 -0.7071035 0.2705813 -0.6532719 -0.7071081 0.2706179 -0.653271 -0.7071091 0.2706176 -0.6935175 -0.707105 0.1379718 -0.6532875 -0.7071085 0.2705791 -0.693517 -0.707107 0.1379633 -0.6935186 -0.7071055 0.1379637 -0.6935176 -0.7071067 0.1379622 -0.6935175 -0.7071068 0.1379622 -0.7071085 -0.7071051 -1.70541e-5 -0.6935142 -0.7071105 0.1379597 -0.7071038 -0.7071098 5.38677e-6 -0.7071037 -0.7071099 5.37612e-6 -0.7071068 -0.7071068 -1.9677e-5 -0.7071063 -0.7071073 -1.97154e-5 -0.6935222 -0.7071088 -0.1379279 -0.7071034 -0.7071102 -1.56976e-5 -0.6935192 -0.7071079 -0.1379479 -0.6935237 -0.7071033 -0.1379488 -0.6935232 -0.7071052 -0.1379415 -0.6935235 -0.7071049 -0.1379415 -0.6532806 -0.7071056 -0.2706032 -0.6198896 1.07475e-5 -0.7846891 -0.707098 1.52346e-5 -0.7071157 -0.75999 2.66358e-6 -0.649935 -0.7600044 -4.98537e-6 -0.6499181 -0.7071133 -6.45779e-6 -0.7071003 -0.8314753 5.33834e-6 -0.555562 -0.7599987 5.14835e-6 -0.6499247 -0.8314598 9.33837e-6 -0.555585 -0.8609493 -9.27597e-7 -0.5086908 -0.860928 1.11889e-5 -0.508727 -0.8314644 4.25056e-6 -0.555578 -0.923886 5.27874e-6 -0.3826682 -0.8609418 -2.64496e-7 -0.5087034 -0.9238784 1.59815e-6 -0.3826864 -0.9380002 2.94298e-7 -0.3466351 -0.9379943 1.08434e-5 -0.3466511 -0.9238751 7.59959e-6 -0.3826942 -0.9807837 5.37559e-6 -0.1950987 -0.9379999 -2.76044e-6 -0.3466356 -0.9807825 3.49153e-6 -0.1951045 -0.9848772 -7.73556e-6 -0.1732542 -0.9848725 4.33531e-6 -0.1732808 -0.9807867 -6.06477e-6 -0.1950837 -1 -6.1579e-6 -1.22003e-5 -0.9848757 -3.44217e-6 -0.1732623 -1 -2.595e-6 1.89096e-5 -1 3.88664e-6 1.8901e-5 -1 3.8906e-6 -1.89096e-5 -1 -2.58163e-6 -1.88984e-5 -0.9848757 -3.44752e-6 0.1732624 -0.9848725 4.29526e-6 0.1732808 -1 -6.13835e-6 1.22042e-5 -0.9807866 -6.07595e-6 0.1950836 -0.9848772 -7.43661e-6 0.1732543 -0.9807825 3.76254e-6 0.1951046 -0.9379999 -2.50526e-6 0.3466357 -0.9379941 1.08313e-5 0.3466511 -0.9807837 5.35138e-6 0.1950988 -0.9238751 7.58655e-6 0.3826942 -0.9380003 0 0.3466348 -0.9238786 1.22935e-6 0.3826861 -0.8609421 -6.5472e-7 0.5087032 -0.860928 1.11787e-5 0.508727 -0.9238858 5.30109e-6 0.3826681 -0.8314644 4.24311e-6 0.555578 -0.8609492 -1.112e-6 0.5086911 -0.8314597 9.14186e-6 0.5555852 -0.7599985 4.93973e-6 0.6499249 -0.7600043 -4.99221e-6 0.6499181 -0.8314752 5.37746e-6 0.555562 -0.7071132 -6.51553e-6 0.7071003 -0.7599899 2.49222e-6 0.649935 -0.707098 1.50527e-5 0.7071156 -0.6198896 1.05612e-5 0.7846891 -0.6198736 8.73883e-6 0.7847018 -0.7071024 1.56835e-6 0.7071112 -0.555555 3.94881e-7 0.8314799 -0.619871 -6.30692e-6 0.7847039 -0.5555725 -7.43161e-6 0.8314682 -0.4563344 3.48687e-6 0.8898085 -0.4563128 1.27532e-5 0.8898195 -0.5555597 2.19792e-6 0.8314767 -0.3826881 2.40654e-6 0.9238776 -0.4563189 -2.32086e-6 0.8898163 -0.3826745 1.33566e-5 0.9238833 -0.2755233 1.22562e-6 0.9612944 -0.2755271 -2.01724e-5 0.9612934 -0.3826737 -1.07847e-6 0.9238836 -0.1950736 5.88223e-6 0.9807887 -0.2755082 1.12876e-6 0.9612987 -0.1950903 -3.33809e-6 0.9807853 -0.08427751 -5.38863e-6 0.9964424 -0.08430594 -2.02016e-5 0.99644 -0.1950845 -4.89876e-6 0.9807865 -1.68905e-5 -7.71135e-6 1 -0.08428657 7.02962e-6 0.9964417 -3.49991e-6 -3.42098e-6 1 0.1100872 2.07499e-6 0.9939219 0.1101086 1.0489e-5 0.9939196 1.03507e-5 -2.21468e-6 1 0.1950907 -7.64802e-6 0.9807852 0.1101211 -4.08292e-6 0.9939182 0.1950826 -2.19038e-5 0.9807869 0.3003399 7.85291e-6 0.9538323 0.3003537 8.56211e-6 0.953828 0.1950932 -1.52178e-6 0.9807847 0.3826972 1.54972e-6 0.923874 0.3003615 4.30271e-6 0.9538255 0.3826785 -1.56485e-5 0.9238816 0.4792535 -1.03768e-5 0.8776766 0.4792364 -5.21773e-6 0.8776858 0.3826971 -1.0509e-5 0.923874 0.5555889 2.75299e-6 0.8314571 0.4792529 1.15186e-5 0.8776769 0.5555742 1.30953e-5 0.831467 0.6400209 2.38419e-7 0.7683577 0.6400124 -2.16765e-6 0.7683647 0.5555719 -5.031e-6 0.8314685 0.7071202 1.23866e-5 0.7070934 0.6400132 -2.38046e-6 0.768364 0.7071053 -4.4792e-6 0.7071083 0.776591 4.19095e-6 0.6300052 0.7765982 2.24477e-5 0.6299962 0.7070903 -7.71135e-7 0.7071234 0.8314669 -1.27405e-6 0.5555743 0.7766 9.77144e-6 0.6299942 0.8314706 2.50433e-6 0.5555688 0.8838263 0 0.4678155 0.8838256 1.95713e-5 0.4678167 0.8314694 -7.02962e-6 0.5555708 0.9238807 3.83705e-6 0.3826805 0.8838255 8.49739e-6 0.4678168 0.9238796 -3.58513e-6 0.3826833 0.9576415 9.16794e-6 0.2879632 0.9576425 -1.73431e-5 0.2879599 0.9238799 -6.81169e-6 0.3826825 0.9807812 -1.2815e-6 0.195111 0.9576438 -1.72481e-6 0.2879558 0.9807854 -6.08899e-6 0.1950901 0.9952621 4.04567e-6 0.09722846 0.9952637 9.06363e-6 0.09721231 0.9807881 -8.56072e-6 0.1950763 1 7.48411e-6 -1.97217e-5 0.9952635 -7.62567e-6 0.09721428 1 9.9428e-6 -2.32551e-6 0.9952635 -7.62753e-6 -0.09721428 0.9952637 9.06177e-6 -0.09721237 1 7.52322e-6 1.97106e-5 0.9807882 -8.54582e-6 -0.1950763 0.9952622 4.05684e-6 -0.09722846 0.9807854 -6.09271e-6 -0.1950901 0.9576438 -1.75089e-6 -0.2879559 0.9576425 -1.7345e-5 -0.2879599 0.9807813 -1.25729e-6 -0.195111 0.9238799 -6.86198e-6 -0.3826825 0.9576416 9.235e-6 -0.2879632 0.9238796 -3.58745e-6 -0.3826832 0.8838255 8.50856e-6 -0.4678168 0.8838256 1.95708e-5 -0.4678167 0.9238807 3.88548e-6 -0.3826806 0.8314692 -7.04825e-6 -0.5555708 0.8838263 0 -0.4678155 0.8314706 2.50433e-6 -0.5555688 0.7766 9.75095e-6 -0.6299942 0.7765982 2.24495e-5 -0.6299963 0.8314669 -1.24797e-6 -0.5555744 0.7070902 -7.97212e-7 -0.7071234 0.776591 4.22075e-6 -0.6300052 0.7071053 -4.47873e-6 -0.7071083 0.6400133 -2.40281e-6 -0.7683639 0.6400124 -2.16532e-6 -0.7683646 0.7071202 1.23978e-5 -0.7070934 0.5555719 -5.03659e-6 -0.8314685 0.6400209 1.49012e-7 -0.7683577 0.5555742 1.29975e-5 -0.831467 0.4792529 1.1377e-5 -0.8776769 0.4792364 -5.2182e-6 -0.8776858 0.5555889 2.78093e-6 -0.8314573 0.3826971 -1.04941e-5 -0.923874 0.4792535 -1.03675e-5 -0.8776766 0.3826785 -1.5703e-5 -0.9238816 0.3003615 4.2282e-6 -0.9538255 0.3003537 8.5691e-6 -0.953828 0.3826972 1.5609e-6 -0.923874 0.1950932 -1.52364e-6 -0.9807847 0.3003399 7.88271e-6 -0.9538323 0.1950826 -2.18851e-5 -0.9807868 0.1101165 1.13435e-5 -0.9939187 0.1101086 1.04876e-5 -0.9939196 0.1950907 -7.59959e-6 -0.9807853 1.03489e-5 -2.23517e-6 -1 0.1100872 2.10106e-6 -0.993922 -3.48687e-6 -3.42354e-6 -1 -0.08428657 7.0259e-6 -0.9964417 -0.08430594 -2.02013e-5 -0.99644 -1.68968e-5 -7.68527e-6 -1 -0.1950846 -4.95091e-6 -0.9807865 -0.08427751 -5.36069e-6 -0.9964424 -0.1950903 -3.35183e-6 -0.9807854 -0.2755082 1.08778e-6 -0.9612988 -0.2755271 -2.01715e-5 -0.9612933 -0.1950736 5.86733e-6 -0.9807887 -0.3826737 -1.08033e-6 -0.9238836 -0.2755233 1.21072e-6 -0.9612944 -0.3826744 1.33496e-5 -0.9238833 -0.4563189 -2.35252e-6 -0.8898164 -0.4563129 1.27582e-5 -0.8898195 -0.3826881 2.44007e-6 -0.9238776 -0.5555597 2.18302e-6 -0.8314767 -0.4563344 3.54275e-6 -0.8898085 -0.5555725 -7.43475e-6 -0.8314682 -0.619871 -6.31437e-6 -0.7847038 -0.6198735 8.74605e-6 -0.7847018 -0.5555551 3.85568e-7 -0.8314799 -0.7071024 1.546e-6 -0.7071112 -6.78003e-6 -9.045e-6 -1 -0.3558384 -1.41822e-5 -0.9345476 -6.83963e-6 1.28537e-5 -1 9.16421e-6 -1.06264e-5 -1 -0.3558586 4.14532e-6 -0.9345398 -0.5000104 1.17621e-5 -0.8660194 -0.5000139 -1.23528e-6 -0.8660174 -0.3558751 -9.17912e-6 -0.9345336 -0.674744 -2.31666e-6 -0.7380518 -0.4999939 -5.10551e-6 -0.866029 -0.674761 2.47243e-6 -0.7380363 -0.8660262 -1.50544e-5 -0.4999986 -0.8660242 -8.99844e-6 -0.5000023 -0.674734 1.0103e-5 -0.7380611 -0.9078354 1.57873e-5 -0.4193269 -0.8660359 1.59547e-5 -0.4999818 -0.9078253 -1.4822e-5 -0.4193488 -1 -1.16203e-5 -1.81641e-5 -1 -1.83703e-5 -7.45058e-7 -0.9078199 1.413e-5 -0.4193602 -1 1.16542e-5 -7.15256e-7 -0.4618228 0 -0.8869723 -0.3969483 0 -0.9178411 -0.4618228 -2.78946e-6 -0.8869723 -0.4618143 -3.53251e-6 -0.8869767 -0.3969172 -2.18829e-6 -0.9178546 -0.3146029 2.56498e-6 -0.9492234 -0.3145894 2.23087e-6 -0.9492279 -0.3969413 -2.83385e-4 -0.917844 -0.3299735 9.58171e-7 -0.9439902 -0.31459 1.57904e-6 -0.9492276 -0.3299741 1.55745e-4 -0.9439901 -0.2613465 -2.40031e-6 -0.9652451 -0.3145915 -5.85907e-6 -0.9492272 -0.2613314 -2.20054e-6 -0.9652493 -0.1593329 -0.001066565 -0.9872244 -0.1593427 1.83901e-6 -0.9872234 -0.2613761 0.001065552 -0.9652366 -2.29478e-5 -6.4536e-6 -1 -0.1593578 0 -0.9872209 -2.18973e-5 -7.28688e-6 -1 -2.18526e-5 0 -1 -1 2.78559e-6 -1.79377e-5 -0.9794371 3.06871e-6 0.2017505 -1 -9.67453e-6 -1.79559e-5 -1 5.31087e-6 8.79168e-7 -0.9794363 -6.76647e-6 0.2017537 -0.9659305 4.98083e-6 0.2588016 -0.9659269 3.52709e-6 0.2588152 -0.979434 -7.22148e-6 0.2017655 -0.9185271 -3.31667e-6 0.3953583 -0.9659312 -7.38446e-6 0.2587994 -0.9185252 -1.82982e-6 0.3953623 -0.8660284 8.55012e-6 0.4999948 -0.8660246 3.28745e-6 0.5000016 -0.9185336 7.36862e-6 0.3953431 -0.7071164 -4.47873e-6 0.7070972 -0.8660187 -9.39984e-6 0.5000115 -0.7071031 -1.16081e-5 0.7071106 -0.7071031 -6.24087e-6 0.7071106 -1 0 0 0 1 0 0 1 -1.1186e-6 0 1 2.28624e-6 0 1 -1.61372e-6 0 1 -2.16059e-6 0 1 6.59111e-6 0 1 -6.31664e-6 0 1 -5.90196e-5 0 1 -8.6774e-5 0 1 -8.68166e-5 0 1 -8.68465e-5 0 1 1.61798e-4 0 1 1.61732e-4 0 1 1.61678e-4 0 1 -2.22495e-4 0 1 -2.22529e-4 0 1 -2.22513e-4 0 1 4.06575e-5 0 1 1.24486e-4 0 1 -2.19974e-4 0 1 7.94976e-5 0 1 -1.26833e-4 0 1 4.14484e-5 0 1 -7.05418e-5 0 1 -1.71139e-5 0 1 4.63207e-6 0 1 3.88392e-6 0 1 4.85553e-6 0 1 -1.3448e-5 0 1 -2.50646e-5 0 1 8.06322e-5 0 1 2.44615e-5 0 1 -2.40217e-5 0 1 1.11069e-4 0 1 -1.45749e-4 0 1 -1.45715e-4 0 1 -1.45766e-4 0 1 1.00081e-4 0 1 2.95563e-4 0 1 -6.75126e-6 0 1 1.00243e-4 0 1 -5.60967e-5 0 1 -5.6038e-5 0 1 -5.60808e-5 0 1 1.84279e-4 0 1 1.84275e-4 0 1 1.84262e-4 0 1 9.61275e-5 0 1 8.84803e-5 0 1 2.69658e-4 0 1 1.12924e-4 0 1 1.12963e-4 0 1 1.12986e-4 0 1 1.80858e-6 -3.77078e-6 0 1 6.44359e-6 0 1 -1.40347e-6 0 1 0 0 1 2.13651e-6 0 1 2.09275e-6 0 1 -1.97584e-6 0 1 2.79033e-6 0 1 4.27302e-6 0 1 -5.02771e-6 0 1 0 0 -1 -7.82054e-7 0 -1 5.02656e-7 0 -1 2.27841e-6 0 -1 -4.26203e-6 0 -1 3.47639e-6 0 -1 -7.32317e-7 0 -1 -1.70938e-6 0 -1 1.42371e-6 0 -1 -1.07663e-6 0 -1 -6.25507e-7 0 -1 -3.32203e-6 0 -1 4.27311e-7 0 -1 5.00372e-6 0 -1 2.24224e-6 0 -1 3.56936e-6 0 -1 -1.29425e-5 0 -1 1.42084e-5 0 -1 1.54723e-5 0 -1 -3.81335e-5 0 -1 2.26736e-5 0 -1 2.64343e-7 0 -1 -3.79795e-7 0 -1 -0.7071067 0 0.7071069 -0.7071069 0 0.7071067 -0.7071071 0 0.7071065 -0.6413744 0.7672281 -2.77534e-6 -0.7219501 0.6919451 5.16884e-7 -0.7605943 0.6492274 7.4543e-6 -0.7606154 0.6492028 -6.55139e-6 -0.7219552 0.6919398 -2.44286e-6 -0.8285026 0.5599852 -8.28877e-7 -0.7605956 0.649226 1.01328e-6 -0.8285059 0.5599803 1.89105e-6 -0.8527725 0.5222826 2.85776e-6 -0.8527712 0.5222849 -4.41168e-6 -0.8285109 0.5599731 2.13925e-6 -0.9112265 0.4119058 -1.45659e-6 -0.8527749 0.5222786 -2.98209e-6 -0.9112348 0.4118872 7.31554e-7 -0.9239451 0.3825253 -1.33738e-6 -0.9239405 0.3825362 2.59606e-6 -0.9112315 0.4118945 2.8098e-6 -0.967732 0.2519819 3.12924e-7 -0.9239464 0.382522 -1.16788e-6 -0.9677329 0.2519787 5.13671e-6 -0.9723917 0.2333547 -9.8371e-7 -0.972397 0.2333326 4.56255e-6 -0.967738 0.2519589 -5.22984e-6 -0.9963957 0.08482724 3.14228e-6 -0.9723967 0.2333339 -4.17046e-6 -0.9963979 0.08480083 -4.00608e-6 -0.9969185 0.07844549 -4.12576e-6 -0.9969196 0.07843083 0 -0.9963992 0.08478611 4.21575e-6 -0.9963992 -0.08478623 -8.36328e-7 -0.9969196 0.07843071 5.52833e-6 -0.9963992 -0.08478611 4.67105e-6 -0.9969196 -0.07843071 4.63834e-6 -0.9969184 -0.07844549 -4.13333e-6 -0.996398 -0.08480083 -3.97302e-6 -0.9723968 -0.2333339 -4.18117e-6 -0.972397 -0.2333326 4.5523e-6 -0.9963957 -0.08482724 3.14531e-6 -0.967738 -0.2519589 -5.27175e-6 -0.9723917 -0.2333547 -9.67411e-7 -0.9677329 -0.2519787 5.16884e-6 -0.9239464 -0.382522 -1.18441e-6 -0.9239405 -0.3825362 2.56486e-6 -0.967732 -0.2519819 3.20375e-7 -0.9112315 -0.4118946 2.81073e-6 -0.9239451 -0.3825253 -1.34017e-6 -0.9112349 -0.4118873 7.37608e-7 -0.8527749 -0.5222787 -2.98023e-6 -0.8527711 -0.5222849 -4.41354e-6 -0.9112265 -0.4119058 -1.43051e-6 -0.8285109 -0.5599731 2.10479e-6 -0.8527725 -0.5222826 2.91783e-6 -0.8285059 -0.5599803 1.95671e-6 -0.7605956 -0.649226 1.02632e-6 -0.7606155 -0.6492028 -6.56117e-6 -0.8285027 -0.5599853 -8.10251e-7 -0.7219552 -0.6919398 -2.46055e-6 -0.7605944 -0.6492274 7.44592e-6 -0.7219501 -0.6919451 4.63799e-7 -0.6413744 -0.7672281 -2.83308e-6 -0.6413727 -0.7672295 7.75838e-6 -0.7219728 -0.6919215 4.64171e-6 -0.5946378 -0.8039938 -2.34786e-6 -0.6414075 -0.7672005 -7.60891e-7 -0.5946407 -0.8039916 -1.0985e-6 -0.5041263 -0.8636299 2.18861e-6 -0.504116 -0.863636 7.87433e-6 -0.5946407 -0.8039916 -1.13714e-6 -0.450224 -0.8929157 -7.51391e-6 -0.5041523 -0.8636147 -7.00261e-6 -0.4502022 -0.8929268 1.54553e-6 -0.3526977 -0.9357374 -5.54416e-6 -0.3527106 -0.9357325 -7.7826e-6 -0.4502127 -0.8929213 -3.92925e-6 -0.2928304 -0.9561645 -2.18116e-6 -0.3526775 -0.935745 6.71577e-6 -0.2928432 -0.9561605 -1.04448e-5 -0.1913051 -0.9815306 2.72505e-6 -0.1913376 -0.9815243 -6.17886e-6 -0.2928431 -0.9561606 7.04546e-6 -0.1270104 -0.9919014 2.90293e-6 -0.1913361 -0.9815246 1.38674e-6 -0.1270307 -0.9918988 -6.77537e-6 -0.02456563 -0.9996982 -4.06895e-6 -0.02458572 -0.9996978 -7.69948e-6 -0.127041 -0.9918975 5.76209e-6 0.04244083 -0.999099 4.21889e-6 -0.02458423 -0.9996978 -3.50177e-6 0.04242151 -0.9990998 -9.15583e-6 0.1428576 -0.9897433 5.10365e-6 0.1428605 -0.9897429 -2.14367e-6 0.04245233 -0.9990985 -5.38398e-6 0.2106896 -0.977553 6.01262e-6 0.1428585 -0.9897432 -6.54347e-6 0.2106926 -0.9775524 9.65013e-6 0.3063095 -0.951932 -5.3905e-6 0.3062832 -0.9519404 -2.53227e-6 0.2106769 -0.9775558 4.77582e-6 0.3728408 -0.9278954 -1.80677e-6 0.306276 -0.9519429 -7.47386e-6 0.372844 -0.9278941 -9.39542e-6 0.4611039 -0.8873462 -2.38512e-6 0.4610951 -0.8873508 1.30758e-6 0.3728682 -0.9278844 -3.90597e-6 0.5242897 -0.85154 2.04518e-6 0.4611 -0.8873482 -3.70201e-6 0.5242953 -0.8515366 -1.1103e-5 0.6029341 -0.7977911 4.5849e-6 0.6029419 -0.7977852 2.06955e-5 0.524293 -0.851538 3.72529e-7 0.6606749 -0.7506723 7.07805e-7 0.6029319 -0.7977926 -2.59839e-6 0.6606699 -0.7506766 -5.66884e-6 0.7277943 -0.6857955 4.77862e-6 0.727786 -0.6858044 -7.68015e-6 0.6606752 -0.7506719 4.94719e-6 0.7780314 -0.6282255 -4.16674e-6 0.7277828 -0.6858078 4.07174e-6 0.7780254 -0.6282329 -1.96778e-5 0.8321714 -0.5545186 -1.98372e-6 0.8321788 -0.5545076 -2.99094e-6 0.7780307 -0.6282262 -3.29036e-6 0.8730054 -0.4877105 -3.69549e-6 0.8321681 -0.5545235 -6.33672e-6 0.8730113 -0.4877001 -1.0457e-5 0.9131608 -0.4075996 4.64171e-6 0.9131612 -0.4075987 2.10924e-5 0.8730165 -0.4876907 -1.40071e-6 0.9428732 -0.3331518 4.33996e-6 0.9131495 -0.407625 -4.26732e-6 0.9428755 -0.3331454 -1.31977e-5 0.9684405 -0.2492451 -5.23124e-6 0.9684403 -0.2492459 -8.12404e-7 0.9428783 -0.3331376 -3.78117e-6 0.9856157 -0.1690023 -1.70618e-6 0.9684423 -0.2492381 -4.692e-6 0.9856162 -0.1689997 4.9772e-6 0.996478 -0.08385503 -4.55882e-6 0.9964768 -0.08386909 -1.94813e-5 0.9856126 -0.1690206 7.66944e-6 1 1.75387e-5 -3.31737e-6 0.9964763 -0.08387577 3.37884e-6 1 8.13976e-7 1.84461e-5 0.9964763 0.08387571 3.34438e-6 0.9964767 0.08387076 -1.93298e-5 1 -1.75359e-5 -3.31737e-6 0.9856126 0.1690206 7.67224e-6 0.996478 0.08385503 -4.53554e-6 0.9856162 0.1689997 4.97734e-6 0.9684423 0.2492381 -4.71901e-6 0.9684403 0.2492459 -8.10949e-7 0.9856157 0.1690023 -1.72015e-6 0.9428783 0.3331376 -3.79048e-6 0.9684405 0.2492451 -5.20423e-6 0.9428755 0.3331454 -1.32005e-5 0.9131495 0.407625 -4.28967e-6 0.9131605 0.4076002 2.19487e-5 0.9428732 0.3331518 4.3381e-6 0.8730165 0.4876907 -1.42492e-6 0.9131608 0.4075996 4.69573e-6 0.8730113 0.4877001 -1.046e-5 0.8321682 0.5545235 -6.3628e-6 0.8321788 0.5545075 -2.98629e-6 0.8730054 0.4877105 -3.6601e-6 0.7780308 0.6282263 -3.3211e-6 0.8321714 0.5545186 -1.98372e-6 0.7780254 0.6282329 -1.96839e-5 0.7277828 0.6858077 4.05498e-6 0.7277849 0.6858056 -6.17735e-6 0.7780314 0.6282255 -4.1686e-6 0.6606752 0.7506719 4.93228e-6 0.7277943 0.6857955 4.78886e-6 0.6606698 0.7506766 -5.67199e-6 0.602932 0.7977926 -2.62167e-6 0.6029419 0.7977852 2.06984e-5 0.6606748 0.7506723 6.92904e-7 0.5242931 0.851538 3.70666e-7 0.6029298 0.7977943 -6.81542e-6 0.5243173 0.8515231 1.08543e-5 0.4611004 0.8873481 1.76951e-6 0.4611104 0.8873428 1.393e-5 0.5242928 0.8515381 3.78769e-6 0.3728653 0.9278855 2.66545e-6 0.46108 0.8873586 -1.47149e-6 0.3728567 0.9278889 1.87103e-6 0.3062978 0.9519358 0 0.3062832 0.9519404 -2.52482e-6 0.3728408 0.9278954 -1.80025e-6 0.2106769 0.9775558 4.75161e-6 0.3063096 0.9519321 -5.37746e-6 0.2106926 0.9775524 9.6485e-6 0.1428585 0.9897431 -6.57421e-6 0.1428605 0.9897429 -2.13669e-6 0.2106896 0.977553 6.00889e-6 0.04245233 0.9990985 -5.39236e-6 0.1428576 0.9897434 5.10179e-6 0.04242151 0.9990999 -9.16538e-6 -0.02458423 0.9996978 -3.50364e-6 -0.02458572 0.9996978 -7.69249e-6 0.04244083 0.999099 4.26546e-6 -0.1270411 0.9918975 5.74626e-6 -0.02456563 0.9996982 -4.02704e-6 -0.1270307 0.9918988 -6.78538e-6 -0.1913361 0.9815245 1.38767e-6 -0.1913376 0.9815244 -6.1621e-6 -0.1270104 0.9919015 2.9197e-6 -0.2928431 0.9561606 7.05011e-6 -0.1913051 0.9815306 2.76417e-6 -0.2928433 0.9561605 -1.04513e-5 -0.3526775 0.935745 6.66827e-6 -0.3527106 0.9357326 -7.76909e-6 -0.2928304 0.9561645 -2.17836e-6 -0.4502127 0.8929214 -3.94322e-6 -0.3526976 0.9357374 -5.51529e-6 -0.4502022 0.8929268 1.54157e-6 -0.5041523 0.8636149 -7.02497e-6 -0.504116 0.863636 7.88551e-6 -0.450224 0.8929157 -7.4897e-6 -0.5946407 0.8039916 -1.17533e-6 -0.5041263 0.8636301 2.31527e-6 -0.5946407 0.8039916 -1.00094e-6 -0.6414075 0.7672005 -6.60308e-7 -0.6414077 0.7672002 -7.26758e-6 -0.5946377 0.8039938 -2.34693e-6 -0.7219728 0.6919215 4.64916e-6 -0.7071026 0 0.707111 -0.7071026 -3.54112e-6 0.707111 -0.7742541 0 0.632875 -0.7742772 -2.26533e-6 0.6328466 -0.7071201 5.24521e-6 0.7070935 -0.8847151 1.00303e-6 0.4661322 -0.7742539 -7.94185e-7 0.6328751 -0.884718 -9.65409e-6 0.466127 -0.8336758 -7.92556e-7 0.5522544 -0.8336738 0 0.5522572 -0.8847095 0 0.466143 -0.8847095 0 0.466143 0 1 -2.8716e-7 0 1 -2.17859e-6 0 1 1.9945e-6 0 1 2.93591e-6 0 1 7.38002e-7 0 1 -4.21889e-6 0 1 1.65338e-5 0 1 -1.20702e-5 0 1 -2.68675e-5 0 1 0 0 1 3.42916e-6 0 1 1.41997e-6 0 1 -3.22301e-7 0 1 1.11506e-6 0 1 -1.82159e-6 0 1 3.1903e-6 0 1 -2.82014e-6 0 1 1.03559e-6 0 1 -6.79281e-6 0 1 6.70857e-6 0 1 9.98677e-6 0 1 1.44381e-6 0 1 7.97475e-7 0 1 -4.13114e-6 0 1 1.03576e-6 0 1 -6.79179e-6 0 1 1.00664e-5 0 1 -1.99728e-5 -0.4618407 2.76419e-6 -0.8869629 -0.4618407 -4.31202e-6 -0.8869629 -0.356652 1.79447e-6 -0.9342374 -0.3566359 -2.03308e-6 -0.9342436 -0.4618315 3.06312e-6 -0.8869678 -0.3175504 -5.1111e-6 -0.9482414 -0.3566223 -2.01492e-6 -0.9342487 -0.3175528 2.15066e-6 -0.9482406 -0.2466883 -7.67875e-7 -0.9690949 -0.2466909 -3.7431e-6 -0.9690943 -0.3175625 2.28174e-6 -0.9482374 -0.1654791 5.80959e-6 -0.9862134 -0.2466719 -1.95298e-6 -0.9690991 -0.1654508 -6.2841e-7 -0.9862181 -0.1334809 1.56346e-6 -0.9910515 -0.1334841 -1.05007e-6 -0.991051 -0.1654819 8.26549e-7 -0.9862129 -0.009289443 -5.86733e-7 -0.9999569 -0.1334682 4.30644e-6 -0.9910531 -0.009319305 -4.80539e-6 -0.9999566 -0.01847761 1.59291e-6 -0.9998293 -0.01848363 -2.61469e-6 -0.9998292 -0.009324967 8.32602e-7 -0.9999566 0.09676504 1.87405e-6 -0.9953073 0.0967676 1.33645e-6 -0.995307 -0.009300053 2.90573e-6 -0.9999569 0.1470667 -7.82311e-7 -0.9891266 0.09675961 5.12786e-6 -0.9953079 0.1470611 1.01604e-5 -0.9891274 0.2107519 -4.70318e-7 -0.9775396 0.2107251 -6.05965e-6 -0.9775454 0.1470662 -5.80493e-6 -0.9891266 0.2998359 -4.58583e-6 -0.9539908 0.2107428 -1.78162e-6 -0.9775416 0.2998538 3.94741e-6 -0.9539852 0.3219131 -2.92785e-6 -0.9467692 0.3219096 5.34346e-7 -0.9467705 0.2998523 4.31482e-6 -0.9539856 0.445225 -2.22772e-6 -0.8954188 0.3218756 -3.42727e-7 -0.9467821 0.4452553 -5.29643e-6 -0.8954038 0.4287613 2.86312e-6 -0.9034178 0.4287648 1.58278e-6 -0.9034163 0.4452596 0 -0.8954016 0.5170207 -1.98488e-6 -0.855973 0.5170151 1.38804e-5 -0.8559763 0.4452443 -1.1269e-6 -0.8954092 0.5797047 2.32272e-6 -0.8148267 0.517032 -4.05498e-6 -0.8559662 0.5797024 -2.16078e-6 -0.8148283 0.6000864 -3.28571e-6 -0.7999352 0.60009 2.88081e-6 -0.7999325 0.5797142 5.51343e-6 -0.8148199 0.6771143 -2.89641e-7 -0.7358779 0.677141 -3.21958e-6 -0.7358533 0.5796901 -2.04286e-6 -0.8148371 0.6999058 2.54018e-6 -0.7142352 0.6771262 -2.9467e-6 -0.735867 0.6999045 2.03797e-6 -0.7142364 0.7473674 -3.38629e-6 -0.664411 0.7473669 -4.30318e-6 -0.6644116 0.6999188 4.787e-7 -0.7142226 0.8029465 2.52575e-6 -0.5960513 0.7473661 3.20654e-6 -0.6644125 0.8029288 -1.48674e-6 -0.5960752 0.8101033 -1.81491e-7 -0.5862872 0.8101087 -1.84961e-6 -0.5862797 0.8029342 -5.54882e-6 -0.5960676 0.8647214 -1.08499e-6 -0.5022521 0.8647159 1.41561e-7 -0.5022615 0.8029319 3.32296e-6 -0.5960709 0.8862161 -3.20841e-6 -0.4632721 0.8647089 1.11619e-6 -0.5022734 0.886219 -1.15589e-6 -0.4632667 0.910643 -5.09666e-7 -0.4131941 0.9106339 -2.95392e-6 -0.4132145 0.8862276 5.57117e-6 -0.4632503 0.9477238 3.61726e-6 -0.319092 0.9106311 -2.86475e-6 -0.4132202 0.9477331 1.28533e-6 -0.3190644 0.9474114 2.78784e-6 -0.3200184 0.9474107 2.13011e-6 -0.3200204 0.9477324 4.14066e-6 -0.3190665 0.9746797 1.09529e-6 -0.2236057 0.9746837 -6.70552e-7 -0.2235886 0.9477202 3.39746e-6 -0.3191026 0.9859498 -8.06525e-7 -0.1670423 0.974689 1.6354e-6 -0.2235655 0.9859496 7.10716e-6 -0.167043 0.9921679 -6.22822e-7 -0.1249118 0.9921668 1.34902e-6 -0.1249206 0.9859455 3.58745e-6 -0.1670675 0.9999405 -2.9467e-6 -0.01091295 0.9921678 -2.20351e-6 -0.1249132 0.9999406 -4.58513e-6 -0.0109058 0.9996873 2.75788e-6 -0.02500867 0.9996873 -1.05053e-6 -0.02500706 0.99994 1.76579e-6 -0.01095134 0.9971727 -3.12261e-6 0.07514482 0.9971725 2.0955e-5 0.07514721 0.9999402 -7.27177e-6 -0.01094782 0.9893648 2.96161e-6 0.1454562 0.99717 -4.136e-6 0.07518047 0.989361 3.12668e-6 0.1454817 0.9846462 -3.50107e-6 0.1745625 0.9846392 6.61239e-7 0.1746016 0.9893609 2.44053e-6 0.1454818 0.9544737 5.43892e-7 0.298295 0.9846414 -1.36346e-6 0.174589 0.9544786 6.45732e-6 0.2982794 0.9622301 1.39512e-6 0.2722377 0.9622241 -2.45124e-6 0.2722588 0.9544684 -1.13249e-6 0.2983121 0.9301571 2.24123e-6 0.3671618 0.9301498 2.04779e-5 0.3671804 0.9544728 2.50712e-6 0.2982981 0.8961279 3.16277e-6 0.4437959 0.9301474 -2.35252e-6 0.3671863 0.896131 -1.19908e-6 0.4437897 0.888748 -2.26661e-6 0.4583961 0.888732 3.74299e-6 0.4584271 0.8961361 -1.28523e-6 0.4437794 0.8383971 8.27713e-7 0.5450601 0.8383916 -7.65827e-6 0.5450686 0.8961252 4.71715e-6 0.4438016 0.8157812 -1.88127e-7 0.5783609 0.8384138 -1.0333e-6 0.5450343 0.8157529 -8.99134e-6 0.5784006 0.7796573 7.79983e-7 0.6262064 0.7796448 3.76604e-6 0.626222 0.8157764 -5.40633e-6 0.5783675 0.715372 1.77696e-6 0.6987438 0.7796517 2.80328e-7 0.6262136 0.7153573 1.47062e-7 0.6987589 0.7130755 -3.39368e-6 0.7010873 0.7130697 3.23047e-6 0.7010931 0.7153514 9.85339e-7 0.698765 0.639334 1.26282e-7 0.7689292 0.6393323 9.08971e-7 0.7689306 0.7153577 4.21889e-7 0.6987585 0.597369 -5.87199e-6 0.8019666 0.6393154 -4.36883e-6 0.7689446 0.59736 1.72152e-5 0.8019732 0.5591791 1.90176e-6 0.8290469 0.5591514 5.34486e-6 0.8290657 0.5973739 2.72924e-6 0.801963 0.4646976 1.63354e-6 0.8854696 0.559174 -9.27597e-7 0.8290504 0.4647194 -2.6715e-6 0.8854581 0.4734017 3.09024e-6 0.8808467 0.4734112 0 0.8808417 0.464686 -1.71922e-6 0.8854756 0.3828752 6.97561e-7 0.9238001 0.3828452 -1.34958e-5 0.9238125 0.4647103 -2.04518e-6 0.8854629 0.320632 -4.25242e-6 0.9472039 0.382879 -9.97446e-7 0.9237986 0.3206056 3.41563e-6 0.9472128 0.2884845 3.16883e-6 0.9574846 0.2884731 8.20495e-7 0.957488 0.320641 -5.44637e-6 0.9472008 0.1686667 2.08057e-6 0.9856731 0.2884727 3.78489e-6 0.9574881 0.1686565 1.22795e-6 0.9856749 0.1912474 -3.84636e-7 0.9815419 0.1912105 4.27943e-7 0.9815491 0.1686629 2.24588e-6 0.9856738 0.0920611 1.3588e-6 0.9957534 0.09203535 1.21513e-5 0.9957557 0.1686626 -6.26408e-6 0.9856739 0.0125671 5.33089e-6 0.999921 0.09205633 -1.16136e-6 0.9957539 0.01256591 -1.58278e-6 0.9999212 -0.008085608 2.83448e-6 0.9999673 -0.008057832 -2.5162e-6 0.9999676 0.01254498 -4.92297e-6 0.9999214 -0.1081134 1.63028e-6 0.9941387 -0.1080913 4.46849e-6 0.9941411 0.01255369 -4.45638e-6 0.9999213 -0.1438719 4.41354e-6 0.9895964 -0.1081177 -1.7467e-6 0.9941382 -0.1438696 -4.631e-7 0.9895967 -0.2070312 1.28173e-6 0.9783344 -0.2070701 1.23195e-5 0.9783262 -0.1438852 6.66361e-6 0.9895944 -0.2967255 3.78489e-6 0.9549629 -0.2070626 -1.72202e-6 0.9783278 -0.2967264 -2.72173e-6 0.9549626 -0.3039069 7.67875e-7 0.9527018 -0.3039019 -1.40222e-6 0.9527034 -0.296767 -1.11014e-6 0.9549499 -0.397733 3.04077e-6 0.9175012 -0.3977148 3.33786e-6 0.9175091 -0.2967354 -1.7006e-6 0.9549598 -0.4423331 -3.25032e-6 0.8968509 -0.3977295 0 0.9175028 -0.4423349 2.96217e-6 0.8968499 -0.4875717 1.77184e-7 0.8730831 -0.4875535 2.55648e-7 0.8730932 -0.442336 5.74719e-6 0.8968495 -0.577044 3.92087e-6 0.8167131 -0.4875461 -2.3935e-6 0.8730973 -0.5770455 1.28942e-6 0.816712 -0.602008 -1.94041e-6 0.7984902 -0.6020054 -3.23448e-6 0.7984921 -0.577048 -3.99444e-6 0.8167102 -0.6976127 9.66713e-7 0.7164752 -0.6019861 -3.95812e-6 0.7985067 -0.6975873 -4.26429e-6 0.7164999 -0.7071141 -2.129e-6 0.7070996 -0.7071012 5.7905e-7 0.7071124 -0.6976091 -4.20911e-6 0.7164786 -0.8010035 -5.84684e-6 0.5986597 -0.7071104 3.40492e-6 0.7071031 -0.8009801 4.38688e-6 0.5986912 -0.8069118 4.17326e-6 0.5906721 -0.8069251 2.21084e-6 0.5906538 -0.8009939 -4.37605e-7 0.5986728 -0.8847054 -2.98396e-6 0.4661505 -0.8069239 -2.22027e-6 0.5906556 -0.884703 -3.79166e-6 0.4661552 -0.884703 -1.28523e-7 0.4661552 0 -1 4.26372e-7 0 -1 -5.27463e-7 0 -1 4.24354e-7 0 -1 -1.76108e-7 0 -1 0 0 -1 -5.24901e-7 0 -1 3.47218e-7 0 -1 7.04026e-7 0 -1 -8.48284e-7 0 -1 7.02238e-7 0 -1 -4.27753e-7 0 -1 -6.91937e-7 0 -1 4.40297e-7 0 -1 1.40752e-6 0 -1 -1.17064e-6 0 -1 1.40084e-6 0 -1 -5.30288e-7 0 -1 6.90814e-7 0 -1 4.33875e-7 0 -1 -6.97265e-7 0 -1 4.25207e-7 0 -1 -7.04086e-7 0 -1 1.71407e-7 0 -1 -4.38485e-7 0 -1 0 0 -1 7.9355e-7 0 -1 -4.20827e-7 0 -1 3.25913e-7 0 -1 -3.28994e-7 -2.72409e-7 0 1 1.43328e-6 0 1 -1.47384e-6 0 1 1.42525e-6 0 1 1.43536e-6 0 1 -2.92664e-6 0 1 1.44761e-6 0 1 -1.4524e-6 0 1 1.45599e-6 0 1 -2.88684e-6 0 1 -1.46061e-6 0 1 1.43981e-6 0 1 -1.45699e-6 0 1 1.17841e-6 0 1 -1.45551e-6 0 1 1.4438e-6 0 1 -1.46211e-6 0 1 1.4369e-6 0 1 1.46973e-6 0 1 -1.42969e-6 0 1 -7.07056e-7 0 1 1.4855e-6 0 1 1.42294e-6 0 1 -1.47612e-6 0 1 -2.93536e-6 0 1 -2.90002e-6 0 1 1.45448e-6 0 1 -1.45785e-6 0 1 1.45983e-6 0 1 -1.46069e-6 0 1 1.44013e-6 0 1 -1.46013e-6 0 1 1.44394e-6 0 1 0.9078629 -0.1418654 -0.3945367 0.9078612 -0.1418583 -0.3945431 0.7423206 -0.4285844 -0.515049 0.9653422 -0.04230535 0.2575359 0.9653424 -0.0423057 0.2575355 0.9959364 0.0106765 -0.08942562 0.654251 -0.5811462 0.4839677 0.6542533 -0.5811464 0.4839645 0.8304082 -0.2760364 0.4839693 0.4887267 -0.8678392 -0.08945137 0.4887257 -0.8678398 -0.08945077 0.5193131 -0.8148564 0.2575327 0.7423353 -0.4285681 -0.5150414 0.7423389 -0.4285705 -0.5150343 0.5768025 -0.7152852 -0.3945453 0.5193092 -0.8148615 0.2575246 0.5193015 -0.8148653 0.2575279 0.65424 -0.581146 0.4839829 0.5767928 -0.7153 -0.3945324 0.5767924 -0.7153003 -0.3945328 0.4887294 -0.8678392 -0.08943587 0.8304135 -0.2760303 0.4839637 0.830408 -0.2760219 0.4839779 0.9653471 -0.04229176 0.25752 0.9959352 0.01067972 -0.08943742 0.995935 0.01068919 -0.08943897 0.9078614 -0.1418644 -0.3945406 -0.3213897 -0.5566771 -0.7660413 -0.3213695 -0.5566886 -0.7660415 1.44988e-5 -1.99378e-5 -1 7.1153e-6 -1.63913e-5 -1 -0.3214325 -0.5566528 -0.7660411 0 -1.24276e-5 -1 8.80659e-6 4.38094e-6 -1 -1.16378e-5 1.76132e-5 -1 0.3214282 0.556654 -0.766042 0.3213748 0.5566888 -0.7660391 -8.9854e-6 2.12193e-5 -1 0.3213959 0.5566779 -0.7660381 0.3213881 0.5566707 -0.7660467 0.3213709 0.5566809 -0.7660465 0.492505 0.8528085 -0.1736567 0.492405 0.8528634 -0.1736705 0.321574 0.556551 -0.7660557 0.4923978 0.8528676 -0.1736705 0.4924057 0.8528681 -0.1736453 0.4923937 0.8528751 -0.1736454 0.4330699 0.7499683 0.4999981 0.4329937 0.7500098 0.5000019 0.4922634 0.852951 -0.1736413 0.4330113 0.7500001 0.5000013 0.4330359 0.7499995 0.4999808 0.4329906 0.750026 0.4999801 0.1707203 0.2963438 0.9396994 0.1710116 0.2961725 0.9397005 0.4329823 0.7500291 0.4999827 0.1710059 0.2961762 0.9397003 0.1710245 0.2962129 0.9396854 0.1710174 0.296217 0.9396854 -0.1709251 -0.2962703 0.9396854 -0.1710203 -0.2962174 0.9396847 0.1709225 0.2962702 0.939686 -0.171027 -0.2962126 0.9396851 -0.1710259 -0.2962132 0.939685 -0.1710312 -0.2962088 0.9396854 -0.4329804 -0.7500281 0.4999858 -0.4330451 -0.7499941 0.4999808 -0.170719 -0.2963439 0.9396997 -0.4330348 -0.7499998 0.4999812 -0.4330131 -0.7500011 0.4999979 -0.4329956 -0.7500113 0.4999978 -0.4922636 -0.8529502 -0.173645 -0.4923908 -0.8528779 -0.17364 -0.4330654 -0.7499682 0.5000021 -0.4924026 -0.8528708 -0.1736416 -0.4923973 -0.8528677 -0.1736713 -0.4924044 -0.8528635 -0.1736713 -0.3215731 -0.5565509 -0.766056 -0.3213735 -0.5566774 -0.766048 -0.4925082 -0.8528062 -0.1736584 -0.3213912 -0.5566681 -0.7660471 0.249992 0.4330358 0.8660162 0.1913704 0.3315029 0.9238415 -1.96919e-5 -5.45382e-6 1 2.40654e-6 -2.41287e-5 1 0.1913845 0.331483 0.9238458 -1.39549e-5 -1.47671e-5 1 -1.36942e-5 -8.64267e-6 1 -5.8345e-6 -1.32428e-5 1 -0.191375 -0.3314736 0.9238512 0.191393 0.3314673 0.9238497 0.249996 0.4330018 0.8660321 0.3535474 0.6123608 0.7071198 0.3535363 0.6123847 0.7071048 0.2500034 0.4329916 0.8660351 0.4329978 0.7499994 0.5000141 0.3535658 0.6123816 0.7070927 0.4330106 0.7500013 0.5000001 0.461921 0.8000869 0.3827403 0.4619223 0.8000677 0.382779 0.4330115 0.7499902 0.5000157 0.4999988 0.8660262 -1.48863e-5 0.4619161 0.800077 0.382767 0.4999896 0.8660315 -1.7181e-5 0.5000008 0.866025 -1.68826e-5 0.5000035 0.8660235 1.73897e-5 0.4999921 0.86603 1.72108e-5 0.4596237 0.8014068 -0.3827446 0.4619215 0.8000683 -0.3827785 0.4999977 0.8660268 1.52743e-5 0.4330106 0.749991 -0.5000154 0.4619432 0.8000714 -0.3827458 0.4330089 0.7500039 -0.4999976 0.3535644 0.6123847 -0.7070906 0.3535363 0.6123846 -0.7071048 0.4329977 0.7499994 -0.500014 0.2500035 0.4329915 -0.8660351 0.3535464 0.6123606 -0.7071205 0.2500079 0.4330024 -0.8660283 0.1913919 0.3314667 -0.9238502 0.1913842 0.3315041 -0.9238383 0.2500231 0.4330276 -0.8660113 -2.88188e-5 -3.76999e-6 -1 0.1913866 0.3314873 -0.9238438 -1.91629e-5 -5.06639e-6 -1 -8.07038e-6 -1.23621e-5 -1 -5.69969e-6 -1.5676e-5 -1 -1.37389e-5 -1.12504e-5 -1 -0.1913785 -0.3314739 -0.9238503 -0.1913921 -0.3314987 -0.9238386 -6.02752e-6 1.23978e-5 -1 -0.2500054 -0.4330291 -0.8660157 -0.1913748 -0.3314706 -0.9238522 -0.2500097 -0.4330127 -0.8660227 -0.3535475 -0.6123746 -0.7071079 -0.3535687 -0.6123654 -0.7071053 -0.2500048 -0.4330134 -0.8660238 -0.4330319 -0.749992 -0.4999955 -0.3535596 -0.6123704 -0.7071056 -0.4330113 -0.7499941 -0.50001 -0.4619203 -0.8000711 -0.3827742 -0.4619292 -0.8000622 -0.3827819 -0.4330052 -0.7500057 -0.499998 -0.5000083 -0.8660206 7.24196e-6 -0.4619111 -0.8000809 -0.3827645 -0.5000045 -0.8660228 1.84923e-5 -0.5000005 -0.8660252 1.78401e-5 -0.4999979 -0.8660266 -1.77026e-5 -0.500002 -0.8660244 -1.78367e-5 -0.4640968 -0.798826 0.3827419 -0.4619256 -0.8000637 0.3827829 -0.5000049 -0.8660226 -6.09725e-6 -0.4330015 -0.7500073 0.4999988 -0.4619239 -0.8000693 0.3827734 -0.433015 -0.749993 0.5000086 -0.3535633 -0.6123692 0.7071046 -0.3535687 -0.6123654 0.7071053 -0.433032 -0.749992 0.4999954 -0.2500047 -0.4330134 0.8660238 -0.3535423 -0.6123782 0.7071073 -0.2500046 -0.4330163 0.8660223 -0.1913694 -0.3314742 0.9238521 -0.1913919 -0.3315002 0.9238381 -0.2500054 -0.4330307 0.8660149 -5.81145e-6 1.10567e-5 1 0.8660088 -0.500029 8.06765e-5 0.8658976 -0.5002213 0 0.8658976 -0.5002213 0 0.8658976 -0.5002213 0 0.8660081 -0.5000301 -8.19017e-5 0.8660656 -0.4999305 -1.6534e-4 0.8659831 -0.5000732 -1.30139e-4 0.8661844 -0.4997246 -8.11843e-6 0.8661844 -0.4997246 -8.11149e-6 0.8661844 -0.4997246 -8.07266e-6 0.8660259 -0.4999991 1.5079e-6 0.866026 -0.4999991 1.50728e-6 0.866026 -0.4999991 1.50397e-6 0.8660233 -0.5000036 5.22734e-7 0.8660234 -0.5000036 5.00339e-7 0.8660234 -0.5000036 5.08611e-7 0.8660246 -0.5000014 -3.84951e-6 0.8660246 -0.5000014 -3.85414e-6 0.8660247 -0.5000014 -3.87616e-6 0.8660558 -0.4999476 -1.15519e-5 0.8659846 -0.5000709 -6.91839e-5 0.8660204 -0.5000089 0 0.866019 -0.5000112 0 0.8659871 -0.5000665 7.03865e-5 0.8660557 -0.4999476 1.19019e-5 0.8660342 -0.499985 -1.76982e-4 0.8660342 -0.499985 -1.76978e-4 0.8660341 -0.499985 -1.76983e-4 0.8661069 -0.4998589 9.10647e-5 0.8659937 -0.500055 -1.01066e-4 0.8659938 -0.500055 -1.01065e-4 0.8659937 -0.500055 -1.01052e-4 0.8660343 -0.4999847 -7.25052e-6 0.8660342 -0.4999847 -7.26991e-6 0.8660342 -0.4999847 -7.2488e-6 0.8661633 -0.4997612 -2.28989e-4 0.8660211 -0.5000075 -5.23955e-6 0.8660212 -0.5000075 -5.2559e-6 0.8660212 -0.5000075 -5.25289e-6 0.5768021 0.7152848 -0.3945466 0.5768117 0.7152819 -0.3945378 0.7423348 0.4285678 -0.5150425 0.5193107 0.8148579 0.2575327 0.5193186 0.8148542 0.2575281 0.4887243 0.8678405 -0.08945107 0.8304079 0.276037 0.4839696 0.8304044 0.2760311 0.4839789 0.6542505 0.5811468 0.4839678 0.9959363 -0.01067662 -0.08942574 0.995936 -0.01068741 -0.08942735 0.9653422 0.0423054 0.2575359 0.7423207 0.4285837 -0.5150495 0.7423202 0.4285833 -0.5150506 0.9078629 0.1418648 -0.394537 0.9653471 0.0422917 0.2575197 0.9653482 0.04230386 0.2575138 0.8304135 0.2760304 0.4839633 0.907862 0.1418644 -0.3945392 0.9078631 0.1418693 -0.394535 0.9959353 -0.01067978 -0.08943587 0.6542388 0.5811469 0.4839834 0.6542507 0.5811465 0.4839677 0.519308 0.8148621 0.2575249 0.4887292 0.8678393 -0.08943581 0.4887168 0.8678461 -0.08943778 0.5767927 0.7153003 -0.3945323 0.3213948 -0.5566765 -0.7660397 0.3214055 -0.5566722 -0.7660383 -8.82149e-6 -2.11596e-5 -1 1.91778e-5 -3.33786e-6 -1 0.3214335 -0.5566536 -0.76604 -1.38581e-5 -2.20239e-5 -1 1.44839e-5 1.99378e-5 -1 -1.79559e-5 1.43051e-6 -1 -0.3214324 0.5566525 -0.7660414 -0.3214002 0.5566717 -0.7660409 1.41561e-5 2.05636e-5 -1 -0.3213898 0.5566774 -0.7660411 -0.3213932 0.5566553 -0.7660557 -0.3214007 0.5566523 -0.7660548 -0.4922021 0.8529807 -0.1736697 -0.4924298 0.8528513 -0.1736592 -0.3212733 0.5567349 -0.7660481 -0.4924049 0.8528659 -0.1736589 -0.4923878 0.8528791 -0.1736418 -0.4924302 0.8528543 -0.1736435 -0.4330653 0.7499697 0.5 -0.4330111 0.7500016 0.499999 -0.4922641 0.8529501 -0.1736438 -0.4330276 0.749992 0.4999992 -0.4330282 0.7500023 0.4999833 -0.4330439 0.7499927 0.499984 -0.1710228 0.296165 0.9397008 -0.171011 0.296173 0.9397004 -0.433286 0.7498536 0.4999828 -0.1709967 0.2961803 0.9397007 -0.170993 0.2961823 0.9397007 -0.1710417 0.2962048 0.9396849 0.1709203 -0.296271 0.939686 0.1710394 -0.2962052 0.9396851 -0.1709227 0.2962706 0.9396857 0.1710129 -0.2962212 0.9396848 0.170998 -0.29618 0.9397006 0.1710121 -0.2961726 0.9397004 0.4332871 -0.7498532 0.4999827 0.4330457 -0.7499938 0.4999809 0.1710253 -0.2961671 0.9396997 0.4330301 -0.7500033 0.4999802 0.4330267 -0.7499918 0.5000002 0.4330102 -0.7500015 0.5 0.4922639 -0.8529506 -0.1736428 0.4923778 -0.8528844 -0.1736441 0.4330686 -0.7499684 0.4999991 0.4923911 -0.8528769 -0.1736437 0.4924054 -0.8528659 -0.1736565 0.4924305 -0.8528515 -0.1736562 0.3212748 -0.5567364 -0.7660465 0.3213967 -0.5566534 -0.7660557 0.4921984 -0.8529826 -0.1736707 0.3213898 -0.5566572 -0.7660558 -0.2500054 0.4330309 0.8660148 -0.1913919 0.3315004 0.923838 -5.99027e-6 -1.07512e-5 1 -1.37128e-5 8.64267e-6 1 -0.191375 0.3314736 0.9238512 -5.84871e-6 1.32322e-5 1 2.48849e-6 2.41995e-5 1 -1.39896e-5 1.47567e-5 1 0.1913807 -0.331485 0.9238458 -0.191371 0.331474 0.9238518 -0.250006 0.433016 0.8660219 -0.3535436 0.6123779 0.707107 -0.3535687 0.6123654 0.7071053 -0.2500048 0.4330134 0.8660238 -0.4330319 0.749992 0.4999955 -0.35356 0.6123693 0.7071062 -0.433012 0.7499933 0.5000107 -0.4619209 0.8000701 0.3827753 -0.4619256 0.8000638 0.3827831 -0.4330015 0.7500074 0.4999988 -0.5000049 0.8660227 -6.15418e-6 -0.4619349 0.800067 0.3827653 -0.4999992 0.8660259 -1.72555e-5 -0.5000034 0.8660235 -1.75648e-5 -0.4999979 0.8660266 1.77026e-5 -0.500002 0.8660244 1.78367e-5 -0.4640968 0.798826 -0.3827419 -0.4619292 0.8000622 -0.3827819 -0.5000084 0.8660206 7.24569e-6 -0.433005 0.7500057 -0.4999981 -0.4619179 0.8000726 -0.3827737 -0.43302 0.7499944 -0.5000021 -0.3535571 0.6123719 -0.7071055 -0.3535687 0.6123654 -0.7071053 -0.433032 0.749992 -0.4999954 -0.2500047 0.4330134 -0.8660238 -0.3535485 0.6123743 -0.7071077 -0.2500107 0.4330125 -0.8660224 -0.1913759 0.3314706 -0.9238521 -0.191392 0.3314988 -0.9238386 -0.2500054 0.433029 -0.8660157 -5.93811e-6 -1.2368e-5 -1 -0.1913787 0.3314741 -0.9238502 -1.38804e-5 1.14739e-5 -1 -5.81122e-6 1.59097e-5 -1 -2.28733e-6 1.29789e-5 -1 -1.30087e-5 4.81494e-6 -1 0.1913888 -0.331489 -0.9238427 0.1913841 -0.3315042 -0.9238383 -2.88635e-5 3.71039e-6 -1 0.2500233 -0.4330276 -0.8660113 0.191393 -0.3314657 -0.9238503 0.2499961 -0.4330007 -0.8660327 0.3535476 -0.6123598 -0.7071207 0.3535363 -0.6123847 -0.7071048 0.2500034 -0.4329916 -0.8660351 0.4329978 -0.7499994 -0.5000141 0.353565 -0.6123836 -0.7070913 0.4330096 -0.7500028 -0.4999985 0.4619441 -0.8000704 -0.3827468 0.4619215 -0.8000683 -0.3827785 0.4330106 -0.7499911 -0.5000153 0.4999978 -0.8660268 1.53035e-5 0.4619187 -0.8000755 -0.3827669 0.4999923 -0.8660299 1.71959e-5 0.5000035 -0.8660234 1.74022e-5 0.5000008 -0.866025 -1.6883e-5 0.4999895 -0.8660315 -1.7181e-5 0.459621 -0.8014083 0.3827447 0.4619223 -0.8000676 0.382779 0.4999987 -0.8660263 -1.48442e-5 0.4330115 -0.7499902 0.5000157 0.4619022 -0.8000783 0.3827811 0.4330124 -0.7500013 0.4999985 0.3535678 -0.6123819 0.7070915 0.3535363 -0.6123846 0.7071048 0.4329977 -0.7499994 0.500014 0.2500035 -0.4329915 0.8660351 0.3535461 -0.6123617 0.7071198 0.2500078 -0.4330035 0.8660278 0.1913919 -0.3314682 0.9238496 0.1913703 -0.3315028 0.9238417 0.2499919 -0.4330357 0.8660162 -1.98632e-5 5.55813e-6 1 0.8660081 0.5000301 -8.17267e-5 0.8658976 0.5002213 0 0.8658976 0.5002213 -2.91911e-7 0.8658976 0.5002213 0 0.8660088 0.500029 8.05015e-5 0.8660212 0.5000075 -5.23916e-6 0.8660212 0.5000075 -5.25293e-6 0.866021 0.5000075 -5.25596e-6 0.8661636 0.4997606 -2.28818e-4 0.8660342 0.4999847 -7.24882e-6 0.8660343 0.4999848 -7.27002e-6 0.8660342 0.4999847 -7.25051e-6 0.8659937 0.500055 -1.01066e-4 0.8659937 0.500055 -1.01052e-4 0.8659937 0.500055 -1.01065e-4 0.8661069 0.4998589 9.10647e-5 0.8660341 0.499985 -1.76982e-4 0.8660342 0.499985 -1.76983e-4 0.8660342 0.499985 -1.76978e-4 0.8660557 0.4999476 1.19019e-5 0.8659871 0.5000665 7.03865e-5 0.866019 0.5000112 0 0.8660204 0.5000089 0 0.8659846 0.5000709 -6.91839e-5 0.8660557 0.4999475 -1.12018e-5 0.8660246 0.5000014 -3.84951e-6 0.8660247 0.5000013 -3.87623e-6 0.8660246 0.5000014 -3.85428e-6 0.8660234 0.5000038 5.22035e-7 0.8660234 0.5000038 5.4008e-7 0.8660234 0.5000038 5.50142e-7 0.866026 0.4999991 1.5079e-6 0.866026 0.4999991 1.50408e-6 0.8660259 0.4999991 1.50729e-6 0.8661125 0.4998492 -4.41795e-6 0.8661125 0.4998492 -4.44516e-6 0.8661125 0.4998493 -4.45009e-6 0.8659836 0.5000725 -1.29797e-4 0.8660656 0.4999305 -1.6534e-4 -0.3310358 0.8571735 -0.3945492 -0.3310428 0.8571663 -0.3945588 -2.07089e-5 0.8571671 -0.5150385 -0.4460379 0.8571722 0.2574997 -0.4460468 0.8571661 0.2575049 -0.5072073 0.8571699 -0.08944642 0.1761435 0.85716 0.483994 0.1761402 0.857166 0.4839847 -0.1761351 0.8571746 0.4839713 0.507207 0.8571701 -0.08944648 0.5072051 0.8571711 -0.08944702 0.4460382 0.857172 0.2574997 2.00421e-5 0.857168 -0.5150372 2.0422e-5 0.8571709 -0.5150322 0.3310354 0.8571743 -0.3945478 0.4460499 0.8571609 0.2575168 0.4460357 0.8571707 0.2575088 0.1761623 0.8571685 0.4839721 0.3310464 0.8571685 -0.3945513 0.3310511 0.8571634 -0.3945581 0.5072074 0.857172 -0.0894255 -0.1761617 0.8571706 0.4839689 -0.1761652 0.8571646 0.4839781 -0.4460491 0.8571625 0.2575126 -0.5072063 0.857173 -0.08942174 -0.5072246 0.8571619 -0.08942431 -0.3310453 0.8571703 -0.3945479 0.6427862 0 -0.7660458 0.6427863 -1.11051e-5 -0.7660456 3.36766e-6 0 -1 3.54648e-6 1.10753e-5 -1 0.6427862 0 -0.7660458 3.39747e-6 0 -1 -3.39747e-6 0 -1 -3.54648e-6 -1.10753e-5 -1 -0.6427862 0 -0.7660458 -0.6427863 1.11051e-5 -0.7660456 -3.36766e-6 0 -1 -0.6427862 0 -0.7660458 -0.6427832 0 -0.7660481 -0.6427837 7.59587e-6 -0.7660477 -0.9848059 0 -0.1736592 -0.984804 -7.62567e-6 -0.1736696 -0.6427755 0 -0.7660546 -0.9848041 0 -0.173669 -0.9848101 0 -0.173635 -0.9848101 -2.36742e-5 -0.173635 -0.8660214 0 0.500007 -0.8660214 2.36966e-5 0.500007 -0.9848101 0 -0.173635 -0.8660214 0 0.500007 -0.8660337 0 0.4999857 -0.8660339 -1.42455e-5 0.4999853 -0.3420407 0 0.9396852 -0.342033 1.4212e-5 0.939688 -0.8660299 0 0.4999922 -0.3420335 0 0.9396879 -0.3420402 0 0.9396854 -0.3420402 -1.37538e-5 0.9396854 0.3420402 0 0.9396854 0.3420401 1.37538e-5 0.9396854 -0.3420401 0 0.9396854 0.3420401 0 0.9396854 0.3420323 0 0.9396882 0.3420318 -1.41859e-5 0.9396885 0.8660293 0 0.4999934 0.8660333 1.4212e-5 0.4999865 0.3420394 0 0.9396857 0.866033 0 0.4999868 0.8660225 0 0.5000051 0.8660225 -2.37152e-5 0.5000051 0.9848097 0 -0.1736372 0.9848097 2.36928e-5 -0.1736372 0.8660226 0 0.5000051 0.9848097 0 -0.1736372 0.9848042 0 -0.1736688 0.9848041 7.62194e-6 -0.1736693 0.6427757 0 -0.7660545 0.6427834 -7.60332e-6 -0.766048 0.9848058 0 -0.1736594 0.6427831 0 -0.7660483 -0.4999907 1.81869e-5 0.8660309 -0.3827567 -3.6452e-6 0.9238492 -8.52428e-6 -5.49108e-6 1 1.27107e-5 -8.79168e-6 1 -0.3827713 1.20234e-6 0.9238432 1.27554e-5 1.17024e-5 1 -1.27107e-5 -8.72977e-6 1 -1.27739e-5 1.17016e-5 1 0.3827714 1.15484e-6 0.9238432 -0.3827672 -1.1608e-5 0.9238449 -0.5000074 -1.16229e-6 0.8660212 -0.7071003 -2.60025e-6 0.7071133 -0.7071085 -2.24151e-5 0.7071051 -0.4999912 -1.14739e-5 0.8660305 -0.8660305 -1.1459e-5 0.4999913 -0.7070969 2.10777e-5 0.7071167 -0.8660227 -1.09002e-5 0.5000047 -0.9238497 1.74344e-5 0.3827557 -0.9238375 -3.37139e-6 0.3827852 -0.8660205 -2.55853e-5 0.5000088 -1 -1.65552e-5 -1.75238e-5 -0.9238443 -8.00937e-6 0.3827687 -1 7.89836e-6 -1.57356e-5 -1 -2.97651e-6 -1.57119e-5 -1 -2.96411e-6 1.44243e-5 -1 7.83056e-6 1.44318e-5 -0.9238438 -7.97375e-6 -0.3827698 -0.923838 -3.77372e-6 -0.382784 -1 -1.70246e-5 1.87304e-5 -0.8660144 1.41859e-5 -0.5000192 -0.9238511 1.76877e-5 -0.3827521 -0.8660202 -5.74626e-7 -0.5000092 -0.7070928 -1.10529e-5 -0.7071208 -0.707106 -2.20388e-5 -0.7071076 -0.866029 -1.11535e-5 -0.499994 -0.4999887 -1.09077e-5 -0.866032 -0.7071001 -4.26918e-6 -0.7071135 -0.5000074 -2.75113e-6 -0.8660212 -0.382767 -1.30944e-5 -0.9238449 -0.3827567 -7.11903e-6 -0.9238492 -0.4999905 1.46776e-5 -0.8660309 -8.46386e-6 -8.9258e-6 -1 -0.382776 1.18464e-6 -0.9238412 7.51019e-6 -8.72978e-6 -1 7.54352e-6 1.17035e-5 -1 -7.55489e-6 1.17024e-5 -1 -7.50274e-6 -8.83639e-6 -1 0.382776 1.20117e-6 -0.9238412 0.3827567 -7.10599e-6 -0.9238492 8.48482e-6 -8.94815e-6 -1 0.4999906 1.46925e-5 -0.8660309 0.3827763 1.28597e-5 -0.923841 0.5000087 -7.60425e-6 -0.8660205 0.707101 -9.16794e-6 -0.7071126 0.7071061 -1.72891e-5 -0.7071076 0.4999889 -6.12438e-6 -0.8660318 0.8660289 -6.16908e-6 -0.4999941 0.7070947 -1.12876e-5 -0.707119 0.8660215 -6.22123e-7 -0.5000067 0.923852 1.76243e-5 -0.3827497 0.923852 1.75983e-5 -0.3827503 0.8660123 9.0003e-6 -0.5000227 1 -2.21431e-5 1.5378e-5 0.9238425 -8.02427e-6 -0.3827731 1 7.80547e-6 1.09673e-5 1 -2.97767e-6 1.09584e-5 1 -2.96411e-6 -1.22786e-5 1 7.78586e-6 -1.22786e-5 0.923843 -7.97259e-6 0.3827719 0.9238514 1.80425e-5 0.3827515 1 -2.186e-5 -1.41168e-5 0.8660118 9.6038e-6 0.5000238 0.9238542 -9.40263e-6 0.3827449 0.8660241 -7.6713e-6 0.5000023 0.7070922 -8.16211e-6 0.7071215 0.7071086 -1.76542e-5 0.7071051 0.8660303 -6.55651e-6 0.4999915 0.4999915 -6.58631e-6 0.8660304 0.7071013 -5.20051e-6 0.7071124 0.5000088 -3.62843e-6 0.8660204 0.3827689 -1.40294e-5 0.9238442 0.3827567 -3.60981e-6 0.9238492 0.4999906 1.80826e-5 0.8660309 8.52346e-6 -5.43892e-6 1 0 1 1.40016e-6 0 1 2.80032e-6 0 1 2.34536e-6 0 1 -2.40606e-6 0 1 2.34535e-6 0 1 -2.74019e-6 0 1 -6.85134e-7 0 1 -2.40611e-6 -0.9078618 0.1418781 -0.3945348 -0.9078593 0.1418722 -0.3945426 -0.7423159 0.4285964 -0.515046 -0.9653418 0.04230695 0.2575373 -0.965342 0.04230713 0.2575365 -0.9959364 -0.01067495 -0.08942449 -0.6542505 0.5811479 0.4839663 -0.6542528 0.5811481 0.4839631 -0.830408 0.276038 0.4839685 -0.4887307 0.8678376 -0.08944499 -0.4887292 0.8678385 -0.08944356 -0.519315 0.8148531 0.2575393 -0.7423371 0.4285614 -0.5150446 -0.742317 0.4286044 -0.5150375 -0.5768062 0.7152799 -0.3945496 -0.5193085 0.814862 0.2575243 -0.5193011 0.8148656 0.2575277 -0.6542398 0.5811465 0.4839824 -0.5767946 0.7152963 -0.3945367 -0.5767944 0.7152965 -0.3945369 -0.4887327 0.867837 -0.08944016 -0.8304144 0.2760235 0.483966 -0.8304088 0.2760156 0.4839803 -0.9653489 0.04231059 0.25751 -0.9959352 -0.01068049 -0.08943861 -0.9959349 -0.01068997 -0.08943998 -0.9078611 0.1418636 -0.3945416 0.3213897 0.556677 -0.7660414 0.3213695 0.5566884 -0.7660416 -1.45137e-5 1.97589e-5 -1 -7.1153e-6 1.69277e-5 -1 0.3214325 0.5566532 -0.7660408 0 1.2815e-5 -1 -8.83639e-6 -4.17232e-6 -1 1.17123e-5 -1.73748e-5 -1 -0.3214282 -0.5566539 -0.766042 -0.3213749 -0.5566893 -0.7660387 8.9556e-6 -2.17259e-5 -1 -0.3213959 -0.5566783 -0.7660379 -0.3213872 -0.5566693 -0.7660481 -0.3213701 -0.5566792 -0.7660481 -0.492505 -0.852808 -0.173659 -0.4924047 -0.8528637 -0.1736697 -0.3215744 -0.5565514 -0.7660552 -0.492397 -0.8528682 -0.1736698 -0.4924063 -0.8528683 -0.1736428 -0.492394 -0.8528754 -0.1736428 -0.433069 -0.7499673 0.5000002 -0.4329942 -0.7500118 0.4999985 -0.4922617 -0.8529513 -0.1736449 -0.4330126 -0.7500015 0.4999979 -0.4330366 -0.7499985 0.4999815 -0.4329909 -0.7500255 0.4999807 -0.1707201 -0.2963432 0.9396997 -0.1710327 -0.2962111 0.9396845 -0.4329822 -0.7500286 0.4999837 -0.1710039 -0.2961766 0.9397006 -0.1710235 -0.2962135 0.9396854 -0.1710173 -0.296217 0.9396854 0.1709241 0.2962709 0.9396854 0.1710202 0.2962175 0.9396848 -0.1709215 -0.2962708 0.9396859 0.1710259 0.2962131 0.9396851 0.1710031 0.2961768 0.9397007 0.1710318 0.296211 0.9396847 0.4329813 0.7500289 0.499984 0.433045 0.7499928 0.499983 0.170718 0.296342 0.9397004 0.4330351 0.7499983 0.4999833 0.4330142 0.7500022 0.4999956 0.4329957 0.7500128 0.4999955 0.492262 0.8529506 -0.1736478 0.4923912 0.8528785 -0.1736353 0.4330642 0.7499665 0.5000059 0.4924032 0.8528712 -0.1736371 0.4923966 0.8528682 -0.1736709 0.4924041 0.8528639 -0.1736708 0.3215734 0.5565512 -0.7660557 0.3213736 0.5566771 -0.7660482 0.4925085 0.852806 -0.1736586 0.3213912 0.556668 -0.7660474 -0.2499923 -0.4330345 0.8660169 -0.1913705 -0.3315015 0.9238421 1.97738e-5 6.73905e-6 1 -2.16067e-6 2.38735e-5 1 -0.1913844 -0.3314831 0.9238458 1.41338e-5 1.45137e-5 1 1.36718e-5 7.6443e-6 1 5.60028e-6 1.24266e-5 1 0.1913753 0.3314725 0.9238514 -0.1913932 -0.3314685 0.9238492 -0.249996 -0.4330031 0.8660314 -0.3535469 -0.6123622 0.7071189 -0.3535364 -0.6123825 0.7071066 -0.2500038 -0.4329894 0.8660359 -0.4329984 -0.7499977 0.5000159 -0.353563 -0.6123851 0.7070911 -0.4330082 -0.7500041 0.4999978 -0.4619427 -0.8000713 0.3827466 -0.4619103 -0.8000805 0.3827665 -0.4330144 -0.7499891 0.500015 -0.5000009 -0.866025 -1.54972e-5 -0.4619135 -0.8000774 0.3827688 -0.499987 -0.866033 -1.51843e-5 -0.4999982 -0.8660266 -1.44203e-5 -0.5000007 -0.866025 1.82092e-5 -0.4999895 -0.8660315 1.84774e-5 -0.4596217 -0.8014084 -0.3827435 -0.4619103 -0.8000805 -0.3827665 -0.5000008 -0.8660249 1.5495e-5 -0.4330144 -0.7499892 -0.5000149 -0.4619406 -0.800073 -0.3827454 -0.4330127 -0.7499972 -0.5000044 -0.3535612 -0.6123873 -0.70709 -0.3535364 -0.6123825 -0.7071066 -0.4329982 -0.7499978 -0.500016 -0.2500039 -0.4329894 -0.8660361 -0.3535462 -0.612361 -0.7071204 -0.2500081 -0.4330026 -0.8660283 -0.1913922 -0.3314667 -0.92385 -0.1913842 -0.3315043 -0.9238383 -0.2500233 -0.4330276 -0.8660112 2.90126e-5 3.39374e-6 -1 -0.1913866 -0.331488 -0.9238435 1.92448e-5 4.30644e-6 -1 8.1223e-6 1.15283e-5 -1 5.72204e-6 1.56611e-5 -1 1.39326e-5 1.10865e-5 -1 0.1913791 0.3314735 -0.9238504 0.1914038 0.3314829 -0.9238418 5.63264e-6 -8.67248e-6 -1 0.250005 0.4330322 -0.8660143 0.1913755 0.3314744 -0.9238507 0.2500102 0.433017 -0.8660204 0.3535469 0.6123783 -0.707105 0.3535676 0.6123639 -0.7071071 0.2500059 0.4330147 -0.8660227 0.4330317 0.7499932 -0.4999938 0.3535611 0.6123645 -0.7071099 0.4330244 0.7499877 -0.5000084 0.4619233 0.8000662 -0.3827804 0.4619267 0.8000639 -0.3827815 0.4330024 0.7500075 -0.4999977 0.5000057 0.8660222 7.42078e-6 0.4619094 0.8000823 -0.3827639 0.5000022 0.8660243 1.9148e-5 0.4999978 0.8660266 1.89181e-5 0.5000035 0.8660234 -1.87606e-5 0.4999995 0.8660257 -1.84923e-5 0.464095 0.7988274 0.3827412 0.4619226 0.8000658 0.3827823 0.5000019 0.8660244 -6.4841e-6 0.4329982 0.7500097 0.4999981 0.4619283 0.8000811 0.3827433 0.4330023 0.7500132 0.4999892 0.3535433 0.6123785 0.7071066 0.3535676 0.6123639 0.7071071 0.4330318 0.7499932 0.4999938 0.2500059 0.4330148 0.8660227 0.3535411 0.6123839 0.7071031 0.2500105 0.4330112 0.8660232 0.1913696 0.3314801 0.92385 0.1914036 0.3314827 0.923842 0.2500052 0.4330323 0.8660141 5.43892e-6 -8.83639e-6 1 -0.8660069 0.5000323 8.22514e-5 -0.8661921 0.4997113 0 -0.866006 0.5000335 -8.26016e-5 -0.8659935 0.5000553 1.39957e-4 -0.8659936 0.5000553 1.39954e-4 -0.8659935 0.5000553 1.39964e-4 -0.8659824 0.5000746 -1.30139e-4 -0.8661843 0.4997248 -5.41394e-6 -0.8661843 0.4997248 -5.41411e-6 -0.8661842 0.4997248 -5.42498e-6 -0.8659825 0.5000743 -1.17541e-4 -0.8659825 0.5000743 -1.17543e-4 -0.8659825 0.5000744 -1.17546e-4 -0.866095 0.4998797 -1.7891e-5 -0.866095 0.4998797 -1.7958e-5 -0.866095 0.4998797 -1.78982e-5 -0.866025 0.500001 -2.81242e-6 -0.8660249 0.500001 -2.78459e-6 -0.8660249 0.500001 -2.80613e-6 -0.8660534 0.4999516 -1.12018e-5 -0.8659868 0.500067 -6.85824e-5 -0.8660194 0.5000104 0 -0.8660204 0.5000087 0 -0.8659861 0.5000683 6.91832e-5 -0.8660545 0.4999495 1.05017e-5 -0.8660086 0.500029 3.00405e-4 -0.8661089 0.4998555 9.17654e-5 -0.8661203 0.4998354 3.05768e-4 -0.8659688 0.5000983 4.68952e-5 -0.8659687 0.5000982 4.68927e-5 -0.8659688 0.5000983 4.69193e-5 -0.8659766 0.5000847 8.32405e-5 -0.8659766 0.5000846 8.32879e-5 -0.8659766 0.5000847 8.32478e-5 -0.8660229 0.5000044 -3.13416e-6 -0.8660229 0.5000044 -3.15639e-6 -0.8660229 0.5000045 -3.13739e-6 -0.5768066 -0.7152802 -0.3945484 -0.5767934 -0.7152839 -0.3945611 -0.7423377 -0.4285618 -0.5150434 -0.5193114 -0.8148555 0.2575391 -0.5193198 -0.8148516 0.2575344 -0.4887272 -0.8678396 -0.08944481 -0.8304075 -0.2760385 0.4839693 -0.8304038 -0.2760332 0.4839786 -0.6542499 -0.5811483 0.483967 -0.9959365 0.0106765 -0.08942443 -0.9959362 0.01068741 -0.08942592 -0.9653418 -0.0423054 0.2575372 -0.7423179 -0.4285911 -0.5150474 -0.7423176 -0.4285904 -0.5150484 -0.9078623 -0.1418725 -0.3945355 -0.9653466 -0.04229098 0.2575217 -0.9653477 -0.0423029 0.2575158 -0.8304128 -0.2760294 0.4839653 -0.907862 -0.141862 -0.39454 -0.907863 -0.1418671 -0.3945359 -0.9959353 0.01068204 -0.08943694 -0.6542368 -0.5811507 0.4839814 -0.6542485 -0.5811505 0.4839662 -0.5193046 -0.8148649 0.257523 -0.488734 -0.8678361 -0.0894407 -0.4887216 -0.8678429 -0.08944368 -0.5767958 -0.7152952 -0.3945372 -0.3213948 0.5566763 -0.7660398 -0.3214055 0.556672 -0.7660384 8.79168e-6 2.09808e-5 -1 -1.92821e-5 3.8445e-6 -1 -0.3214334 0.556654 -0.7660397 1.37985e-5 2.25604e-5 -1 -1.44988e-5 -1.97589e-5 -1 1.81049e-5 -1.13249e-6 -1 0.3214324 -0.5566523 -0.7660414 0.3214 -0.5566722 -0.7660407 -1.4171e-5 -2.10106e-5 -1 0.3213897 -0.5566779 -0.7660409 0.3213942 -0.5566571 -0.766054 0.3214013 -0.5566543 -0.766053 0.4922014 -0.8529816 -0.1736673 0.4924296 -0.8528509 -0.1736617 0.3212724 -0.5567333 -0.7660496 0.4924048 -0.8528654 -0.1736613 0.4923865 -0.8528799 -0.1736421 0.4924297 -0.8528546 -0.1736438 0.4330658 -0.7499696 0.4999997 0.4330106 -0.7500008 0.5000009 0.4922646 -0.8529503 -0.1736419 0.4330268 -0.7499912 0.5000009 0.4330287 -0.7500021 0.4999829 0.4330436 -0.7499933 0.4999834 0.1710218 -0.2961661 0.9397006 0.1710112 -0.2961723 0.9397006 0.4332866 -0.7498529 0.4999834 0.1710189 -0.2962189 0.9396845 0.1709921 -0.2961829 0.9397007 0.1710417 -0.2962048 0.9396849 -0.1709193 0.2962716 0.939686 -0.1710394 0.2962052 0.9396851 0.1709217 -0.2962712 0.9396857 -0.1710119 0.2962218 0.9396849 -0.1709977 0.2961798 0.9397007 -0.1710122 0.2961719 0.9397006 -0.4332876 0.7498525 0.4999831 -0.4330447 0.7499938 0.4999817 -0.1710233 0.2961671 0.9397 -0.43303 0.7500026 0.4999812 -0.4330265 0.7499919 0.5000002 -0.4330102 0.7500014 0.5000001 -0.4922642 0.8529504 -0.1736428 -0.4923773 0.8528845 -0.1736455 -0.4330694 0.7499687 0.499998 -0.4923896 0.8528774 -0.173645 -0.4924054 0.8528655 -0.1736588 -0.4924306 0.852851 -0.1736587 -0.3212739 0.5567348 -0.766048 -0.3213965 0.556654 -0.7660552 -0.4921975 0.8529832 -0.17367 -0.3213902 0.5566576 -0.7660553 0.2500052 -0.4330323 0.8660141 0.1914036 -0.3314827 0.923842 5.58048e-6 8.89227e-6 1 1.36606e-5 -7.6592e-6 1 0.1913753 -0.3314725 0.9238515 5.61774e-6 -1.24276e-5 1 -2.20537e-6 -2.39313e-5 1 1.41612e-5 -1.44589e-5 1 -0.1913807 0.3314852 0.9238458 0.1913712 -0.3314799 0.9238497 0.2500119 -0.4330109 0.866023 0.3535425 -0.6123834 0.7071028 0.3535676 -0.6123639 0.7071071 0.2500059 -0.4330147 0.8660227 0.4330317 -0.7499932 0.4999938 0.3535395 -0.6123811 0.7071063 0.4329985 -0.7500157 0.4999888 0.4619244 -0.8000838 0.3827425 0.4619227 -0.8000658 0.3827824 0.4329982 -0.7500097 0.4999981 0.5000017 -0.8660244 -6.54161e-6 0.4619331 -0.8000683 0.3827645 0.4999969 -0.8660272 -1.78367e-5 0.5000009 -0.866025 -1.8613e-5 0.5000035 -0.8660234 1.87606e-5 0.4999995 -0.8660257 1.84923e-5 0.464095 -0.7988274 -0.3827412 0.4619267 -0.8000639 -0.3827815 0.5000059 -0.8660221 7.40902e-6 0.4330022 -0.7500075 -0.4999978 0.4619207 -0.8000674 -0.3827811 0.4330217 -0.7499887 -0.5000092 0.3535581 -0.6123653 -0.7071106 0.3535676 -0.6123639 -0.7071071 0.4330318 -0.7499932 -0.4999938 0.2500059 -0.4330148 -0.8660227 0.3535482 -0.612377 -0.7071055 0.2500114 -0.4330155 -0.8660207 0.1913768 -0.3314732 -0.9238509 0.1914038 -0.3314829 -0.9238418 0.250005 -0.4330322 -0.8660143 5.50598e-6 8.64267e-6 -1 0.1913753 -0.3314754 -0.9238504 1.37538e-5 -1.08033e-5 -1 5.56908e-6 -1.54065e-5 -1 2.41399e-6 -1.22935e-5 -1 1.32248e-5 -4.15929e-6 -1 -0.191385 0.3314918 -0.9238426 -0.1913842 0.3315043 -0.9238383 2.90051e-5 -3.36394e-6 -1 -0.2500234 0.4330277 -0.8660112 -0.1913932 0.3314658 -0.9238502 -0.2499963 0.4330008 -0.8660324 -0.3535474 0.6123601 -0.7071205 -0.3535364 0.6123825 -0.7071066 -0.2500038 0.4329894 -0.8660359 -0.4329984 0.7499977 -0.5000159 -0.3535622 0.612387 -0.7070898 -0.4330137 0.7499968 -0.5000041 -0.4619213 0.8000642 -0.3827875 -0.4619103 0.8000806 -0.3827665 -0.4330143 0.7499892 -0.5000149 -0.5000009 0.866025 1.55121e-5 -0.4619162 0.800076 -0.3827686 -0.4999896 0.8660315 1.51992e-5 -0.5000007 0.866025 1.4925e-5 -0.4999982 0.8660265 -1.76579e-5 -0.4999869 0.866033 -1.84625e-5 -0.4596191 0.8014099 0.3827437 -0.4619103 0.8000805 0.3827665 -0.5000008 0.866025 -1.54763e-5 -0.4330143 0.7499891 0.500015 -0.4619224 0.8000636 0.3827872 -0.4330151 0.7499963 0.5000037 -0.3535637 0.6123862 0.7070897 -0.3535364 0.6123825 0.7071066 -0.4329982 0.7499978 0.500016 -0.2500039 0.4329894 0.8660361 -0.3535455 0.6123632 0.7071189 -0.2500078 0.4330049 0.8660271 -0.1913921 0.3314695 0.9238491 -0.1913706 0.3315004 0.9238425 -0.2499923 0.4330335 0.8660174 1.96546e-5 -7.83801e-6 1 -0.866006 -0.5000335 -8.26016e-5 -0.8661921 -0.4997113 0 -0.8660069 -0.5000323 8.26014e-5 -0.8660229 -0.5000045 -3.13378e-6 -0.8660229 -0.5000044 -3.13743e-6 -0.8660229 -0.5000044 -3.15618e-6 -0.8659772 -0.5000836 8.12369e-5 -0.8659772 -0.5000836 8.12063e-5 -0.8659772 -0.5000836 8.1246e-5 -0.8659687 -0.5000982 4.69193e-5 -0.8659688 -0.5000983 4.68924e-5 -0.8659688 -0.5000983 4.68951e-5 -0.8661203 -0.4998354 3.05768e-4 -0.8658991 -0.5002189 -1.37942e-4 -0.8658991 -0.5002188 -1.37947e-4 -0.8658991 -0.5002189 -1.37917e-4 -0.8660086 -0.500029 3.00405e-4 -0.8660559 -0.4999474 1.05017e-5 -0.8659861 -0.5000683 6.91832e-5 -0.8660204 -0.5000087 0 -0.8660194 -0.5000104 0 -0.8659868 -0.500067 -6.85824e-5 -0.8660534 -0.4999516 -1.12018e-5 -0.8660249 -0.5000009 -2.81254e-6 -0.8660249 -0.5000009 -2.80645e-6 -0.8660249 -0.500001 -2.78454e-6 -0.866095 -0.4998797 -1.7898e-5 -0.866095 -0.4998797 -1.79579e-5 -0.866095 -0.4998797 -1.78909e-5 -0.8659825 -0.5000744 -1.17541e-4 -0.8659825 -0.5000743 -1.17546e-4 -0.8659825 -0.5000743 -1.17543e-4 -0.8661843 -0.4997248 -5.42491e-6 -0.8661842 -0.4997248 -5.41397e-6 -0.8661842 -0.4997248 -5.41399e-6 -0.8659828 -0.500074 -1.29797e-4 -0.8659935 -0.5000553 1.39957e-4 -0.8659936 -0.5000553 1.39964e-4 -0.8659935 -0.5000554 1.39954e-4 0.3310358 -0.8571735 -0.3945492 0.3310428 -0.8571663 -0.3945588 2.07089e-5 -0.8571671 -0.5150385 0.4460383 -0.857172 0.2574998 0.4460468 -0.857166 0.2575049 0.5072069 -0.8571701 -0.08944648 -0.1761435 -0.85716 0.483994 -0.1761402 -0.857166 0.4839847 0.1761351 -0.8571746 0.4839713 -0.5072075 -0.8571701 -0.0894435 -0.5072054 -0.8571713 -0.08944398 -0.4460377 -0.8571715 0.2575024 -2.12491e-5 -0.8571662 -0.5150399 -2.10479e-5 -0.8571693 -0.5150349 -0.331073 -0.8571726 -0.3945198 -0.44605 -0.8571617 0.2575138 -0.4460358 -0.8571714 0.2575063 -0.1761626 -0.8571697 0.4839699 -0.331045 -0.8571692 -0.3945506 -0.33105 -0.8571642 -0.3945572 -0.5072062 -0.8571728 -0.08942466 0.1761612 -0.8571693 0.4839711 0.1761645 -0.8571633 0.4839807 0.4460489 -0.8571617 0.2575155 0.5072075 -0.8571722 -0.08942258 0.5072259 -0.8571611 -0.08942484 0.3310467 -0.8571695 -0.3945486 0.6427832 0 -0.7660481 0.6427837 -7.59587e-6 -0.7660477 0.9848059 0 -0.1736592 0.984804 7.62567e-6 -0.1736696 0.6427755 0 -0.7660546 0.9848041 0 -0.173669 0.3420402 0 0.9396854 0.3420402 1.37538e-5 0.9396854 -0.3420402 0 0.9396854 -0.3420401 -1.37538e-5 0.9396854 0.3420401 0 0.9396854 -0.3420401 0 0.9396854 -0.9848042 0 -0.1736688 -0.9848041 -7.62194e-6 -0.1736693 -0.6427757 0 -0.7660545 -0.6427834 7.60332e-6 -0.766048 -0.9848058 0 -0.1736594 -0.6427831 0 -0.7660483 0.4999907 -1.81869e-5 0.8660309 0.3827567 3.6452e-6 0.9238492 8.52428e-6 5.49108e-6 1 -1.27107e-5 8.79168e-6 1 0.3827713 -1.20234e-6 0.9238432 -1.27554e-5 -1.17024e-5 1 1.27107e-5 8.72977e-6 1 1.27739e-5 -1.17016e-5 1 -0.3827714 -1.15484e-6 0.9238432 0.3827689 1.49086e-5 0.9238442 0.5000087 4.44148e-6 0.8660205 0.7071012 5.98282e-6 0.7071124 0.7071086 1.7643e-5 0.7071051 0.4999915 6.60121e-6 0.8660303 0.8660303 6.34789e-6 0.4999914 0.7070921 8.24779e-6 0.7071215 0.8660241 7.62194e-6 0.5000023 0.9238541 9.2797e-6 0.3827449 0.9238514 -1.7982e-5 0.3827514 0.8660117 -9.46969e-6 0.5000237 1 2.18451e-5 -1.40965e-5 0.923843 8.03918e-6 0.3827719 1 -7.80546e-6 -1.22935e-5 1 2.9779e-6 -1.22697e-5 1 2.96411e-6 1.09673e-5 1 -7.77095e-6 1.09673e-5 0.9238425 7.97235e-6 -0.382773 0.923852 -1.76001e-5 -0.3827503 1 2.22623e-5 1.53529e-5 0.8660123 -9.05246e-6 -0.5000227 0.923852 -1.7561e-5 -0.3827497 0.8660215 6.18398e-7 -0.5000067 0.7070947 1.11498e-5 -0.7071189 0.7071061 1.73002e-5 -0.7071076 0.8660289 6.25849e-6 -0.4999942 0.4999889 6.10948e-6 -0.8660318 0.7071011 7.65175e-6 -0.7071125 0.5000088 6.03683e-6 -0.8660204 0.3827686 1.63876e-5 -0.9238442 0.3827567 7.11903e-6 -0.9238492 0.4999905 -1.46776e-5 -0.8660309 8.46386e-6 8.9258e-6 -1 0.382776 -1.18464e-6 -0.9238412 -7.51019e-6 8.72978e-6 -1 -7.54352e-6 -1.17035e-5 -1 7.55489e-6 -1.17024e-5 -1 7.50274e-6 8.83639e-6 -1 -0.382776 -1.20117e-6 -0.9238412 -0.3827567 7.10599e-6 -0.9238492 -8.48482e-6 8.94815e-6 -1 -0.4999906 -1.46925e-5 -0.8660309 -0.3827671 1.31205e-5 -0.9238449 -0.5000074 2.76044e-6 -0.8660212 -0.7071001 4.20213e-6 -0.7071136 -0.707106 2.20537e-5 -0.7071076 -0.4999887 1.09673e-5 -0.8660319 -0.866029 1.11759e-5 -0.4999939 -0.7070928 1.11535e-5 -0.7071208 -0.8660202 5.40167e-7 -0.5000092 -0.9238511 -1.77585e-5 -0.3827521 -0.9238379 3.82215e-6 -0.3827839 -0.8660144 -1.42157e-5 -0.5000192 -1 1.69426e-5 1.87457e-5 -0.9238438 8.09878e-6 -0.3827698 -1 -7.89836e-6 1.44243e-5 -1 2.97627e-6 1.44155e-5 -1 2.96411e-6 -1.57058e-5 -1 -7.83801e-6 -1.57431e-5 -0.9238443 7.97398e-6 0.3827686 -0.9238375 3.32389e-6 0.3827852 -1 1.66371e-5 -1.74643e-5 -0.8660205 2.55927e-5 0.5000088 -0.9238497 -1.74567e-5 0.3827556 -0.8660227 1.09356e-5 0.5000047 -0.7070969 -2.1182e-5 0.7071167 -0.7071084 2.24113e-5 0.7071051 -0.8660305 1.14441e-5 0.4999913 -0.4999913 1.13845e-5 0.8660305 -0.7071003 1.83284e-6 0.7071133 -0.5000074 3.37139e-7 0.8660212 -0.3827672 1.07326e-5 0.9238448 -0.3827567 3.60981e-6 0.9238492 -0.4999906 -1.80826e-5 0.8660309 -8.52346e-6 5.43892e-6 1 0 -1 1.40016e-6 0 -1 2.80032e-6 0 -1 -2.40611e-6 0 -1 2.80116e-6 0 -1 2.34535e-6 0 -1 -2.40606e-6 0 -1 2.34536e-6 0 -1 -1.37026e-6 -0.1664125 -0.9706475 -0.1736385 -0.08448308 -0.9926062 -0.08715265 7.90949e-6 -0.9848058 -0.17366 1.27628e-5 -0.9848062 -0.1736572 -0.08447349 -0.9926062 -0.08716267 4.03449e-6 -0.9961956 -0.08714669 -1.28783e-5 -0.9848063 -0.173657 -4.12096e-6 -0.9961956 -0.0871464 0.08447337 -0.9926062 -0.08716237 0.08448529 -0.9926053 -0.0871613 1.50055e-5 -0.996196 -0.08714103 0.0848084 -0.9963973 6.58041e-6 0.08449763 -0.9926063 -0.08713775 0.08481305 -0.996397 -1.39624e-5 0.1683602 -0.9818651 -0.0871542 0.1683576 -0.9818649 -0.08716154 0.08482307 -0.9963961 -1.61603e-5 0.2519763 -0.9677335 -6.20261e-6 0.1683663 -0.9818645 -0.08715003 0.2519782 -0.9677329 -6.0075e-6 0.2510206 -0.9640497 -0.08715999 0.2510253 -0.9640496 -0.08714812 0.2519931 -0.967729 -1.33887e-5 0.3318762 -0.9392877 -0.08716005 0.2510167 -0.9640519 -0.08714777 0.3318858 -0.9392864 -0.08713835 0.3280749 -0.9285547 -0.1736467 0.3280808 -0.928552 -0.1736497 0.3318591 -0.9392954 -0.087143 0.4103347 -0.9077612 -0.08715093 0.3280743 -0.9285531 -0.1736568 0.4103335 -0.9077599 -0.08716905 0.4802787 -0.8597562 -0.1736428 0.480288 -0.8597509 -0.1736435 0.4103305 -0.907763 -0.087152 0.4858257 -0.8696977 -0.08717387 0.480296 -0.8597487 -0.1736317 0.4858392 -0.8696923 -0.08715277 0.5578556 -0.825351 -0.08713817 0.5578414 -0.8253585 -0.08715766 0.4858513 -0.8696868 -0.0871399 0.5599774 -0.828508 5.26554e-6 0.5578393 -0.8253597 -0.08716034 0.5599808 -0.8285056 -3.26708e-6 0.6258284 -0.775077 -0.08714771 0.6258289 -0.7750742 -0.08716815 0.559966 -0.8285157 1.13249e-6 0.6919284 -0.7219662 -1.35601e-5 0.6258349 -0.7750722 -0.08714312 0.6919363 -0.7219587 1.5156e-6 0.6892976 -0.7192184 -0.08714199 0.6893082 -0.7192075 -0.08714789 0.6919423 -0.7219527 -9.72301e-7 0.7478092 -0.6581687 -0.08715164 0.689306 -0.7192093 -0.08715105 0.7478138 -0.658163 -0.08715468 0.7392677 -0.6506382 -0.173647 0.7392733 -0.6506319 -0.1736466 0.7478146 -0.6581615 -0.08715993 0.8009433 -0.5923634 -0.0871523 0.7392638 -0.6506428 -0.173646 0.8009361 -0.5923696 -0.08717644 0.8385948 -0.5163357 -0.1736554 0.838598 -0.5163309 -0.1736547 0.8009423 -0.5923632 -0.08716261 0.8482787 -0.5223262 -0.08716952 0.838582 -0.5163533 -0.1736652 0.8482826 -0.5223249 -0.08714079 0.8895213 -0.4485013 -0.08717077 0.8895233 -0.4485023 -0.08714383 0.8482811 -0.522322 -0.08717256 0.89293 -0.4501956 8.9719e-6 0.889536 -0.4484783 -0.08713805 0.8929284 -0.4501985 -9.78261e-6 0.9243575 -0.3714398 -0.08715325 0.9243559 -0.3714371 -0.0871824 0.8929205 -0.4502145 1.77026e-5 0.9561727 -0.2928037 6.95512e-6 0.9243577 -0.3714377 -0.08715963 0.9561626 -0.2928364 -1.03635e-5 0.9525312 -0.2916945 -0.0871703 0.9525297 -0.2917048 -0.08715206 0.9561702 -0.2928116 -9.05991e-6 0.973835 -0.2098785 -0.08715701 0.9525278 -0.2917092 -0.08715844 0.9738362 -0.2098757 -0.08715122 0.9627028 -0.2074785 -0.1736551 0.9626969 -0.2074961 -0.1736673 0.9738365 -0.2098668 -0.08716922 0.9881299 -0.1265155 -0.08714008 0.9627103 -0.2074631 -0.1736317 0.9881255 -0.1265343 -0.08716237 0.9839218 -0.04181361 -0.1736364 0.9839223 -0.04180222 -0.1736365 0.9881253 -0.1265469 -0.08714485 0.9952992 -0.0422666 -0.08713799 0.9839207 -0.04179036 -0.1736485 0.9952974 -0.04228454 -0.08715128 0.9952973 0.04228514 -0.08715188 0.9952949 0.04229432 -0.08717423 0.9952949 -0.04229623 -0.08717244 0.9990987 0.04244917 5.90668e-6 0.9952973 0.04227775 -0.08715462 0.9990987 0.04244846 -8.82894e-6 0.9881267 0.1265307 -0.08715331 0.9881249 0.1265342 -0.08716815 0.9990996 0.04242509 9.35048e-6 0.9775546 0.2106828 1.10716e-5 0.988126 0.1265422 -0.08714491 0.9775552 0.2106795 -4.79096e-6 0.9738371 0.2098733 -0.08714711 0.9738368 0.2098667 -0.08716511 0.9775584 0.2106649 1.77957e-5 0.9525262 0.2917131 -0.08716315 0.9738353 0.2098782 -0.08715587 0.9525285 0.2917057 -0.08716356 0.9416403 0.2883734 -0.1736508 0.9416398 0.2883805 -0.1736414 0.9525234 0.2917203 -0.0871703 0.9243561 0.3714447 -0.08714759 0.9416427 0.2883571 -0.1736643 0.9243571 0.371437 -0.08717048 0.879369 0.4433506 -0.1736391 0.8793523 0.4433753 -0.1736605 0.9243518 0.3714511 -0.08716493 0.8895254 0.4484974 -0.08714807 0.8793595 0.4433674 -0.1736445 0.8895341 0.44848 -0.08714926 0.848288 0.5223144 -0.08715021 0.8482974 0.522301 -0.08714038 0.8895263 0.448496 -0.08714574 0.8515294 0.5243068 -4.99518e-6 0.8482844 0.5223222 -0.08713972 0.8515267 0.5243111 -7.19353e-6 0.8009411 0.5923666 -0.087152 0.800939 0.5923716 -0.08713704 0.8515251 0.524314 -1.03489e-5 0.7506659 0.6606822 1.19247e-5 0.8009397 0.592368 -0.08715397 0.7506769 0.6606695 -1.46365e-5 0.7478212 0.6581552 -0.08715164 0.7478144 0.6581629 -0.0871517 0.7506636 0.6606847 -7.20844e-6 0.6893062 0.7192085 -0.08715605 0.7478088 0.6581665 -0.08717155 0.6893125 0.7192014 -0.0871644 0.6814159 0.7109949 -0.1736627 0.6814329 0.7109796 -0.1736588 0.689297 0.7192159 -0.08716815 0.6258365 0.7750687 -0.08716309 0.6814334 0.7109825 -0.1736445 0.6258289 0.7750744 -0.08716613 0.5514838 0.815915 -0.1736328 0.5514795 0.8159164 -0.1736403 0.6258407 0.7750675 -0.08714383 0.5578513 0.8253508 -0.08716672 0.5514598 0.81593 -0.1736389 0.5578379 0.8253601 -0.08716523 0.4858312 0.8696979 -0.08714193 0.4858491 0.8696873 -0.08714854 0.5578467 0.8253548 -0.08715867 0.4877077 0.873007 -1.23801e-5 0.4858398 0.8696913 -0.08715981 0.4876971 0.873013 6.21751e-6 0.4103491 0.9077554 -0.08714216 0.4103344 0.9077622 -0.08714181 0.487695 0.8730141 5.39422e-6 0.3331494 0.9428741 -1.25542e-5 0.4103464 0.907754 -0.08717083 0.3331342 0.9428794 1.05068e-5 0.3318814 0.9392874 -0.08714431 0.3318662 0.9392924 -0.08714783 0.3331472 0.9428749 7.77095e-6 0.2510063 0.9640523 -0.08717232 0.3318654 0.9392909 -0.08716762 0.2510074 0.9640549 -0.08714151 0.2481408 0.9530312 -0.1736595 0.2481604 0.9530248 -0.1736668 0.2510147 0.964051 -0.08716291 0.1683751 0.9818614 -0.08716732 0.2481333 0.9530367 -0.17364 0.168358 0.9818664 -0.08714407 0.08351761 0.9812589 -0.1736539 0.08352553 0.9812603 -0.1736424 0.1683694 0.9818639 -0.08715051 0.08449095 0.9926044 -0.08716523 0.08352398 0.9812592 -0.1736501 0.0845018 0.9926057 -0.08714097 5.07757e-6 0.9961948 -0.0871551 9.41252e-6 0.9961961 -0.08714067 0.08448874 0.9926047 -0.0871635 1.94423e-5 1 -1.54031e-5 -9.52184e-6 0.996196 -0.08714073 1.394e-5 1 1.88164e-5 -0.08448886 0.9926048 -0.08716368 -0.08448326 0.9926034 -0.0871843 7.40541e-6 1 -1.40816e-6 -0.1690004 0.9856161 4.51133e-6 -0.0844919 0.9926062 -0.08714342 -0.1690022 0.9856157 -3.19189e-6 -0.1683657 0.9818637 -0.08715921 -0.1683486 0.9818659 -0.08716684 -0.1689966 0.9856166 1.5907e-6 -0.2510093 0.9640547 -0.08713799 -0.1683679 0.9818621 -0.08717244 -0.2510144 0.9640512 -0.0871613 -0.2481602 0.9530251 -0.1736652 -0.2481415 0.9530313 -0.1736584 -0.2510082 0.9640547 -0.08714032 -0.331866 0.9392907 -0.08716642 -0.2481685 0.9530273 -0.1736418 -0.3318727 0.939291 -0.08713722 -0.4056348 0.8973882 -0.1736517 -0.4056438 0.8973858 -0.1736434 -0.331868 0.9392914 -0.08715194 -0.4103253 0.9077644 -0.08716064 -0.4056295 0.8973881 -0.1736647 -0.4103321 0.9077625 -0.08714944 -0.4858268 0.8696975 -0.08717042 -0.4858388 0.8696919 -0.08715969 -0.4103481 0.9077559 -0.08714205 -0.4876961 0.8730135 6.26167e-6 -0.4858502 0.8696867 -0.0871486 -0.4877089 0.8730064 -1.24648e-5 -0.5578477 0.8253541 -0.08715885 -0.5578446 0.8253574 -0.08714741 -0.4876884 0.8730177 1.09002e-5 -0.6282363 0.7780227 1.33179e-5 -0.5578493 0.8253537 -0.08715152 -0.6282173 0.778038 -6.33672e-6 -0.6258175 0.7750864 -0.08714067 -0.6258338 0.7750723 -0.08714973 -0.6282202 0.7780358 -3.7998e-6 -0.6893 0.7192153 -0.0871483 -0.6258369 0.7750683 -0.08716285 -0.6892973 0.7192156 -0.08716791 -0.6814332 0.7109794 -0.1736586 -0.6814165 0.7109944 -0.1736626 -0.6893132 0.7192008 -0.08716434 -0.7478052 0.6581715 -0.08716475 -0.6814401 0.7109782 -0.1736357 -0.7478168 0.6581619 -0.08713847 -0.791776 0.5856109 -0.1736399 -0.791778 0.585606 -0.1736468 -0.7478119 0.6581658 -0.08715081 -0.8009438 0.5923638 -0.08714491 -0.7917938 0.5855883 -0.1736345 -0.8009466 0.5923569 -0.08716636 -0.8482993 0.5222976 -0.08714151 -0.848284 0.5223227 -0.08713972 -0.8009407 0.5923671 -0.087152 -0.8515265 0.5243117 -7.20951e-6 -0.8482973 0.522301 -0.08714097 -0.8515294 0.5243068 -5.56186e-6 -0.8895263 0.448496 -0.08714634 -0.8895289 0.4484908 -0.0871464 -0.8515318 0.5243031 1.89245e-6 -0.9278925 0.3728482 -1.37463e-6 -0.8895338 0.4484817 -0.08714413 -0.9278897 0.3728549 0 -0.9243583 0.3714379 -0.08715373 -0.9243566 0.3714402 -0.0871613 -0.9278869 0.3728617 2.80142e-6 -0.9525265 0.2917197 -0.08713775 -0.924354 0.3714497 -0.08714801 -0.9525217 0.2917255 -0.08717101 -0.9416381 0.2883856 -0.173642 -0.9416404 0.2883765 -0.1736445 -0.9525297 0.2917011 -0.08716464 -0.9738362 0.2098735 -0.08715671 -0.9416429 0.2883652 -0.1736497 -0.9738345 0.2098772 -0.08716642 -0.9768299 0.1250987 -0.1736482 -0.9768328 0.1251018 -0.1736299 -0.9738326 0.2098957 -0.08714246 -0.9881283 0.1265245 -0.08714514 -0.976832 0.1250824 -0.1736484 -0.9881265 0.1265332 -0.08715116 -0.9952977 0.04227924 -0.08714979 -0.9952973 0.04227632 -0.08715581 -0.9881268 0.1265293 -0.08715432 -0.9990987 0.04244697 -9.91209e-6 -0.9952992 0.04226106 -0.08714109 -0.9990987 0.04244911 4.82425e-6 -0.9952992 -0.04226291 -0.0871393 -0.9952975 -0.04227995 -0.0871517 -0.9990987 0.04244732 1.20327e-5 -0.9919022 -0.1270042 -7.61077e-6 -0.9952976 -0.04228186 -0.0871492 -0.9919009 -0.1270146 -8.06643e-6 -0.9881281 -0.1265236 -0.08714711 -0.9881262 -0.1265254 -0.0871669 -0.9919025 -0.1270022 1.61342e-5 -0.9738335 -0.2098826 -0.08716601 -0.9881226 -0.1265487 -0.08717411 -0.9738364 -0.2098675 -0.08716869 -0.9627096 -0.2074652 -0.173633 -0.9627031 -0.2074776 -0.1736549 -0.9738364 -0.2098748 -0.08715087 -0.9525281 -0.2917084 -0.0871582 -0.9627037 -0.2074915 -0.1736345 -0.9525269 -0.2917081 -0.08717107 -0.9137905 -0.3671943 -0.1736535 -0.9137944 -0.3671876 -0.1736467 -0.9525306 -0.2917022 -0.08715152 -0.9243606 -0.37143 -0.08716237 -0.913789 -0.3672021 -0.1736439 -0.924354 -0.3714459 -0.0871647 -0.8895254 -0.4484979 -0.08714538 -0.8895346 -0.4484811 -0.08713805 -0.9243564 -0.3714427 -0.08715313 -0.8929271 -0.4502014 -9.71506e-6 -0.8895233 -0.4485025 -0.08714383 -0.89293 -0.4501959 8.97422e-6 -0.848281 -0.5223222 -0.08717256 -0.8482884 -0.5223119 -0.08716213 -0.8929272 -0.450201 1.28523e-5 -0.803995 -0.5946361 7.91252e-6 -0.8482899 -0.522311 -0.08715212 -0.8040044 -0.5946233 -6.00279e-6 -0.8009322 -0.5923762 -0.0871663 -0.8009334 -0.5923781 -0.08714467 -0.804001 -0.594628 7.83056e-6 -0.7478303 -0.6581461 -0.08714163 -0.8009438 -0.5923627 -0.08715242 -0.7478151 -0.6581609 -0.08716011 -0.7392739 -0.6506313 -0.1736468 -0.7392672 -0.6506387 -0.1736468 -0.7478134 -0.6581636 -0.0871545 -0.6893055 -0.7192099 -0.08715081 -0.7392813 -0.6506205 -0.173655 -0.6893056 -0.7192087 -0.08715885 -0.6186749 -0.7662158 -0.1736512 -0.6186795 -0.7662124 -0.17365 -0.6893069 -0.7192081 -0.08715319 -0.6258247 -0.7750797 -0.08714896 -0.6186703 -0.7662205 -0.1736475 -0.6258262 -0.7750768 -0.08716344 -0.5578373 -0.8253617 -0.08715343 -0.5578395 -0.8253594 -0.08716154 -0.6258286 -0.7750766 -0.08714884 -0.5599811 -0.8285054 -4.45881e-6 -0.5578417 -0.8253583 -0.08715772 -0.5599777 -0.8285077 5.21913e-6 -0.4858517 -0.8696866 -0.0871399 -0.4858385 -0.869691 -0.08716988 -0.5599888 -0.8285002 1.68383e-5 -0.4118919 -0.9112328 4.98816e-6 -0.485849 -0.8696855 -0.08716511 -0.4118869 -0.911235 1.04065e-5 -0.4103393 -0.907759 -0.08715134 -0.4103472 -0.9077533 -0.08717447 -0.4119006 -0.9112288 -4.5374e-6 -0.3318763 -0.9392892 -0.08714467 -0.4103333 -0.9077616 -0.0871517 -0.3318578 -0.9392957 -0.08714371 -0.3280795 -0.9285523 -0.1736504 -0.3280752 -0.9285545 -0.1736469 -0.3318861 -0.9392862 -0.08713853 -0.2510171 -0.9640517 -0.08714801 -0.3280912 -0.9285451 -0.1736673 -0.2510201 -0.9640525 -0.08713078 -0.1664441 -0.9706416 -0.1736412 -0.1664279 -0.9706434 -0.1736472 -0.2510172 -0.9640511 -0.08715355 -0.1683678 -0.981863 -0.08716267 -0.166433 -0.9706421 -0.1736496 -0.1683421 -0.9818668 -0.08717072 -0.08448022 -0.9926062 -0.08715522 -0.08449763 -0.9926063 -0.08713775 -0.1683602 -0.9818651 -0.0871542 -0.08481305 -0.996397 -1.39694e-5 -0.08448529 -0.9926053 -0.0871613 -0.0848084 -0.9963973 6.58259e-6 -1.50046e-5 -0.996196 -0.08714103 2.91504e-7 -0.9961961 -0.0871405 -0.08481734 -0.9963966 5.28246e-6 0.08481734 -0.9963966 5.26756e-6 -0.3280745 -0.9285529 -0.1736568 -0.4802789 -0.8597561 -0.1736429 -0.4103333 -0.90776 -0.08716911 -0.410332 -0.9077624 -0.08715111 -0.4802822 -0.8597527 -0.1736498 -0.4858272 -0.869697 -0.08717292 -0.485839 -0.8696925 -0.08715271 -0.4802957 -0.8597488 -0.1736317 -0.5578553 -0.8253511 -0.08713811 -0.5578447 -0.8253582 -0.08713853 -0.4802743 -0.8597549 -0.1736613 -0.6186757 -0.7662134 -0.1736593 -0.7392644 -0.650642 -0.1736464 -0.8385953 -0.516335 -0.1736558 -0.8009397 -0.5923717 -0.08712905 -0.8009415 -0.5923645 -0.08716231 -0.8385973 -0.5163322 -0.1736545 -0.848278 -0.5223274 -0.08716928 -0.8482825 -0.5223252 -0.08714061 -0.8385819 -0.5163534 -0.1736651 -0.8895211 -0.4485015 -0.0871706 -0.8895254 -0.4484893 -0.08718955 -0.8385946 -0.5163368 -0.1736535 -0.9137943 -0.3671905 -0.1736412 -0.9627103 -0.2074626 -0.173633 -0.9839217 -0.04181307 -0.1736377 -0.9881253 -0.1265343 -0.08716368 -0.9881251 -0.1265491 -0.08714473 -0.9839222 -0.04180449 -0.1736364 -0.9952989 -0.04226255 -0.08714395 -0.9952974 -0.04228454 -0.08715146 -0.9839206 -0.0417903 -0.1736487 -0.9952972 0.04228514 -0.087152 -0.9952951 0.04227966 -0.08717906 -0.983919 -0.04180169 -0.1736553 -0.9768298 0.1250942 -0.1736524 -0.9416373 0.2883929 -0.1736343 -0.8793694 0.4433497 -0.1736391 -0.9243569 0.3714371 -0.0871706 -0.9243527 0.3714473 -0.08717167 -0.8793509 0.443378 -0.1736603 -0.889524 0.4485001 -0.08714789 -0.8895339 0.4484802 -0.08714896 -0.8793594 0.4433676 -0.1736443 -0.8482879 0.5223146 -0.08714991 -0.8482875 0.5223116 -0.08717203 -0.879355 0.4433766 -0.1736432 -0.791778 0.585605 -0.1736502 -0.6814336 0.7109822 -0.1736451 -0.5514841 0.8159148 -0.1736334 -0.6258287 0.7750744 -0.08716672 -0.6258392 0.7750688 -0.08714282 -0.5514779 0.8159176 -0.1736392 -0.5578498 0.825352 -0.08716559 -0.5578378 0.8253601 -0.08716553 -0.5514597 0.81593 -0.1736392 -0.4858311 0.8696979 -0.08714216 -0.4858396 0.8696926 -0.08714908 -0.551464 0.8159253 -0.1736478 -0.4056357 0.8973876 -0.1736533 -0.2481333 0.9530368 -0.1736401 -0.08351755 0.981259 -0.1736539 -0.168358 0.9818664 -0.08714407 -0.1683693 0.9818639 -0.08715063 -0.08352535 0.9812604 -0.1736425 -0.08449083 0.9926044 -0.08716529 -0.0845021 0.9926056 -0.08714145 -0.08352422 0.9812591 -0.1736506 -5.39864e-6 0.9961948 -0.08715552 2.85916e-7 0.9961937 -0.0871675 -0.08353853 0.9812567 -0.1736573 0.08353859 0.9812567 -0.1736572 0.2481685 0.9530273 -0.1736412 0.4056348 0.8973883 -0.173651 0.3318727 0.9392911 -0.08713662 0.3318689 0.9392911 -0.0871514 0.4056447 0.8973855 -0.1736429 0.4103261 0.9077641 -0.08716011 0.4103325 0.9077622 -0.08715075 0.4056298 0.8973877 -0.173666 0.4858272 0.8696971 -0.08717173 0.4858393 0.8696928 -0.08714789 0.4056354 0.8973878 -0.1736522 0.5514639 0.8159256 -0.1736466 0.6814399 0.7109785 -0.1736354 0.7917758 0.5856111 -0.1736395 0.7478139 0.6581588 -0.08718591 0.7478137 0.6581637 -0.0871514 0.7917795 0.5856038 -0.1736473 0.8009454 0.5923616 -0.08714526 0.8009448 0.5923596 -0.08716577 0.791792 0.585591 -0.1736339 0.8482975 0.5223005 -0.08714103 0.8482876 0.5223114 -0.08717209 0.7917783 0.5856047 -0.1736502 0.8793551 0.4433764 -0.1736432 0.9416428 0.288365 -0.1736507 0.9768298 0.1250985 -0.1736493 0.9738345 0.2098771 -0.08716738 0.9738328 0.2098951 -0.08714288 0.9768328 0.1251011 -0.1736302 0.9881283 0.1265237 -0.08714538 0.9881255 0.126537 -0.08715718 0.9768326 0.1250877 -0.1736412 0.9952978 0.04227691 -0.08714979 0.9952993 0.04227948 -0.08713173 0.9768294 0.125096 -0.173653 0.9839189 -0.04179996 -0.1736556 0.9627036 -0.2074928 -0.1736337 0.91379 -0.3671955 -0.1736527 0.9525271 -0.2917082 -0.0871703 0.9525303 -0.2917027 -0.0871517 0.9137941 -0.3671881 -0.1736469 0.9243604 -0.3714305 -0.08716261 0.9243532 -0.371448 -0.0871647 0.9137923 -0.3671976 -0.1736366 0.8895243 -0.4485 -0.0871452 0.8895292 -0.448491 -0.08714187 0.9137948 -0.3671889 -0.1736413 0.8385954 -0.5163354 -0.1736535 0.7392808 -0.6506214 -0.1736543 0.6186742 -0.7662166 -0.1736505 0.6893057 -0.7192087 -0.0871582 0.6893082 -0.7192069 -0.08715313 0.6186757 -0.7662172 -0.1736428 0.6258261 -0.7750787 -0.08714896 0.6258265 -0.7750766 -0.0871641 0.6186704 -0.7662201 -0.1736481 0.5578376 -0.8253615 -0.08715403 0.5578449 -0.8253581 -0.08713853 0.6186754 -0.7662135 -0.1736593 0.480274 -0.8597551 -0.1736612 0.3280912 -0.9285451 -0.1736673 0.1664441 -0.9706416 -0.1736412 0.2510201 -0.9640525 -0.08713078 0.2510175 -0.964051 -0.08715498 0.1664281 -0.9706431 -0.1736485 0.168368 -0.9818629 -0.0871641 0.168342 -0.9818668 -0.08717072 0.166433 -0.9706421 -0.1736496 0.08448022 -0.9926062 -0.08715522 0.08448338 -0.9926061 -0.08715271 0.1664122 -0.9706476 -0.1736387 -8.18074e-6 -0.9848057 -0.17366 -0.1690055 0.9856151 -3.11434e-6 -0.333131 0.9428805 -1.60225e-5 -0.25102 0.9640523 -0.08713328 -0.2510053 0.9640526 -0.08717238 -0.3331463 0.9428752 7.69545e-6 -0.3318653 0.9392927 -0.08714789 -0.331882 0.9392873 -0.08714336 -0.3331347 0.9428793 1.14292e-5 -0.410347 0.9077538 -0.08716994 -0.4103344 0.9077623 -0.08714061 -0.3331494 0.9428741 -1.13398e-5 -0.487695 0.8730142 6.55651e-6 -0.6282109 0.7780432 1.28597e-5 -0.7506779 0.6606685 2.29105e-6 -0.6893066 0.7192093 -0.08714652 -0.6893067 0.7192081 -0.08715546 -0.7506639 0.6606842 -6.65025e-6 -0.7478148 0.6581624 -0.08715116 -0.7478205 0.6581559 -0.08715146 -0.7506814 0.6606645 -7.04452e-6 -0.8009392 0.5923689 -0.08715379 -0.8009392 0.5923712 -0.08713769 -0.7506664 0.6606814 1.12802e-5 -0.8515256 0.5243131 -1.10082e-5 -0.927891 0.3728515 -1.27405e-6 -0.9775514 0.2106976 -9.58517e-6 -0.9525287 0.2917084 -0.0871517 -0.9525244 0.2917184 -0.08716416 -0.9775571 0.2106704 1.68192e-5 -0.9738356 0.2098723 -0.08716601 -0.9738381 0.2098686 -0.08714801 -0.9775562 0.2106747 -5.69224e-6 -0.988125 0.1265442 -0.0871526 -0.988125 0.1265344 -0.08716785 -0.9775545 0.210683 1.14292e-5 -0.9990997 0.04242527 9.62615e-6 -0.9919002 -0.12702 4.94718e-6 -0.9561637 -0.2928327 1.63317e-5 -0.9738367 -0.2098782 -0.08714002 -0.9738351 -0.2098787 -0.08715689 -0.9561702 -0.2928118 -8.91199e-6 -0.9525297 -0.2917049 -0.08715188 -0.9525311 -0.2916952 -0.08716988 -0.9561625 -0.2928371 -9.95025e-6 -0.9243575 -0.3714386 -0.08715927 -0.9243598 -0.3714382 -0.08713501 -0.9561731 -0.2928023 6.69807e-6 -0.8929212 -0.4502131 1.72853e-5 -0.8040049 -0.5946227 1.6205e-5 -0.6919443 -0.7219509 3.95998e-6 -0.7478155 -0.6581601 -0.08716309 -0.7478134 -0.6581649 -0.08714467 -0.6919414 -0.7219536 -9.02495e-7 -0.6893115 -0.7192037 -0.08715391 -0.6892985 -0.7192177 -0.08714139 -0.691937 -0.7219579 2.08244e-6 -0.6258358 -0.7750715 -0.08714252 -0.6258288 -0.7750742 -0.08716875 -0.6919284 -0.7219662 -1.41412e-5 -0.559966 -0.8285156 4.76837e-7 -0.4119174 -0.9112212 1.06171e-5 -0.2519948 -0.9677286 -1.12467e-5 -0.3318723 -0.9392911 -0.08713883 -0.3318769 -0.9392875 -0.08716011 -0.2519939 -0.9677289 -1.34508e-5 -0.251026 -0.9640493 -0.08714824 -0.2510198 -0.9640498 -0.08716088 -0.2519775 -0.9677332 -6.92159e-6 -0.1683655 -0.9818645 -0.08715099 -0.1683577 -0.9818649 -0.0871616 -0.2519764 -0.9677335 -6.20633e-6 -0.08478647 -0.9963992 1.44132e-5 0.2519948 -0.9677286 -1.12131e-5 0.4119175 -0.9112212 1.055e-5 0.3318723 -0.9392911 -0.08713883 0.3318764 -0.9392889 -0.08714622 0.4119008 -0.9112287 -6.14075e-6 0.4103181 -0.9077696 -0.08714175 0.41034 -0.9077587 -0.08715182 0.4118876 -0.9112347 9.9726e-6 0.4858497 -0.8696851 -0.08716559 0.4858387 -0.8696911 -0.08716863 0.4118915 -0.911233 6.25104e-6 0.5599884 -0.8285005 1.80602e-5 0.691945 -0.7219503 3.50922e-6 0.8040055 -0.594622 1.57505e-5 0.7478153 -0.6581603 -0.08716356 0.7478293 -0.6581472 -0.08714193 0.8040002 -0.5946292 7.50993e-6 0.8009324 -0.5923792 -0.08714491 0.8009331 -0.5923749 -0.08716732 0.8040055 -0.594622 -7.06688e-6 0.8482908 -0.5223096 -0.08715319 0.8482885 -0.5223116 -0.08716201 0.8039938 -0.5946378 8.11368e-6 0.8929315 -0.4501929 -7.6741e-7 0.9561639 -0.2928323 1.74567e-5 0.9919003 -0.1270195 6.17653e-6 0.9738368 -0.2098777 -0.08713889 0.9738323 -0.2098878 -0.08716601 0.9919018 -0.1270076 1.618e-5 0.9881269 -0.1265245 -0.08716076 0.988128 -0.1265251 -0.08714705 0.9919007 -0.127016 -7.91252e-6 0.9952976 -0.04228341 -0.08714902 0.9952976 -0.04227948 -0.08715057 0.9919024 -0.1270031 -6.50436e-6 0.9990987 0.04244846 1.31764e-5 0.9775514 0.2106973 -9.75281e-6 0.9278912 0.3728513 -1.51619e-6 0.9525285 0.2917087 -0.08715194 0.9525255 0.2917227 -0.08713787 0.9278858 0.3728646 2.61623e-6 0.9243555 0.3714432 -0.08716154 0.9243596 0.3714346 -0.08715397 0.927891 0.3728515 0 0.8895353 0.4484784 -0.08714425 0.8895287 0.448491 -0.08714604 0.9278923 0.3728485 -1.07288e-6 0.8515316 0.5243034 2.19792e-6 0.7506778 0.6606686 2.5928e-6 0.6282107 0.7780433 1.31615e-5 0.6893064 0.7192094 -0.08714616 0.6892992 0.7192161 -0.08714854 0.6282193 0.7780364 -3.96377e-6 0.6258329 0.7750731 -0.08714991 0.6258178 0.7750861 -0.08714127 0.6282175 0.7780378 -6.87689e-6 0.5578497 0.8253535 -0.08715212 0.5578442 0.8253578 -0.08714735 0.6282358 0.778023 1.33887e-5 0.487688 0.8730181 1.09486e-5 0.3331311 0.9428805 -1.59442e-5 0.1690056 0.9856151 -3.11807e-6 0.2510184 0.9640484 -0.08718103 0.2510027 0.9640559 -0.08714354 0.1689968 0.9856166 2.78445e-6 0.1683489 0.981866 -0.08716565 0.1683659 0.9818636 -0.08715915 0.1690024 0.9856157 -3.14787e-6 0.08449208 0.9926063 -0.08714342 0.08448344 0.9926076 -0.08713656 0.1690004 0.985616 4.50015e-6 -7.36862e-6 1 -1.48639e-6 0.1689929 0.9856173 -4.07464e-6 0.1689929 0.9856173 -1.16508e-6 1.01328e-5 1 1.34562e-6 1.01328e-5 1 1.16229e-6 0.1689929 0.9856173 2.37286e-5 1.01328e-5 1 4.06546e-6 -1.01328e-5 1 -4.06546e-6 -1.01328e-5 1 -1.16229e-6 -0.1689929 0.9856173 -2.37286e-5 -0.1689929 0.9856173 1.16508e-6 -1.01328e-5 1 -1.34562e-6 -0.1689929 0.9856173 4.07464e-6 -0.1689857 0.9856185 -4.07234e-6 -0.1689857 0.9856185 -1.65682e-6 -0.3331536 0.9428726 2.53995e-6 -0.3331534 0.9428727 1.65589e-6 -0.1689856 0.9856186 -2.54138e-6 -0.3331534 0.9428727 4.07005e-6 -0.3331297 0.9428811 -4.07464e-6 -0.3331297 0.9428811 -1.28616e-6 -0.4877116 0.8730049 1.73029e-6 -0.4877122 0.8730046 1.28523e-6 -0.3331303 0.9428808 -1.73321e-6 -0.4877122 0.8730046 4.06776e-6 -0.4876928 0.8730154 -4.07234e-6 -0.4876928 0.8730154 -1.3262e-6 -0.6282039 0.7780487 1.81111e-6 -0.6282048 0.778048 1.32248e-6 -0.4876937 0.8730148 -1.83338e-6 -0.6282048 0.778048 4.06776e-6 -0.6282118 0.7780424 -4.06776e-6 -0.6282119 0.7780424 -1.33459e-6 -0.7506852 0.6606603 1.83441e-6 -0.750684 0.6606615 1.33738e-6 -0.6282106 0.7780433 -1.83132e-6 -0.750684 0.6606615 4.07463e-6 -0.7506679 0.6606798 -4.07005e-6 -0.7506679 0.6606798 -1.29454e-6 -0.8515412 0.5242877 1.73224e-6 -0.8515413 0.5242877 1.2964e-6 -0.7506679 0.6606798 3.58726e-5 -0.8515412 0.5242877 4.07234e-6 -0.8515363 0.5242957 -4.07463e-6 -0.8515363 0.5242957 -1.63913e-6 -0.9278874 0.3728606 2.45631e-6 -0.9278874 0.3728606 1.6354e-6 -0.8515364 0.5242957 -2.46185e-6 -0.9278874 0.3728606 4.06546e-6 -0.9278964 0.3728382 -4.06317e-6 -0.9278964 0.3728383 -1.14646e-6 -0.9775556 0.2106778 1.28866e-6 -0.9775552 0.2106796 1.15111e-6 -0.9278957 0.3728401 -1.28431e-6 -0.9775552 0.2106797 4.07693e-6 -0.977555 0.2106807 -4.07234e-6 -0.9775549 0.2106807 -1.25915e-6 -0.9990982 0.04246073 1.58885e-6 -0.9990982 0.04246079 1.25635e-6 -0.977555 0.2106807 -1.59064e-6 -0.9990982 0.04246079 4.06776e-6 -0.9990999 0.04242116 -4.07005e-6 -0.9990999 0.0424211 -1.61584e-6 -0.9919002 -0.1270197 2.43886e-6 -0.9919 -0.1270217 1.61491e-6 -0.9990999 0.04241907 -2.39843e-6 -0.9919 -0.1270217 4.07005e-6 -0.9918986 -0.1270319 -4.07464e-6 -0.9918986 -0.127032 -1.16788e-6 -0.9561679 -0.292819 1.30523e-6 -0.9561673 -0.2928211 1.16695e-6 -0.9918984 -0.127034 -1.30817e-6 -0.9561673 -0.2928211 4.06547e-6 -0.9561686 -0.292817 -4.06776e-6 -0.9561686 -0.292817 -1.34669e-6 -0.8929153 -0.450225 1.91537e-6 -0.8929153 -0.4502248 1.34856e-6 -0.9561686 -0.2928168 -1.91214e-6 -0.8929153 -0.4502248 4.07463e-6 -0.8929364 -0.4501832 -4.07005e-6 -0.8929364 -0.4501832 -1.43889e-6 -0.8039931 -0.5946386 1.95475e-6 -0.8039942 -0.5946373 1.43982e-6 -0.8929154 -0.4502244 -1.95255e-6 -0.8039942 -0.5946372 4.07234e-6 -0.804012 -0.5946131 -4.07234e-6 -0.8040119 -0.5946131 -1.37836e-6 -0.6919354 -0.7219595 1.81213e-6 -0.6919355 -0.7219593 1.37743e-6 -0.8039836 -0.5946515 -1.81213e-6 -0.6919355 -0.7219593 4.07005e-6 -0.6919535 -0.7219421 -4.07234e-6 -0.6919535 -0.7219421 -1.29547e-6 -0.5599669 -0.8285151 1.73126e-6 -0.5599679 -0.8285143 1.29454e-6 -0.6919544 -0.7219412 -1.73224e-6 -0.5599679 -0.8285143 4.07005e-6 -0.5599881 -0.8285007 -4.07234e-6 -0.5599881 -0.8285007 -1.65589e-6 -0.4118887 -0.9112342 2.56017e-6 -0.4118887 -0.9112342 1.65403e-6 -0.5599881 -0.8285007 -2.56161e-6 -0.4118887 -0.9112342 4.07005e-6 -0.4118918 -0.9112329 -4.07464e-6 -0.4118918 -0.9112329 -1.26194e-6 -0.2519855 -0.967731 -2.35742e-5 -0.2519853 -0.9677311 1.25822e-6 -0.4118916 -0.911233 -1.47009e-6 -0.2519853 -0.9677311 4.06547e-6 -0.2519949 -0.9677286 -4.06776e-6 -0.2519949 -0.9677286 -1.36904e-6 -0.08479362 -0.9963986 1.93561e-6 -0.08479338 -0.9963986 1.37184e-6 -0.2519948 -0.9677287 2.31026e-5 -0.08479338 -0.9963986 4.07464e-6 -0.08479684 -0.9963983 -4.07005e-6 -0.08479684 -0.9963983 -1.59629e-6 0.08479684 -0.9963983 2.37821e-6 0.08479684 -0.9963983 1.59629e-6 -0.08479684 -0.9963983 -2.37821e-6 0.08479684 -0.9963983 4.07005e-6 0.08479338 -0.9963986 -4.07464e-6 0.08479338 -0.9963986 -1.37184e-6 0.2519948 -0.9677287 -2.31026e-5 0.2519949 -0.9677286 1.36904e-6 0.0847935 -0.9963986 -1.93561e-6 0.2519949 -0.9677286 4.06776e-6 0.2519853 -0.9677311 -4.06546e-6 0.2519854 -0.9677311 -1.26194e-6 0.4118916 -0.9112329 1.47009e-6 0.4118921 -0.9112328 1.2638e-6 0.2519858 -0.967731 -1.46678e-6 0.4118921 -0.9112328 4.07464e-6 0.4118887 -0.9112342 -4.07005e-6 0.4118887 -0.9112342 -1.6531e-6 0.5599882 -0.8285008 2.56161e-6 0.5599879 -0.8285008 1.6531e-6 0.4118885 -0.9112343 -2.56017e-6 0.5599879 -0.8285008 4.07234e-6 0.5599676 -0.8285146 -4.07005e-6 0.5599676 -0.8285146 -1.29547e-6 0.6919542 -0.7219415 1.73224e-6 0.6919541 -0.7219415 1.29733e-6 0.5599675 -0.8285146 -1.73126e-6 0.6919541 -0.7219416 4.07234e-6 0.6919354 -0.7219595 -4.07005e-6 0.6919354 -0.7219595 -1.37836e-6 0.804012 -0.5946131 1.81315e-6 0.8039836 -0.5946514 1.37836e-6 0.6919357 -0.7219592 -1.81213e-6 0.8039838 -0.5946514 4.07005e-6 0.8039935 -0.5946382 -4.07234e-6 0.8039934 -0.5946382 -1.43796e-6 0.8929365 -0.4501827 1.95365e-6 0.8929365 -0.4501827 1.43796e-6 0.8039935 -0.5946382 -1.95475e-6 0.8929365 -0.4501827 4.07005e-6 0.8929369 -0.450182 -4.07234e-6 0.8929369 -0.450182 -1.34762e-6 0.9561686 -0.2928169 1.91214e-6 0.9561687 -0.2928167 1.34669e-6 0.8929153 -0.4502246 -1.91537e-6 0.9561687 -0.2928166 4.06776e-6 0.9561673 -0.2928209 -4.06546e-6 0.9561673 -0.2928209 -1.16415e-6 0.9918984 -0.1270339 1.30817e-6 0.9918984 -0.127034 1.16695e-6 0.9561673 -0.2928211 -1.30523e-6 0.9918984 -0.127034 4.07463e-6 0.9919002 -0.1270206 -4.07005e-6 0.9919001 -0.1270207 -1.61491e-6 0.9990999 0.0424202 -3.51853e-5 0.9990999 0.04242026 1.61491e-6 0.9919002 -0.1270206 -2.39843e-6 0.9990999 0.04242026 4.07005e-6 0.9990982 0.04246127 -4.06776e-6 0.9990982 0.04246127 -1.25635e-6 0.9775548 0.2106812 -2.34725e-5 0.9775549 0.2106813 1.25822e-6 0.9990981 0.04246139 -1.58885e-6 0.9775548 0.2106813 4.07234e-6 0.9775554 0.2106789 -4.07693e-6 0.9775554 0.2106789 -1.15111e-6 0.927896 0.3728393 1.28431e-6 0.927896 0.3728393 1.14646e-6 0.9775554 0.2106789 -1.28866e-6 0.927896 0.3728393 4.06317e-6 0.9278874 0.3728606 -4.06546e-6 0.9278874 0.3728606 -1.63633e-6 0.8515364 0.5242957 2.46185e-6 0.8515365 0.5242956 1.64006e-6 0.9278875 0.3728606 -2.45631e-6 0.8515364 0.5242956 4.07464e-6 0.8515412 0.5242878 -4.07234e-6 0.8515412 0.5242878 -1.29361e-6 0.7506678 0.66068 1.73126e-6 0.7506677 0.6606801 1.29361e-6 0.8515412 0.5242879 -1.73224e-6 0.7506677 0.6606801 4.07005e-6 0.7506848 0.6606607 -4.07464e-6 0.7506848 0.6606607 -1.33552e-6 0.6282114 0.7780427 1.83132e-6 0.6282113 0.7780429 1.33459e-6 0.7506846 0.6606608 -1.83441e-6 0.6282113 0.7780429 4.06776e-6 0.6282043 0.7780486 -4.06776e-6 0.6282042 0.7780486 -1.32434e-6 0.487693 0.8730153 1.83338e-6 0.4876935 0.8730149 1.32713e-6 0.6282047 0.7780482 -1.83132e-6 0.4876935 0.8730149 4.07234e-6 0.4877118 0.8730048 -4.06776e-6 0.4877118 0.8730048 -1.28243e-6 0.3331299 0.942881 1.73321e-6 0.3331299 0.942881 1.28336e-6 0.4877118 0.8730048 -1.68988e-6 0.3331299 0.942881 4.07463e-6 0.3331534 0.9428727 -4.07005e-6 0.3331534 0.9428727 -1.66055e-6 0.1689856 0.9856185 2.54138e-6 0.1689859 0.9856185 1.66055e-6 0.3331537 0.9428726 -2.53995e-6 0.1689859 0.9856185 4.07234e-6 0.1579543 -0.9720582 -0.1736471 2.24635e-5 -0.9848077 -0.1736483 2.2471e-5 -0.9848073 -0.1736512 -2.2307e-5 -0.9848073 -0.1736512 -2.22876e-5 -0.9848077 -0.1736484 -0.1579542 -0.9720582 -0.1736471 -1.54823e-5 -0.9848078 -0.1736481 -0.1579616 -0.9720578 -0.1736429 -0.1664268 -0.9706433 -0.1736489 -0.1664477 -0.9706403 -0.1736458 -0.1579825 -0.9720536 -0.1736471 -0.3118585 -0.9341249 -0.1736518 -0.1664394 -0.9706409 -0.1736499 -0.3118355 -0.9341325 -0.1736527 -0.3280776 -0.9285532 -0.1736497 -0.3280948 -0.9285469 -0.1736506 -0.3118526 -0.9341274 -0.173649 -0.4576569 -0.8720082 -0.1736431 -0.3280647 -0.9285591 -0.1736423 -0.4576614 -0.8720042 -0.1736514 -0.4802913 -0.8597477 -0.17365 -0.4802674 -0.859761 -0.1736501 -0.4576785 -0.8719952 -0.1736517 -0.5916163 -0.7872974 -0.1736465 -0.4802865 -0.8597518 -0.1736429 -0.5916192 -0.7872959 -0.1736435 -0.6186618 -0.7662266 -0.1736507 -0.6186864 -0.7662077 -0.1736462 -0.5916037 -0.7873062 -0.1736493 -0.710247 -0.6821994 -0.1736472 -0.6186906 -0.7662029 -0.1736521 -0.7102584 -0.6821883 -0.1736436 -0.7392739 -0.650632 -0.1736439 -0.7392718 -0.6506329 -0.1736488 -0.7102436 -0.6822015 -0.1736525 -0.8104782 -0.5594387 -0.1736479 -0.7392824 -0.6506201 -0.1736525 -0.8104708 -0.5594474 -0.1736541 -0.8386012 -0.5163269 -0.1736509 -0.8385991 -0.5163325 -0.1736446 -0.8104718 -0.5594465 -0.1736524 -0.8897181 -0.4221974 -0.173641 -0.8385863 -0.5163525 -0.1736468 -0.8897225 -0.4221843 -0.1736503 -0.9137957 -0.3671833 -0.1736492 -0.9137898 -0.3671976 -0.1736493 -0.8897183 -0.4221937 -0.1736486 -0.9459257 -0.2739885 -0.1736522 -0.9137936 -0.3671884 -0.1736496 -0.9459317 -0.2739751 -0.1736408 -0.962705 -0.2074704 -0.1736524 -0.9626957 -0.2075028 -0.1736657 -0.945931 -0.2739727 -0.1736482 -0.9776255 -0.1187179 -0.1736505 -0.9627033 -0.2074857 -0.1736435 -0.9776315 -0.1186937 -0.1736336 -0.9839212 -0.0417757 -0.1736491 -0.9839214 -0.04179495 -0.1736431 -0.9776287 -0.1186944 -0.1736486 -0.9840085 0.03965246 -0.173652 -0.9839212 -0.04180371 -0.1736426 -0.9840084 0.03965526 -0.1736518 -0.9768297 0.1250967 -0.1736509 -0.9768272 0.1251009 -0.1736623 -0.9840081 0.03965598 -0.1736528 -0.9649049 0.196988 -0.1736504 -0.9768286 0.1250994 -0.1736553 -0.9649068 0.1969828 -0.1736458 -0.9416398 0.2883799 -0.1736421 -0.9416407 0.2883732 -0.1736481 -0.9649007 0.1970066 -0.1736522 -0.9208099 0.3492194 -0.1736523 -0.9416338 0.2883954 -0.1736491 -0.9208014 0.3492398 -0.1736558 -0.8793557 0.4433736 -0.1736479 -0.8793535 0.4433768 -0.1736505 -0.9208132 0.3492106 -0.1736525 -0.8528704 0.4924013 -0.173646 -0.8793516 0.4433826 -0.1736451 -0.8528826 0.4923814 -0.173643 -0.7917947 0.5855821 -0.1736516 -0.7917768 0.5856069 -0.1736492 -0.8528754 0.4923939 -0.1736432 -0.7628459 0.6228256 -0.1736503 -0.7917854 0.5855956 -0.1736485 -0.7628383 0.622835 -0.1736507 -0.6814382 0.7109764 -0.1736506 -0.6814301 0.7109841 -0.1736511 -0.7628369 0.622837 -0.1736496 -0.6530447 0.737143 -0.173646 -0.6814171 0.7109962 -0.1736524 -0.6530375 0.7371478 -0.1736525 -0.5514679 0.8159217 -0.1736521 -0.5514631 0.8159254 -0.1736495 -0.6530458 0.7371424 -0.1736443 -0.5263282 0.8323606 -0.1736508 -0.5514858 0.8159118 -0.1736412 -0.5263558 0.8323444 -0.1736449 -0.4056337 0.8973886 -0.173652 -0.4056464 0.8973836 -0.1736488 -0.5263275 0.8323608 -0.1736517 -0.3860028 0.9060067 -0.1736487 -0.4056442 0.8973858 -0.1736426 -0.3860017 0.9060068 -0.1736504 -0.2481384 0.953033 -0.1736532 -0.2481603 0.9530278 -0.1736502 -0.38603 0.9059962 -0.1736431 -0.2357016 0.956185 -0.1736524 -0.248148 0.953032 -0.1736447 -0.2356894 0.9561892 -0.1736452 -0.0835008 0.9812619 -0.1736455 -0.08353102 0.9812577 -0.1736545 -0.2356936 0.9561868 -0.1736528 -0.07923114 0.9816147 -0.1736521 -0.08350592 0.9812617 -0.1736437 -0.07925379 0.9816139 -0.1736465 0.07925379 0.9816147 -0.1736422 -0.08350586 0.9812613 -0.1736467 0.07925379 0.9816132 -0.1736506 0.08350586 0.9812615 -0.1736456 0.08353108 0.9812577 -0.1736546 0.0792312 0.9816147 -0.1736522 0.2356937 0.9561868 -0.1736529 0.08350068 0.9812619 -0.1736454 0.2356893 0.9561894 -0.173645 0.2481479 0.9530322 -0.1736445 0.2481603 0.9530279 -0.1736503 0.2357016 0.956185 -0.1736524 0.38603 0.905996 -0.1736431 0.2481388 0.9530329 -0.1736533 0.386002 0.9060067 -0.1736505 0.4056445 0.8973855 -0.1736426 0.4056465 0.8973835 -0.1736488 0.3860028 0.9060066 -0.1736487 0.5263276 0.8323607 -0.1736518 0.4056341 0.8973883 -0.1736524 0.5263562 0.8323441 -0.1736453 0.5514862 0.8159115 -0.1736416 0.5514627 0.8159257 -0.1736494 0.5263277 0.8323609 -0.1736506 0.6530454 0.7371429 -0.1736441 0.5514675 0.815922 -0.1736518 0.6530372 0.7371482 -0.1736523 0.6814167 0.7109966 -0.1736522 0.6814306 0.7109854 -0.173644 0.653045 0.7371426 -0.1736461 0.7628372 0.6228365 -0.1736497 0.6814386 0.710976 -0.1736508 0.7628386 0.6228345 -0.1736509 0.7917857 0.5855951 -0.1736488 0.7917763 0.5856078 -0.1736491 0.7628453 0.6228265 -0.1736502 0.8528748 0.4923948 -0.1736431 0.7917943 0.5855828 -0.1736515 0.8528572 0.4924216 -0.1736537 0.8793512 0.4433835 -0.173645 0.879354 0.4433758 -0.1736505 0.8528711 0.4924004 -0.173646 0.9208135 0.3492096 -0.1736524 0.8793553 0.4433745 -0.1736478 0.9208198 0.3491995 -0.1736397 0.9416483 0.2883509 -0.1736448 0.9416414 0.2883712 -0.1736482 0.9208106 0.3492172 -0.1736525 0.9649012 0.1970044 -0.1736523 0.9416392 0.2883818 -0.1736419 0.9649063 0.1969848 -0.1736456 0.9768283 0.1251015 -0.1736551 0.976827 0.1251008 -0.1736632 0.9649047 0.1969892 -0.1736502 0.9840082 0.03965717 -0.1736527 0.97683 0.1250948 -0.173651 0.9840086 0.03965473 -0.1736516 0.983921 -0.04180556 -0.1736427 0.9839214 -0.04179501 -0.1736431 0.9840084 0.03965371 -0.1736524 0.9776288 -0.1186931 -0.1736489 0.9839211 -0.04177808 -0.1736494 0.9776311 -0.1186946 -0.173635 0.9627028 -0.2074881 -0.1736437 0.9626958 -0.2075034 -0.173664 0.9776256 -0.1187172 -0.1736507 0.9459311 -0.273972 -0.1736485 0.9627051 -0.20747 -0.1736526 0.9459317 -0.2739747 -0.1736409 0.9137936 -0.3671881 -0.1736497 0.9137901 -0.3671972 -0.1736493 0.9459258 -0.273988 -0.1736522 0.8897185 -0.4221933 -0.1736486 0.9137954 -0.367184 -0.173649 0.8897222 -0.422185 -0.1736501 0.8385859 -0.5163532 -0.1736466 0.8385989 -0.5163329 -0.1736445 0.8897179 -0.4221979 -0.173641 0.8104715 -0.559447 -0.1736524 0.8386017 -0.5163262 -0.1736508 0.8104714 -0.5594468 -0.173654 0.7392519 -0.6506558 -0.1736485 0.7392718 -0.650633 -0.173649 0.8104782 -0.5594387 -0.1736481 0.7102436 -0.6822015 -0.1736527 0.7392735 -0.6506325 -0.1736439 0.710258 -0.6821888 -0.1736435 0.6186901 -0.7662033 -0.1736521 0.6186866 -0.7662074 -0.1736462 0.7102472 -0.6821991 -0.1736473 0.5916039 -0.7873061 -0.1736494 0.6186619 -0.7662264 -0.1736508 0.5916193 -0.7872958 -0.1736437 0.4802867 -0.8597517 -0.173643 0.4802677 -0.8597608 -0.1736502 0.5916166 -0.7872971 -0.1736465 0.4576788 -0.871995 -0.1736518 0.480291 -0.8597478 -0.1736499 0.4576611 -0.8720043 -0.1736513 0.3280644 -0.9285593 -0.1736422 0.328095 -0.9285468 -0.173651 0.457657 -0.872008 -0.1736435 0.3118528 -0.9341273 -0.1736494 0.3280774 -0.9285532 -0.1736497 0.3118808 -0.9341177 -0.1736508 0.1664392 -0.9706409 -0.17365 0.1664477 -0.9706403 -0.1736457 0.3118586 -0.934125 -0.1736519 0.1579825 -0.9720537 -0.1736471 0.1664271 -0.9706432 -0.1736487 0.157962 -0.9720577 -0.1736428 1.58694e-5 -0.9848079 -0.1736479 0.1604322 -0.9870468 5.75557e-7 0.08321273 -0.9965319 -6.76705e-6 -1.886e-5 -1 1.48104e-6 1.2897e-5 -1 3.9544e-6 0.08321452 -0.9965317 9.10368e-7 0.07686901 -0.9970413 2.47709e-6 1.05426e-5 -1 1.6531e-6 0.07686936 -0.9970412 -1.1055e-5 0.05886906 -0.9982658 -6.07595e-6 0.3166778 -0.9485332 3.86597e-6 0.3166778 -0.9485332 -7.3323e-6 0.1604081 -0.9870508 2.56171e-5 0.1604082 -0.9870508 7.31833e-6 0.3166779 -0.9485332 -1.69694e-6 0.1604082 -0.9870508 -3.85909e-6 0.1604101 -0.9870505 2.016e-6 0.1604101 -0.9870505 -2.71387e-6 0.08320581 -0.9965324 2.24449e-7 0.08323925 -0.9965296 5.49201e-6 0.1604033 -0.9870516 1.88127e-7 0.07689458 -0.9970393 3.66755e-6 0.07689183 -0.9970395 1.32986e-5 0.1604109 -0.9870504 -3.34159e-6 0.05885457 -0.9982666 7.64616e-6 0.05883836 -0.9982676 -2.24039e-5 0.1604078 -0.9870509 1.33291e-5 0.03185838 -0.9994924 1.38953e-5 0.03184878 -0.9994927 -3.76999e-6 0.1604058 -0.9870513 -6.90669e-6 -1.46627e-5 -1 -1.33961e-5 0.03187662 -0.9994919 0 3.03239e-6 -1 4.82792e-7 3.03256e-6 -1 9.10368e-7 -3.03239e-6 -1 9.07469e-7 -3.03099e-6 -1 4.75906e-7 -0.03187662 -0.9994919 0 -0.03184884 -0.9994927 -3.69549e-6 1.45768e-5 -1 -1.33365e-5 -0.1604059 -0.9870511 -6.80238e-6 -0.03185826 -0.9994925 1.37389e-5 -0.1604077 -0.987051 1.32695e-5 -0.05883818 -0.9982676 -2.25492e-5 -0.05885457 -0.9982666 7.66665e-6 -0.1604109 -0.9870504 -3.30806e-6 -0.07689183 -0.9970394 1.33142e-5 -0.07689458 -0.9970393 3.58932e-6 -0.1604033 -0.9870516 1.95578e-7 -0.08323931 -0.9965296 5.4026e-6 -0.08320593 -0.9965324 2.06754e-7 -0.1604102 -0.9870505 -2.67777e-6 -0.1604102 -0.9870505 2.03261e-6 -0.08320629 -0.9965324 3.72645e-6 -0.1603998 -0.9870522 -1.41794e-6 -0.07688087 -0.9970403 3.95346e-7 -0.07687896 -0.9970405 -4.48443e-6 -0.1604043 -0.9870514 -6.01727e-6 -0.05884307 -0.9982673 -5.71832e-7 -0.05884486 -0.9982672 -8.3819e-7 -0.1604323 -0.9870469 5.88503e-6 1.94088e-5 -1 -3.29036e-6 -0.05883944 -0.9982675 -3.07278e-7 2.04444e-5 -1 3.4353e-6 -0.03183978 -0.999493 2.97558e-7 -0.03187638 -0.9994919 2.88594e-7 -2.77907e-6 -1 7.24343e-7 -2.78035e-6 -1 -8.91276e-7 2.89082e-6 -1 -8.9252e-7 2.89083e-6 -1 7.5507e-7 0.03187644 -0.9994919 2.92435e-7 0.03183978 -0.999493 5.51925e-7 -2.04369e-5 -1 3.74415e-6 0.05883944 -0.9982675 0 0.3166565 -0.9485403 -3.86367e-6 0.3166565 -0.9485403 7.21682e-6 0.4647244 -0.8854554 -1.36886e-6 0.4647243 -0.8854555 -7.21216e-6 0.3166563 -0.9485403 1.36967e-6 0.4647243 -0.8854555 3.86138e-6 0.464725 -0.8854551 -3.86138e-6 0.464725 -0.8854551 -7.31181e-6 0.6007547 -0.7994334 -2.71311e-6 0.6007549 -0.7994333 7.31554e-6 0.4647251 -0.885455 2.7115e-6 0.6007549 -0.7994333 3.86367e-6 0.6007512 -0.7994361 -3.86367e-6 0.6007512 -0.7994362 7.09295e-6 0.7212195 -0.6927066 -1.10033e-6 0.7211865 -0.692741 -7.08271e-6 0.6007513 -0.799436 1.10098e-6 0.7211865 -0.692741 3.85909e-6 0.7212026 -0.6927244 1.22798e-6 0.7212025 -0.6927244 3.72436e-6 0.8214089 -0.5703396 -5.66244e-7 0.8214152 -0.5703307 -6.35441e-6 0.7212105 -0.692716 1.32114e-6 0.8229978 -0.5680447 1.82423e-7 0.8213981 -0.5703554 0 0.8229808 -0.5680693 0 0.8250178 -0.5651068 0 0.8250135 -0.5651133 6.02635e-7 0.8229762 -0.5680758 -1.02277e-6 0.8350912 -0.5501115 1.2666e-7 0.8351148 -0.5500758 -5.58532e-7 0.8229957 -0.5680476 -1.19768e-6 0.8496662 -0.5273209 1.8999e-7 0.8496663 -0.5273208 -2.22778e-6 0.8229899 -0.5680561 0 0.8660135 -0.5000208 -4.31947e-6 0.8660255 -0.5 -6.95371e-7 0.8229878 -0.5680592 4.49503e-6 0.9034554 -0.4286823 1.90921e-7 0.8660185 -0.5000122 1.23621e-6 0.9034414 -0.4287115 -6.00726e-6 0.8815218 -0.4721434 1.9396e-6 0.8815076 -0.4721699 5.54428e-7 0.9034616 -0.4286693 2.71644e-6 0.8939572 -0.4481526 1.61212e-6 0.8939471 -0.4481726 -2.11061e-7 0.9034474 -0.428699 0 0.9019002 -0.4319446 6.78003e-7 0.901914 -0.4319158 -1.68679e-7 0.903461 -0.4286703 -2.45472e-7 0.904629 -0.4262001 -1.55473e-7 0.9046222 -0.4262146 4.65142e-6 0.9034541 -0.4286849 -6.72173e-6 0.960524 -0.2781971 -4.19468e-6 0.9046278 -0.4262026 -1.27777e-6 0.9605146 -0.2782296 3.31819e-6 0.9605147 -0.2782296 2.47732e-6 0.9605244 -0.2781958 -3.86597e-6 0.9605245 -0.2781958 -7.31926e-6 0.9927076 -0.1205484 -2.63165e-6 0.9927075 -0.120548 7.30157e-6 0.9605112 -0.2782415 2.63948e-6 0.9927076 -0.120548 3.8568e-6 0.9927087 -0.1205385 -3.85909e-6 0.9927087 -0.1205385 7.45151e-6 0.9991886 0.04027754 -2.0426e-6 0.9991886 0.04027771 -7.46548e-6 0.9927087 -0.1205384 2.03897e-6 0.9991886 0.04027771 3.86597e-6 0.9991891 0.04026424 -3.86826e-6 0.9991891 0.04026424 7.30716e-6 0.9797883 0.2000373 -1.57797e-6 0.9797883 0.2000374 -7.28387e-6 0.9991891 0.04026436 2.55627e-5 0.9797883 0.2000374 3.8568e-6 0.9797951 0.2000039 -3.86138e-6 0.9797951 0.2000039 -7.40401e-6 0.9350193 0.3545967 -2.63961e-5 0.9350195 0.3545966 7.40774e-6 0.9797952 0.2000037 2.44297e-6 0.9350194 0.3545966 3.86368e-6 0.9350132 0.3546128 -4.52379e-7 0.9350133 0.3546128 1.67056e-6 0.9046222 0.4262144 2.27429e-6 0.9046353 0.4261868 -1.89594e-6 0.9350078 0.3546271 4.40981e-7 0.9018951 0.4319553 3.09874e-6 0.9019058 0.431933 1.5116e-5 0.9350154 0.3546074 -4.55324e-6 0.8939487 0.4481695 -1.00676e-6 0.8939498 0.4481673 -9.1549e-7 0.9350087 0.3546249 3.82331e-6 0.8660185 0.500012 6.23101e-6 0.8939509 0.4481649 1.47085e-6 0.8660227 0.5000048 -1.94961e-6 0.8815135 0.4721589 0 0.8815177 0.4721513 -9.50589e-7 0.8660206 0.5000085 8.57346e-7 0.8660206 0.5000085 0 0.8660182 0.5000125 -8.74152e-7 0.8660182 0.5000125 7.66013e-7 0.8496663 0.5273208 2.26544e-7 0.8496705 0.5273141 2.20415e-6 0.8660152 0.5000178 -1.50246e-6 0.8351086 0.5500851 -6.91507e-7 0.8350943 0.5501068 -3.81115e-6 0.8660331 0.4999868 6.46338e-6 0.8250253 0.5650959 -3.21853e-6 0.8250107 0.5651173 -5.10225e-6 0.8660271 0.499997 7.00075e-6 0.8214232 0.5703192 4.24311e-6 0.8214159 0.5703297 -6.62784e-6 0.8660186 0.5000118 -5.69015e-6 0.7746009 0.6324504 -4.44194e-6 0.8214026 0.5703489 -9.25269e-7 0.7746174 0.6324303 1.86554e-6 0.7746174 0.6324303 -1.71922e-6 0.7746077 0.6324421 -3.86367e-6 0.7746077 0.6324422 7.3975e-6 0.6631157 0.748517 -1.82919e-6 0.6631158 0.7485169 -7.39284e-6 0.7746077 0.6324421 1.83028e-6 0.6631158 0.7485169 3.86138e-6 0.663116 0.7485167 -3.86826e-6 0.663116 0.7485167 -7.29784e-6 0.5344469 0.8452021 -2.70828e-6 0.5344471 0.8452019 7.27642e-6 0.6631162 0.7485165 2.71633e-6 0.5344471 0.8452019 3.85679e-6 0.5344783 0.8451822 -3.86367e-6 0.5344783 0.8451822 7.35186e-6 0.3919678 0.919979 -2.56324e-5 0.3919677 0.919979 -7.3472e-6 0.5344783 0.8451824 1.69594e-6 0.3919677 0.9199791 3.86138e-6 0.3919693 0.9199784 -3.86368e-6 0.3919693 0.9199784 7.35186e-6 0.2393052 0.9709444 -1.75247e-6 0.239305 0.9709445 -7.34907e-6 0.3919689 0.9199784 1.75351e-6 0.239305 0.9709445 3.86138e-6 0.2393351 0.9709371 1.95327e-6 0.2393351 0.9709371 3.54555e-6 0.08319634 0.9965332 -1.0021e-6 0.08323305 0.9965301 -1.45845e-6 0.2393236 0.9709399 4.21991e-6 0.08046197 0.9967578 2.04906e-6 0.08326393 0.9965276 2.39972e-7 0.08054059 0.9967514 -1.74709e-7 0.07681304 0.9970456 -2.62604e-7 0.0768969 0.9970391 1.31746e-7 0.08048111 0.9967561 -1.02387e-6 0.05881834 0.9982687 -2.90107e-7 0.05885183 0.9982668 1.26229e-6 0.08047676 0.9967565 1.33878e-7 0.03182643 0.9994934 4.96395e-7 0.03183609 0.9994932 -2.55281e-6 0.08045554 0.9967582 -1.72667e-6 -8.48889e-6 1 1.21165e-6 -3.74537e-7 1 -6.43411e-6 0.08044469 0.9967591 -2.32924e-6 -0.08044469 0.9967591 -2.33576e-6 8.48808e-6 1 1.21491e-6 -0.08045548 0.9967582 -1.88802e-6 -0.03183609 0.9994932 -2.5513e-6 -0.03182625 0.9994934 3.858e-7 -0.08047658 0.9967565 0 -0.05885165 0.9982668 1.13761e-6 -0.05886578 0.9982659 -3.65981e-7 -0.08048075 0.9967562 -1.02253e-6 -0.07689648 0.9970391 2.20723e-7 -0.07681179 0.9970457 -2.59259e-7 -0.08049154 0.9967553 -2.20419e-7 -0.08326268 0.9965277 0 -0.08323287 0.9965302 -1.37313e-6 -0.08046174 0.9967578 2.06303e-6 -0.2393233 0.97094 4.20213e-6 -0.08319634 0.9965332 -9.77889e-7 -0.2393351 0.9709371 3.49115e-6 -0.2393351 0.9709371 1.94833e-6 -0.2393054 0.9709444 -3.86138e-6 -0.2393054 0.9709444 7.34441e-6 -0.3919695 0.9199783 -1.75351e-6 -0.3919692 0.9199784 -7.34814e-6 -0.2393051 0.9709445 1.75247e-6 -0.3919692 0.9199784 3.86368e-6 -0.3919678 0.9199789 -3.86138e-6 -0.3919679 0.9199789 7.35093e-6 -0.5344785 0.8451822 -1.69594e-6 -0.5344778 0.8451826 -7.35466e-6 -0.3919672 0.9199793 1.69493e-6 -0.5344778 0.8451826 3.86367e-6 -0.5344475 0.8452018 -3.85679e-6 -0.5344475 0.8452018 -7.27736e-6 -0.6631165 0.7485162 -2.71633e-6 -0.6631162 0.7485165 7.29971e-6 -0.5344471 0.845202 2.70828e-6 -0.6631162 0.7485165 3.86826e-6 -0.6631154 0.7485173 -3.86138e-6 -0.6631154 0.7485173 7.39191e-6 -0.7746073 0.6324425 -1.83028e-6 -0.774608 0.6324418 -7.39563e-6 -0.663116 0.7485166 1.82919e-6 -0.774608 0.6324418 3.86368e-6 -0.7746175 0.6324301 -1.69368e-6 -0.7746175 0.63243 1.88989e-6 -0.8214027 0.5703487 -9.35048e-7 -0.821421 0.5703225 4.67559e-6 -0.7746114 0.6324377 6.57514e-7 -0.8250226 0.5650998 9.09437e-7 -0.8250209 0.5651024 3.48472e-6 -0.7745971 0.632455 7.24476e-6 -0.8350967 0.5501033 -3.77372e-6 -0.8351125 0.5500794 2.33226e-6 -0.7746006 0.6324508 5.58118e-6 -0.8660197 0.50001 -3.89619e-6 -0.8351061 0.5500888 -4.79456e-7 -0.8660368 0.4999802 -1.59023e-7 -0.8496682 0.5273177 6.1281e-7 -0.84967 0.5273149 2.29862e-7 -0.8660217 0.5000064 7.53549e-7 -0.8660218 0.5000064 -8.76607e-7 -0.8660174 0.5000142 0 -0.8660174 0.5000142 8.74861e-7 -0.8815146 0.472157 -9.52045e-7 -0.8815145 0.4721569 -2.93134e-7 -0.8660238 0.5000028 -2.18907e-6 -0.8939519 0.4481629 1.13901e-6 -0.8939544 0.448158 -3.61714e-6 -0.8660216 0.5000067 -1.47009e-6 -0.901899 0.4319472 -6.37432e-6 -0.9018989 0.4319473 2.65054e-6 -0.8660184 0.5000122 -1.33272e-6 -0.9046217 0.4262155 2.97651e-6 -0.9046342 0.4261891 1.15796e-5 -0.8660173 0.5000141 2.9332e-6 -0.9350247 0.3545824 3.57488e-6 -0.9046201 0.4262189 2.28873e-6 -0.9350116 0.3546175 1.66634e-6 -0.9350115 0.3546175 -4.54485e-7 -0.9350202 0.3545944 -3.86367e-6 -0.9350202 0.3545944 -7.4096e-6 -0.9797861 0.2000484 -2.44152e-6 -0.9797952 0.2000035 7.40588e-6 -0.9350195 0.3545964 2.44443e-6 -0.9797953 0.2000035 3.86138e-6 -0.9797883 0.2000374 -3.8568e-6 -0.9797883 0.2000374 7.28294e-6 -0.9991891 0.04026436 -1.58266e-6 -0.9991891 0.04026436 -7.30529e-6 -0.9797883 0.2000374 1.57797e-6 -0.9991891 0.04026436 3.86826e-6 -0.9991887 0.04027569 -3.86597e-6 -0.9991887 0.04027569 7.46548e-6 -0.9927085 -0.1205404 -2.03897e-6 -0.9927088 -0.1205381 -7.45058e-6 -0.9991886 0.04027801 2.0426e-6 -0.9927088 -0.1205381 3.85909e-6 -0.9927076 -0.1205475 -3.85679e-6 -0.9927076 -0.1205476 -7.30064e-6 -0.9605246 -0.278195 -2.63791e-6 -0.9605113 -0.2782409 7.32392e-6 -0.9927076 -0.1205475 2.63165e-6 -0.9605113 -0.2782409 3.86826e-6 -0.9605143 -0.2782308 2.48526e-6 -0.9605143 -0.2782307 3.35462e-6 -0.9046273 -0.4262037 -1.2815e-6 -0.9046222 -0.4262145 4.6473e-6 -0.9605241 -0.2781971 -4.0913e-6 -0.9034541 -0.4286848 4.91549e-6 -0.9046336 -0.4261902 0 -0.9034658 -0.4286604 -3.74317e-7 -0.901898 -0.4319492 0 -0.9019073 -0.4319298 6.52392e-7 -0.9034545 -0.4286843 0 -0.8939331 -0.4482008 0 -0.8939576 -0.4481515 1.83459e-6 -0.9034414 -0.4287116 2.14274e-6 -0.8815081 -0.4721689 7.65081e-7 -0.8815189 -0.4721488 1.9453e-6 -0.9034594 -0.4286738 -3.99025e-6 -0.8660156 -0.5000173 3.51155e-6 -0.8660253 -0.5000002 -6.86325e-7 -0.9034556 -0.428682 2.39816e-7 -0.822988 -0.5680589 4.50853e-6 -0.8660372 -0.4999798 2.43331e-6 -0.8229898 -0.5680561 -1.851e-7 -0.8496664 -0.5273209 -2.23226e-6 -0.8496664 -0.5273206 2.50759e-7 -0.8229959 -0.5680474 -1.2166e-6 -0.835115 -0.5500756 -4.99189e-7 -0.8351126 -0.5500793 4.16258e-7 -0.8229711 -0.5680834 -9.56348e-7 -0.8250082 -0.5651208 6.99889e-7 -0.8249831 -0.5651573 5.15019e-7 -0.8230004 -0.5680408 3.77938e-7 -0.8214179 -0.5703269 1.96102e-7 -0.8214163 -0.5703291 -6.30932e-6 -0.8229718 -0.5680825 0 -0.7212119 -0.6927145 1.30665e-6 -0.8214085 -0.5703403 -5.6345e-7 -0.721202 -0.6927249 3.74548e-6 -0.721202 -0.6927249 1.24052e-6 -0.7211873 -0.6927403 -3.85909e-6 -0.7211872 -0.6927403 7.0855e-6 -0.6007522 -0.7994353 -1.10098e-6 -0.6007505 -0.7994366 -7.09482e-6 -0.721219 -0.6927072 1.10033e-6 -0.6007506 -0.7994366 3.86368e-6 -0.6007547 -0.7994334 -3.86367e-6 -0.6007547 -0.7994334 -7.31181e-6 -0.464725 -0.8854551 -2.7115e-6 -0.4647251 -0.8854551 7.30809e-6 -0.6007549 -0.7994333 3.86406e-5 -0.4647251 -0.885455 3.86138e-6 -0.4647242 -0.8854555 -3.86138e-6 -0.4647242 -0.8854555 7.21123e-6 -0.3166562 -0.9485405 -1.36967e-6 -0.3166563 -0.9485403 -7.21682e-6 -0.4647243 -0.8854555 3.7275e-5 -0.3166563 -0.9485403 3.86367e-6 -0.316678 -0.9485331 -3.86597e-6 -0.316678 -0.9485332 7.33323e-6 -0.1604083 -0.9870508 -1.69392e-6 -0.1604081 -0.9870508 -7.31833e-6 -0.3166778 -0.9485332 1.69694e-6 -0.1604081 -0.9870508 3.85909e-6 -0.7211985 -0.6927285 1.47149e-7 -0.8229814 -0.5680684 2.15671e-6 -0.8214254 -0.5703161 -2.49594e-6 -0.8213998 -0.5703529 8.3998e-7 -0.8230113 -0.5680251 -3.36677e-6 -0.8249848 -0.565155 -9.38524e-6 -0.8250301 -0.5650889 2.0006e-7 -0.8229916 -0.5680536 1.23167e-6 -0.8350982 -0.5501011 1.89058e-7 -0.8351089 -0.5500847 1.43996e-5 -0.8229719 -0.5680821 -7.85291e-6 -0.8496518 -0.5273442 7.51764e-6 -0.849658 -0.5273343 -1.4022e-5 -0.8229825 -0.5680668 -8.52346e-6 -0.8660262 -0.4999986 9.98378e-7 -0.8660213 -0.5000072 -7.59959e-6 -0.8229849 -0.5680632 -1.74493e-5 -0.9034517 -0.4286898 1.53333e-5 -0.8660256 -0.4999998 -2.16439e-6 -0.9034515 -0.4286903 -1.58325e-5 -0.8815124 -0.4721609 1.24648e-5 -0.8815113 -0.4721631 -3.20561e-6 -0.9034438 -0.4287067 5.46686e-6 -0.8939478 -0.4481713 -4.4317e-6 -0.8939465 -0.4481738 1.85799e-7 -0.9034414 -0.4287117 1.26386e-6 -0.9019088 -0.4319266 -1.87638e-6 -0.9018972 -0.4319509 -4.87227e-7 -0.9034457 -0.4287026 -7.45757e-7 -0.9046706 -0.4261118 -8.81459e-6 -0.9046375 -0.4261819 3.68175e-6 -0.9034487 -0.4286963 -5.3728e-6 -0.9605148 -0.2782291 -1.50129e-6 -0.8660234 0.5000036 1.13621e-5 -0.8815108 0.472164 6.83963e-6 -0.9350211 0.3545923 -7.79331e-6 -0.9350125 0.3546147 2.04742e-5 -0.8815157 0.4721547 1.5758e-5 -0.8939473 0.4481724 5.5097e-6 -0.9350177 0.3546012 -3.12924e-6 -0.8939417 0.4481835 -3.46079e-6 -0.9019064 0.4319317 8.85688e-6 -0.7746068 0.6324431 -1.22041e-5 -0.8496575 0.5273352 1.33663e-5 -0.8660365 0.4999808 -1.04755e-5 -0.8660205 0.5000086 4.07454e-7 -0.8496688 0.527317 2.01631e-7 -0.8660206 0.5000086 8.91383e-7 -0.8660193 0.5000107 1.18372e-6 -0.8660193 0.5000107 0 -0.8815163 0.4721535 -1.1432e-6 -0.2392922 0.9709476 -3.3516e-6 -0.08044576 0.9967591 -2.93064e-6 -0.08321803 0.9965314 -5.25266e-7 -0.08322626 0.9965308 -2.14626e-7 -0.08050245 0.9967545 9.46129e-7 -0.07677698 0.9970483 4.07916e-6 -0.07689172 0.9970394 -8.53382e-7 -0.08048003 0.9967563 -8.74046e-7 -0.05883395 0.9982678 0 -0.05884057 0.9982674 3.97395e-6 -0.08045136 0.9967586 4.95836e-6 -0.03183931 0.999493 -6.50994e-6 -0.03185206 0.9994926 3.45707e-6 -0.08047378 0.9967568 -1.72481e-5 1.36811e-6 1 -6.14673e-6 1.21705e-5 1 -4.38094e-6 -0.08048486 0.9967559 1.80304e-6 0.08048486 0.9967559 1.80304e-6 -1.3588e-6 1 -6.143e-6 0.08047384 0.9967567 -1.72108e-5 0.03185206 0.9994927 3.45707e-6 0.0318408 0.9994931 -7.85873e-6 0.08045119 0.9967586 6.86198e-6 0.05884039 0.9982674 5.90133e-6 0.05883377 0.9982678 -2.48663e-7 0.0804798 0.9967563 2.20316e-7 0.07689142 0.9970396 -1.01537e-6 0.07682818 0.9970444 2.13567e-6 0.08050566 0.9967542 1.08473e-6 0.08322954 0.9965304 -1.60479e-7 0.08321785 0.9965314 -1.02539e-6 0.08044564 0.9967591 -3.43425e-6 0.2393385 0.9709362 -5.26383e-6 0.866037 0.49998 -1.23009e-5 0.849658 0.5273343 1.14515e-5 0.7746075 0.6324424 -1.40294e-5 0.7746034 0.6324474 6.02007e-6 0.8496539 0.5273408 1.5758e-5 0.8351036 0.5500929 4.07547e-6 0.7746044 0.6324462 -2.34321e-6 0.8351127 0.5500789 -9.81428e-6 0.8250162 0.5651092 1.03556e-5 0.9350215 0.354591 -1.06916e-5 0.8815114 0.4721629 3.9041e-6 0.8660241 0.5000023 8.53091e-6 0.8660208 0.5000081 1.18138e-6 0.8815178 0.4721508 -1.1418e-6 0.8660207 0.5000081 0 0.8660205 0.5000088 4.142e-7 0.8660205 0.5000088 8.93371e-7 0.8496686 0.5273172 1.94646e-7 0.9605146 -0.2782298 -6.62869e-7 0.9034484 -0.4286969 -4.53042e-6 0.9046372 -0.4261825 4.56348e-6 0.9046506 -0.4261543 -4.414e-6 0.9034461 -0.4287018 -8.76935e-7 0.9018975 -0.4319503 -3.06056e-7 0.9019061 -0.4319321 -1.40138e-6 0.9034389 -0.4287171 2.42423e-6 0.8939437 -0.4481794 -6.3749e-7 0.893948 -0.448171 -5.31459e-6 0.9034458 -0.4287024 3.58e-6 0.8815136 -0.4721588 3.11993e-6 0.8815118 -0.472162 1.14813e-5 0.9034543 -0.4286845 -1.6816e-5 0.8660228 -0.5000047 2.6077e-6 0.8660209 -0.5000078 -5.33462e-6 0.9034514 -0.4286907 1.77622e-5 0.8229845 -0.568064 -1.53631e-5 0.8660259 -0.4999991 9.68575e-7 0.8229822 -0.5680673 -8.52346e-6 0.8496577 -0.5273347 -1.40555e-5 0.8496496 -0.5273477 8.47946e-6 0.8229954 -0.5680481 8.23755e-6 0.8351082 -0.5500859 1.32835e-5 0.8351061 -0.550089 -7.94418e-7 0.8229727 -0.568081 -1.12556e-6 0.8250112 -0.5651164 -5.248e-7 0.8249981 -0.5651355 -6.12651e-6 0.8229976 -0.5680449 -1.79145e-6 0.8214135 -0.5703333 -4.48083e-7 0.8214249 -0.5703169 -2.45729e-6 0.8229808 -0.5680693 2.15648e-6 0.7211979 -0.6927292 1.67638e-7 -0.9018972 0.4319509 -5.19678e-7 -0.9046208 0.4262175 -6.51181e-6 -0.9350192 0.354597 -2.78093e-6 -0.8214169 0.5703283 3.95346e-7 -0.8250303 0.5650885 -7.85105e-7 -0.774593 0.6324602 -2.66358e-6 -0.7746019 0.6324492 -5.65126e-6 -0.8250159 0.5651096 1.05556e-5 -0.8351125 0.5500793 -6.73858e-6 -0.7746038 0.632447 7.06315e-6 -0.8351039 0.5500923 5.05149e-6 -0.8496542 0.5273404 1.67564e-5 0.8250325 0.5650854 -4.40516e-6 0.8214191 0.5703253 -3.23448e-6 0.7745953 0.6324572 -6.25662e-6 0.9046337 0.4261901 9.56934e-7 0.9019102 0.4319236 5.5423e-6 0.9350129 0.3546139 0 0.9350186 0.3545989 -5.90831e-6 0.901906 0.4319325 9.65595e-6 0.8939427 0.4481813 -6.25476e-6 0.9350092 0.3546235 1.15633e-5 0.8939481 0.4481706 1.03936e-5 0.8815168 0.4721528 2.07052e-5 -9.47155e-6 1 1.77491e-7 -9.47155e-6 1 7.75792e-7 -0.03082895 0.9995248 -2.94996e-7 -0.0308507 0.9995241 3.1041e-6 -1.26643e-5 1 -5.1409e-6 -0.1493185 0.9887892 -7.91997e-6 -0.03085935 0.9995238 5.66244e-7 -0.1493253 0.9887881 5.88037e-6 -0.175373 0.9845021 3.81377e-6 -0.1753808 0.9845008 -4.909e-6 -0.1493176 0.9887894 2.33762e-6 -0.2953032 0.9554036 3.00631e-6 -0.1753796 0.9845009 6.00889e-6 -0.2952961 0.9554058 6.72415e-6 -0.3161964 0.9486938 -2.1141e-6 -0.316199 0.9486929 -1.42865e-6 -0.2953011 0.9554043 3.66196e-6 -0.4346839 0.9005832 -3.8743e-6 -0.3161692 0.9487029 -6.56769e-6 -0.4346643 0.9005926 -1.35507e-6 -0.4503537 0.8928503 -4.20027e-6 -0.450319 0.8928679 -1.62702e-6 -0.4346714 0.9005891 3.23914e-6 -0.5643048 0.8255665 2.14204e-6 -0.4503357 0.8928593 3.46452e-7 -0.5642869 0.8255788 -1.31363e-6 -0.5749884 0.8181616 -4.33857e-6 -0.5749791 0.8181682 -1.60711e-6 -0.5642692 0.8255909 4.54765e-6 -0.6001681 0.799874 -1.16701e-6 -0.6001657 0.7998758 1.05221e-5 -0.5642912 0.8255759 1.82725e-6 -0.6227566 0.7824157 -2.39154e-5 -0.6227648 0.7824091 5.41704e-6 -0.564284 0.8255807 -7.30157e-7 -0.6812516 0.7320494 3.02866e-6 -0.6227502 0.7824209 7.84872e-6 -0.6812501 0.7320507 3.53716e-6 -0.6392769 0.7689768 6.38422e-7 -0.6392874 0.768968 -3.95346e-6 -0.681256 0.7320453 4.1863e-6 -0.6458024 0.7635046 4.27105e-6 -0.6458252 0.7634854 -1.37836e-7 -0.6812473 0.7320534 -1.60158e-6 -0.6542045 0.7563177 0 -0.6457955 0.7635105 -5.45733e-7 -0.6542106 0.7563124 -3.33996e-7 -0.6457955 0.7635105 0 -0.6458051 0.7635024 -3.62052e-7 -0.6541986 0.7563228 -3.18745e-7 -0.6433407 0.7655801 -2.54833e-7 -0.6433319 0.7655875 2.57422e-5 -0.6542024 0.7563195 -8.47038e-7 -0.6361771 0.7715431 -3.29386e-6 -0.6361806 0.7715402 1.19377e-5 -0.6542001 0.7563216 2.03587e-6 -0.6112163 0.7914637 -3.4906e-6 -0.6112329 0.7914508 7.36304e-6 -0.6542134 0.7563101 -1.4201e-5 -0.5528885 0.8332553 -5.47245e-6 -0.6112136 0.7914658 -2.40654e-6 -0.5528985 0.8332487 1.71326e-5 -0.5031185 0.8642174 -1.08487e-5 -0.5030973 0.8642298 -2.68407e-6 -0.5528803 0.8332607 5.66663e-6 -0.4426507 0.8966942 1.28895e-6 -0.5031197 0.8642168 5.24521e-6 -0.4426346 0.8967021 1.01328e-6 -0.3864254 0.9223207 9.66189e-7 -0.3864346 0.9223168 1.07996e-5 -0.4426507 0.8966941 -1.57319e-5 -0.3252251 0.9456366 -8.56817e-7 -0.3864165 0.9223245 -9.29087e-6 -0.3251922 0.945648 -1.19954e-6 -0.3654593 0.9308273 -1.72108e-6 -0.3654596 0.9308273 6.94767e-6 -0.3252297 0.9456351 1.53892e-5 -0.2938765 0.9558435 -1.08322e-5 -0.2938722 0.9558448 -7.52509e-7 -0.3251999 0.9456453 -2.02321e-5 -0.2025133 0.9792795 -2.66731e-6 -0.2938879 0.9558399 8.67993e-7 -0.2025192 0.9792783 1.65217e-6 -0.2020416 0.9793769 1.49757e-6 -0.2020369 0.979378 -7.5344e-6 -0.2025338 0.9792753 -2.14763e-6 -0.1070533 0.9942533 9.17912e-6 -0.2020416 0.979377 1.19209e-7 -0.1070549 0.9942532 -2.94298e-6 -0.1053029 0.9944402 -1.96397e-5 -0.1053165 0.9944388 2.06903e-5 -0.1070484 0.9942539 5.0664e-6 -1.68383e-6 1 -1.09151e-5 -0.1052979 0.9944408 -1.55531e-6 1.87941e-5 1 1.84202e-6 1.87922e-5 1 1.90549e-6 -0.6542126 0.7563108 -9.66364e-7 -0.6812397 0.7320605 -1.26311e-6 -0.7353606 0.6776761 -1.96137e-6 -0.7353575 0.6776794 1.64168e-5 -0.681242 0.7320583 -2.3453e-6 -0.7829278 0.6221127 1.67033e-6 -0.735359 0.6776778 1.10967e-6 -0.7829328 0.6221063 -7.66944e-7 -0.8058947 0.592059 3.81842e-7 -0.8058936 0.5920605 -1.45764e-6 -0.7829368 0.6221014 -4.79841e-6 -0.8670526 0.4982169 -1.09058e-6 -0.805893 0.5920614 0 -0.8670556 0.4982113 4.93329e-6 -0.8662185 0.4996654 8.49366e-7 -0.8662193 0.499664 -4.5226e-6 -0.8670564 0.49821 1.36998e-6 -0.915516 0.4022815 3.36394e-6 -0.9155205 0.4022716 3.73926e-7 -0.8670458 0.4982284 5.5437e-7 -0.9314039 0.3639876 -9.89065e-7 -0.9155035 0.4023101 -1.97091e-6 -0.931414 0.3639614 2.01014e-6 -0.953398 0.3017157 -9.25735e-7 -0.953392 0.3017349 1.5581e-6 -0.9314103 0.3639711 5.14742e-6 -0.9751244 0.2216586 2.51736e-6 -0.9533861 0.3017534 -5.2196e-6 -0.9751205 0.2216759 2.21468e-6 -0.9798237 0.199864 -2.5332e-6 -0.9798238 0.1998629 -1.81817e-6 -0.9751205 0.2216757 3.03797e-6 -0.9951261 0.09861069 -1.32248e-7 -0.9951251 0.09862142 3.39746e-6 -0.9751241 0.2216597 1.83121e-6 -0.9972242 0.07445746 3.73228e-6 -0.9951255 0.09861654 -1.52481e-6 -0.9972251 0.0744459 -6.98958e-7 -1 9.48831e-6 -1.09151e-6 -1 8.49832e-7 9.61719e-6 -0.9972265 0.07442587 2.28081e-6 -0.9972265 -0.07442587 2.2538e-6 -1 -2.08877e-5 3.69549e-6 -0.9972244 -0.07445526 -3.5984e-7 -0.9951388 -0.09848344 0 -0.9951399 -0.09847217 2.74624e-6 -0.9972246 -0.07445251 -4.2296e-6 -0.9751238 -0.2216609 -5.53019e-6 -0.9951377 -0.09849381 1.78814e-6 -0.9751262 -0.2216509 -5.43683e-6 -0.979925 -0.1993663 3.29688e-6 -0.9799235 -0.1993741 0 -0.9751244 -0.2216585 -1.24122e-6 -0.9536963 -0.3007716 -1.16788e-6 -0.9536951 -0.3007751 -4.34753e-7 -0.975124 -0.2216602 6.34696e-7 -0.9314111 -0.363969 4.70038e-6 -0.9536886 -0.3007957 -1.35647e-6 -0.9314105 -0.3639705 -9.33418e-7 -0.9160825 -0.40099 -1.71736e-6 -0.9160843 -0.4009857 -7.52392e-7 -0.9314056 -0.3639832 3.40678e-6 -0.8670458 -0.4982286 5.55534e-6 -0.9160835 -0.4009878 -4.71249e-7 -0.8670436 -0.4982323 -2.99348e-6 -0.8670197 -0.4982739 -8.06525e-7 -0.8670036 -0.498302 9.498e-7 -0.8670514 -0.4982189 -3.95067e-6 -0.8066534 -0.5910249 4.59142e-6 -0.8066629 -0.591012 0 -0.8670513 -0.498219 5.1083e-7 -0.7829378 -0.6221001 3.95346e-6 -0.8066464 -0.5910344 1.25426e-6 -0.7829448 -0.6220912 -1.00583e-6 -0.7354742 -0.6775528 2.88151e-6 -0.7354888 -0.6775369 1.06034e-5 -0.7829289 -0.6221112 2.18698e-6 -0.6812431 -0.7320573 4.89876e-6 -0.7354814 -0.677545 2.13971e-6 -0.68123 -0.7320696 -1.99227e-6 -0.6542024 -0.7563197 2.27988e-6 -0.654193 -0.7563278 -1.38243e-6 -0.6812536 -0.7320476 -5.05487e-6 -0.5642853 -0.82558 1.0035e-6 -0.654194 -0.7563268 -3.48641e-6 -0.5642776 -0.8255851 2.36352e-6 -0.5529052 -0.8332442 -2.14204e-6 -0.5529036 -0.8332453 -4.99457e-6 -0.5642761 -0.8255863 -4.92728e-7 -0.4346598 -0.9005948 -1.41934e-6 -0.5528938 -0.8332517 8.94535e-7 -0.4346873 -0.9005815 4.27375e-6 -0.4426141 -0.8967122 2.0843e-6 -0.4426273 -0.8967057 -1.98022e-7 -0.4346572 -0.9005961 -3.24799e-6 -0.3252279 -0.9456357 -5.26756e-6 -0.3251962 -0.9456467 4.36208e-6 -0.4346889 -0.9005808 -4.05521e-6 -0.2952942 -0.9554064 -4.17908e-6 -0.3251898 -0.9456489 -3.20515e-6 -0.2953335 -0.9553943 -2.34402e-6 -0.2025412 -0.9792737 1.84029e-6 -0.2025303 -0.9792761 8.44127e-7 -0.2953131 -0.9554006 -4.12972e-6 -0.1493549 -0.9887837 1.6375e-6 -0.2025533 -0.9792712 2.51352e-6 -0.149331 -0.9887874 -1.16654e-6 -0.1416948 -0.9899104 3.56929e-7 -0.1416807 -0.9899125 -3.26487e-7 -0.149317 -0.9887894 -1.07673e-6 -0.1327549 -0.991149 0 -0.1327416 -0.9911507 -8.83752e-7 -0.1493562 -0.9887834 8.88831e-7 -0.1051004 -0.9944616 -6.4075e-7 -0.1050947 -0.9944623 3.80189e-6 -0.1493421 -0.9887856 4.16301e-6 -0.0595712 -0.9982241 2.56952e-6 -0.05957466 -0.9982239 3.08757e-6 -0.1493552 -0.9887836 -4.18536e-6 2.37227e-5 -1 2.7637e-6 -0.05959641 -0.9982227 -2.54833e-6 3.57814e-6 -1 -2.74326e-6 3.58e-6 -1 -1.2638e-6 -0.1416672 -0.9899144 -1.47743e-6 -0.1327467 -0.9911501 0 -0.202539 -0.9792742 3.73321e-6 -0.202519 -0.9792783 -2.34693e-6 -0.1327534 -0.9911492 -7.98726e-7 -0.1070302 -0.9942557 3.48873e-6 -0.1070781 -0.9942507 -4.28117e-7 -0.1327296 -0.9911524 5.04311e-7 -0.1050761 -0.9944642 2.81969e-7 -0.1070466 -0.994254 -1.14246e-6 -0.1050922 -0.9944626 1.79745e-6 -0.05956637 -0.9982244 -3.96743e-7 3.59304e-6 -1 1.25632e-6 3.59491e-6 -1 -9.71835e-7 -0.05959635 -0.9982226 1.87196e-7 -0.05956983 -0.9982241 1.19038e-5 -9.78448e-6 -1 -3.49246e-6 -0.1070601 -0.9942526 -1.7928e-7 0.4287691 -2.38984e-6 -0.9034141 0.5170226 1.85333e-7 -0.8559717 0.4287691 2.83651e-6 -0.9034141 0.4287586 -4.40236e-6 -0.9034191 0.517019 1.76451e-6 -0.855974 0.5612362 -3.07907e-6 -0.8276558 0.5612282 1.82836e-6 -0.8276611 0.5170291 -1.04741e-5 -0.8559679 0.5612282 -1.24926e-6 -0.8276612 0.5612192 -2.23689e-6 -0.8276672 0.5612192 -1.15105e-5 -0.8276672 0.6000829 7.60832e-7 -0.7999379 0.5612274 -5.25906e-6 -0.8276618 0.6001023 -2.29687e-6 -0.7999233 0.6806008 1.23319e-6 -0.7326546 0.6806198 1.79699e-6 -0.7326369 0.6000977 1.1713e-6 -0.7999268 0.6806198 -2.51836e-6 -0.7326369 0.6805942 3.83642e-6 -0.7326607 0.6805942 -2.27547e-6 -0.7326607 0.7473831 -5.94184e-7 -0.6643934 0.680597 -1.41212e-6 -0.732658 0.7473519 -1.98546e-7 -0.6644285 0.7841271 -3.96895e-6 -0.6206003 0.7841535 1.30531e-6 -0.6205669 0.7473685 -1.12635e-5 -0.6644098 0.7841535 -1.39187e-6 -0.620567 0.7841547 -1.47901e-6 -0.6205654 0.7841547 -7.35042e-6 -0.6205654 0.8101064 7.55943e-7 -0.586283 0.7841387 6.75558e-7 -0.6205857 0.8100969 -8.17468e-7 -0.5862961 0.8694182 -5.41215e-6 -0.4940771 0.869419 6.64499e-7 -0.4940755 0.8101115 2.08437e-6 -0.5862758 0.869419 -2.63324e-6 -0.4940754 0.8694274 -3.85929e-6 -0.4940608 0.8694274 -2.16795e-6 -0.4940608 0.9106429 -1.33563e-6 -0.4131942 0.8694192 3.98001e-6 -0.4940752 0.910627 -1.37097e-6 -0.4132294 0.9344755 1.48674e-6 -0.3560276 0.9344635 5.37198e-7 -0.3560588 0.9106329 1.2788e-6 -0.4132164 0.9344635 -1.47236e-6 -0.3560588 0.9344674 -7.63422e-7 -0.3560486 0.9344674 -9.06814e-7 -0.3560486 0.9474164 7.51606e-7 -0.3200035 0.9344796 9.37958e-7 -0.3560167 0.9474142 2.86079e-6 -0.3200102 0.9777626 2.28174e-7 -0.2097151 0.97776 -7.32718e-7 -0.2097274 0.947419 3.61395e-6 -0.3199958 0.97776 -2.7504e-6 -0.2097274 0.977763 -2.65571e-6 -0.2097132 0.977763 -2.065e-6 -0.2097132 0.9921687 -1.76788e-6 -0.1249052 0.9777566 -6.98492e-7 -0.2097433 0.9921703 4.09686e-6 -0.1248931 0.9982862 -1.73482e-6 -0.05852192 0.9982869 -2.97092e-7 -0.05851024 0.9921635 1.60468e-6 -0.1249465 0.9982869 -1.60805e-6 -0.05851024 0.9982858 -1.89985e-7 -0.05852955 0.9982858 -7.90038e-7 -0.05852955 0.9996874 6.33212e-7 -0.02500355 0.9982867 -1.2815e-6 -0.05851304 0.9996879 1.79652e-6 -0.02498257 0.995569 3.25573e-6 0.09403485 0.9955701 1.26334e-6 0.09402275 0.9996873 -3.04851e-6 -0.02500557 0.9971719 9.38511e-7 0.07515448 0.9955698 3.88092e-7 0.09402608 0.9971717 4.57057e-7 0.07515859 0.9955698 -4.21064e-7 0.09402608 0.9955706 -1.93916e-6 0.0940172 0.9846464 -2.4637e-6 0.1745609 0.9955706 -1.36154e-6 0.0940172 0.9955701 -4.71226e-6 0.09402221 0.9846454 -3.23127e-6 0.1745669 0.9696704 -5.13135e-6 0.2444161 0.9696714 -1.27195e-6 0.2444128 0.9846419 2.14225e-6 0.1745865 0.9696714 -1.70693e-6 0.2444128 0.9696742 -6.69573e-7 0.2444014 0.9696742 -6.70969e-7 0.2444014 0.9622313 6.91041e-7 0.2722334 0.9696817 -3.29339e-6 0.2443717 0.9622259 -1.19815e-6 0.2722527 0.9212002 1.82574e-6 0.3890889 0.92121 4.90621e-6 0.3890659 0.9622337 5.86384e-7 0.2722249 0.9301474 2.19687e-6 0.3671864 0.9211972 -1.0103e-6 0.3890962 0.9301524 5.04691e-7 0.3671736 0.9211972 -5.61413e-7 0.3890962 0.9212058 -1.82703e-6 0.3890758 0.8887499 -2.54589e-6 0.4583926 0.9212058 -3.75528e-7 0.3890758 0.9211987 9.33418e-7 0.3890925 0.8887441 -5.9445e-5 0.4584038 0.8512916 4.81494e-7 0.5246928 0.8512964 -2.18581e-6 0.5246853 0.8887345 2.33716e-6 0.4584223 0.8512964 -1.8196e-6 0.5246852 0.8512787 -5.43891e-7 0.524714 0.8512787 -5.45025e-7 0.524714 0.8384062 6.88931e-7 0.5450462 0.8384115 -3.43024e-6 0.5450376 0.7796364 2.25613e-7 0.6262325 0.8512847 2.97365e-6 0.5247042 0.8512964 -2.31573e-6 0.5246852 0.7796521 3.98053e-6 0.626213 0.7615673 -9.49775e-7 0.648086 0.7615668 -2.02272e-7 0.6480866 0.77965 4.43645e-7 0.6262156 0.7615668 -7.17863e-7 0.6480866 0.7615446 5.54011e-7 0.6481125 0.7615446 -1.71261e-6 0.6481125 0.7130798 2.4304e-6 0.7010829 0.7615633 -4.65126e-6 0.6480907 0.7130731 2.24324e-6 0.7010897 0.6540797 -4.81145e-6 0.7564257 0.6540775 -3.39805e-6 0.7564277 0.7130805 -2.80686e-6 0.7010822 0.6540774 -1.93685e-6 0.7564276 0.654096 -4.82192e-7 0.7564117 0.654096 -4.83196e-7 0.7564117 0.6393247 5.73193e-7 0.768937 0.6393399 -3.12325e-6 0.7689244 0.5591482 9.44128e-7 0.8290678 0.6540752 1.03354e-6 0.7564296 0.6541001 2.1155e-6 0.756408 0.5591837 9.59786e-7 0.8290438 0.5314161 0 0.8471109 0.5314121 -1.02885e-6 0.8471134 0.5591763 5.07058e-7 0.8290487 0.5314121 -8.25993e-7 0.8471136 0.5313894 1.43859e-6 0.8471277 0.5313894 -1.61648e-6 0.8471277 0.4733818 1.929e-6 0.8808573 0.5313894 -2.41236e-6 0.8471277 0.4733951 0 0.8808504 0.3963435 -5.22519e-6 0.9181024 0.3963393 3.48652e-6 0.9181042 0.4733977 -2.51095e-6 0.8808489 0.3963393 -2.0564e-6 0.9181042 0.3963374 -3.56505e-7 0.918105 0.3963374 -3.57246e-7 0.918105 0.3828717 -4.97974e-7 0.9238016 0.3828832 2.75075e-6 0.9237969 0.2884725 -3.56697e-7 0.9574882 0.396349 4.70024e-6 0.9180999 0.3963361 4.42099e-6 0.9181056 0.2884752 -2.21888e-6 0.9574874 0.252056 1.11212e-6 0.9677127 0.2520561 -1.61966e-6 0.9677127 0.2884692 5.2519e-7 0.9574893 0.2520561 -9.08812e-7 0.9677127 0.2520425 2.09498e-6 0.9677163 0.2520425 -1.05181e-5 0.9677163 0.1912372 1.71253e-6 0.9815439 0.252065 -2.38232e-6 0.9677103 0.1912122 -3.41446e-7 0.9815488 0.1018787 -2.71003e-6 0.9947969 0.101885 2.57615e-6 0.9947962 0.1912406 -1.50774e-5 0.9815433 0.101885 -2.17134e-6 0.9947962 0.1018718 3.36505e-6 0.9947975 0.1018718 -2.62539e-6 0.9947975 -0.008065462 2.96743e-6 0.9999675 0.1018944 3.03076e-6 0.9947953 -0.00806564 4.48839e-7 0.9999675 -0.05062311 -2.67732e-6 0.9987179 -0.05062961 1.62149e-6 0.9987175 -0.008081912 5.08981e-7 0.9999673 -0.05062961 -1.01463e-6 0.9987175 -0.05063438 2.70996e-6 0.9987173 -0.05063438 -1.38759e-6 0.9987173 -0.1081142 1.43005e-6 0.9941386 -0.05066603 1.3411e-7 0.9987157 -0.1080821 2.58075e-6 0.9941421 -0.2019992 4.19095e-7 0.9793857 -0.2019978 1.6049e-6 0.979386 -0.1081238 -1.47307e-6 0.9941375 -0.2019978 -2.28626e-6 0.979386 -0.2020034 4.38969e-6 0.9793849 -0.2020034 -2.51791e-6 0.9793849 -0.3039342 1.87405e-6 0.9526931 -0.2019968 -4.10457e-6 0.9793863 -0.3038983 -3.35713e-6 0.9527046 -0.3486317 4.84637e-7 0.9372599 -0.3486733 1.0996e-6 0.9372444 -0.3039081 5.88326e-7 0.9527014 -0.3486733 -1.14115e-6 0.9372444 -0.3486493 -1.82627e-6 0.9372532 -0.3486493 -1.25024e-6 0.9372532 -0.3977413 1.19116e-6 0.9174978 -0.3486666 3.98839e-7 0.9372468 -0.3977344 3.84054e-7 0.9175007 -0.4871821 1.36672e-6 0.8733004 -0.4871796 4.41913e-7 0.8733019 -0.3977375 -5.28669e-7 0.9174993 -0.4871796 -2.38968e-6 0.8733019 -0.4871838 1.04848e-6 0.8732995 -0.4871838 -3.69409e-6 0.8732995 -0.6034236 -4.45917e-6 0.7974209 -0.7070945 4.22823e-6 0.7071191 -0.7070945 1.82493e-6 0.7071191 -0.6034317 -2.23238e-6 0.7974147 -0.6034314 -1.82725e-6 0.797415 -0.7070943 1.20606e-6 0.7071194 -0.6034314 -2.20876e-6 0.797415 -0.6034231 -1.04703e-6 0.7974212 -0.6034231 2.78908e-6 0.7974212 -0.4871833 -1.8524e-6 0.8732998 0.4287714 0 -0.9034131 -0.7071066 -1.78069e-6 0.7071071 -0.7758328 -1.74344e-6 0.6309387 -0.7071066 1.18961e-6 0.7071071 -0.7071133 3.76068e-6 0.7071004 -0.7758387 -2.64742e-6 0.6309313 -0.7759597 -1.51619e-6 0.6307826 -0.7759407 -1.29844e-6 0.630806 -0.77585 -2.65241e-6 0.6309176 -0.8355929 1.83564e-6 0.5493493 -0.7759635 -1.53715e-6 0.6307779 -0.8356127 -3.75097e-6 0.5493192 -0.8362442 2.34135e-6 0.5483574 -0.836229 -1.42367e-6 0.5483804 -0.8355975 6.20261e-7 0.5493421 -0.886687 5.76489e-7 0.4623703 -0.8362368 -5.53206e-7 0.5483685 -0.8866935 -4.57202e-6 0.4623578 -0.8873575 1.87941e-6 0.4610821 -0.8873506 -4.10843e-6 0.4610956 -0.8866865 4.69387e-7 0.4623712 -0.9284343 1.21677e-6 0.3714965 -0.8873592 2.83867e-6 0.4610791 -0.9284413 3.22775e-6 0.3714793 -0.9289214 -1.99862e-6 0.3702773 -0.9289138 4.16721e-6 0.370296 -0.9284338 -2.14018e-6 0.371498 -0.9605239 2.98582e-6 0.2781975 -0.9289243 2.01166e-6 0.3702698 -0.9605185 -1.42254e-6 0.2782164 -0.9607847 -1.47149e-6 0.2772954 -0.9607731 -1.00474e-6 0.2773355 -0.9605202 1.33179e-6 0.2782105 -0.98291 -1.67359e-6 0.1840873 -0.9607848 -1.4836e-6 0.2772953 -0.9829088 -3.27063e-6 0.1840932 -0.982997 9.55537e-7 0.183622 -0.9829986 -1.86198e-6 0.1836136 -0.9829104 1.07288e-6 0.1840847 -0.995872 1.03097e-6 0.09076875 -0.9829963 -1.27312e-6 0.1836256 -0.9958709 1.22296e-6 0.09078109 -0.9958796 2.2389e-6 0.0906856 -0.9958798 -1.0167e-6 0.09068423 -0.9958711 -3.44776e-6 0.09077978 -1 3.15346e-6 1.37985e-5 2.18234e-6 0 -1 9.82696e-7 0 -1 2.96806e-7 0 -1 5.02108e-7 0 -1 -2.75454e-7 0 -1 -4.71548e-7 0 -1 2.71593e-7 0 -1 -4.25127e-7 0 -1 8.37201e-7 0 -1 7.67253e-7 0 -1 3.71471e-7 0 -1 -2.16413e-6 0 -1 -4.66221e-7 0 -1 2.71509e-7 0 -1 -4.71635e-7 0 -1 9.93917e-7 0 -1 -4.17461e-7 0 -1 9.82697e-7 0 -1 4.36469e-6 0 -1 -0.7071067 0 0.7071068 -0.7071068 0 0.7071068 -0.7071066 0 0.7071071 -0.7071781 0 0.7070356 -0.7071776 0 0.707036 -0.7070389 0 0.7071747 -0.7070387 0 0.707175</float_array>
          <technique_common>
            <accessor source="#LINK_10-mesh-normals-array" count="4428" stride="3">
              <param name="X" type="float" />
              <param name="Y" type="float" />
              <param name="Z" type="float" />
            </accessor>
          </technique_common>
        </source>
        <source id="LINK_10-mesh-map-0">
          <float_array id="LINK_10-mesh-map-0-array" count="11304">2.402924 -2.20292 -2.402924 -2.20292 2.263505 -2.662523 2.263505 -2.662523 -2.402924 -2.20292 -2.263505 -2.662523 2.263505 -2.662523 -2.263505 -2.662523 2.037101 -3.086096 2.037101 -3.086096 -2.263505 -2.662523 -2.037101 -3.086096 2.037101 -3.086096 -2.037101 -3.086096 1.732412 -3.45736 1.732412 -3.45736 -2.037101 -3.086096 -1.732412 -3.45736 1.732412 -3.45736 -1.732412 -3.45736 1.361147 -3.762049 1.361147 -3.762049 -1.732412 -3.45736 -1.361147 -3.762049 1.361147 -3.762049 -1.361147 -3.762049 0.937574 -3.988453 0.937574 -3.988453 -1.361147 -3.762049 -0.937574 -3.988453 0.937574 -3.988453 -0.937574 -3.988453 0.477971 -4.127872 0.477971 -4.127872 -0.937574 -3.988453 -0.477971 -4.127872 0.477971 -4.127872 -0.477971 -4.127872 0 -4.174949 -2.402924 -2.20292 2.402924 -2.20292 -2.45 -1.724948 -2.45 -1.724948 2.402924 -2.20292 2.45 -1.724948 -2.45 -1.724948 2.45 -1.724948 -2.402924 -1.246977 -2.402924 -1.246977 2.45 -1.724948 2.402924 -1.246977 -2.402924 -1.246977 2.402924 -1.246977 -2.263505 -0.787374 -2.263505 -0.787374 2.402924 -1.246977 2.263505 -0.787374 -2.263505 -0.787374 2.263505 -0.787374 -2.037101 -0.363801 -2.037101 -0.363801 2.263505 -0.787374 2.037101 -0.363801 -2.037101 -0.363801 2.037101 -0.363801 -1.732412 0.007462978 -1.732412 0.007462978 2.037101 -0.363801 1.732412 0.007462978 -1.732412 0.007462978 1.732412 0.007462978 -1.361147 0.312152 -1.361147 0.312152 1.732412 0.007462978 1.361147 0.312152 -1.361147 0.312152 1.361147 0.312152 -0.937574 0.538557 -0.937574 0.538557 1.361147 0.312152 0.937574 0.538557 -0.937574 0.538557 0.937574 0.538557 -0.477971 0.677976 -0.477971 0.677976 0.937574 0.538557 0.477971 0.677976 -0.477971 0.677976 0.477971 0.677976 0 0.725052 0 -7.289476 -0.07071095 -7.775442 0 -7.775442 0 7.775442 -0.07071095 7.775442 -0.07071095 7.289476 0 7.775442 -0.07071095 7.289476 0 7.289476 0 7.289476 -0.07071095 7.289476 -0.07071095 6.803511 0 7.289476 -0.07071095 6.803511 0 6.803511 0 6.803511 -0.07071095 6.803511 -0.07071095 6.317546 0 6.803511 -0.07071095 6.317546 0 6.317546 0 6.317546 -0.07071095 6.317546 -0.07071095 5.831581 0 6.317546 -0.07071095 5.831581 0 5.831581 0 5.831581 -0.07071095 5.831581 -0.07071095 5.345616 0 5.831581 -0.07071095 5.345616 0 5.345616 0 5.345616 -0.07071095 5.345616 -0.07071095 4.859651 0 5.345616 -0.07071095 4.859651 0 4.859651 0 4.859651 -0.07071095 4.859651 -0.07071095 4.373686 0 4.859651 -0.07071095 4.373686 0 4.373686 0 4.373686 -0.07071095 4.373686 -0.07071095 3.887721 0 4.373686 -0.07071095 3.887721 0 3.887721 0 3.887721 -0.07071095 3.887721 -0.07071095 3.401756 0 3.887721 -0.07071095 3.401756 0 3.401756 0 3.401756 -0.07071095 3.401756 -0.07071095 2.915791 0 3.401756 -0.07071095 2.915791 0 2.915791 0 2.915791 -0.07071095 2.915791 -0.07071095 2.429826 0 2.915791 -0.07071095 2.429826 0 2.429826 0 2.429826 -0.07071095 2.429826 -0.07071095 1.94386 0 2.429826 -0.07071095 1.94386 0 1.94386 0 1.94386 -0.07071095 1.94386 -0.07071095 1.457895 0 1.94386 -0.07071095 1.457895 0 1.457895 0 1.457895 -0.07071095 1.457895 -0.07071095 0.97193 0 1.457895 -0.07071095 0.97193 0 0.97193 0 0.97193 -0.07071095 0.97193 -0.07071095 0.485965 0 0.97193 -0.07071095 0.485965 0 0.485965 0 0.485965 -0.07071095 0.485965 -0.07071095 0 0 0.485965 -0.07071095 0 0 0 0 0 -0.07071095 0 -0.07071095 -0.485965 0 0 -0.07071095 -0.485965 0 -0.485965 0 -0.485965 -0.07071095 -0.485965 -0.07071095 -0.97193 0 -0.485965 -0.07071095 -0.97193 0 -0.97193 0 -0.97193 -0.07071095 -0.97193 -0.07071095 -1.457895 0 -0.97193 -0.07071095 -1.457895 0 -1.457895 0 -1.457895 -0.07071095 -1.457895 -0.07071095 -1.94386 0 -1.457895 -0.07071095 -1.94386 0 -1.94386 0 -1.94386 -0.07071095 -1.94386 -0.07071095 -2.429826 0 -1.94386 -0.07071095 -2.429826 0 -2.429826 0 -2.429826 -0.07071095 -2.429826 -0.07071095 -2.915791 0 -2.429826 -0.07071095 -2.915791 0 -2.915791 0 -2.915791 -0.07071095 -2.915791 -0.07071095 -3.401756 0 -2.915791 -0.07071095 -3.401756 0 -3.401756 0 -3.401756 -0.07071095 -3.401756 -0.07071095 -3.887721 0 -3.401756 -0.07071095 -3.887721 0 -3.887721 0 -3.887721 -0.07071095 -3.887721 -0.07071095 -4.373686 0 -3.887721 -0.07071095 -4.373686 0 -4.373686 0 -4.373686 -0.07071095 -4.373686 -0.07071095 -4.859651 0 -4.373686 -0.07071095 -4.859651 0 -4.859651 0 -4.859651 -0.07071095 -4.859651 -0.07071095 -5.345616 0 -4.859651 -0.07071095 -5.345616 0 -5.345616 0 -5.345616 -0.07071095 -5.345616 -0.07071095 -5.831581 0 -5.345616 -0.07071095 -5.831581 0 -5.831581 0 -5.831581 -0.07071095 -5.831581 -0.07071095 -6.317546 0 -5.831581 -0.07071095 -6.317546 0 -6.317546 0 -6.317546 -0.07071095 -6.317546 -0.07071095 -6.803511 0 -6.317546 -0.07071095 -6.803511 0 -6.803511 0 -6.803511 -0.07071095 -6.803511 -0.07071095 -7.289476 0 -6.803511 -0.07071095 -7.289476 0 -7.289476 0 -7.289476 -0.07071095 -7.289476 -0.07071095 -7.775442 0.45 1.273782 0.04999995 0.981748 0.45 0.78696 0.45 0.78696 0.04999995 0.981748 0.04999995 0.490874 0.45 0.78696 0.04999995 0.490874 0.457525 0.352461 0.457525 0.352461 0.04999995 0.490874 0.04999995 0 0.457525 0.352461 0.04999995 0 0.473445 -0.096798 0.473445 -0.096798 0.04999995 0 0.04999995 -0.490874 0.473445 -0.096798 0.04999995 -0.490874 0.48748 -0.546375 0.48748 -0.546375 0.04999995 -0.490874 0.04999995 -0.981748 0.48748 -0.546375 0.04999995 -0.981748 0.492718 -0.981748 0.492718 -0.981748 0.04999995 -0.981748 0.48748 -1.41712 0.48748 -1.41712 0.04999995 -0.981748 0.04999995 -1.472622 0.48748 -1.41712 0.04999995 -1.472622 0.473445 -1.866698 0.473445 -1.866698 0.04999995 -1.472622 0.04999995 -1.963495 0.473445 -1.866698 0.04999995 -1.963495 0.457525 -2.315956 0.457525 -2.315956 0.04999995 -1.963495 0.04999995 -2.454369 0.457525 -2.315956 0.04999995 -2.454369 0.45 -2.750456 0.45 -2.750456 0.04999995 -2.454369 0.04999995 -2.945243 0.45 -2.750456 0.04999995 -2.945243 0.45 -3.237278 0.45 -3.237278 0.04999995 -2.945243 0.04999995 -3.436117 0.45 -3.237278 0.04999995 -3.436117 0.45 -3.724099 0.45 -3.724099 0.04999995 -3.436117 0.04999995 -3.926991 0.45 -3.724099 0.04999995 -3.926991 0.45 -4.210921 0.45 -4.210921 0.04999995 -3.926991 0.04999995 -4.417865 0.45 -4.210921 0.04999995 -4.417865 0.45 -4.697743 0.45 -4.697743 0.04999995 -4.417865 0.04999995 -4.908739 0.45 -4.697743 0.04999995 -4.908739 0.45 -5.184565 0.45 -5.184565 0.04999995 -4.908739 0.04999995 -5.399612 0.45 -5.184565 0.04999995 -5.399612 0.45 -5.671387 0.45 -5.671387 0.04999995 -5.399612 0.04999995 -5.890486 0.45 -5.671387 0.04999995 -5.890486 0.45 -6.158209 0.45 -6.158209 0.04999995 -5.890486 0.04999995 -6.38136 0.45 -6.158209 0.04999995 -6.38136 0.45 -6.645031 0.45 -6.645031 0.04999995 -6.38136 0.04999995 -6.872234 0.45 -6.645031 0.04999995 -6.872234 0.45 -7.131853 0.45 -7.131853 0.04999995 -6.872234 0.04999995 -7.363108 0.45 -7.131853 0.04999995 -7.363108 0.45 -7.618675 0.45 -7.618675 0.04999995 -7.363108 0.04999995 -7.853982 0.45 -7.618675 0.04999995 -7.853982 0.45 -8.105497 0.45 7.602467 0.04999995 7.853982 0.04999995 7.363108 0.45 7.602467 0.04999995 7.363108 0.45 7.115645 0.45 7.115645 0.04999995 7.363108 0.04999995 6.872234 0.45 7.115645 0.04999995 6.872234 0.45 6.628823 0.45 6.628823 0.04999995 6.872234 0.04999995 6.38136 0.45 6.628823 0.04999995 6.38136 0.45 6.142001 0.45 6.142001 0.04999995 6.38136 0.04999995 5.890486 0.45 6.142001 0.04999995 5.890486 0.45 5.655179 0.45 5.655179 0.04999995 5.890486 0.04999995 5.399612 0.45 5.655179 0.04999995 5.399612 0.45 5.168357 0.45 5.168357 0.04999995 5.399612 0.04999995 4.908739 0.45 5.168357 0.04999995 4.908739 0.45 4.681535 0.45 4.681535 0.04999995 4.908739 0.04999995 4.417865 0.45 4.681535 0.04999995 4.417865 0.45 4.194714 0.45 4.194714 0.04999995 4.417865 0.04999995 3.926991 0.45 4.194714 0.04999995 3.926991 0.45 3.707892 0.45 3.707892 0.04999995 3.926991 0.04999995 3.436117 0.45 3.707892 0.04999995 3.436117 0.45 3.22107 0.45 3.22107 0.04999995 3.436117 0.04999995 2.945243 0.45 3.22107 0.04999995 2.945243 0.45 2.734248 0.45 2.734248 0.04999995 2.945243 0.04999995 2.454369 0.45 2.734248 0.04999995 2.454369 0.45 2.247426 0.45 2.247426 0.04999995 2.454369 0.04999995 1.963495 0.45 2.247426 0.04999995 1.963495 0.45 1.760604 0.45 1.760604 0.04999995 1.963495 0.04999995 1.472622 0.45 1.760604 0.04999995 1.472622 0.45 1.273782 0.45 1.273782 0.04999995 1.472622 0.04999995 0.981748 -2.120033 0 -2.197568 -0.109149 0 0 0 0 -2.197568 -0.109149 0 -0.1570799 0 -0.1570799 -2.197568 -0.109149 -2.271501 -0.2221879 0 -0.1570799 -2.271501 -0.2221879 0 -0.314159 0 -0.314159 -2.271501 -0.2221879 -2.328384 -0.341424 0 -0.314159 -2.328384 -0.341424 0 -0.471239 0 -0.471239 -2.328384 -0.341424 -2.351581 -0.471239 1.35 -1.025427 1.35 -0.989485 0 -1.025427 0 -1.025427 1.35 -0.989485 0 -0.945417 0 -0.945417 1.35 -0.989485 1.35 -0.953542 0 -0.945417 1.35 -0.953542 1.35 -0.9176 0 -0.945417 1.35 -0.9176 0 -0.865408 0 -0.865408 1.35 -0.9176 1.352016 -0.785398 0 -0.865408 1.352016 -0.785398 0 -0.785398 -2.351581 0 -2.342782 -0.10157 0 0 0 0 -2.342782 -0.10157 0 -0.1309 0 -0.1309 -2.342782 -0.10157 -2.317558 -0.203223 0 -0.1309 -2.317558 -0.203223 0 -0.261799 0 -0.261799 -2.317558 -0.203223 -2.233192 -0.392699 0 -0.261799 -2.233192 -0.392699 0 -0.392699 3.490484 2.351581 0 2.351581 3.490484 0 3.490484 0 0 2.351581 0 0 -1.9 3.417376 -1.865674 3.428007 -1.9 3.9 -1.9 3.9 -1.865674 3.428007 -1.832201 3.441076 -1.9 3.9 -1.832201 3.441076 -1.799752 3.456516 -1.799752 3.456516 -1.389793 3.640753 -1.9 3.9 -1.9 3.9 -1.389793 3.640753 -0.961347 3.776562 -1.9 3.9 -0.961347 3.776562 -0.520113 3.862136 -0.520113 3.862136 -0.07196098 3.896336 -1.9 3.9 -1.9 3.9 -0.07196098 3.896336 0.878514 3.9 0.878514 3.9 -0.07196098 3.896336 0.377148 3.878707 0.878514 3.9 0.377148 3.878707 0.821241 3.809484 0.821241 3.809484 1.254409 3.689589 0.878514 3.9 0.878514 3.9 1.254409 3.689589 1.672178 3.523325 1.672178 3.523325 1.254409 3.689589 1.670892 3.520615 1.672178 3.523325 1.670892 3.520615 2.014828 3.335728 2.338535 3.117349 2.18874 3.227912 2.014828 3.335728 2.014828 3.335728 2.18874 3.227912 2.016379 3.338295 2.014828 3.335728 2.016379 3.338295 1.672178 3.523325 2.18874 3.227912 2.338535 3.117349 2.340335 3.119749 2.340335 3.119749 2.338535 3.117349 2.638762 2.867672 2.340335 3.119749 2.638762 2.867672 2.654346 2.85735 2.654346 2.85735 2.638762 2.867672 2.912497 2.589203 2.654346 2.85735 2.912497 2.589203 2.914739 2.591196 2.914739 2.591196 2.912497 2.589203 3.058156 2.420265 3.058156 2.420265 2.912497 2.589203 3.156989 2.284738 3.058156 2.420265 3.156989 2.284738 3.15942 2.286497 3.15942 2.286497 3.156989 2.284738 3.369785 1.957334 3.15942 2.286497 3.369785 1.957334 3.390769 1.926834 3.390769 1.926834 3.369785 1.957334 3.548748 1.610279 3.390769 1.926834 3.548748 1.610279 3.55148 1.611518 3.55148 1.611518 3.548748 1.610279 3.64444 1.388544 3.64444 1.388544 3.548748 1.610279 3.692081 1.247056 3.64444 1.388544 3.692081 1.247056 3.694923 1.248016 3.694923 1.248016 3.692081 1.247056 3.798345 0.871312 3.694923 1.248016 3.798345 0.871312 3.813266 0.817928 3.813266 0.817928 3.798345 0.871312 3.866473 0.48682 3.813266 0.817928 3.866473 0.48682 3.86945 0.487195 3.86945 0.487195 3.866473 0.48682 3.893314 0.228269 3.893314 0.228269 3.866473 0.48682 3.895782 0.09744095 3.893314 0.228269 3.895782 0.09744095 3.898781 0.097516 3.898781 0.097516 3.895782 0.09744095 3.888968 -0.293143 3.888968 -0.293143 3.895782 0.09744095 3.885976 -0.292917 3.888968 -0.293143 3.885976 -0.292917 3.882722 -0.366704 3.882722 -0.366704 3.885976 -0.292917 3.837154 -0.680334 3.882722 -0.366704 3.837154 -0.680334 3.840109 -0.680858 3.840109 -0.680858 3.837154 -0.680334 3.781736 -0.95314 3.781736 -0.95314 3.837154 -0.680334 3.749808 -1.06092 3.781736 -0.95314 3.749808 -1.06092 3.752694 -1.061737 3.752694 -1.061737 3.749808 -1.06092 3.627603 -1.431956 3.627603 -1.431956 3.749808 -1.06092 3.624812 -1.430855 3.627603 -1.431956 3.624812 -1.430855 3.592706 -1.517386 3.592706 -1.517386 3.624812 -1.430855 3.463423 -1.786423 3.592706 -1.517386 3.463423 -1.786423 3.46609 -1.787799 3.46609 -1.787799 3.463423 -1.786423 3.320035 -2.046306 3.320035 -2.046306 3.463423 -1.786423 3.267261 -2.124056 3.320035 -2.046306 3.267261 -2.124056 3.269777 -2.125691 3.269777 -2.125691 3.267261 -2.124056 3.040634 -2.442241 3.040634 -2.442241 3.267261 -2.124056 3.038296 -2.440363 3.040634 -2.442241 3.038296 -2.440363 2.97007 -2.527585 2.97007 -2.527585 3.038296 -2.440363 2.778825 -2.732168 2.97007 -2.527585 2.778825 -2.732168 2.780964 -2.734272 2.780964 -2.734272 2.778825 -2.732168 2.550958 -2.950019 2.550958 -2.950019 2.778825 -2.732168 2.491454 -2.996542 2.550958 -2.950019 2.491454 -2.996542 2.493372 -2.998849 2.493372 -2.998849 2.491454 -2.996542 2.180747 -3.233318 2.180747 -3.233318 2.491454 -2.996542 2.179069 -3.23083 2.180747 -3.233318 2.179069 -3.23083 2.072457 -3.303774 2.072457 -3.303774 2.179069 -3.23083 1.844807 -3.432681 2.072457 -3.303774 1.844807 -3.432681 1.846227 -3.435323 1.846227 -3.435323 1.844807 -3.432681 1.545708 -3.580613 1.545708 -3.580613 1.844807 -3.432681 1.492021 -3.600067 1.545708 -3.580613 1.492021 -3.600067 1.49317 -3.602838 1.49317 -3.602838 1.492021 -3.600067 1.125122 -3.73418 1.125122 -3.73418 1.492021 -3.600067 1.124256 -3.731308 1.125122 -3.73418 1.124256 -3.731308 0.982972 -3.774091 0.982972 -3.774091 1.124256 -3.731308 0.745203 -3.825086 0.982972 -3.774091 0.745203 -3.825086 0.745777 -3.82803 0.745777 -3.82803 0.745203 -3.825086 0.397352 -3.879705 0.397352 -3.879705 0.745203 -3.825086 0.358669 -3.88046 0.397352 -3.879705 0.358669 -3.88046 -0.03149098 -3.899873 -0.03149098 -3.899873 0.358669 -3.88046 -0.03146696 -3.896873 -0.03149098 -3.899873 -0.03146696 -3.896873 -0.197519 -3.894995 -0.197519 -3.894995 -0.03146696 -3.896873 -0.421287 -3.874161 -0.197519 -3.894995 -0.421287 -3.874161 -0.421611 -3.877144 -0.421611 -3.877144 -0.421287 -3.874161 -0.787792 -3.819605 -0.787792 -3.819605 -0.421287 -3.874161 -0.806877 -3.812553 -0.787792 -3.819605 -0.806877 -3.812553 -1.185278 -3.715523 -1.185278 -3.715523 -0.806877 -3.812553 -1.184366 -3.712666 -1.185278 -3.715523 -1.184366 -3.712666 -1.359724 -3.655291 -1.359724 -3.655291 -1.184366 -3.712666 -1.549964 -3.575503 -1.359724 -3.655291 -1.549964 -3.575503 -1.551157 -3.578255 -1.551157 -3.578255 -1.549964 -3.575503 -1.9 -3.405877 -1.9 -3.405877 -1.549964 -3.575503 -1.9 -3.402442 -2.471968 -2.109946 -2.744521 -1.541422 -2.771487 -1.697458 -2.771487 -1.697458 -2.744521 -1.541422 -2.929649 -0.938734 -2.771487 -1.697458 -2.929649 -0.938734 -3.002821 -1.243208 -3.002821 -1.243208 -2.929649 -0.938734 -3.023251 -0.315241 -3.002821 -1.243208 -3.023251 -0.315241 -3.16028 -0.758374 -3.16028 -0.758374 -3.023251 -0.315241 -3.23999 -0.254882 -3.23999 -0.254882 -3.023251 -0.315241 -3.023251 0.315239 -3.23999 -0.254882 -3.023251 0.315239 -3.23999 0.254881 -3.23999 0.254881 -3.023251 0.315239 -3.16028 0.758373 -3.16028 0.758373 -3.023251 0.315239 -3.002821 1.243207 -3.002821 1.243207 -3.023251 0.315239 -2.92965 0.938733 -3.002821 1.243207 -2.92965 0.938733 -2.771487 1.697457 -2.771487 1.697457 -2.92965 0.938733 -2.744521 1.54142 -2.771487 1.697457 -2.744521 1.54142 -2.471969 2.109945 3.203252 -3.344253 3.25 -2.795 -2.692657 -4.614918 -2.692657 -4.614918 3.25 -2.795 3.203252 -2.245748 -2.692657 -4.614918 3.203252 -2.245748 3.064352 -1.712296 3.064352 -1.712296 2.837296 -1.209992 -2.692657 -4.614918 -2.692657 -4.614918 2.837296 -1.209992 2.528616 -0.753285 -2.692657 -4.614918 2.528616 -0.753285 2.147193 -0.355315 2.147193 -0.355315 1.703999 -0.02752995 -2.692657 -4.614918 -2.692657 -4.614918 1.703999 -0.02752995 1.211784 0.220639 -2.692657 -4.614918 1.211784 0.220639 0.684708 0.382054 0.684708 0.382054 0.137934 0.452072 -2.692657 -4.614918 -2.692657 -4.614918 0.137934 0.452072 -0.412808 0.428676 -2.692657 -4.614918 -0.412808 0.428676 -0.951674 0.312542 -0.951674 0.312542 -1.463162 0.107009 -2.692657 -4.614918 -2.692657 -4.614918 -1.463162 0.107009 -1.932558 -0.182009 -2.692657 -4.614918 -1.932558 -0.182009 -2.346357 -0.546199 -2.346357 -0.546199 -2.692656 -0.975082 -2.692657 -4.614918 -2.692657 -4.614918 -2.692656 -0.975082 -2.961493 -4.133679 -2.961493 -4.133679 -2.692656 -0.975082 -2.961493 -1.456321 -2.961493 -4.133679 -2.961493 -1.456321 -3.145132 -3.613929 -3.145132 -3.613929 -2.961493 -1.456321 -3.145132 -1.976071 -3.145132 -3.613929 -3.145132 -1.976071 -3.238292 -3.070619 -3.238292 -3.070619 -3.145132 -1.976071 -3.238292 -2.519381 -2.346358 -5.043801 2.528616 -4.836715 -2.692657 -4.614918 -2.692657 -4.614918 2.528616 -4.836715 2.837296 -4.380009 -2.692657 -4.614918 2.837296 -4.380009 3.064352 -3.877705 2.528616 -4.836715 -2.346358 -5.043801 2.147193 -5.234685 2.147193 -5.234685 -2.346358 -5.043801 -1.932558 -5.407991 2.147193 -5.234685 -1.932558 -5.407991 1.703999 -5.56247 1.703999 -5.56247 -1.932558 -5.407991 -1.463162 -5.697009 1.703999 -5.56247 -1.463162 -5.697009 1.211783 -5.81064 1.211783 -5.81064 -1.463162 -5.697009 -0.951674 -5.902542 1.211783 -5.81064 -0.951674 -5.902542 0.684707 -5.972055 0.684707 -5.972055 -0.951674 -5.902542 -0.412808 -6.018676 0.684707 -5.972055 -0.412808 -6.018676 0.137934 -6.042072 3.064352 -3.877705 3.203252 -3.344253 -2.692657 -4.614918 2.304333 1.352016 1.692289 1.415635 2.304333 0 2.304333 0 1.692289 1.415635 0 0 0 0 1.692289 1.415635 1.095924 1.567277 0 0 1.095924 1.567277 0.52783 1.80374 0.52783 1.80374 0 2.120033 0 0 1.346386 2.233192 0.698786 1.924995 1.346386 0 1.346386 0 0.698786 1.924995 0 0 0 0 0.698786 1.924995 0 1.678973 0.16 2.842074 -1.1 2.483556 0.16 2.296289 0.16 2.296289 -1.1 2.483556 -1.1 1.931655 0.16 2.296289 -1.1 1.931655 0.16 1.786002 0.16 1.786002 -1.1 1.931655 -1.1 1.379753 0.16 1.786002 -1.1 1.379753 0.16 1.275716 0.16 1.275716 -1.1 1.379753 -1.1 0.827852 0.16 1.275716 -1.1 0.827852 0.16 0.765429 0.16 0.765429 -1.1 0.827852 -1.1 0.275951 0.16 0.765429 -1.1 0.275951 0.16 0.255143 0.16 0.255143 -1.1 0.275951 -1.1 -0.275951 0.16 0.255143 -1.1 -0.275951 0.16 -0.255144 0.16 -0.255144 -1.1 -0.275951 0.16 -0.76543 0.16 -0.76543 -1.1 -0.275951 -1.1 -0.827852 0.16 -0.76543 -1.1 -0.827852 0.16 -1.275717 0.16 -1.275717 -1.1 -0.827852 -1.1 -1.379753 0.16 -1.275717 -1.1 -1.379753 0.16 -1.786004 0.16 -1.786004 -1.1 -1.379753 -1.1 -1.931655 0.16 -1.786004 -1.1 -1.931655 0.16 -2.29629 0.16 -2.29629 -1.1 -1.931655 -1.1 -2.483556 0.16 -2.29629 -1.1 -2.483556 0.16 -2.842076 0.16 -2.842076 -1.1 -2.483556 -1.1 -3.035458 0.16 -2.842076 -1.1 -3.035458 0.16 -3.387861 0.16 -3.387861 -1.1 -3.035458 -1.1 -3.587359 0.16 -3.387861 -1.1 -3.587359 0.16 -3.933646 0.16 -3.933646 -1.1 -3.587359 -1.1 -4.139261 0.16 -3.933646 -1.1 -4.139261 0.16 -4.479432 0.16 -4.479432 -1.1 -4.139261 -1.1 -4.691162 0.16 -4.479432 -1.1 -4.691162 0.16 -5.025217 0.16 -5.025217 -1.1 -4.691162 -1.1 -5.243063 0.16 -5.025217 -1.1 -5.243063 0.16 -5.571002 0.16 -5.571002 -1.1 -5.243063 -1.1 -5.794965 0.16 -5.571002 -1.1 -5.794965 0.16 -6.116787 0.16 -6.116787 -1.1 -5.794965 -1.1 -6.346866 0.16 -6.116787 -1.1 -6.346866 0.16 -6.662573 0.16 -6.662573 -1.1 -6.346866 -1.1 -6.898768 0.16 -6.662573 -1.1 -6.898768 0.16 -7.208358 0.16 -7.208358 -1.1 -6.898768 -1.1 -7.450669 0.16 -7.208358 -1.1 -7.450669 0.16 -7.754143 0.16 -7.754143 -1.1 -7.450669 -1.1 -8.002571 0.16 -7.754143 -1.1 -8.002571 0.16 -8.299929 0.16 -8.299929 -1.1 -8.002571 -1.1 -8.554472 0.16 -8.299929 -1.1 -8.554472 0.16 -8.845713 0.16 -8.845713 -1.1 -8.554472 -1.1 -9.106373 0.16 -8.845713 -1.1 -9.106373 0.16 -9.391499 0.16 -9.391499 -1.1 -9.106373 -1.1 -9.658275 0.16 -9.391499 -1.1 -9.658275 0.16 -9.937285 0.16 -9.937285 -1.1 -9.658275 -1.1 -10.21018 0.16 -9.937285 -1.1 -10.21018 0.16 -10.48307 0.16 9.937285 -1.1 10.21018 -1.1 9.658275 0.16 9.937285 -1.1 9.658275 0.16 9.391498 0.16 9.391498 -1.1 9.658275 -1.1 9.106373 0.16 9.391498 -1.1 9.106373 0.16 8.845713 0.16 8.845713 -1.1 9.106373 -1.1 8.554472 0.16 8.845713 -1.1 8.554472 0.16 8.299927 0.16 8.299927 -1.1 8.554472 -1.1 8.002571 0.16 8.299927 -1.1 8.002571 0.16 7.754142 0.16 7.754142 -1.1 8.002571 -1.1 7.450669 0.16 7.754142 -1.1 7.450669 0.16 7.208356 0.16 7.208356 -1.1 7.450669 -1.1 6.898768 0.16 7.208356 -1.1 6.898768 0.16 6.662571 0.16 6.662571 -1.1 6.898768 -1.1 6.346866 0.16 6.662571 -1.1 6.346866 0.16 6.116786 0.16 6.116786 -1.1 6.346866 -1.1 5.794965 0.16 6.116786 -1.1 5.794965 0.16 5.571001 0.16 5.571001 -1.1 5.794965 -1.1 5.243063 0.16 5.571001 -1.1 5.243063 0.16 5.025215 0.16 5.025215 -1.1 5.243063 -1.1 4.691162 0.16 5.025215 -1.1 4.691162 0.16 4.47943 0.16 4.47943 -1.1 4.691162 -1.1 4.139261 0.16 4.47943 -1.1 4.139261 0.16 3.933645 0.16 3.933645 -1.1 4.139261 -1.1 3.587359 0.16 3.933645 -1.1 3.587359 0.16 3.38786 0.16 3.38786 -1.1 3.587359 -1.1 3.035458 0.16 3.38786 -1.1 3.035458 0.16 2.842074 0.16 2.842074 -1.1 3.035458 -1.1 2.483556 0 1.178097 1.678973 1.178097 0 1.228176 0 1.228176 1.678973 1.178097 1.642944 1.328333 0 1.228176 1.642944 1.328333 0 1.278255 0 1.278255 1.642944 1.328333 0 1.328333 -0.454766 0.784488 -2.054635 -4.414394 -0.381152 0.815616 -0.381152 0.815616 -2.054635 -4.414394 5.11189 -1.397429 -0.381152 0.815616 5.11189 -1.397429 4.872191 -0.835541 -0.532399 0.765488 -2.117915 -4.336975 -0.454766 0.784488 -0.454766 0.784488 -2.117915 -4.336975 -2.084335 -4.374099 -0.454766 0.784488 -2.084335 -4.374099 -2.054635 -4.414394 -0.532399 0.765488 -0.612067 0.7591 -2.117915 -4.336975 -2.117915 -4.336975 -0.612067 0.7591 -3.2164 -3.031383 -2.117915 -4.336975 -3.2164 -3.031383 -3.069953 -3.384937 -3.069953 -3.384937 -3.2164 -3.031383 -3.199363 -3.160793 -3.069953 -3.384937 -3.199363 -3.160793 -3.149413 -3.281383 -3.2164 -3.031383 -0.612067 0.7591 -3.2164 0.4591 -3.2164 0.4591 -0.612067 0.7591 -2.9164 0.7591 -3.2164 0.4591 -2.9164 0.7591 -3.176208 0.6091 -3.176208 0.6091 -2.9164 0.7591 -3.0664 0.718908 -2.029114 -4.457458 5.274146 -3.207802 -2.054635 -4.414394 -2.054635 -4.414394 5.274146 -3.207802 5.315368 -2.598314 -2.054635 -4.414394 5.315368 -2.598314 5.260836 -1.989873 -1.702873 -4.973927 4.597646 -4.894846 -2.029114 -4.457458 -2.029114 -4.457458 4.597646 -4.894846 4.910821 -4.370351 -2.029114 -4.457458 4.910821 -4.370351 5.138183 -3.803359 4.597646 -4.894846 -1.702873 -4.973927 4.206354 -5.363957 4.206354 -5.363957 -1.702873 -4.973927 -1.299929 -5.433069 4.206354 -5.363957 -1.299929 -5.433069 3.746559 -5.766155 3.746559 -5.766155 -1.299929 -5.433069 -0.830185 -5.823599 3.746559 -5.766155 -0.830185 -5.823599 3.229561 -6.091557 3.229561 -6.091557 -0.830185 -5.823599 -0.305182 -6.135923 3.229561 -6.091557 -0.305182 -6.135923 2.668062 -6.332167 2.668062 -6.332167 -0.305182 -6.135923 0.262179 -6.362365 2.668062 -6.332167 0.262179 -6.362365 2.075861 -6.482074 2.075861 -6.482074 0.262179 -6.362365 0.857956 -6.49736 2.075861 -6.482074 0.857956 -6.49736 1.467509 -6.537593 5.138183 -3.803359 5.274146 -3.207802 -2.029114 -4.457458 5.260836 -1.989873 5.11189 -1.397429 -2.054635 -4.414394 4.872191 -0.835541 4.547628 -0.318015 -0.381152 0.815616 -0.381152 0.815616 4.547628 -0.318015 4.146177 0.142431 -0.381152 0.815616 4.146177 0.142431 3.677702 0.534485 3.677702 0.534485 3.153716 0.84851 -0.381152 0.815616 -0.381152 0.815616 3.153716 0.84851 0.181124 1.054403 0.181124 1.054403 3.153716 0.84851 2.587093 1.076792 0.181124 1.054403 2.587093 1.076792 0.773809 1.202387 0.773809 1.202387 2.587093 1.076792 1.991757 1.213721 0.773809 1.202387 1.991757 1.213721 1.382338 1.255931 -1.05 -6.110968 0.3 -6.110968 -1.05 -5.661263 -1.05 -5.661263 0.3 -6.110968 0.3 -5.49946 -1.05 -5.661263 0.3 -5.49946 -1.05 -5.211558 -1.05 -5.211558 0.3 -5.49946 0.3 -4.887953 -1.05 -5.211558 0.3 -4.887953 -1.05 -4.761854 -1.05 -4.761854 0.3 -4.887953 0.3 -4.276446 -1.05 -4.761854 0.3 -4.276446 -1.05 -4.312149 -1.05 -4.312149 0.3 -4.276446 -1.05 -3.862444 -1.05 -3.862444 0.3 -4.276446 0.3 -3.664939 -1.05 -3.862444 0.3 -3.664939 -1.05 -3.412739 -1.05 -3.412739 0.3 -3.664939 0.3 -3.053432 -1.05 -3.412739 0.3 -3.053432 -1.05 -2.963035 -1.05 -2.963035 0.3 -3.053432 0.3 -2.441925 -1.05 -2.963035 0.3 -2.441925 -1.05 -2.51333 -1.05 -2.51333 0.3 -2.441925 -1.05 -2.122686 -1.05 -2.122686 0.3 -2.441925 0.3 -1.830418 -1.05 -2.122686 0.3 -1.830418 -1.05 -1.732041 -1.05 -1.732041 0.3 -1.830418 -1.05 -1.341397 -1.05 -1.341397 0.3 -1.830418 0.3 -1.218911 -1.05 -1.341397 0.3 -1.218911 -1.05 -0.950752 -1.05 -0.950752 0.3 -1.218911 0.3 -0.607405 -1.05 -0.950752 0.3 -0.607405 -1.05 -0.560108 -1.05 -0.560108 0.3 -0.607405 -1.05 -0.169463 -1.05 -0.169463 0.3 -0.607405 0.3 0.004101991 -1.05 -0.169463 0.3 0.004101991 -1.05 0.221181 -1.05 0.221181 0.3 0.004101991 0.3 0.615609 -1.05 0.221181 0.3 0.615609 -1.05 0.611826 -1.05 0.611826 0.3 0.615609 -1.05 1.00247 -1.05 1.00247 0.3 0.615609 0.3 1.227116 -1.05 1.00247 0.3 1.227116 -1.05 1.393115 -1.05 1.393115 0.3 1.227116 0.3 1.838623 -1.05 1.393115 0.3 1.838623 -1.05 1.783759 -1.05 1.783759 0.3 1.838623 -1.05 2.174404 -1.05 2.174404 0.3 1.838623 0.3 2.45013 -1.05 2.174404 0.3 2.45013 -1.05 2.565048 -1.05 2.565048 0.3 2.45013 0.3 3.061637 -1.05 2.565048 0.3 3.061637 -1.05 2.955693 -1.05 2.955693 0.3 3.061637 -1.05 3.346337 -1.05 3.346337 0.3 3.061637 0.3 3.673144 -1.05 3.346337 0.3 3.673144 -1.05 3.736982 -1.05 3.736982 0.3 3.673144 -1.05 4.127626 -1.05 4.127626 0.3 3.673144 0.3 4.284651 -1.05 4.127626 0.3 4.284651 -1.05 4.51827 -1.05 4.51827 0.3 4.284651 0.3 4.896158 -1.05 4.51827 0.3 4.896158 -1.05 4.908915 -1.05 4.908915 0.3 4.896158 -1.05 5.29956 -1.05 5.29956 0.3 4.896158 0.3 5.507665 -1.05 5.29956 0.3 5.507665 -1.05 5.690204 -1.05 5.690204 0.3 5.507665 0.3 6.119172 -1.05 5.690204 0.3 6.119172 -1.05 6.080849 -1.05 6.080849 0.3 6.119172 -1.05 6.471493 -1.05 6.471493 0.3 6.119172 0.3 6.730679 -1.05 6.471493 0.3 6.730679 -1.05 6.862137 -1.05 6.862137 0.3 6.730679 0.3 7.342186 -1.05 6.862137 0.3 7.342186 -1.05 7.252782 -1.05 7.252782 0.3 7.342186 -1.05 7.643426 -1.05 7.643426 0.3 7.342186 0.3 7.953693 -1.05 7.643426 0.3 7.953693 -1.05 8.034071 -1.05 8.034071 0.3 7.953693 -1.05 8.424716 -1.05 8.424716 0.3 7.953693 0.3 8.5652 -1.05 8.424716 0.3 8.5652 -1.05 8.815361 -1.05 8.815361 0.3 8.5652 0.3 9.176708 -1.05 8.815361 0.3 9.176708 -1.05 9.206006 -1.05 9.206006 0.3 9.176708 -1.05 9.59665 -1.05 9.59665 0.3 9.176708 0.3 9.788214 -1.05 9.59665 0.3 9.788214 -1.05 9.987295 -1.05 9.987295 0.3 9.788214 0.3 10.39972 -1.05 9.987295 0.3 10.39972 -1.073567 10.52009 -1.073567 10.52009 0.3 10.39972 0.3 11.01123 -1.073567 10.52009 0.3 11.01123 -1.137343 11.06336 -1.137343 11.06336 0.3 11.01123 0.3 11.62273 -1.137343 11.06336 0.3 11.62273 -1.236996 11.66158 -1.236996 11.66158 0.3 11.62273 0.3 12.23424 -1.236996 11.66158 0.3 12.23424 -1.342944 12.23424 1.9 -1.624808 1.549689 -1.96175 1.9 -3.405877 1.9 -3.405877 1.549689 -1.96175 1.140801 -2.224539 1.9 -3.405877 1.140801 -2.224539 1.359724 -3.655291 1.359724 -3.655291 1.140801 -2.224539 0.688791 -2.403241 1.359724 -3.655291 0.688791 -2.403241 0.787792 -3.819605 0.787792 -3.819605 0.688791 -2.403241 0.210745 -2.491102 0.787792 -3.819605 0.210745 -2.491102 0.197519 -3.894995 0.197519 -3.894995 0.210745 -2.491102 -0.275267 -2.484799 0.197519 -3.894995 -0.275267 -2.484799 -0.397352 -3.879705 -0.397352 -3.879705 -0.275267 -2.484799 -0.750875 -2.384573 -0.397352 -3.879705 -0.750875 -2.384573 -0.982972 -3.774091 -0.982972 -3.774091 -0.750875 -2.384573 -1.545708 -3.580613 -1.545708 -3.580613 -0.750875 -2.384573 -1.198099 -2.19421 -1.545708 -3.580613 -1.198099 -2.19421 -2.072457 -3.303774 -2.072457 -3.303774 -1.198099 -2.19421 -1.600036 -1.920907 -2.072457 -3.303774 -1.600036 -1.920907 -2.550958 -2.950019 -2.550958 -2.950019 -1.600036 -1.920907 -1.941492 -1.574995 -2.550958 -2.950019 -1.941492 -1.574995 -2.97007 -2.527585 -2.97007 -2.527585 -1.941492 -1.574995 -2.20956 -1.169548 -2.97007 -2.527585 -2.20956 -1.169548 -3.320035 -2.046306 -3.320035 -2.046306 -2.20956 -1.169548 -2.394108 -0.719893 -3.320035 -2.046306 -2.394108 -0.719893 -3.592706 -1.517386 -3.592706 -1.517386 -2.394108 -0.719893 -3.781736 -0.95314 -3.781736 -0.95314 -2.394108 -0.719893 -2.48816 -0.243027 -3.781736 -0.95314 -2.48816 -0.243027 -3.882722 -0.366704 -3.882722 -0.366704 -2.48816 -0.243027 -3.893314 0.228269 -3.893314 0.228269 -2.48816 -0.243027 -2.48816 0.243027 -3.893314 0.228269 -2.48816 0.243027 -3.813266 0.817928 -3.813266 0.817928 -2.48816 0.243027 -2.394108 0.719893 -3.813266 0.817928 -2.394108 0.719893 -3.64444 1.388544 -3.64444 1.388544 -2.394108 0.719893 -3.390769 1.926834 -3.390769 1.926834 -2.394108 0.719893 -2.20956 1.169548 -3.390769 1.926834 -2.20956 1.169548 -3.058156 2.420265 -3.058156 2.420265 -2.20956 1.169548 -1.941492 1.574995 -3.058156 2.420265 -1.941492 1.574995 -2.654346 2.85735 -2.654346 2.85735 -1.941492 1.574995 -1.600036 1.920907 -2.654346 2.85735 -1.600036 1.920907 -2.18874 3.227912 -2.18874 3.227912 -1.600036 1.920907 -1.672178 3.523325 -1.672178 3.523325 -1.600036 1.920907 -1.198099 2.19421 -1.672178 3.523325 -1.198099 2.19421 -0.750875 2.384573 -1.672178 3.523325 -0.750875 2.384573 -0.878514 3.9 -0.878514 3.9 -0.750875 2.384573 -0.275267 2.484799 -0.878514 3.9 -0.275267 2.484799 0.210745 2.491102 -0.878514 3.9 0.210745 2.491102 1.9 3.9 1.9 3.9 0.210745 2.491102 0.688791 2.403241 1.9 3.9 0.688791 2.403241 1.140801 2.224539 1.140801 2.224539 1.549689 1.96175 1.9 3.9 1.9 3.9 1.549689 1.96175 1.9 1.624808 3.558316 0.578283 3.247072 0.137934 3.605 0 3.605 0 3.247072 0.137934 3.223676 -0.412808 3.605 0 3.223676 -0.412808 3.558316 -0.578283 3.558316 -0.578283 3.223676 -0.412808 3.107542 -0.951674 3.558316 -0.578283 3.107542 -0.951674 3.419474 -1.141588 3.419474 -1.141588 3.107542 -0.951674 2.902009 -1.463162 3.419474 -1.141588 2.902009 -1.463162 3.192069 -1.675327 3.192069 -1.675327 2.902009 -1.463162 2.612991 -1.932558 3.192069 -1.675327 2.612991 -1.932558 2.881991 -2.165676 2.881991 -2.165676 2.612991 -1.932558 2.248801 -2.346357 2.881991 -2.165676 2.248801 -2.346357 2.497271 -2.599935 2.497271 -2.599935 2.248801 -2.346357 2.047873 -2.966857 2.047873 -2.966857 2.248801 -2.346357 1.819918 -2.692656 2.047873 -2.966857 1.819918 -2.692656 1.545437 -3.256939 1.545437 -3.256939 1.819918 -2.692656 1.338679 -2.961493 1.545437 -3.256939 1.338679 -2.961493 1.002974 -3.462668 1.002974 -3.462668 1.338679 -2.961493 0.818929 -3.145132 1.002974 -3.462668 0.818929 -3.145132 0.434535 -3.578716 0.434535 -3.578716 0.818929 -3.145132 0.275619 -3.238292 0.434535 -3.578716 0.275619 -3.238292 -0.145159 -3.602076 -0.145159 -3.602076 0.275619 -3.238292 -0.275619 -3.238292 -0.145159 -3.602076 -0.275619 -3.238292 -0.721093 -3.532145 -0.721093 -3.532145 -0.275619 -3.238292 -0.818929 -3.145132 -0.721093 -3.532145 -0.818929 -3.145132 -1.278351 -3.370734 -1.278351 -3.370734 -0.818929 -3.145132 -1.338679 -2.961493 -1.278351 -3.370734 -1.338679 -2.961493 -1.8025 -3.122022 -1.8025 -3.122022 -1.338679 -2.961493 -1.819918 -2.692656 -1.8025 -3.122022 -1.819918 -2.692656 -2.279966 -2.792451 -2.279966 -2.792451 -1.819918 -2.692656 -2.248801 -2.346357 -2.279966 -2.792451 -2.248801 -2.346357 -2.698381 -2.390557 -2.698381 -2.390557 -2.248801 -2.346357 -2.612991 -1.932558 -2.698381 -2.390557 -2.612991 -1.932558 -3.04691 -1.926749 -3.04691 -1.926749 -2.612991 -1.932558 -2.902009 -1.463162 -3.04691 -1.926749 -2.902009 -1.463162 -3.316526 -1.41304 -3.316526 -1.41304 -2.902009 -1.463162 -3.107542 -0.951674 -3.316526 -1.41304 -3.107542 -0.951674 -3.500245 -0.862733 -3.500245 -0.862733 -3.107542 -0.951674 -3.223676 -0.412808 -3.500245 -0.862733 -3.223676 -0.412808 -3.59331 -0.290082 -3.59331 -0.290082 -3.223676 -0.412808 -3.247072 0.137934 -3.59331 -0.290082 -3.247072 0.137934 -3.59331 0.290082 -3.59331 0.290082 -3.247072 0.137934 -3.177055 0.684708 -3.59331 0.290082 -3.177055 0.684708 -3.500245 0.862733 -3.500245 0.862733 -3.177055 0.684708 -3.015639 1.211784 -3.500245 0.862733 -3.015639 1.211784 -3.316526 1.41304 -3.316526 1.41304 -3.015639 1.211784 -2.76747 1.703999 -3.316526 1.41304 -2.76747 1.703999 -3.04691 1.926749 -3.04691 1.926749 -2.76747 1.703999 -2.439685 2.147193 -3.04691 1.926749 -2.439685 2.147193 -2.698381 2.390557 -2.698381 2.390557 -2.439685 2.147193 -2.279966 2.792451 -2.279966 2.792451 -2.439685 2.147193 -2.041715 2.528616 -2.279966 2.792451 -2.041715 2.528616 -1.8025 3.122022 -1.8025 3.122022 -2.041715 2.528616 -1.585009 2.837296 -1.8025 3.122022 -1.585009 2.837296 -1.278351 3.370734 -1.278351 3.370734 -1.585009 2.837296 -1.082704 3.064352 -1.278351 3.370734 -1.082704 3.064352 -0.721093 3.532145 -0.721093 3.532145 -1.082704 3.064352 -0.549253 3.203252 -0.721093 3.532145 -0.549253 3.203252 -0.145159 3.602076 -0.145159 3.602076 -0.549253 3.203252 0 3.25 -0.145159 3.602076 0 3.25 0.434535 3.578716 0.434535 3.578716 0 3.25 0.549253 3.203252 0.434535 3.578716 0.549253 3.203252 1.002974 3.462668 1.002974 3.462668 0.549253 3.203252 1.082704 3.064352 1.002974 3.462668 1.082704 3.064352 1.545437 3.256939 1.545437 3.256939 1.082704 3.064352 1.585009 2.837296 1.545437 3.256939 1.585009 2.837296 2.047873 2.966857 2.047873 2.966857 1.585009 2.837296 2.041715 2.528616 2.047873 2.966857 2.041715 2.528616 2.497271 2.599935 2.497271 2.599935 2.041715 2.528616 2.439685 2.147193 2.497271 2.599935 2.439685 2.147193 2.881991 2.165676 2.881991 2.165676 2.439685 2.147193 2.76747 1.703999 2.881991 2.165676 2.76747 1.703999 3.192069 1.675327 3.192069 1.675327 2.76747 1.703999 3.015639 1.211784 3.192069 1.675327 3.015639 1.211784 3.419474 1.141588 3.419474 1.141588 3.015639 1.211784 3.177055 0.684708 3.419474 1.141588 3.177055 0.684708 3.558316 0.578283 3.558316 0.578283 3.177055 0.684708 3.247072 0.137934 0.07171899 -0.150212 -0.07171899 -0.150212 0.07171899 -0.193129 0.07171899 -0.06437599 -0.07171899 -0.06437599 0.07171899 -0.107294 0.07171899 0.02145898 -0.07171899 0.02145898 0.07171899 -0.02145898 0.07171899 0.107294 -0.07171899 0.107294 0.07171899 0.06437599 0.07171899 0.193129 -0.07171899 0.193129 0.07171899 0.150212 0.07171899 0.06437599 -0.07171899 0.06437599 0.07171899 0.02145898 0.07171899 0.150212 -0.07171899 0.150212 0.07171899 0.107294 0.07171899 -0.02145898 -0.07171899 -0.02145898 0.07171899 -0.06437599 0.07171899 -0.107294 -0.07171899 -0.107294 0.07171899 -0.150212 -0.31 0.300424 0.31 0.300424 -0.31 0.386259 -0.31 0.386259 0.31 0.300424 0.31 0.386259 -0.31 -0.386259 0.31 -0.386259 -0.31 -0.300424 -0.31 -0.300424 0.31 -0.386259 0.31 -0.300424 -0.31 -0.300424 0.31 -0.300424 -0.31 -0.214588 -0.31 -0.214588 0.31 -0.300424 0.31 -0.214588 -0.31 -0.214588 0.31 -0.214588 -0.31 -0.128753 -0.31 -0.128753 0.31 -0.214588 0.31 -0.128753 -0.31 -0.128753 0.31 -0.128753 -0.31 -0.04291796 -0.31 -0.04291796 0.31 -0.128753 0.31 -0.04291796 -0.31 -0.04291796 0.31 -0.04291796 -0.31 0.04291796 -0.31 0.04291796 0.31 -0.04291796 0.31 0.04291796 -0.31 0.04291796 0.31 0.04291796 -0.31 0.128753 -0.31 0.128753 0.31 0.04291796 0.31 0.128753 -0.31 0.128753 0.31 0.128753 -0.31 0.214588 -0.31 0.214588 0.31 0.128753 0.31 0.214588 -0.31 0.214588 0.31 0.214588 -0.31 0.300424 -0.31 0.300424 0.31 0.214588 0.31 0.300424 0.1 -0.785398 0.001828968 -0.824642 0.1 -0.942478 0.1 -0.942478 0.001828968 -0.824642 0 -0.942478 0.1 0.942478 0 0.942478 0.001828968 0.824642 0.001828968 -0.824642 0.1 -0.785398 0.006246984 -0.706858 0.006246984 -0.706858 0.1 -0.785398 0.1 -0.628319 0.006246984 -0.706858 0.1 -0.628319 0.01066994 -0.589075 0.01066994 -0.589075 0.1 -0.628319 0.1 -0.471239 0.01066994 -0.589075 0.1 -0.471239 0.01250398 -0.471239 0.01250398 -0.471239 0.1 -0.471239 0.01066994 -0.353403 0.01066994 -0.353403 0.1 -0.471239 0.1 -0.314159 0.01066994 -0.353403 0.1 -0.314159 0.006246984 -0.23562 0.006246984 -0.23562 0.1 -0.314159 0.1 -0.1570799 0.006246984 -0.23562 0.1 -0.1570799 0.001828968 -0.1178359 0.001828968 -0.1178359 0.1 -0.1570799 0.1 0 0.001828968 -0.1178359 0.1 0 0 0 0 0 0.1 0 0.001828968 0.1178359 0.001828968 0.1178359 0.1 0 0.1 0.1570799 0.001828968 0.1178359 0.1 0.1570799 0.006246984 0.23562 0.006246984 0.23562 0.1 0.1570799 0.1 0.314159 0.006246984 0.23562 0.1 0.314159 0.01066994 0.353403 0.01066994 0.353403 0.1 0.314159 0.1 0.471239 0.01066994 0.353403 0.1 0.471239 0.01250398 0.471239 0.01250398 0.471239 0.1 0.471239 0.01066994 0.589075 0.01066994 0.589075 0.1 0.471239 0.1 0.628319 0.01066994 0.589075 0.1 0.628319 0.006246984 0.706858 0.006246984 0.706858 0.1 0.628319 0.1 0.785398 0.006246984 0.706858 0.1 0.785398 0.001828968 0.824642 0.001828968 0.824642 0.1 0.785398 0.1 0.942478 0.259808 0.15 0.115535 0.04205095 0.3 0 0.3 0 0.115535 0.04205095 0.115535 -0.04205095 0.3 0 0.115535 -0.04205095 0.259808 -0.15 0.259808 -0.15 0.115535 -0.04205095 0.06147497 -0.106478 0.259808 -0.15 0.06147497 -0.106478 0.15 -0.259808 0.15 -0.259808 0.06147497 -0.106478 0 -0.3 0 -0.3 0.06147497 -0.106478 -0.02134996 -0.121082 0 -0.3 -0.02134996 -0.121082 -0.15 -0.259808 -0.15 -0.259808 -0.02134996 -0.121082 -0.09418499 -0.07903099 -0.15 -0.259808 -0.09418499 -0.07903099 -0.259808 -0.15 -0.259808 -0.15 -0.09418499 -0.07903099 -0.12295 0 -0.259808 -0.15 -0.12295 0 -0.3 0 -0.3 0 -0.12295 0 -0.259808 0.15 -0.259808 0.15 -0.12295 0 -0.09418499 0.07903099 -0.259808 0.15 -0.09418499 0.07903099 -0.15 0.259808 -0.15 0.259808 -0.09418499 0.07903099 -0.02134996 0.121082 -0.15 0.259808 -0.02134996 0.121082 0 0.3 0 0.3 -0.02134996 0.121082 0.06147497 0.106478 0 0.3 0.06147497 0.106478 0.15 0.259808 0.15 0.259808 0.06147497 0.106478 0.259808 0.15 0.259808 0.15 0.06147497 0.106478 0.115535 0.04205095 0.07171899 -0.150212 -0.07171899 -0.150212 0.07171899 -0.193129 0.07171899 -0.06437599 -0.07171899 -0.06437599 0.07171899 -0.107294 0.07171899 0.02145898 -0.07171899 0.02145898 0.07171899 -0.02145898 0.07171899 0.107294 -0.07171899 0.107294 0.07171899 0.06437599 0.07171899 0.193129 -0.07171899 0.193129 0.07171899 0.150212 0.07171899 0.06437599 -0.07171899 0.06437599 0.07171899 0.02145898 0.07171899 0.150212 -0.07171899 0.150212 0.07171899 0.107294 0.07171899 -0.02145898 -0.07171899 -0.02145898 0.07171899 -0.06437599 0.07171899 -0.107294 -0.07171899 -0.107294 0.07171899 -0.150212 -0.31 0.300424 0.31 0.300424 -0.31 0.386259 -0.31 0.386259 0.31 0.300424 0.31 0.386259 -0.31 -0.386259 0.31 -0.386259 -0.31 -0.300424 -0.31 -0.300424 0.31 -0.386259 0.31 -0.300424 -0.31 -0.300424 0.31 -0.300424 -0.31 -0.214588 -0.31 -0.214588 0.31 -0.300424 0.31 -0.214588 -0.31 -0.214588 0.31 -0.214588 -0.31 -0.128753 -0.31 -0.128753 0.31 -0.214588 0.31 -0.128753 -0.31 -0.128753 0.31 -0.128753 -0.31 -0.04291796 -0.31 -0.04291796 0.31 -0.128753 0.31 -0.04291796 -0.31 -0.04291796 0.31 -0.04291796 -0.31 0.04291796 -0.31 0.04291796 0.31 -0.04291796 0.31 0.04291796 -0.31 0.04291796 0.31 0.04291796 -0.31 0.128753 -0.31 0.128753 0.31 0.04291796 0.31 0.128753 -0.31 0.128753 0.31 0.128753 -0.31 0.214588 -0.31 0.214588 0.31 0.128753 0.31 0.214588 -0.31 0.214588 0.31 0.214588 -0.31 0.300424 -0.31 0.300424 0.31 0.214588 0.31 0.300424 0.1 -0.785398 0.001828968 -0.824642 0.1 -0.942478 0.1 -0.942478 0.001828968 -0.824642 0 -0.942478 0.1 0.942478 0 0.942478 0.001828968 0.824642 0.001828968 -0.824642 0.1 -0.785398 0.006246984 -0.706858 0.006246984 -0.706858 0.1 -0.785398 0.1 -0.628319 0.006246984 -0.706858 0.1 -0.628319 0.01066994 -0.589075 0.01066994 -0.589075 0.1 -0.628319 0.1 -0.471239 0.01066994 -0.589075 0.1 -0.471239 0.01250398 -0.471239 0.01250398 -0.471239 0.1 -0.471239 0.01066994 -0.353403 0.01066994 -0.353403 0.1 -0.471239 0.1 -0.314159 0.01066994 -0.353403 0.1 -0.314159 0.006246984 -0.23562 0.006246984 -0.23562 0.1 -0.314159 0.1 -0.1570799 0.006246984 -0.23562 0.1 -0.1570799 0.001828968 -0.1178359 0.001828968 -0.1178359 0.1 -0.1570799 0.1 0 0.001828968 -0.1178359 0.1 0 0 0 0 0 0.1 0 0.001828968 0.1178359 0.001828968 0.1178359 0.1 0 0.1 0.1570799 0.001828968 0.1178359 0.1 0.1570799 0.006246984 0.23562 0.006246984 0.23562 0.1 0.1570799 0.1 0.314159 0.006246984 0.23562 0.1 0.314159 0.01066994 0.353403 0.01066994 0.353403 0.1 0.314159 0.1 0.471239 0.01066994 0.353403 0.1 0.471239 0.01250398 0.471239 0.01250398 0.471239 0.1 0.471239 0.01066994 0.589075 0.01066994 0.589075 0.1 0.471239 0.1 0.628319 0.01066994 0.589075 0.1 0.628319 0.006246984 0.706858 0.006246984 0.706858 0.1 0.628319 0.1 0.785398 0.006246984 0.706858 0.1 0.785398 0.001828968 0.824642 0.001828968 0.824642 0.1 0.785398 0.1 0.942478 0.259808 0.15 0.115535 0.04205095 0.3 0 0.3 0 0.115535 0.04205095 0.115535 -0.04205095 0.3 0 0.115535 -0.04205095 0.259808 -0.15 0.259808 -0.15 0.115535 -0.04205095 0.06147497 -0.106478 0.259808 -0.15 0.06147497 -0.106478 0.15 -0.259808 0.15 -0.259808 0.06147497 -0.106478 0 -0.3 0 -0.3 0.06147497 -0.106478 -0.02134996 -0.121082 0 -0.3 -0.02134996 -0.121082 -0.15 -0.259808 -0.15 -0.259808 -0.02134996 -0.121082 -0.09418499 -0.07903099 -0.15 -0.259808 -0.09418499 -0.07903099 -0.259808 -0.15 -0.259808 -0.15 -0.09418499 -0.07903099 -0.12295 0 -0.259808 -0.15 -0.12295 0 -0.3 0 -0.3 0 -0.12295 0 -0.259808 0.15 -0.259808 0.15 -0.12295 0 -0.09418499 0.07903099 -0.259808 0.15 -0.09418499 0.07903099 -0.15 0.259808 -0.15 0.259808 -0.09418499 0.07903099 -0.02134996 0.121082 -0.15 0.259808 -0.02134996 0.121082 0 0.3 0 0.3 -0.02134996 0.121082 0.06147497 0.106478 0 0.3 0.06147497 0.106478 0.15 0.259808 0.15 0.259808 0.06147497 0.106478 0.259808 0.15 0.259808 0.15 0.06147497 0.106478 0.115535 0.04205095 0.07171899 -0.150212 -0.07171899 -0.150212 0.07171899 -0.193129 0.07171899 -0.06437599 -0.07171899 -0.06437599 0.07171899 -0.107294 0.07171899 0.02145898 -0.07171899 0.02145898 0.07171899 -0.02145898 0.07171899 0.107294 -0.07171899 0.107294 0.07171899 0.06437599 0.07171899 0.193129 -0.07171899 0.193129 0.07171899 0.150212 0.07171899 0.06437599 -0.07171899 0.06437599 0.07171899 0.02145898 0.07171899 0.150212 -0.07171899 0.150212 0.07171899 0.107294 0.07171899 -0.02145898 -0.07171899 -0.02145898 0.07171899 -0.06437599 0.07171899 -0.107294 -0.07171899 -0.107294 0.07171899 -0.150212 -0.31 0.300424 0.31 0.300424 -0.31 0.386259 -0.31 0.386259 0.31 0.300424 0.31 0.386259 -0.31 -0.386259 0.31 -0.386259 -0.31 -0.300424 -0.31 -0.300424 0.31 -0.386259 0.31 -0.300424 -0.31 -0.300424 0.31 -0.300424 -0.31 -0.214588 -0.31 -0.214588 0.31 -0.300424 0.31 -0.214588 -0.31 -0.214588 0.31 -0.214588 -0.31 -0.128753 -0.31 -0.128753 0.31 -0.214588 0.31 -0.128753 -0.31 -0.128753 0.31 -0.128753 -0.31 -0.04291796 -0.31 -0.04291796 0.31 -0.128753 0.31 -0.04291796 -0.31 -0.04291796 0.31 -0.04291796 -0.31 0.04291796 -0.31 0.04291796 0.31 -0.04291796 0.31 0.04291796 -0.31 0.04291796 0.31 0.04291796 -0.31 0.128753 -0.31 0.128753 0.31 0.04291796 0.31 0.128753 -0.31 0.128753 0.31 0.128753 -0.31 0.214588 -0.31 0.214588 0.31 0.128753 0.31 0.214588 -0.31 0.214588 0.31 0.214588 -0.31 0.300424 -0.31 0.300424 0.31 0.214588 0.31 0.300424 0.1 -0.785398 0.001828968 -0.824642 0.1 -0.942478 0.1 -0.942478 0.001828968 -0.824642 0 -0.942478 0.1 0.942478 0 0.942478 0.001828968 0.824642 0.001828968 -0.824642 0.1 -0.785398 0.006246984 -0.706858 0.006246984 -0.706858 0.1 -0.785398 0.1 -0.628319 0.006246984 -0.706858 0.1 -0.628319 0.01066994 -0.589075 0.01066994 -0.589075 0.1 -0.628319 0.1 -0.471239 0.01066994 -0.589075 0.1 -0.471239 0.01250398 -0.471239 0.01250398 -0.471239 0.1 -0.471239 0.01066994 -0.353403 0.01066994 -0.353403 0.1 -0.471239 0.1 -0.314159 0.01066994 -0.353403 0.1 -0.314159 0.006246984 -0.23562 0.006246984 -0.23562 0.1 -0.314159 0.1 -0.1570799 0.006246984 -0.23562 0.1 -0.1570799 0.001828968 -0.1178359 0.001828968 -0.1178359 0.1 -0.1570799 0.1 0 0.001828968 -0.1178359 0.1 0 0 0 0 0 0.1 0 0.001828968 0.1178359 0.001828968 0.1178359 0.1 0 0.1 0.1570799 0.001828968 0.1178359 0.1 0.1570799 0.006246984 0.23562 0.006246984 0.23562 0.1 0.1570799 0.1 0.314159 0.006246984 0.23562 0.1 0.314159 0.01066994 0.353403 0.01066994 0.353403 0.1 0.314159 0.1 0.471239 0.01066994 0.353403 0.1 0.471239 0.01250398 0.471239 0.01250398 0.471239 0.1 0.471239 0.01066994 0.589075 0.01066994 0.589075 0.1 0.471239 0.1 0.628319 0.01066994 0.589075 0.1 0.628319 0.006246984 0.706858 0.006246984 0.706858 0.1 0.628319 0.1 0.785398 0.006246984 0.706858 0.1 0.785398 0.001828968 0.824642 0.001828968 0.824642 0.1 0.785398 0.1 0.942478 0.259808 0.15 0.115535 0.04205095 0.3 0 0.3 0 0.115535 0.04205095 0.115535 -0.04205095 0.3 0 0.115535 -0.04205095 0.259808 -0.15 0.259808 -0.15 0.115535 -0.04205095 0.06147497 -0.106478 0.259808 -0.15 0.06147497 -0.106478 0.15 -0.259808 0.15 -0.259808 0.06147497 -0.106478 0 -0.3 0 -0.3 0.06147497 -0.106478 -0.02134996 -0.121082 0 -0.3 -0.02134996 -0.121082 -0.15 -0.259808 -0.15 -0.259808 -0.02134996 -0.121082 -0.09418499 -0.07903099 -0.15 -0.259808 -0.09418499 -0.07903099 -0.259808 -0.15 -0.259808 -0.15 -0.09418499 -0.07903099 -0.12295 0 -0.259808 -0.15 -0.12295 0 -0.3 0 -0.3 0 -0.12295 0 -0.259808 0.15 -0.259808 0.15 -0.12295 0 -0.09418499 0.07903099 -0.259808 0.15 -0.09418499 0.07903099 -0.15 0.259808 -0.15 0.259808 -0.09418499 0.07903099 -0.02134996 0.121082 -0.15 0.259808 -0.02134996 0.121082 0 0.3 0 0.3 -0.02134996 0.121082 0.06147497 0.106478 0 0.3 0.06147497 0.106478 0.15 0.259808 0.15 0.259808 0.06147497 0.106478 0.259808 0.15 0.259808 0.15 0.06147497 0.106478 0.115535 0.04205095 0.07171899 -0.150212 -0.07171899 -0.150212 0.07171899 -0.193129 0.07171899 -0.06437599 -0.07171899 -0.06437599 0.07171899 -0.107294 0.07171899 0.02145898 -0.07171899 0.02145898 0.07171899 -0.02145898 0.07171899 0.107294 -0.07171899 0.107294 0.07171899 0.06437599 0.07171899 0.193129 -0.07171899 0.193129 0.07171899 0.150212 0.07171899 0.06437599 -0.07171899 0.06437599 0.07171899 0.02145898 0.07171899 0.150212 -0.07171899 0.150212 0.07171899 0.107294 0.07171899 -0.02145898 -0.07171899 -0.02145898 0.07171899 -0.06437599 0.07171899 -0.107294 -0.07171899 -0.107294 0.07171899 -0.150212 -0.31 0.300424 0.31 0.300424 -0.31 0.386259 -0.31 0.386259 0.31 0.300424 0.31 0.386259 -0.31 -0.386259 0.31 -0.386259 -0.31 -0.300424 -0.31 -0.300424 0.31 -0.386259 0.31 -0.300424 -0.31 -0.300424 0.31 -0.300424 -0.31 -0.214588 -0.31 -0.214588 0.31 -0.300424 0.31 -0.214588 -0.31 -0.214588 0.31 -0.214588 -0.31 -0.128753 -0.31 -0.128753 0.31 -0.214588 0.31 -0.128753 -0.31 -0.128753 0.31 -0.128753 -0.31 -0.04291796 -0.31 -0.04291796 0.31 -0.128753 0.31 -0.04291796 -0.31 -0.04291796 0.31 -0.04291796 -0.31 0.04291796 -0.31 0.04291796 0.31 -0.04291796 0.31 0.04291796 -0.31 0.04291796 0.31 0.04291796 -0.31 0.128753 -0.31 0.128753 0.31 0.04291796 0.31 0.128753 -0.31 0.128753 0.31 0.128753 -0.31 0.214588 -0.31 0.214588 0.31 0.128753 0.31 0.214588 -0.31 0.214588 0.31 0.214588 -0.31 0.300424 -0.31 0.300424 0.31 0.214588 0.31 0.300424 0.1 -0.785398 0.001828968 -0.824642 0.1 -0.942478 0.1 -0.942478 0.001828968 -0.824642 0 -0.942478 0.1 0.942478 0 0.942478 0.001828968 0.824642 0.001828968 -0.824642 0.1 -0.785398 0.006246984 -0.706858 0.006246984 -0.706858 0.1 -0.785398 0.1 -0.628319 0.006246984 -0.706858 0.1 -0.628319 0.01066994 -0.589075 0.01066994 -0.589075 0.1 -0.628319 0.1 -0.471239 0.01066994 -0.589075 0.1 -0.471239 0.01250398 -0.471239 0.01250398 -0.471239 0.1 -0.471239 0.01066994 -0.353403 0.01066994 -0.353403 0.1 -0.471239 0.1 -0.314159 0.01066994 -0.353403 0.1 -0.314159 0.006246984 -0.23562 0.006246984 -0.23562 0.1 -0.314159 0.1 -0.1570799 0.006246984 -0.23562 0.1 -0.1570799 0.001828968 -0.1178359 0.001828968 -0.1178359 0.1 -0.1570799 0.1 0 0.001828968 -0.1178359 0.1 0 0 0 0 0 0.1 0 0.001828968 0.1178359 0.001828968 0.1178359 0.1 0 0.1 0.1570799 0.001828968 0.1178359 0.1 0.1570799 0.006246984 0.23562 0.006246984 0.23562 0.1 0.1570799 0.1 0.314159 0.006246984 0.23562 0.1 0.314159 0.01066994 0.353403 0.01066994 0.353403 0.1 0.314159 0.1 0.471239 0.01066994 0.353403 0.1 0.471239 0.01250398 0.471239 0.01250398 0.471239 0.1 0.471239 0.01066994 0.589075 0.01066994 0.589075 0.1 0.471239 0.1 0.628319 0.01066994 0.589075 0.1 0.628319 0.006246984 0.706858 0.006246984 0.706858 0.1 0.628319 0.1 0.785398 0.006246984 0.706858 0.1 0.785398 0.001828968 0.824642 0.001828968 0.824642 0.1 0.785398 0.1 0.942478 0.259808 0.15 0.115535 0.04205095 0.3 0 0.3 0 0.115535 0.04205095 0.115535 -0.04205095 0.3 0 0.115535 -0.04205095 0.259808 -0.15 0.259808 -0.15 0.115535 -0.04205095 0.06147497 -0.106478 0.259808 -0.15 0.06147497 -0.106478 0.15 -0.259808 0.15 -0.259808 0.06147497 -0.106478 0 -0.3 0 -0.3 0.06147497 -0.106478 -0.02134996 -0.121082 0 -0.3 -0.02134996 -0.121082 -0.15 -0.259808 -0.15 -0.259808 -0.02134996 -0.121082 -0.09418499 -0.07903099 -0.15 -0.259808 -0.09418499 -0.07903099 -0.259808 -0.15 -0.259808 -0.15 -0.09418499 -0.07903099 -0.12295 0 -0.259808 -0.15 -0.12295 0 -0.3 0 -0.3 0 -0.12295 0 -0.259808 0.15 -0.259808 0.15 -0.12295 0 -0.09418499 0.07903099 -0.259808 0.15 -0.09418499 0.07903099 -0.15 0.259808 -0.15 0.259808 -0.09418499 0.07903099 -0.02134996 0.121082 -0.15 0.259808 -0.02134996 0.121082 0 0.3 0 0.3 -0.02134996 0.121082 0.06147497 0.106478 0 0.3 0.06147497 0.106478 0.15 0.259808 0.15 0.259808 0.06147497 0.106478 0.259808 0.15 0.259808 0.15 0.06147497 0.106478 0.115535 0.04205095 0.07171899 -0.150212 -0.07171899 -0.150212 0.07171899 -0.193129 0.07171899 -0.06437599 -0.07171899 -0.06437599 0.07171899 -0.107294 0.07171899 0.02145898 -0.07171899 0.02145898 0.07171899 -0.02145898 0.07171899 0.107294 -0.07171899 0.107294 0.07171899 0.06437599 0.07171899 0.193129 -0.07171899 0.193129 0.07171899 0.150212 0.07171899 0.06437599 -0.07171899 0.06437599 0.07171899 0.02145898 0.07171899 0.150212 -0.07171899 0.150212 0.07171899 0.107294 0.07171899 -0.02145898 -0.07171899 -0.02145898 0.07171899 -0.06437599 0.07171899 -0.107294 -0.07171899 -0.107294 0.07171899 -0.150212 -0.31 0.300424 0.31 0.300424 -0.31 0.386259 -0.31 0.386259 0.31 0.300424 0.31 0.386259 -0.31 -0.386259 0.31 -0.386259 -0.31 -0.300424 -0.31 -0.300424 0.31 -0.386259 0.31 -0.300424 -0.31 -0.300424 0.31 -0.300424 -0.31 -0.214588 -0.31 -0.214588 0.31 -0.300424 0.31 -0.214588 -0.31 -0.214588 0.31 -0.214588 -0.31 -0.128753 -0.31 -0.128753 0.31 -0.214588 0.31 -0.128753 -0.31 -0.128753 0.31 -0.128753 -0.31 -0.04291796 -0.31 -0.04291796 0.31 -0.128753 0.31 -0.04291796 -0.31 -0.04291796 0.31 -0.04291796 -0.31 0.04291796 -0.31 0.04291796 0.31 -0.04291796 0.31 0.04291796 -0.31 0.04291796 0.31 0.04291796 -0.31 0.128753 -0.31 0.128753 0.31 0.04291796 0.31 0.128753 -0.31 0.128753 0.31 0.128753 -0.31 0.214588 -0.31 0.214588 0.31 0.128753 0.31 0.214588 -0.31 0.214588 0.31 0.214588 -0.31 0.300424 -0.31 0.300424 0.31 0.214588 0.31 0.300424 0.1 -0.785398 0.001828968 -0.824642 0.1 -0.942478 0.1 -0.942478 0.001828968 -0.824642 0 -0.942478 0.1 0.942478 0 0.942478 0.001828968 0.824642 0.001828968 -0.824642 0.1 -0.785398 0.006246984 -0.706858 0.006246984 -0.706858 0.1 -0.785398 0.1 -0.628319 0.006246984 -0.706858 0.1 -0.628319 0.01066994 -0.589075 0.01066994 -0.589075 0.1 -0.628319 0.1 -0.471239 0.01066994 -0.589075 0.1 -0.471239 0.01250398 -0.471239 0.01250398 -0.471239 0.1 -0.471239 0.01066994 -0.353403 0.01066994 -0.353403 0.1 -0.471239 0.1 -0.314159 0.01066994 -0.353403 0.1 -0.314159 0.006246984 -0.23562 0.006246984 -0.23562 0.1 -0.314159 0.1 -0.1570799 0.006246984 -0.23562 0.1 -0.1570799 0.001828968 -0.1178359 0.001828968 -0.1178359 0.1 -0.1570799 0.1 0 0.001828968 -0.1178359 0.1 0 0 0 0 0 0.1 0 0.001828968 0.1178359 0.001828968 0.1178359 0.1 0 0.1 0.1570799 0.001828968 0.1178359 0.1 0.1570799 0.006246984 0.23562 0.006246984 0.23562 0.1 0.1570799 0.1 0.314159 0.006246984 0.23562 0.1 0.314159 0.01066994 0.353403 0.01066994 0.353403 0.1 0.314159 0.1 0.471239 0.01066994 0.353403 0.1 0.471239 0.01250398 0.471239 0.01250398 0.471239 0.1 0.471239 0.01066994 0.589075 0.01066994 0.589075 0.1 0.471239 0.1 0.628319 0.01066994 0.589075 0.1 0.628319 0.006246984 0.706858 0.006246984 0.706858 0.1 0.628319 0.1 0.785398 0.006246984 0.706858 0.1 0.785398 0.001828968 0.824642 0.001828968 0.824642 0.1 0.785398 0.1 0.942478 0.259808 0.15 0.115535 0.04205095 0.3 0 0.3 0 0.115535 0.04205095 0.115535 -0.04205095 0.3 0 0.115535 -0.04205095 0.259808 -0.15 0.259808 -0.15 0.115535 -0.04205095 0.06147497 -0.106478 0.259808 -0.15 0.06147497 -0.106478 0.15 -0.259808 0.15 -0.259808 0.06147497 -0.106478 0 -0.3 0 -0.3 0.06147497 -0.106478 -0.02134996 -0.121082 0 -0.3 -0.02134996 -0.121082 -0.15 -0.259808 -0.15 -0.259808 -0.02134996 -0.121082 -0.09418499 -0.07903099 -0.15 -0.259808 -0.09418499 -0.07903099 -0.259808 -0.15 -0.259808 -0.15 -0.09418499 -0.07903099 -0.12295 0 -0.259808 -0.15 -0.12295 0 -0.3 0 -0.3 0 -0.12295 0 -0.259808 0.15 -0.259808 0.15 -0.12295 0 -0.09418499 0.07903099 -0.259808 0.15 -0.09418499 0.07903099 -0.15 0.259808 -0.15 0.259808 -0.09418499 0.07903099 -0.02134996 0.121082 -0.15 0.259808 -0.02134996 0.121082 0 0.3 0 0.3 -0.02134996 0.121082 0.06147497 0.106478 0 0.3 0.06147497 0.106478 0.15 0.259808 0.15 0.259808 0.06147497 0.106478 0.259808 0.15 0.259808 0.15 0.06147497 0.106478 0.115535 0.04205095 0.07171899 -0.150212 -0.07171899 -0.150212 0.07171899 -0.193129 0.07171899 -0.06437599 -0.07171899 -0.06437599 0.07171899 -0.107294 0.07171899 0.02145898 -0.07171899 0.02145898 0.07171899 -0.02145898 0.07171899 0.107294 -0.07171899 0.107294 0.07171899 0.06437599 0.07171899 0.193129 -0.07171899 0.193129 0.07171899 0.150212 0.07171899 0.06437599 -0.07171899 0.06437599 0.07171899 0.02145898 0.07171899 0.150212 -0.07171899 0.150212 0.07171899 0.107294 0.07171899 -0.02145898 -0.07171899 -0.02145898 0.07171899 -0.06437599 0.07171899 -0.107294 -0.07171899 -0.107294 0.07171899 -0.150212 -0.31 0.300424 0.31 0.300424 -0.31 0.386259 -0.31 0.386259 0.31 0.300424 0.31 0.386259 -0.31 -0.386259 0.31 -0.386259 -0.31 -0.300424 -0.31 -0.300424 0.31 -0.386259 0.31 -0.300424 -0.31 -0.300424 0.31 -0.300424 -0.31 -0.214588 -0.31 -0.214588 0.31 -0.300424 0.31 -0.214588 -0.31 -0.214588 0.31 -0.214588 -0.31 -0.128753 -0.31 -0.128753 0.31 -0.214588 0.31 -0.128753 -0.31 -0.128753 0.31 -0.128753 -0.31 -0.04291796 -0.31 -0.04291796 0.31 -0.128753 0.31 -0.04291796 -0.31 -0.04291796 0.31 -0.04291796 -0.31 0.04291796 -0.31 0.04291796 0.31 -0.04291796 0.31 0.04291796 -0.31 0.04291796 0.31 0.04291796 -0.31 0.128753 -0.31 0.128753 0.31 0.04291796 0.31 0.128753 -0.31 0.128753 0.31 0.128753 -0.31 0.214588 -0.31 0.214588 0.31 0.128753 0.31 0.214588 -0.31 0.214588 0.31 0.214588 -0.31 0.300424 -0.31 0.300424 0.31 0.214588 0.31 0.300424 0.1 -0.785398 0.001828968 -0.824642 0.1 -0.942478 0.1 -0.942478 0.001828968 -0.824642 0 -0.942478 0.1 0.942478 0 0.942478 0.001828968 0.824642 0.001828968 -0.824642 0.1 -0.785398 0.006246984 -0.706858 0.006246984 -0.706858 0.1 -0.785398 0.1 -0.628319 0.006246984 -0.706858 0.1 -0.628319 0.01066994 -0.589075 0.01066994 -0.589075 0.1 -0.628319 0.1 -0.471239 0.01066994 -0.589075 0.1 -0.471239 0.01250398 -0.471239 0.01250398 -0.471239 0.1 -0.471239 0.01066994 -0.353403 0.01066994 -0.353403 0.1 -0.471239 0.1 -0.314159 0.01066994 -0.353403 0.1 -0.314159 0.006246984 -0.23562 0.006246984 -0.23562 0.1 -0.314159 0.1 -0.1570799 0.006246984 -0.23562 0.1 -0.1570799 0.001828968 -0.1178359 0.001828968 -0.1178359 0.1 -0.1570799 0.1 0 0.001828968 -0.1178359 0.1 0 0 0 0 0 0.1 0 0.001828968 0.1178359 0.001828968 0.1178359 0.1 0 0.1 0.1570799 0.001828968 0.1178359 0.1 0.1570799 0.006246984 0.23562 0.006246984 0.23562 0.1 0.1570799 0.1 0.314159 0.006246984 0.23562 0.1 0.314159 0.01066994 0.353403 0.01066994 0.353403 0.1 0.314159 0.1 0.471239 0.01066994 0.353403 0.1 0.471239 0.01250398 0.471239 0.01250398 0.471239 0.1 0.471239 0.01066994 0.589075 0.01066994 0.589075 0.1 0.471239 0.1 0.628319 0.01066994 0.589075 0.1 0.628319 0.006246984 0.706858 0.006246984 0.706858 0.1 0.628319 0.1 0.785398 0.006246984 0.706858 0.1 0.785398 0.001828968 0.824642 0.001828968 0.824642 0.1 0.785398 0.1 0.942478 0.259808 0.15 0.115535 0.04205095 0.3 0 0.3 0 0.115535 0.04205095 0.115535 -0.04205095 0.3 0 0.115535 -0.04205095 0.259808 -0.15 0.259808 -0.15 0.115535 -0.04205095 0.06147497 -0.106478 0.259808 -0.15 0.06147497 -0.106478 0.15 -0.259808 0.15 -0.259808 0.06147497 -0.106478 0 -0.3 0 -0.3 0.06147497 -0.106478 -0.02134996 -0.121082 0 -0.3 -0.02134996 -0.121082 -0.15 -0.259808 -0.15 -0.259808 -0.02134996 -0.121082 -0.09418499 -0.07903099 -0.15 -0.259808 -0.09418499 -0.07903099 -0.259808 -0.15 -0.259808 -0.15 -0.09418499 -0.07903099 -0.12295 0 -0.259808 -0.15 -0.12295 0 -0.3 0 -0.3 0 -0.12295 0 -0.259808 0.15 -0.259808 0.15 -0.12295 0 -0.09418499 0.07903099 -0.259808 0.15 -0.09418499 0.07903099 -0.15 0.259808 -0.15 0.259808 -0.09418499 0.07903099 -0.02134996 0.121082 -0.15 0.259808 -0.02134996 0.121082 0 0.3 0 0.3 -0.02134996 0.121082 0.06147497 0.106478 0 0.3 0.06147497 0.106478 0.15 0.259808 0.15 0.259808 0.06147497 0.106478 0.259808 0.15 0.259808 0.15 0.06147497 0.106478 0.115535 0.04205095 14.8353 9.714818 15.27163 9.992383 14.8353 10.26995 14.8353 10.26995 15.27163 9.992383 15.27163 10.26995 14.8353 10.26995 15.27163 10.26995 15.27163 10.54752 15.27163 -9.992383 15.27163 -10.26995 15.70796 -9.992383 15.27163 -9.992383 15.70796 -9.992383 15.27163 -9.714818 15.27163 -9.714818 15.70796 -9.992383 15.70796 -9.437252 15.27163 -9.714818 15.70796 -9.437252 15.27163 -9.437252 15.27163 -9.437252 15.70796 -9.437252 15.27163 -9.159685 15.27163 -9.437252 15.27163 -9.159685 14.8353 -9.159685 14.8353 -9.159685 15.27163 -9.159685 15.27163 -8.88212 14.8353 -9.159685 15.27163 -8.88212 14.8353 -8.604553 14.8353 -8.604553 15.27163 -8.88212 15.27163 -8.604553 14.8353 -8.604553 15.27163 -8.604553 15.27163 -8.326987 15.27163 -8.326987 15.27163 -8.604553 15.70796 -8.326987 15.27163 -8.326987 15.70796 -8.326987 15.27163 -8.049421 15.27163 -8.049421 15.70796 -8.326987 15.70796 -7.771853 15.27163 -8.049421 15.70796 -7.771853 15.27163 -7.771853 15.27163 -7.771853 15.70796 -7.771853 15.27163 -7.494288 15.27163 -7.771853 15.27163 -7.494288 14.8353 -7.494288 14.8353 -7.494288 15.27163 -7.494288 15.27163 -7.216721 14.8353 -7.494288 15.27163 -7.216721 14.8353 -6.939156 14.8353 -6.939156 15.27163 -7.216721 15.27163 -6.939156 14.8353 -6.939156 15.27163 -6.939156 15.27163 -6.661589 15.27163 -6.661589 15.27163 -6.939156 15.70796 -6.661589 15.27163 -6.661589 15.70796 -6.661589 15.27163 -6.384023 15.27163 -6.384023 15.70796 -6.661589 15.70796 -6.106457 15.27163 -6.384023 15.70796 -6.106457 15.27163 -6.106457 15.27163 -6.106457 15.70796 -6.106457 15.27163 -5.82889 15.27163 -6.106457 15.27163 -5.82889 14.8353 -5.82889 14.8353 -5.82889 15.27163 -5.82889 15.27163 -5.551324 14.8353 -5.82889 15.27163 -5.551324 14.8353 -5.273758 14.8353 -5.273758 15.27163 -5.551324 15.27163 -5.273758 14.8353 -5.273758 15.27163 -5.273758 15.27163 -4.996192 15.27163 -4.996192 15.27163 -5.273758 15.70796 -4.996192 15.27163 -4.996192 15.70796 -4.996192 15.27163 -4.718626 15.27163 -4.718626 15.70796 -4.996192 15.70796 -4.44106 15.27163 -4.718626 15.70796 -4.44106 15.27163 -4.44106 15.27163 -4.44106 15.70796 -4.44106 15.27163 -4.163493 15.27163 -4.44106 15.27163 -4.163493 14.8353 -4.163493 14.8353 -4.163493 15.27163 -4.163493 15.27163 -3.885927 14.8353 -4.163493 15.27163 -3.885927 14.8353 -3.608361 14.8353 -3.608361 15.27163 -3.885927 15.27163 -3.608361 14.8353 -3.608361 15.27163 -3.608361 15.27163 -3.330795 15.27163 -3.330795 15.27163 -3.608361 15.70796 -3.330795 15.27163 -3.330795 15.70796 -3.330795 15.27163 -3.053228 15.27163 -3.053228 15.70796 -3.330795 15.70796 -2.775662 15.27163 -3.053228 15.70796 -2.775662 15.27163 -2.775662 15.27163 -2.775662 15.70796 -2.775662 15.27163 -2.498096 15.27163 -2.775662 15.27163 -2.498096 14.8353 -2.498096 14.8353 -2.498096 15.27163 -2.498096 15.27163 -2.22053 14.8353 -2.498096 15.27163 -2.22053 14.8353 -1.942963 14.8353 -1.942963 15.27163 -2.22053 15.27163 -1.942963 14.8353 -1.942963 15.27163 -1.942963 15.27163 -1.665397 15.27163 -1.665397 15.27163 -1.942963 15.70796 -1.665397 15.27163 -1.665397 15.70796 -1.665397 15.27163 -1.387831 15.27163 -1.387831 15.70796 -1.665397 15.70796 -1.110265 15.27163 -1.387831 15.70796 -1.110265 15.27163 -1.110265 15.27163 -1.110265 15.70796 -1.110265 15.27163 -0.832699 15.27163 -1.110265 15.27163 -0.832699 14.8353 -0.832699 14.8353 -0.832699 15.27163 -0.832699 15.27163 -0.555132 14.8353 -0.832699 15.27163 -0.555132 14.8353 -0.277566 14.8353 -0.277566 15.27163 -0.555132 15.27163 -0.277566 14.8353 -0.277566 15.27163 -0.277566 15.27163 0 15.27163 0 15.27163 -0.277566 15.70796 0 15.27163 0 15.70796 0 15.27163 0.277566 15.27163 0.277566 15.70796 0 15.70796 0.555132 15.27163 0.277566 15.70796 0.555132 15.27163 0.555132 15.27163 0.555132 15.70796 0.555132 15.27163 0.832699 15.27163 0.555132 15.27163 0.832699 14.8353 0.832699 14.8353 0.832699 15.27163 0.832699 15.27163 1.110265 14.8353 0.832699 15.27163 1.110265 14.8353 1.387831 14.8353 1.387831 15.27163 1.110265 15.27163 1.387831 14.8353 1.387831 15.27163 1.387831 15.27163 1.665397 15.27163 1.665397 15.27163 1.387831 15.70796 1.665397 15.27163 1.665397 15.70796 1.665397 15.27163 1.942963 15.27163 1.942963 15.70796 1.665397 15.70796 2.22053 15.27163 1.942963 15.70796 2.22053 15.27163 2.22053 15.27163 2.22053 15.70796 2.22053 15.27163 2.498096 15.27163 2.22053 15.27163 2.498096 14.8353 2.498096 14.8353 2.498096 15.27163 2.498096 15.27163 2.775662 14.8353 2.498096 15.27163 2.775662 14.8353 3.053228 14.8353 3.053228 15.27163 2.775662 15.27163 3.053228 14.8353 3.053228 15.27163 3.053228 15.27163 3.330795 15.27163 3.330795 15.27163 3.053228 15.70796 3.330795 15.27163 3.330795 15.70796 3.330795 15.27163 3.608361 15.27163 3.608361 15.70796 3.330795 15.70796 3.885927 15.27163 3.608361 15.70796 3.885927 15.27163 3.885927 15.27163 3.885927 15.70796 3.885927 15.27163 4.163493 15.27163 3.885927 15.27163 4.163493 14.8353 4.163493 14.8353 4.163493 15.27163 4.163493 15.27163 4.44106 14.8353 4.163493 15.27163 4.44106 14.8353 4.718626 14.8353 4.718626 15.27163 4.44106 15.27163 4.718626 14.8353 4.718626 15.27163 4.718626 15.27163 4.996192 15.27163 4.996192 15.27163 4.718626 15.70796 4.996192 15.27163 4.996192 15.70796 4.996192 15.27163 5.273758 15.27163 5.273758 15.70796 4.996192 15.70796 5.551324 15.27163 5.273758 15.70796 5.551324 15.27163 5.551324 15.27163 5.551324 15.70796 5.551324 15.27163 5.82889 15.27163 5.551324 15.27163 5.82889 14.8353 5.82889 14.8353 5.82889 15.27163 5.82889 15.27163 6.106457 14.8353 5.82889 15.27163 6.106457 14.8353 6.384023 14.8353 6.384023 15.27163 6.106457 15.27163 6.384023 14.8353 6.384023 15.27163 6.384023 15.27163 6.661589 15.27163 6.661589 15.27163 6.384023 15.70796 6.661589 15.27163 6.661589 15.70796 6.661589 15.27163 6.939156 15.27163 6.939156 15.70796 6.661589 15.70796 7.216721 15.27163 6.939156 15.70796 7.216721 15.27163 7.216721 15.27163 7.216721 15.70796 7.216721 15.27163 7.494288 15.27163 7.216721 15.27163 7.494288 14.8353 7.494288 14.8353 7.494288 15.27163 7.494288 15.27163 7.771853 14.8353 7.494288 15.27163 7.771853 14.8353 8.049421 14.8353 8.049421 15.27163 7.771853 15.27163 8.049421 14.8353 8.049421 15.27163 8.049421 15.27163 8.326987 15.27163 8.326987 15.27163 8.049421 15.70796 8.326987 15.27163 8.326987 15.70796 8.326987 15.27163 8.604553 15.27163 8.604553 15.70796 8.326987 15.70796 8.88212 15.27163 8.604553 15.70796 8.88212 15.27163 8.88212 15.27163 8.88212 15.70796 8.88212 15.27163 9.159685 15.27163 8.88212 15.27163 9.159685 14.8353 9.159685 14.8353 9.159685 15.27163 9.159685 15.27163 9.437252 14.8353 9.159685 15.27163 9.437252 14.8353 9.714818 14.8353 9.714818 15.27163 9.437252 15.27163 9.714818 14.8353 9.714818 15.27163 9.714818 15.27163 9.992383 15.27163 9.992383 15.27163 9.714818 15.70796 9.992384 15.27163 9.992383 15.70796 9.992384 15.27163 10.26995 15.27163 -10.26995 15.70796 -10.54752 15.70796 -9.992383 14.8353 9.159685 14.8353 8.604553 15.27163 8.88212 15.27163 8.88212 14.8353 8.604553 15.27163 8.604553 15.27163 8.604553 14.8353 8.604553 15.27163 8.326987 15.27163 8.326987 14.8353 8.604553 14.8353 8.049421 14.8353 7.494288 14.8353 6.939156 15.27163 7.216721 15.27163 7.216721 14.8353 6.939156 15.27163 6.939156 15.27163 6.939156 14.8353 6.939156 15.27163 6.661589 15.27163 6.661589 14.8353 6.939156 14.8353 6.384023 14.8353 5.82889 14.8353 5.273758 15.27163 5.551324 15.27163 5.551324 14.8353 5.273758 15.27163 5.273758 15.27163 5.273758 14.8353 5.273758 15.27163 4.996192 15.27163 4.996192 14.8353 5.273758 14.8353 4.718626 14.8353 4.163493 14.8353 3.608361 15.27163 3.885927 15.27163 3.885927 14.8353 3.608361 15.27163 3.608361 15.27163 3.608361 14.8353 3.608361 15.27163 3.330795 15.27163 3.330795 14.8353 3.608361 14.8353 3.053228 14.8353 2.498096 14.8353 1.942963 15.27163 2.22053 15.27163 2.22053 14.8353 1.942963 15.27163 1.942963 15.27163 1.942963 14.8353 1.942963 15.27163 1.665397 15.27163 1.665397 14.8353 1.942963 14.8353 1.387831 14.8353 0.832699 14.8353 0.277566 15.27163 0.555132 15.27163 0.555132 14.8353 0.277566 15.27163 0.277566 15.27163 0.277566 14.8353 0.277566 15.27163 0 15.27163 0 14.8353 0.277566 14.8353 -0.277566 14.8353 -0.832699 14.8353 -1.387831 15.27163 -1.110265 15.27163 -1.110265 14.8353 -1.387831 15.27163 -1.387831 15.27163 -1.387831 14.8353 -1.387831 15.27163 -1.665397 15.27163 -1.665397 14.8353 -1.387831 14.8353 -1.942963 14.8353 -2.498096 14.8353 -3.053228 15.27163 -2.775662 15.27163 -2.775662 14.8353 -3.053228 15.27163 -3.053228 15.27163 -3.053228 14.8353 -3.053228 15.27163 -3.330795 15.27163 -3.330795 14.8353 -3.053228 14.8353 -3.608361 14.8353 -4.163493 14.8353 -4.718626 15.27163 -4.44106 15.27163 -4.44106 14.8353 -4.718626 15.27163 -4.718626 15.27163 -4.718626 14.8353 -4.718626 15.27163 -4.996192 15.27163 -4.996192 14.8353 -4.718626 14.8353 -5.273758 14.8353 -5.82889 14.8353 -6.384023 15.27163 -6.106457 15.27163 -6.106457 14.8353 -6.384023 15.27163 -6.384023 15.27163 -6.384023 14.8353 -6.384023 15.27163 -6.661589 15.27163 -6.661589 14.8353 -6.384023 14.8353 -6.939156 14.8353 -7.494288 14.8353 -8.049421 15.27163 -7.771853 15.27163 -7.771853 14.8353 -8.049421 15.27163 -8.049421 15.27163 -8.049421 14.8353 -8.049421 15.27163 -8.326987 15.27163 -8.326987 14.8353 -8.049421 14.8353 -8.604553 14.8353 -9.159685 14.8353 -9.714818 15.27163 -9.437252 15.27163 -9.437252 14.8353 -9.714818 15.27163 -9.714818 15.27163 -9.714818 14.8353 -9.714818 15.27163 -9.992383 15.27163 -9.992383 14.8353 -9.714818 14.8353 -10.26995 15.70796 0.555132 15.70796 1.110265 15.27163 0.832699 15.27163 0.832699 15.70796 1.110265 15.27163 1.110265 15.27163 1.110265 15.70796 1.110265 15.27163 1.387831 15.27163 1.387831 15.70796 1.110265 15.70796 1.665397 15.70796 2.22053 15.70796 2.775662 15.27163 2.498096 15.27163 2.498096 15.70796 2.775662 15.27163 2.775662 15.27163 2.775662 15.70796 2.775662 15.27163 3.053228 15.27163 3.053228 15.70796 2.775662 15.70796 3.330795 15.70796 3.885927 15.70796 4.44106 15.27163 4.163493 15.27163 4.163493 15.70796 4.44106 15.27163 4.44106 15.27163 4.44106 15.70796 4.44106 15.27163 4.718626 15.27163 4.718626 15.70796 4.44106 15.70796 4.996192 15.70796 5.551324 15.70796 6.106457 15.27163 5.82889 15.27163 5.82889 15.70796 6.106457 15.27163 6.106457 15.27163 6.106457 15.70796 6.106457 15.27163 6.384023 15.27163 6.384023 15.70796 6.106457 15.70796 6.661589 15.70796 7.216721 15.70796 7.771853 15.27163 7.494288 15.27163 7.494288 15.70796 7.771853 15.27163 7.771853 15.27163 7.771853 15.70796 7.771853 15.27163 8.049421 15.27163 8.049421 15.70796 7.771853 15.70796 8.326987 15.70796 8.88212 15.70796 9.437252 15.27163 9.159685 15.27163 9.159685 15.70796 9.437252 15.27163 9.437252 15.27163 9.437252 15.70796 9.437252 15.27163 9.714818 15.27163 9.714818 15.70796 9.437252 15.70796 9.992384 15.70796 -9.437252 15.70796 -8.88212 15.27163 -9.159685 15.27163 -9.159685 15.70796 -8.88212 15.27163 -8.88212 15.27163 -8.88212 15.70796 -8.88212 15.27163 -8.604553 15.27163 -8.604553 15.70796 -8.88212 15.70796 -8.326987 15.70796 -7.771853 15.70796 -7.216721 15.27163 -7.494288 15.27163 -7.494288 15.70796 -7.216721 15.27163 -7.216721 15.27163 -7.216721 15.70796 -7.216721 15.27163 -6.939156 15.27163 -6.939156 15.70796 -7.216721 15.70796 -6.661589 15.70796 -6.106457 15.70796 -5.551324 15.27163 -5.82889 15.27163 -5.82889 15.70796 -5.551324 15.27163 -5.551324 15.27163 -5.551324 15.70796 -5.551324 15.27163 -5.273758 15.27163 -5.273758 15.70796 -5.551324 15.70796 -4.996192 15.70796 -4.44106 15.70796 -3.885927 15.27163 -4.163493 15.27163 -4.163493 15.70796 -3.885927 15.27163 -3.885927 15.27163 -3.885927 15.70796 -3.885927 15.27163 -3.608361 15.27163 -3.608361 15.70796 -3.885927 15.70796 -3.330795 15.70796 -2.775662 15.70796 -2.22053 15.27163 -2.498096 15.27163 -2.498096 15.70796 -2.22053 15.27163 -2.22053 15.27163 -2.22053 15.70796 -2.22053 15.27163 -1.942963 15.27163 -1.942963 15.70796 -2.22053 15.70796 -1.665397 15.70796 -1.110265 15.70796 -0.555132 15.27163 -0.832699 15.27163 -0.832699 15.70796 -0.555132 15.27163 -0.555132 15.27163 -0.555132 15.70796 -0.555132 15.27163 -0.277566 15.27163 -0.277566 15.70796 -0.555132 15.70796 0 -1.401561 -9.658275 -5.64 -9.658275 -1.401561 -10.21018 -1.401561 -10.21018 -5.64 -9.658275 -5.64 -10.21018 -1.401561 10.21018 -5.64 10.21018 -1.401561 9.658275 -1.401561 9.658275 -5.64 10.21018 -5.64 9.658275 -1.401561 9.658275 -5.64 9.658275 -1.401561 9.106373 -1.401561 9.106373 -5.64 9.658275 -5.64 9.106373 -1.401561 9.106373 -5.64 9.106373 -1.401561 8.554472 -1.401561 8.554472 -5.64 9.106373 -5.64 8.554472 -1.401561 8.554472 -5.64 8.554472 -1.401561 8.002571 -1.401561 8.002571 -5.64 8.554472 -5.64 8.002571 -1.401561 8.002571 -5.64 8.002571 -1.401561 7.450669 -1.401561 7.450669 -5.64 8.002571 -5.64 7.450669 -1.401561 7.450669 -5.64 7.450669 -1.401561 6.898768 -1.401561 6.898768 -5.64 7.450669 -5.64 6.898768 -1.401561 6.898768 -5.64 6.898768 -1.401561 6.346866 -1.401561 6.346866 -5.64 6.898768 -5.64 6.346866 -1.401561 6.346866 -5.64 6.346866 -1.401561 5.794965 -1.401561 5.794965 -5.64 6.346866 -5.64 5.794965 -1.401561 5.794965 -5.64 5.794965 -1.401561 5.243063 -1.401561 5.243063 -5.64 5.794965 -5.64 5.243063 -1.401561 5.243063 -5.64 5.243063 -1.401561 4.691162 -1.401561 4.691162 -5.64 5.243063 -5.64 4.691162 -1.401561 4.691162 -5.64 4.691162 -1.401561 4.139261 -1.401561 4.139261 -5.64 4.691162 -5.64 4.139261 -1.401561 4.139261 -5.64 4.139261 -1.401561 3.587359 -1.401561 3.587359 -5.64 4.139261 -5.64 3.587359 -1.401561 3.587359 -5.64 3.587359 -1.401561 3.035458 -1.401561 3.035458 -5.64 3.587359 -5.64 3.035458 -1.401561 3.035458 -5.64 3.035458 -1.401561 2.483556 -1.401561 2.483556 -5.64 3.035458 -5.64 2.483556 -1.401561 2.483556 -5.64 2.483556 -1.401561 1.931655 -1.401561 1.931655 -5.64 2.483556 -5.64 1.931655 -1.401561 1.931655 -5.64 1.931655 -1.401561 1.379753 -1.401561 1.379753 -5.64 1.931655 -5.64 1.379753 -1.401561 1.379753 -5.64 1.379753 -1.401561 0.827852 -1.401561 0.827852 -5.64 1.379753 -5.64 0.827852 -1.401561 0.827852 -5.64 0.827852 -1.401561 0.275951 -1.401561 0.275951 -5.64 0.827852 -5.64 0.275951 -1.401561 0.275951 -5.64 0.275951 -1.401561 -0.275951 -1.401561 -0.275951 -5.64 0.275951 -5.64 -0.275951 -1.401561 -0.275951 -5.64 -0.275951 -1.401561 -0.827852 -1.401561 -0.827852 -5.64 -0.275951 -5.64 -0.827852 -1.401561 -0.827852 -5.64 -0.827852 -1.401561 -1.379753 -1.401561 -1.379753 -5.64 -0.827852 -5.64 -1.379753 -1.401561 -1.379753 -5.64 -1.379753 -1.401561 -1.931655 -1.401561 -1.931655 -5.64 -1.379753 -5.64 -1.931655 -1.401561 -1.931655 -5.64 -1.931655 -1.401561 -2.483556 -1.401561 -2.483556 -5.64 -1.931655 -5.64 -2.483556 -1.401561 -2.483556 -5.64 -2.483556 -1.401561 -3.035458 -1.401561 -3.035458 -5.64 -2.483556 -5.64 -3.035458 -1.401561 -3.035458 -5.64 -3.035458 -1.401561 -3.587359 -1.401561 -3.587359 -5.64 -3.035458 -5.64 -3.587359 -1.401561 -3.587359 -5.64 -3.587359 -1.401561 -4.139261 -1.401561 -4.139261 -5.64 -3.587359 -5.64 -4.139261 -1.401561 -4.139261 -5.64 -4.139261 -1.401561 -4.691162 -1.401561 -4.691162 -5.64 -4.139261 -5.64 -4.691162 -1.401561 -4.691162 -5.64 -4.691162 -1.401561 -5.243063 -1.401561 -5.243063 -5.64 -4.691162 -5.64 -5.243063 -1.401561 -5.243063 -5.64 -5.243063 -1.401561 -5.794965 -1.401561 -5.794965 -5.64 -5.243063 -5.64 -5.794965 -1.401561 -5.794965 -5.64 -5.794965 -1.401561 -6.346866 -1.401561 -6.346866 -5.64 -5.794965 -5.64 -6.346866 -1.401561 -6.346866 -5.64 -6.346866 -1.401561 -6.898768 -1.401561 -6.898768 -5.64 -6.346866 -5.64 -6.898768 -1.401561 -6.898768 -5.64 -6.898768 -1.401561 -7.450669 -1.401561 -7.450669 -5.64 -6.898768 -5.64 -7.450669 -1.401561 -7.450669 -5.64 -7.450669 -1.401561 -8.002571 -1.401561 -8.002571 -5.64 -7.450669 -5.64 -8.002571 -1.401561 -8.002571 -5.64 -8.002571 -1.401561 -8.554472 -1.401561 -8.554472 -5.64 -8.002571 -5.64 -8.554472 -1.401561 -8.554472 -5.64 -8.554472 -1.401561 -9.106373 -1.401561 -9.106373 -5.64 -8.554472 -5.64 -9.106373 -1.401561 -9.106373 -5.64 -9.106373 -1.401561 -9.658275 -1.401561 -9.658275 -5.64 -9.106373 -5.64 -9.658275 -1.554868 -10.32882 -1.554868 -10.88713 0.05205196 -10.88713 0.05205196 10.88713 -1.554868 10.88713 -1.554868 10.32882 0.05205196 10.88713 -1.554868 10.32882 0.05205196 10.29863 0.05205196 10.29863 -1.554868 10.32882 -1.554868 9.770501 0.05205196 10.29863 -1.554868 9.770501 0.05205196 9.710142 0.05205196 9.710142 -1.554868 9.770501 -1.554868 9.212185 0.05205196 9.710142 -1.554868 9.212185 0.05205196 9.121648 0.05205196 9.121648 -1.554868 9.212185 -1.554868 8.653871 0.05205196 9.121648 -1.554868 8.653871 0.05205196 8.533154 0.05205196 8.533154 -1.554868 8.653871 -1.554868 8.095557 0.05205196 8.533154 -1.554868 8.095557 0.05205196 7.944661 0.05205196 7.944661 -1.554868 8.095557 -1.554868 7.537242 0.05205196 7.944661 -1.554868 7.537242 0.05205196 7.356168 0.05205196 7.356168 -1.554868 7.537242 -1.554868 6.978928 0.05205196 7.356168 -1.554868 6.978928 0.05205196 6.767674 0.05205196 6.767674 -1.554868 6.978928 -1.554868 6.420614 0.05205196 6.767674 -1.554868 6.420614 0.05205196 6.179181 0.05205196 6.179181 -1.554868 6.420614 -1.554868 5.8623 0.05205196 6.179181 -1.554868 5.8623 0.05205196 5.590687 0.05205196 5.590687 -1.554868 5.8623 -1.554868 5.303986 0.05205196 5.590687 -1.554868 5.303986 0.05205196 5.002194 0.05205196 5.002194 -1.554868 5.303986 -1.554868 4.745671 0.05205196 5.002194 -1.554868 4.745671 0.05205196 4.413701 0.05205196 4.413701 -1.554868 4.745671 -1.554868 4.187357 0.05205196 4.413701 -1.554868 4.187357 0.05205196 3.825207 0.05205196 3.825207 -1.554868 4.187357 -1.554868 3.629043 0.05205196 3.825207 -1.554868 3.629043 0.05205196 3.236714 0.05205196 3.236714 -1.554868 3.629043 -1.554868 3.070729 0.05205196 3.236714 -1.554868 3.070729 0.05205196 2.64822 0.05205196 2.64822 -1.554868 3.070729 -1.554868 2.512414 0.05205196 2.64822 -1.554868 2.512414 0.05205196 2.059727 0.05205196 2.059727 -1.554868 2.512414 -1.554868 1.9541 0.05205196 2.059727 -1.554868 1.9541 0.05205196 1.471233 0.05205196 1.471233 -1.554868 1.9541 -1.554868 1.395786 0.05205196 1.471233 -1.554868 1.395786 0.05205196 0.88274 0.05205196 0.88274 -1.554868 1.395786 -1.554868 0.837471 0.05205196 0.88274 -1.554868 0.837471 0.05205196 0.294247 0.05205196 0.294247 -1.554868 0.837471 -1.554868 0.279157 0.05205196 0.294247 -1.554868 0.279157 -1.554868 -0.279157 0.05205196 0.294247 -1.554868 -0.279157 0.05205196 -0.294247 0.05205196 -0.294247 -1.554868 -0.279157 -1.554868 -0.837471 0.05205196 -0.294247 -1.554868 -0.837471 0.05205196 -0.88274 0.05205196 -0.88274 -1.554868 -0.837471 -1.554868 -1.395786 0.05205196 -0.88274 -1.554868 -1.395786 0.05205196 -1.471233 0.05205196 -1.471233 -1.554868 -1.395786 -1.554868 -1.9541 0.05205196 -1.471233 -1.554868 -1.9541 0.05205196 -2.059727 0.05205196 -2.059727 -1.554868 -1.9541 -1.554868 -2.512414 0.05205196 -2.059727 -1.554868 -2.512414 0.05205196 -2.64822 0.05205196 -2.64822 -1.554868 -2.512414 -1.554868 -3.070729 0.05205196 -2.64822 -1.554868 -3.070729 0.05205196 -3.236714 0.05205196 -3.236714 -1.554868 -3.070729 -1.554868 -3.629043 0.05205196 -3.236714 -1.554868 -3.629043 0.05205196 -3.825207 0.05205196 -3.825207 -1.554868 -3.629043 -1.554868 -4.187357 0.05205196 -3.825207 -1.554868 -4.187357 0.05205196 -4.413701 0.05205196 -4.413701 -1.554868 -4.187357 -1.554868 -4.745671 0.05205196 -4.413701 -1.554868 -4.745671 0.05205196 -5.002194 0.05205196 -5.002194 -1.554868 -4.745671 -1.554868 -5.303986 0.05205196 -5.002194 -1.554868 -5.303986 0.05205196 -5.590687 0.05205196 -5.590687 -1.554868 -5.303986 -1.554868 -5.8623 0.05205196 -5.590687 -1.554868 -5.8623 0.05205196 -6.179181 0.05205196 -6.179181 -1.554868 -5.8623 -1.554868 -6.420614 0.05205196 -6.179181 -1.554868 -6.420614 0.05205196 -6.767674 0.05205196 -6.767674 -1.554868 -6.420614 -1.554868 -6.978928 0.05205196 -6.767674 -1.554868 -6.978928 0.05205196 -7.356168 0.05205196 -7.356168 -1.554868 -6.978928 -1.554868 -7.537242 0.05205196 -7.356168 -1.554868 -7.537242 0.05205196 -7.944661 0.05205196 -7.944661 -1.554868 -7.537242 -1.554868 -8.095557 0.05205196 -7.944661 -1.554868 -8.095557 0.05205196 -8.533154 0.05205196 -8.533154 -1.554868 -8.095557 -1.554868 -8.653871 0.05205196 -8.533154 -1.554868 -8.653871 0.05205196 -9.121648 0.05205196 -9.121648 -1.554868 -8.653871 -1.554868 -9.212185 0.05205196 -9.121648 -1.554868 -9.212185 0.05205196 -9.710142 0.05205196 -9.710142 -1.554868 -9.212185 -1.554868 -9.770501 0.05205196 -9.710142 -1.554868 -9.770501 0.05205196 -10.29863 0.05205196 -10.29863 -1.554868 -9.770501 -1.554868 -10.32882 0.05205196 -10.29863 -1.554868 -10.32882 0.05205196 -10.88713 -1.049187 -10.74465 -4.25 -11.02509 -1.049187 -11.32544 -1.049187 -11.32544 -4.25 -11.02509 -4.135171 -11.04801 -1.049187 -11.32544 -4.135171 -11.04801 -4.037868 -11.11319 -1.049187 -10.16386 -4.6 -10.16386 -1.049187 -10.74465 -1.049187 -10.74465 -4.6 -10.16386 -4.6 -10.74465 -1.049187 -10.74465 -4.6 -10.74465 -4.25 -11.02509 -4.25 -11.02509 -4.6 -10.74465 -4.36483 -11.04801 -4.36483 -11.04801 -4.6 -10.74465 -4.462132 -11.11319 -4.462132 -11.11319 -4.6 -10.74465 -4.527154 -11.21059 -4.527154 -11.21059 -4.6 -10.74465 -4.6 -11.32544 -4.527154 -11.21059 -4.6 -11.32544 -4.55 -11.32544 -4.55 11.32544 -4.6 11.32544 -4.527154 11.21059 -4.527154 11.21059 -4.6 11.32544 -4.6 10.74465 -4.527154 11.21059 -4.6 10.74465 -4.462132 11.11319 -4.462132 11.11319 -4.6 10.74465 -4.36483 11.04801 -4.36483 11.04801 -4.6 10.74465 -4.25 11.02509 -4.25 11.02509 -4.6 10.74465 -1.049187 10.74465 -4.25 11.02509 -1.049187 10.74465 -4.135171 11.04801 -4.135171 11.04801 -1.049187 10.74465 -4.037868 11.11319 -4.037868 11.11319 -1.049187 10.74465 -1.049187 11.32544 -4.037868 11.11319 -1.049187 11.32544 -3.972846 11.21059 -3.972846 11.21059 -1.049187 11.32544 -3.95 11.32544 -3.95 -11.32544 -1.049187 -11.32544 -3.972846 -11.21059 -3.972846 -11.21059 -1.049187 -11.32544 -4.037868 -11.11319 -4.6 -10.16386 -1.049187 -10.16386 -4.6 -9.583066 -4.6 -9.583066 -1.049187 -10.16386 -1.049187 -9.583066 -4.6 -9.583066 -1.049187 -9.583066 -4.6 -9.002274 -4.6 -9.002274 -1.049187 -9.583066 -1.049187 -9.002274 -4.6 -9.002274 -1.049187 -9.002274 -4.6 -8.421483 -4.6 -8.421483 -1.049187 -9.002274 -1.049187 -8.421483 -4.6 -8.421483 -1.049187 -8.421483 -4.25 -7.850641 -4.25 -7.850641 -1.049187 -8.421483 -1.049187 -7.84069 -4.25 -7.850641 -1.049187 -7.84069 -4.135171 -7.827722 -4.135171 -7.827722 -1.049187 -7.84069 -4.037868 -7.762549 -4.037868 -7.762549 -1.049187 -7.84069 -3.972846 -7.665143 -3.972846 -7.665143 -1.049187 -7.84069 -3.95 -7.550294 -3.95 -7.550294 -1.049187 -7.84069 -1.049187 -7.259898 -3.95 -7.550294 -1.049187 -7.259898 -3.972846 -7.435446 -3.972846 -7.435446 -1.049187 -7.259898 -4.037868 -7.338039 -4.037868 -7.338039 -1.049187 -7.259898 -4.135171 -7.272866 -4.135171 -7.272866 -1.049187 -7.259898 -4.25 -7.249947 -4.25 -7.249947 -1.049187 -7.259898 -1.049187 -6.679106 -4.25 -7.249947 -1.049187 -6.679106 -4.6 -6.679106 -4.6 -6.679106 -1.049187 -6.679106 -4.6 -6.098315 -4.6 -6.098315 -1.049187 -6.679106 -1.049187 -6.098315 -4.6 -6.098315 -1.049187 -6.098315 -4.6 -5.517523 -4.6 -5.517523 -1.049187 -6.098315 -1.049187 -5.517523 -4.6 -5.517523 -1.049187 -5.517523 -4.6 -4.936731 -4.6 -4.936731 -1.049187 -5.517523 -1.049187 -4.936731 -4.6 -4.936731 -1.049187 -4.936731 -4.6 -4.355939 -4.6 -4.355939 -1.049187 -4.936731 -1.049187 -4.355939 -4.6 -4.355939 -1.049187 -4.355939 -4.25 -4.075494 -4.25 -4.075494 -1.049187 -4.355939 -4.135171 -4.052575 -4.135171 -4.052575 -1.049187 -4.355939 -4.037868 -3.987402 -4.037868 -3.987402 -1.049187 -4.355939 -1.049187 -3.775147 -4.037868 -3.987402 -1.049187 -3.775147 -3.972846 -3.889996 -3.972846 -3.889996 -1.049187 -3.775147 -3.95 -3.775147 -3.95 -3.775147 -1.049187 -3.775147 -3.972846 -3.660298 -3.972846 -3.660298 -1.049187 -3.775147 -4.037868 -3.562892 -4.037868 -3.562892 -1.049187 -3.775147 -4.135171 -3.49772 -4.135171 -3.49772 -1.049187 -3.775147 -4.25 -3.4748 -4.25 -3.4748 -1.049187 -3.775147 -1.049187 -3.194355 -4.25 -3.4748 -1.049187 -3.194355 -4.6 -3.194355 -4.6 -3.194355 -1.049187 -3.194355 -4.6 -2.613564 -4.6 -2.613564 -1.049187 -3.194355 -1.049187 -2.613564 -4.6 -2.613564 -1.049187 -2.613564 -4.6 -2.032772 -4.6 -2.032772 -1.049187 -2.613564 -1.049187 -2.032772 -4.6 -2.032772 -1.049187 -2.032772 -4.6 -1.45198 -4.6 -1.45198 -1.049187 -2.032772 -1.049187 -1.45198 -4.6 -1.45198 -1.049187 -1.45198 -4.6 -0.871188 -4.6 -0.871188 -1.049187 -1.45198 -1.049187 -0.871188 -4.6 -0.871188 -1.049187 -0.871188 -4.25 -0.300347 -4.25 -0.300347 -1.049187 -0.871188 -1.049187 -0.290396 -4.25 -0.300347 -1.049187 -0.290396 -4.135171 -0.277428 -4.135171 -0.277428 -1.049187 -0.290396 -4.037868 -0.212255 -4.037868 -0.212255 -1.049187 -0.290396 -3.972846 -0.114849 -3.972846 -0.114849 -1.049187 -0.290396 -3.95 0 -3.95 0 -1.049187 -0.290396 -1.049187 0.290396 -3.95 0 -1.049187 0.290396 -3.972846 0.114849 -3.972846 0.114849 -1.049187 0.290396 -4.037868 0.212255 -4.037868 0.212255 -1.049187 0.290396 -4.135171 0.277428 -4.135171 0.277428 -1.049187 0.290396 -4.25 0.300347 -4.25 0.300347 -1.049187 0.290396 -1.049187 0.871188 -4.25 0.300347 -1.049187 0.871188 -4.6 0.871188 -4.6 0.871188 -1.049187 0.871188 -4.6 1.45198 -4.6 1.45198 -1.049187 0.871188 -1.049187 1.45198 -4.6 1.45198 -1.049187 1.45198 -4.6 2.032772 -4.6 2.032772 -1.049187 1.45198 -1.049187 2.032772 -4.6 2.032772 -1.049187 2.032772 -4.6 2.613564 -4.6 2.613564 -1.049187 2.032772 -1.049187 2.613564 -4.6 2.613564 -1.049187 2.613564 -4.6 3.194355 -4.6 3.194355 -1.049187 2.613564 -1.049187 3.194355 -4.6 3.194355 -1.049187 3.194355 -4.25 3.4748 -4.25 3.4748 -1.049187 3.194355 -4.135171 3.49772 -4.135171 3.49772 -1.049187 3.194355 -4.037868 3.562892 -4.037868 3.562892 -1.049187 3.194355 -1.049187 3.775147 -4.037868 3.562892 -1.049187 3.775147 -3.972846 3.660298 -3.972846 3.660298 -1.049187 3.775147 -3.95 3.775147 -3.95 3.775147 -1.049187 3.775147 -3.972846 3.889996 -3.972846 3.889996 -1.049187 3.775147 -4.037868 3.987402 -4.037868 3.987402 -1.049187 3.775147 -4.135171 4.052575 -4.135171 4.052575 -1.049187 3.775147 -4.25 4.075494 -4.25 4.075494 -1.049187 3.775147 -1.049187 4.355939 -4.25 4.075494 -1.049187 4.355939 -4.6 4.355939 -4.6 4.355939 -1.049187 4.355939 -4.6 4.936731 -4.6 4.936731 -1.049187 4.355939 -1.049187 4.936731 -4.6 4.936731 -1.049187 4.936731 -4.6 5.517523 -4.6 5.517523 -1.049187 4.936731 -1.049187 5.517523 -4.6 5.517523 -1.049187 5.517523 -4.6 6.098315 -4.6 6.098315 -1.049187 5.517523 -1.049187 6.098315 -4.6 6.098315 -1.049187 6.098315 -4.6 6.679106 -4.6 6.679106 -1.049187 6.098315 -1.049187 6.679106 -4.6 6.679106 -1.049187 6.679106 -4.25 7.249947 -4.25 7.249947 -1.049187 6.679106 -1.049187 7.259898 -4.25 7.249947 -1.049187 7.259898 -4.135171 7.272866 -4.135171 7.272866 -1.049187 7.259898 -4.037868 7.338039 -4.037868 7.338039 -1.049187 7.259898 -3.972846 7.435446 -3.972846 7.435446 -1.049187 7.259898 -3.95 7.550294 -3.95 7.550294 -1.049187 7.259898 -1.049187 7.84069 -3.95 7.550294 -1.049187 7.84069 -3.972846 7.665143 -3.972846 7.665143 -1.049187 7.84069 -4.037868 7.762549 -4.037868 7.762549 -1.049187 7.84069 -4.135171 7.827722 -4.135171 7.827722 -1.049187 7.84069 -4.25 7.850641 -4.25 7.850641 -1.049187 7.84069 -1.049187 8.421483 -4.25 7.850641 -1.049187 8.421483 -4.6 8.421483 -4.6 8.421483 -1.049187 8.421483 -4.6 9.002274 -4.6 9.002274 -1.049187 8.421483 -1.049187 9.002274 -4.6 9.002274 -1.049187 9.002274 -4.6 9.583066 -4.6 9.583066 -1.049187 9.002274 -1.049187 9.583066 -4.6 9.583066 -1.049187 9.583066 -4.6 10.16386 -4.6 10.16386 -1.049187 9.583066 -1.049187 10.16386 -4.6 10.16386 -1.049187 10.16386 -4.6 10.74465 -4.6 10.74465 -1.049187 10.16386 -1.049187 10.74465 -4.6 8.421483 -4.6 7.84069 -4.25 7.850641 -4.25 7.850641 -4.6 7.84069 -4.36483 7.827722 -4.36483 7.827722 -4.6 7.84069 -4.462132 7.762549 -4.462132 7.762549 -4.6 7.84069 -4.527154 7.665143 -4.527154 7.665143 -4.6 7.84069 -4.55 7.550294 -4.55 7.550294 -4.6 7.84069 -4.6 7.259898 -4.55 7.550294 -4.6 7.259898 -4.527154 7.435446 -4.527154 7.435446 -4.6 7.259898 -4.462132 7.338039 -4.462132 7.338039 -4.6 7.259898 -4.36483 7.272866 -4.36483 7.272866 -4.6 7.259898 -4.25 7.249947 -4.25 7.249947 -4.6 7.259898 -4.6 6.679106 -4.6 3.775147 -4.527154 3.889996 -4.6 4.355939 -4.6 4.355939 -4.527154 3.889996 -4.462132 3.987402 -4.6 4.355939 -4.462132 3.987402 -4.36483 4.052575 -4.6 3.194355 -4.527154 3.660298 -4.6 3.775147 -4.6 3.775147 -4.527154 3.660298 -4.55 3.775147 -4.6 3.775147 -4.55 3.775147 -4.527154 3.889996 -4.6 0.871188 -4.6 0.290396 -4.25 0.300347 -4.25 0.300347 -4.6 0.290396 -4.36483 0.277428 -4.36483 0.277428 -4.6 0.290396 -4.462132 0.212255 -4.462132 0.212255 -4.6 0.290396 -4.527154 0.114849 -4.527154 0.114849 -4.6 0.290396 -4.55 0 -4.55 0 -4.6 0.290396 -4.6 -0.290396 -4.55 0 -4.6 -0.290396 -4.527154 -0.114849 -4.527154 -0.114849 -4.6 -0.290396 -4.462132 -0.212255 -4.462132 -0.212255 -4.6 -0.290396 -4.36483 -0.277428 -4.36483 -0.277428 -4.6 -0.290396 -4.25 -0.300347 -4.25 -0.300347 -4.6 -0.290396 -4.6 -0.871188 -4.6 -3.775147 -4.527154 -3.660298 -4.6 -3.194355 -4.6 -3.194355 -4.527154 -3.660298 -4.462132 -3.562892 -4.6 -3.194355 -4.462132 -3.562892 -4.36483 -3.49772 -4.6 -4.355939 -4.527154 -3.889996 -4.6 -3.775147 -4.6 -3.775147 -4.527154 -3.889996 -4.55 -3.775147 -4.6 -3.775147 -4.55 -3.775147 -4.527154 -3.660298 -4.6 -6.679106 -4.6 -7.259898 -4.25 -7.249947 -4.25 -7.249947 -4.6 -7.259898 -4.36483 -7.272866 -4.36483 -7.272866 -4.6 -7.259898 -4.462132 -7.338039 -4.462132 -7.338039 -4.6 -7.259898 -4.527154 -7.435446 -4.527154 -7.435446 -4.6 -7.259898 -4.55 -7.550294 -4.55 -7.550294 -4.6 -7.259898 -4.6 -7.84069 -4.55 -7.550294 -4.6 -7.84069 -4.527154 -7.665143 -4.527154 -7.665143 -4.6 -7.84069 -4.462132 -7.762549 -4.462132 -7.762549 -4.6 -7.84069 -4.36483 -7.827722 -4.36483 -7.827722 -4.6 -7.84069 -4.25 -7.850641 -4.25 -7.850641 -4.6 -7.84069 -4.6 -8.421483 -4.36483 4.052575 -4.25 4.075494 -4.6 4.355939 -4.25 3.4748 -4.36483 3.49772 -4.6 3.194355 -4.6 3.194355 -4.36483 3.49772 -4.462132 3.562892 -4.6 3.194355 -4.462132 3.562892 -4.527154 3.660298 -4.36483 -3.49772 -4.25 -3.4748 -4.6 -3.194355 -4.25 -4.075494 -4.36483 -4.052575 -4.6 -4.355939 -4.6 -4.355939 -4.36483 -4.052575 -4.462132 -3.987402 -4.6 -4.355939 -4.462132 -3.987402 -4.527154 -3.889996 -0.482624 -6.652323 0 -6.652323 -0.5 -6.521635 -0.5 -6.521635 0 -6.652323 0 -6.017523 -0.5 -6.521635 0 -6.017523 -0.5 -5.90575 -0.5 -5.90575 0 -6.017523 0 -5.382723 -0.5 -5.90575 0 -5.382723 -0.5 -5.289866 -0.5 -5.289866 0 -5.382723 0 -4.747922 -0.5 -5.289866 0 -4.747922 -0.5 -4.673982 -0.5 -4.673982 0 -4.747922 0 -4.113122 -0.5 -4.673982 0 -4.113122 -0.5 -4.058097 -0.5 -4.058097 0 -4.113122 -0.519647 -3.926152 -0.519647 -3.926152 0 -4.113122 -0.578606 -3.805253 -0.578606 -3.805253 0 -4.113122 0 -3.478322 -0.578606 -3.805253 0 -3.478322 -0.674205 -3.715108 -0.674205 -3.715108 0 -3.478322 -0.8 -3.679005 -0.8 -3.679005 0 -3.478322 -4.744899 -3.632245 -0.8 -3.679005 -4.744899 -3.632245 -4.290483 -3.679005 -4.290483 -3.679005 -4.744899 -3.632245 -4.391328 -3.69264 -4.391328 -3.69264 -4.744899 -3.632245 -4.488155 -3.732083 -4.488155 -3.732083 -4.744899 -3.632245 -4.644037 -3.867335 -4.644037 -3.867335 -4.744899 -3.632245 -5.173946 -4.171342 -4.644037 -3.867335 -5.173946 -4.171342 -5.101959 -4.419703 -5.101959 -4.419703 -5.173946 -4.171342 -5.640884 -4.710438 -5.101959 -4.419703 -5.640884 -4.710438 -5.596076 -4.972071 -5.596076 -4.972071 -5.640884 -4.710438 -6.138157 -5.249535 -5.596076 -4.972071 -6.138157 -5.249535 -5.716558 -5.067905 -5.716558 -5.067905 -6.138157 -5.249535 -6.201783 -5.38913 -6.201783 -5.38913 -6.138157 -5.249535 -6.657717 -5.788632 -6.201783 -5.38913 -6.657717 -5.788632 -6.655535 -5.790769 -6.655535 -5.790769 -6.657717 -5.788632 -7.009926 -6.198088 -6.655535 -5.790769 -7.009926 -6.198088 -7.011714 -6.205507 -7.011714 -6.205507 -7.009926 -6.198088 -7.305878 -6.652323 -7.011714 -6.205507 -7.305878 -6.652323 -7.302442 -6.652323 -4.744899 -3.632245 0 -3.478322 -4.363989 -3.153436 -4.363989 -3.153436 0 -3.478322 0 -2.843522 -4.363989 -3.153436 0 -2.843522 -3.956032 -2.683276 -3.956032 -2.683276 0 -2.843522 0 -2.208722 -3.956032 -2.683276 0 -2.208722 -3.521208 -2.215815 -3.521208 -2.215815 0 -2.208722 -3.066768 -1.753345 -3.066768 -1.753345 0 -2.208722 0 -1.577658 -3.066768 -1.753345 0 -1.577658 -2.600347 -1.29807 -2.600347 -1.29807 0 -1.577658 0 -0.946595 -2.600347 -1.29807 0 -0.946595 -2.129765 -0.852148 -2.129765 -0.852148 0 -0.946595 -1.663274 -0.418354 -1.663274 -0.418354 0 -0.946595 0 -0.315531 -1.663274 -0.418354 0 -0.315531 -1.209365 0 -1.209365 0 0 -0.315531 0 0.315533 -1.209365 0 0 0.315533 -1.662677 0.417804 -1.662677 0.417804 0 0.315533 0 0.946596 -1.662677 0.417804 0 0.946596 -2.12741 0.84994 -2.12741 0.84994 0 0.946596 -2.595907 1.293813 -2.595907 1.293813 0 0.946596 0 1.57766 -2.595907 1.293813 0 1.57766 -3.060738 1.747342 -3.060738 1.747342 0 1.57766 0 2.208724 -3.060738 1.747342 0 2.208724 -3.514762 2.2091 -3.514762 2.2091 0 2.208724 -3.951179 2.677868 -3.951179 2.677868 0 2.208724 0 2.843524 -3.951179 2.677868 0 2.843524 -4.363273 3.152601 -4.363273 3.152601 0 2.843524 0 3.478323 -4.363273 3.152601 0 3.478323 -4.744899 3.632245 -4.744899 3.632245 0 3.478323 0 4.113123 -4.744899 3.632245 0 4.113123 -5.173946 4.171342 -5.173946 4.171342 0 4.113123 0 4.747923 -5.173946 4.171342 0 4.747923 -5.640884 4.710438 -5.640884 4.710438 0 4.747923 -6.138157 5.249535 -6.138157 5.249535 0 4.747923 0 5.382723 -6.138157 5.249535 0 5.382723 -6.657717 5.788632 -6.657717 5.788632 0 5.382723 0 6.017523 -6.657717 5.788632 0 6.017523 -3.9 6.050297 -3.9 6.050297 0 6.017523 -3.466825 6.088472 -3.466825 6.088472 0 6.017523 -3.033416 6.206498 -3.033416 6.206498 0 6.017523 -2.62823 6.399826 -2.62823 6.399826 0 6.017523 0 6.652323 -2.62823 6.399826 0 6.652323 -2.275192 6.652323 -3.9 6.050297 -4.333175 6.088472 -6.657717 5.788632 -6.657717 5.788632 -4.333175 6.088472 -7.009926 6.198088 -7.009926 6.198088 -4.333175 6.088472 -4.766584 6.206498 -7.009926 6.198088 -4.766584 6.206498 -5.17177 6.399826 -5.524808 6.652323 -7.305878 6.652323 -5.17177 6.399826 -5.17177 6.399826 -7.305878 6.652323 -7.009926 6.198088 6.17 -5.92945 6.17 -5.538505 -2.3 -5.92945 -2.3 -5.92945 6.17 -5.538505 -2.3 -5.333804 -2.3 -5.333804 6.17 -5.538505 6.17 -5.333804 -2.3 -5.333804 6.17 -5.333804 6.17 -5.147559 -2.3 -5.333804 6.17 -5.147559 -2.3 -4.738157 -2.3 -4.738157 6.17 -5.147559 6.17 -4.738157 -2.3 -4.738157 6.17 -4.738157 6.17 -4.365669 -2.3 -4.738157 6.17 -4.365669 -2.3 -4.14251 -2.3 -4.14251 6.17 -4.365669 6.17 -4.14251 -2.3 -4.14251 6.17 -4.14251 6.17 -3.974724 -2.3 -4.14251 6.17 -3.974724 -2.3 -3.546865 -2.3 -3.546865 6.17 -3.974724 6.17 -3.546865 -2.3 -3.546865 6.17 -3.546865 6.17 -3.192833 -2.3 -3.546865 6.17 -3.192833 -2.3 -2.951218 -2.3 -2.951218 6.17 -3.192833 6.17 -2.951218 -2.3 -2.951218 6.17 -2.951218 6.17 -2.801888 -2.3 -2.951218 6.17 -2.801888 -2.3 -2.355572 -2.3 -2.355572 6.17 -2.801888 6.17 -2.355572 -2.3 -2.355572 6.17 -2.355572 6.17 -2.019998 -2.3 -2.355572 6.17 -2.019998 -2.3 -1.759926 -2.3 -1.759926 6.17 -2.019998 6.17 -1.759926 -2.3 -1.759926 6.17 -1.759926 6.17 -1.629052 -2.3 -1.759926 6.17 -1.629052 -2.3 -1.164279 -2.3 -1.164279 6.17 -1.629052 6.17 -1.238107 -2.3 -1.164279 6.17 -1.238107 6.17 -1.164279 6.17 -1.164279 6.17 -0.847162 -2.3 -1.164279 -2.3 -1.164279 6.17 -0.847162 -2.3 -0.568633 -2.3 -0.568633 6.17 -0.847162 6.17 -0.568633 -2.3 -0.568633 6.17 -0.568633 6.17 -0.456217 -2.3 -0.568633 6.17 -0.456217 -2.3 0.027013 -2.3 0.027013 6.17 -0.456217 6.17 -0.06527096 -2.3 0.027013 6.17 -0.06527096 6.17 0.027013 6.17 0.027013 6.17 0.325674 -2.3 0.027013 -2.3 0.027013 6.17 0.325674 -2.3 0.622659 -2.3 0.622659 6.17 0.325674 6.17 0.622659 -2.3 0.622659 6.17 0.622659 6.17 0.716619 6.17 0.716619 6.17 1.107564 -2.3 0.622659 -2.3 0.622659 6.17 1.107564 -2.3 1.218306 -2.3 1.218306 6.17 1.107564 6.17 1.218306 -2.3 1.218306 6.17 1.218306 6.17 1.498509 -2.3 1.218306 6.17 1.498509 -2.3 1.813952 -2.3 1.813952 6.17 1.498509 6.17 1.813952 -2.3 1.813952 6.17 1.813952 6.17 1.889455 6.17 1.889455 6.17 2.2804 -2.3 1.813952 -2.3 1.813952 6.17 2.2804 -2.3 2.409598 -2.3 2.409598 6.17 2.2804 6.17 2.409598 -2.3 2.409598 6.17 2.409598 6.17 2.671345 -2.3 2.409598 6.17 2.671345 -2.3 3.005245 -2.3 3.005245 6.17 2.671345 6.17 3.005245 -2.3 3.005245 6.17 3.005245 6.17 3.06229 6.17 3.06229 6.17 3.453236 -2.3 3.005245 -2.3 3.005245 6.17 3.453236 -2.3 3.600891 -2.3 3.600891 6.17 3.453236 6.17 3.600891 -2.3 3.600891 6.17 3.600891 6.17 3.844181 -2.3 3.600891 6.17 3.844181 -2.3 4.196537 -2.3 4.196537 6.17 3.844181 6.17 4.196537 -2.3 4.196537 6.17 4.196537 6.17 4.626071 -2.3 4.196537 6.17 4.626071 -2.3 4.792183 -2.3 4.792183 6.17 4.626071 6.17 4.792183 -2.3 4.792183 6.17 4.792183 6.17 5.017016 -2.3 4.792183 6.17 5.017016 -2.3 5.38783 -2.3 5.38783 6.17 5.017016 6.17 5.38783 -2.3 5.38783 6.17 5.38783 6.17 5.798907 -2.3 5.38783 6.17 5.798907 -2.3 5.983476 -2.3 5.983476 6.17 5.798907 6.17 5.983476 -2.3 5.983476 6.17 5.983476 6.17 6.189852 -2.3 5.983476 6.17 6.189852 -2.3 6.579122 -2.3 6.579122 6.17 6.189852 6.17 6.579122 -2.3 6.579122 6.17 6.579122 6.145661 7.12097 6.082234 7.657632 -2.212234 7.657632 6.145661 7.12097 6.145661 7.12097 -2.212234 7.657632 -2.275661 7.12097 6.145661 7.12097 -2.275661 7.12097 -2.3 6.579122 0.878514 8.470001 0 8.470001 0.878514 0 0.878514 0 0 8.470001 0 0 -7.438025 1.963495 -7.10499 1.450245 -1.031975 1.963495 -1.031975 1.963495 -7.10499 1.450245 -1.36564 1.449344 -1.36564 1.449344 -7.10499 1.450245 -6.742296 0.944357 -1.36564 1.449344 -6.742296 0.944357 -1.732046 0.93853 -1.732046 0.93853 -6.742296 0.944357 -6.351076 0.439844 -1.732046 0.93853 -6.351076 0.439844 -2.12475 0.432585 -2.12475 0.432585 -6.351076 0.439844 -5.938677 -0.06047296 -2.12475 0.432585 -5.938677 -0.06047296 -2.536814 -0.06697297 -2.536814 -0.06697297 -5.938677 -0.06047296 -5.512827 -0.553905 -2.536814 -0.06697297 -5.512827 -0.553905 -2.961234 -0.558523 -2.961234 -0.558523 -5.512827 -0.553905 -5.081409 -1.037816 -2.961234 -0.558523 -5.081409 -1.037816 -3.390754 -1.040212 -3.390754 -1.040212 -5.081409 -1.037816 -4.652669 -1.508955 -3.390754 -1.040212 -4.652669 -1.508955 -3.81788 -1.509555 -3.81788 -1.509555 -4.652669 -1.508955 -4.235 -1.963495 5.571969 2.125054 5.184525 1.741557 5.21571 1.600366 5.21571 1.600366 5.184525 1.741557 4.738432 1.428215 5.21571 1.600366 4.738432 1.428215 4.785093 1.134764 4.785093 1.134764 4.738432 1.428215 4.246241 1.193843 4.785093 1.134764 4.246241 1.193843 4.289774 0.738687 4.289774 0.738687 4.246241 1.193843 3.7218 1.045037 4.289774 0.738687 3.7218 1.045037 3.740863 0.421019 3.740863 0.421019 3.7218 1.045037 3.179863 0.985981 3.740863 0.421019 3.179863 0.985981 3.150668 0.188884 3.150668 0.188884 3.179863 0.985981 2.63568 1.018339 3.150668 0.188884 2.63568 1.018339 2.532425 0.04748696 2.532425 0.04748696 2.63568 1.018339 2.104562 1.141199 2.532425 0.04748696 2.104562 1.141199 1.9 0 1.9 0 2.104562 1.141199 1.60145 1.351106 1.9 0 1.60145 1.351106 1.1405 1.642152 1.9 0 1.1405 1.642152 -0.878514 0 -0.878514 0 1.1405 1.642152 0.734683 2.00615 -0.878514 0 0.734683 2.00615 0.395415 2.432857 0.395415 2.432857 0.132242 2.910269 -0.878514 0 -0.878514 0 0.132242 2.910269 -0.04743099 3.424953 -0.878514 0 -0.04743099 3.424953 -0.13855 3.962428 -0.878514 0 -0.13855 3.962428 -0.878514 8.470001 -0.878514 8.470001 -0.13855 3.962428 -0.13855 4.507573 -0.878514 8.470001 -0.13855 4.507573 -0.04743099 5.045048 -0.04743099 5.045048 0.132242 5.559732 -0.878514 8.470001 -0.878514 8.470001 0.132242 5.559732 0.395415 6.037144 -0.878514 8.470001 0.395415 6.037144 0.734684 6.463851 0.734684 6.463851 1.140501 6.827849 -0.878514 8.470001 -0.878514 8.470001 1.140501 6.827849 1.9 8.470001 1.9 8.470001 1.140501 6.827849 1.601451 7.118895 1.9 8.470001 1.601451 7.118895 2.104563 7.328801 1.9 8.470001 2.104563 7.328801 2.532426 8.422513 2.532426 8.422513 2.104563 7.328801 2.635682 7.451661 2.532426 8.422513 2.635682 7.451661 3.150668 8.281116 3.150668 8.281116 2.635682 7.451661 3.179865 7.484019 3.150668 8.281116 3.179865 7.484019 3.740864 8.048981 3.740864 8.048981 3.179865 7.484019 3.721801 7.424963 3.740864 8.048981 3.721801 7.424963 4.289775 7.731313 4.289775 7.731313 3.721801 7.424963 4.246242 7.276156 4.289775 7.731313 4.246242 7.276156 4.785094 7.335236 4.785094 7.335236 4.246242 7.276156 4.738433 7.041784 4.785094 7.335236 4.738433 7.041784 5.215711 6.869633 5.215711 6.869633 4.738433 7.041784 5.184526 6.728442 5.215711 6.869633 5.184526 6.728442 5.57197 6.344945 2.071068 7.438025 2.071068 1.031975 2.677832 7.763834 2.677832 7.763834 2.071068 1.031975 2.677832 0.706167 2.677832 7.763834 2.677832 0.706167 3.338182 8.032539 3.338182 8.032539 2.677832 0.706167 3.338182 0.437462 3.338182 8.032539 3.338182 0.437462 4.041431 8.239789 4.041431 8.239789 3.338182 0.437462 4.041431 0.230211 4.041431 8.239789 4.041431 0.230211 4.7762 0.08776599 4.7762 0.08776599 4.7762 8.382234 4.041431 8.239789</float_array>
          <technique_common>
            <accessor source="#LINK_10-mesh-map-0-array" count="5652" stride="2">
              <param name="S" type="float" />
              <param name="T" type="float" />
            </accessor>
          </technique_common>
        </source>
        <vertices id="LINK_10-mesh-vertices">
          <input semantic="POSITION" source="#LINK_10-mesh-positions" />
        </vertices>
        <triangles material="_0_10_10_007-material" count="385">
          <input semantic="VERTEX" source="#LINK_10-mesh-vertices" offset="0" />
          <input semantic="NORMAL" source="#LINK_10-mesh-normals" offset="1" />
          <input semantic="TEXCOORD" source="#LINK_10-mesh-map-0" offset="2" set="0" />
          <p>487 0 0 822 0 1 475 0 2 475 1 3 822 1 4 809 1 5 475 0 6 809 0 7 462 0 8 462 2 9 809 2 10 792 2 11 462 0 12 792 0 13 459 0 14 459 3 15 792 3 16 716 3 17 459 0 18 716 0 19 463 0 20 463 4 21 716 4 22 628 4 23 463 0 24 628 0 25 476 0 26 476 5 27 628 5 28 574 5 29 476 6 30 574 6 31 488 6 32 488 7 33 574 7 34 545 7 35 488 0 36 545 0 37 521 0 38 822 8 39 487 8 40 835 8 41 835 9 42 487 9 43 520 9 44 835 0 45 520 0 46 847 0 47 847 10 48 520 10 49 544 10 50 847 0 51 544 0 52 860 0 53 860 11 54 544 11 55 573 11 56 860 0 57 573 0 58 869 0 59 869 12 60 573 12 61 627 12 62 869 0 63 627 0 64 870 0 65 870 13 66 627 13 67 715 13 68 870 0 69 715 0 70 868 0 71 868 14 72 715 14 73 791 14 74 868 0 75 791 0 76 859 0 77 859 15 78 791 15 79 808 15 80 859 16 81 808 16 82 846 16 83 846 17 84 808 17 85 821 17 86 846 0 87 821 0 88 834 0 89 462 18 90 469 19 91 475 20 92 475 21 93 469 22 94 485 23 95 475 24 96 485 25 97 487 26 98 487 27 99 485 28 100 514 29 101 487 30 102 514 31 103 520 32 104 520 33 105 514 34 106 542 35 107 520 36 108 542 37 109 544 38 110 544 39 111 542 40 112 569 41 113 544 42 114 569 43 115 573 44 116 573 45 117 569 46 118 623 47 119 573 48 120 623 49 121 627 50 122 627 51 123 623 52 124 717 53 125 627 54 126 717 55 127 715 56 128 715 57 129 717 58 130 795 59 131 715 60 132 795 61 133 791 62 134 791 63 135 795 64 136 810 65 137 791 66 138 810 67 139 808 68 140 808 69 141 810 70 142 823 71 143 808 72 144 823 73 145 821 74 146 821 75 147 823 76 148 837 77 149 821 78 150 837 79 151 834 80 152 834 81 153 837 82 154 850 83 155 834 84 156 850 85 157 846 86 158 846 87 159 850 88 160 861 89 161 846 90 162 861 91 163 859 92 164 859 93 165 861 94 166 871 95 167 859 96 168 871 97 169 868 98 170 868 99 171 871 100 172 877 101 173 868 102 174 877 103 175 870 104 176 870 105 177 877 106 178 872 107 179 870 108 180 872 109 181 869 110 182 869 111 183 872 112 184 862 113 185 869 114 186 862 115 187 860 116 188 860 117 189 862 118 190 851 119 191 860 120 192 851 121 193 847 122 194 847 123 195 851 124 196 838 125 197 847 126 198 838 127 199 835 128 200 835 129 201 838 130 202 824 131 203 835 132 204 824 133 205 822 134 206 822 135 207 824 136 208 811 137 209 822 138 210 811 139 211 809 140 212 809 141 213 811 142 214 796 143 215 809 144 216 796 145 217 792 146 218 792 147 219 796 148 220 718 149 221 792 150 222 718 151 223 716 152 224 716 153 225 718 154 226 624 155 227 716 156 228 624 157 229 628 158 230 628 159 231 624 160 232 570 161 233 628 162 234 570 163 235 574 164 236 574 165 237 570 166 238 543 167 239 574 168 240 543 169 241 545 170 242 545 171 243 543 172 244 515 173 245 545 174 246 515 175 247 521 176 248 521 177 249 515 178 250 486 179 251 521 180 252 486 181 253 488 182 254 488 183 255 486 184 256 470 185 257 488 186 258 470 187 259 476 188 260 476 189 261 470 190 262 458 191 263 476 192 264 458 193 265 463 194 266 463 195 267 458 196 268 453 197 269 463 198 270 453 199 271 459 200 272 459 201 273 453 202 274 457 203 275 459 204 276 457 205 277 462 206 278 462 207 279 457 208 280 469 209 281 530 210 282 514 211 283 500 212 284 500 213 285 514 214 286 485 215 287 500 216 288 485 217 289 481 218 290 481 219 291 485 220 292 469 221 293 481 222 294 469 223 295 467 224 296 467 225 297 469 226 298 457 227 299 467 228 300 457 229 301 455 230 302 455 231 303 457 232 304 453 233 305 455 234 306 453 235 307 454 236 308 454 237 309 453 238 310 456 239 311 456 240 312 453 241 313 458 242 314 456 243 315 458 244 316 468 245 317 468 246 318 458 247 319 470 248 320 468 249 321 470 250 322 482 251 323 482 252 324 470 253 325 486 254 326 482 255 327 486 256 328 501 257 329 501 258 330 486 259 331 515 260 332 501 261 333 515 262 334 531 263 335 531 264 336 515 265 337 543 266 338 531 267 339 543 268 340 560 269 341 560 270 342 543 271 343 570 272 344 560 273 345 570 274 346 590 275 347 590 276 348 570 277 349 624 278 350 590 279 351 624 280 352 648 281 353 648 282 354 624 283 355 718 284 356 648 285 357 718 286 358 782 287 359 782 288 360 718 289 361 796 290 362 782 291 363 796 292 364 804 293 365 804 294 366 796 295 367 811 296 368 804 297 369 811 298 370 818 299 371 818 300 372 811 301 373 824 302 374 818 303 375 824 304 376 830 305 377 830 306 378 824 307 379 838 308 380 830 309 381 838 310 382 843 311 383 843 312 384 838 313 385 851 314 386 843 315 387 851 316 388 857 317 389 857 318 390 851 319 391 862 320 392 857 321 393 862 322 394 867 323 395 867 324 396 862 325 397 872 326 398 867 327 399 872 328 400 874 329 401 874 330 402 872 331 403 877 332 404 874 333 405 877 334 406 873 335 407 873 336 408 877 337 409 871 338 410 873 339 411 871 340 412 866 341 413 866 342 414 871 343 415 861 344 416 866 345 417 861 346 418 856 347 419 856 348 420 861 349 421 850 350 422 856 351 423 850 352 424 842 353 425 842 354 426 850 355 427 837 356 428 842 357 429 837 358 430 829 359 431 829 360 432 837 361 433 823 362 434 829 363 435 823 364 436 817 365 437 817 366 438 823 367 439 810 368 440 817 369 441 810 370 442 803 371 443 803 372 444 810 373 445 795 374 446 803 375 447 795 376 448 781 377 449 781 378 450 795 379 451 717 380 452 781 381 453 717 382 454 647 383 455 647 384 456 717 385 457 623 386 458 647 387 459 623 388 460 589 389 461 589 390 462 623 391 463 569 392 464 589 393 465 569 394 466 559 395 467 559 396 468 569 397 469 542 398 470 559 399 471 542 400 472 530 401 473 530 402 474 542 403 475 514 404 476 264 405 477 261 406 478 265 407 479 265 408 480 261 409 481 257 410 482 257 411 483 261 412 484 252 413 485 257 414 486 252 415 487 247 416 488 247 417 489 252 418 490 246 419 491 247 420 492 246 421 493 242 422 494 242 423 495 246 424 496 240 425 497 512 426 498 511 427 499 513 428 500 513 429 501 511 430 502 509 431 503 509 432 504 511 433 505 510 434 506 509 435 507 510 436 508 504 437 509 509 438 510 504 439 511 498 440 512 498 441 513 504 442 514 489 443 515 498 444 516 489 445 517 490 446 518 241 447 519 244 448 520 243 449 521 243 450 522 244 451 523 245 452 524 245 453 525 244 454 526 248 455 527 245 456 528 248 457 529 249 458 530 249 459 531 248 460 532 255 461 533 249 462 534 255 463 535 256 464 536 240 465 537 241 465 538 242 465 539 242 465 540 241 465 541 243 465 542 489 530 966 441 530 967 490 530 968 490 530 969 441 530 970 265 530 971 265 551 972 441 551 973 340 551 974 265 552 975 340 552 976 289 552 977 289 530 978 264 530 979 265 530 980 255 553 981 281 553 982 256 553 983 256 554 984 281 554 985 304 554 986 304 555 987 281 555 988 303 555 989 211 556 990 197 557 991 179 558 992 179 559 993 197 560 994 155 561 995 179 562 996 155 563 997 149 564 998 149 565 999 155 566 1000 120 567 1001 149 568 1002 120 569 1003 105 570 1004 105 571 1005 120 572 1006 55 573 1007 105 574 1008 55 575 1009 53 576 1010 53 577 1011 55 578 1012 30 579 1013 53 580 1014 30 581 1015 28 582 1016 28 583 1017 30 584 1018 29 585 1019 28 586 1020 29 587 1021 27 588 1022 27 589 1023 29 590 1024 52 591 1025 52 592 1026 29 593 1027 54 594 1028 52 595 1029 54 596 1030 104 597 1031 104 598 1032 54 599 1033 119 600 1034 104 601 1035 119 602 1036 148 603 1037 148 604 1038 119 605 1039 154 606 1040 148 607 1041 154 608 1042 178 609 1043 178 610 1044 154 611 1045 196 612 1046 178 613 1047 196 614 1048 210 615 1049 210 616 1050 196 617 1051 216 618 1052 210 619 1053 216 620 1054 231 621 1055 231 622 1056 216 623 1057 250 624 1058 231 625 1059 250 626 1060 268 627 1061 268 628 1062 250 629 1063 279 630 1064 268 631 1065 279 632 1066 294 633 1067 294 634 1068 279 635 1069 305 636 1070 294 637 1071 305 638 1072 353 639 1073 353 640 1074 305 641 1075 408 642 1076 353 643 1077 408 644 1078 442 645 1079 442 646 1080 408 647 1081 460 648 1082 442 649 1083 460 650 1084 483 651 1085 483 652 1086 460 653 1087 507 654 1088 483 655 1089 507 656 1090 527 657 1091 527 658 1092 507 659 1093 539 660 1094 527 661 1095 539 662 1096 561 663 1097 561 664 1098 539 665 1099 571 666 1100 561 667 1101 571 668 1102 585 669 1103 585 670 1104 571 671 1105 611 672 1106 585 673 1107 611 674 1108 634 675 1109 634 676 1110 611 677 1111 643 678 1112 634 679 1113 643 680 1114 667 681 1115 667 682 1116 643 683 1117 704 684 1118 667 685 1119 704 686 1120 733 687 1121 733 688 1122 704 689 1123 751 690 1124 733 691 1125 751 692 1126 759 693 1127 759 694 1128 751 695 1129 765 696 1130 759 697 1131 765 698 1132 760 699 1133 760 700 1134 765 701 1135 752 702 1136 760 703 1137 752 704 1138 734 705 1139 734 706 1140 752 707 1141 705 708 1142 734 709 1143 705 710 1144 668 711 1145 668 712 1146 705 713 1147 644 714 1148 668 715 1149 644 716 1150 635 717 1151 635 718 1152 644 719 1153 612 720 1154 635 721 1155 612 722 1156 586 723 1157 586 724 1158 612 725 1159 572 726 1160 586 727 1161 572 728 1162 562 729 1163 562 730 1164 572 731 1165 540 732 1166 562 733 1167 540 734 1168 526 735 1169 526 736 1170 540 737 1171 508 738 1172 526 739 1173 508 740 1174 484 741 1175 484 742 1176 508 743 1177 461 744 1178 484 745 1179 461 746 1180 443 747 1181 443 748 1182 461 749 1183 409 750 1184 443 751 1185 409 752 1186 354 753 1187 354 754 1188 409 755 1189 306 756 1190 354 757 1191 306 758 1192 295 759 1193 295 760 1194 306 761 1195 280 762 1196 295 763 1197 280 764 1198 269 765 1199 269 766 1200 280 767 1201 251 768 1202 269 769 1203 251 770 1204 232 771 1205 232 772 1206 251 773 1207 217 774 1208 232 775 1209 217 776 1210 211 777 1211 211 778 1212 217 779 1213 197 780 1214 304 781 1215 303 782 1216 307 783 1217 307 784 1218 303 785 1219 309 786 1220 307 787 1221 309 788 1222 308 789 1223 308 790 1224 309 791 1225 310 792 1226 509 466 1227 308 466 1228 513 466 1229 513 793 1230 308 793 1231 919 793 1232 513 466 1233 919 466 1234 906 466 1235 498 466 1236 304 466 1237 509 466 1238 509 794 1239 304 794 1240 307 794 1241 509 795 1242 307 795 1243 308 795 1244 498 796 1245 490 796 1246 304 796 1247 304 466 1248 490 466 1249 243 466 1250 304 797 1251 243 797 1252 256 797 1253 256 798 1254 243 798 1255 245 798 1256 256 799 1257 245 799 1258 249 799 1259 243 466 1260 490 466 1261 242 466 1262 242 466 1263 490 466 1264 265 466 1265 242 466 1266 265 466 1267 247 466 1268 247 800 1269 265 800 1270 257 800 1271 310 801 1272 932 801 1273 308 801 1274 308 802 1275 932 802 1276 942 802 1277 308 803 1278 942 803 1279 931 803 1280 366 804 1281 898 804 1282 310 804 1283 310 805 1284 898 805 1285 909 805 1286 310 806 1287 909 806 1288 921 806 1289 898 466 1290 366 466 1291 886 466 1292 886 807 1293 366 807 1294 440 807 1295 886 466 1296 440 466 1297 863 466 1298 863 466 1299 440 466 1300 478 466 1301 863 808 1302 478 808 1303 839 808 1304 839 466 1305 478 466 1306 523 466 1307 839 809 1308 523 809 1309 819 809 1310 819 810 1311 523 810 1312 558 810 1313 819 811 1314 558 811 1315 800 811 1316 800 812 1317 558 812 1318 615 812 1319 800 813 1320 615 813 1321 735 813 1322 921 466 1323 932 466 1324 310 466 1325 931 466 1326 919 466 1327 308 466 1328 906 466 1329 895 466 1330 513 466 1331 513 814 1332 895 814 1333 883 814 1334 513 815 1335 883 815 1336 858 815 1337 858 816 1338 836 816 1339 513 816 1340 513 466 1341 836 466 1342 553 466 1343 553 817 1344 836 817 1345 816 817 1346 553 818 1347 816 818 1348 601 818 1349 601 819 1350 816 819 1351 799 819 1352 601 820 1353 799 820 1354 703 820 1355 512 821 1356 513 822 1357 541 823 1358 541 824 1359 513 825 1360 553 826 1361 541 827 1362 553 828 1363 568 829 1364 568 830 1365 553 831 1366 601 832 1367 568 833 1368 601 834 1369 620 835 1370 620 836 1371 601 837 1372 703 838 1373 620 839 1374 703 840 1375 688 841 1376 688 842 1377 703 843 1378 786 844 1379 786 845 1380 703 846 1381 799 847 1382 786 848 1383 799 849 1384 805 850 1385 805 851 1386 799 852 1387 816 853 1388 805 854 1389 816 855 1390 820 856 1391 820 857 1392 816 858 1393 836 859 1394 820 860 1395 836 861 1396 831 862 1397 831 863 1398 836 864 1399 844 865 1400 844 866 1401 836 867 1402 858 868 1403 844 869 1404 858 870 1405 864 871 1406 864 872 1407 858 873 1408 880 874 1409 880 875 1410 858 876 1411 883 877 1412 880 878 1413 883 879 1414 887 880 1415 887 881 1416 883 882 1417 895 883 1418 887 884 1419 895 885 1420 896 886 1421 896 887 1422 895 888 1423 903 889 1424 903 890 1425 895 891 1426 906 892 1427 903 893 1428 906 894 1429 910 895 1430 910 896 1431 906 897 1432 919 898 1433 910 899 1434 919 900 1435 918 901 1436 918 902 1437 919 903 1438 926 904 1439 926 905 1440 919 906 1441 931 907 1442 926 908 1443 931 909 1444 933 910 1445 933 911 1446 931 912 1447 942 913 1448 933 914 1449 942 915 1450 941 916 1451 941 917 1452 942 918 1453 937 919 1454 937 920 1455 942 921 1456 932 922 1457 937 923 1458 932 924 1459 929 925 1460 929 926 1461 932 927 1462 921 928 1463 929 929 1464 921 930 1465 922 931 1466 922 932 1467 921 933 1468 914 934 1469 914 935 1470 921 936 1471 909 937 1472 914 938 1473 909 939 1474 907 940 1475 907 941 1476 909 942 1477 899 943 1478 899 944 1479 909 945 1480 898 946 1481 899 947 1482 898 948 1483 891 949 1484 891 950 1485 898 951 1486 886 952 1487 891 953 1488 886 954 1489 884 955 1490 884 956 1491 886 957 1492 875 958 1493 875 959 1494 886 960 1495 863 961 1496 875 962 1497 863 963 1498 852 964 1499 852 965 1500 863 966 1501 839 967 1502 852 968 1503 839 969 1504 840 970 1505 840 971 1506 839 972 1507 825 973 1508 825 974 1509 839 975 1510 819 976 1511 825 977 1512 819 978 1513 814 979 1514 814 980 1515 819 981 1516 800 982 1517 814 983 1518 800 984 1519 801 985 1520 801 986 1521 800 987 1522 783 988 1523 783 989 1524 800 990 1525 735 991 1526 783 992 1527 735 993 1528 706 994 1529 706 995 1530 735 996 1531 633 997 1532 633 998 1533 735 999 1534 615 1000 1535 633 1001 1536 615 1002 1537 581 1003 1538 581 1004 1539 615 1005 1540 558 1006 1541 581 1007 1542 558 1008 1543 555 1009 1544 555 1010 1545 558 1011 1546 529 1012 1547 529 1013 1548 558 1014 1549 523 1015 1550 529 1016 1551 523 1017 1552 505 1018 1553 505 1019 1554 523 1020 1555 478 1021 1556 505 1022 1557 478 1023 1558 466 1024 1559 466 1025 1560 478 1026 1561 440 1027 1562 466 1028 1563 440 1029 1564 439 1030 1565 439 1031 1566 440 1032 1567 366 1033 1568 439 1034 1569 366 1035 1570 361 1036 1571 361 1037 1572 366 1038 1573 310 1039 1574 361 1040 1575 310 1041 1576 309 1042 1577</p>
        </triangles>
        </mesh>
    </geometry>
  </library_geometries>
  <library_visual_scenes>
    <visual_scene id="Scene" name="Scene">
      <node id="LINK_10" name="LINK_10" type="NODE">
        <matrix sid="transform">1 0 0 0 0 1 0 0 0 0 1 0 0 0 0 1</matrix>
        <instance_geometry url="#LINK_10-mesh" name="LINK_10">
          <bind_material>
            <technique_common>
              <instance_material symbol="_0_10_10_007-material" target="#_0_10_10_007-material">
                <bind_vertex_input semantic="UVMap" input_semantic="TEXCOORD" input_set="0" />
              </instance_material>
              </technique_common>
          </bind_material>
        </instance_geometry>
      </node>
    </visual_scene>
  </library_visual_scenes>
  <scene>
    <instance_visual_scene url="#Scene" />
  </scene>
</COLLADA>